run_id,treatment_id,factor_A,factor_B,factor_C,factor_D,factor_E,seed,num_stars,ship_speed_c,max_reach_ly,first_contact_occurred,contact_type,time_to_first_contact_years,contact_distance_ly,contact_disposition,systems_before_contact,archeological_relics_found,total_systems_explored,max_expansion_radius_ly,planets_habitable_surveyed,planets_with_life_surveyed,planets_with_intel_surveyed,planets_with_spacefaring_surveyed,prime_directive_encounters,colonies_founded,colonies_active,total_earth_colonies,colonies_collapsed,colonies_sovereign,colonies_secession_hostile,colonies_secession_loyal,total_human_pop_millions,total_fleets_activated,earth_final_lc,max_colony_lc,delta_lc_max,colony_surpassed_earth,total_starbases,fallen_starbases,total_trade_routes,total_wars,simulation_duration_years,log_filename
1,1,-1,-1,-1,-1,-1,43,3101,0.082,1.56,False,Solitudine / Nessun Contatto,,,Nessuna,2,0,2,1.48,2,2,2,1,1,0,0,0,0,0,0,0,8500.0,2,1.005,1.005,0.0,False,0,0,1,1,93.57,monte_carlo_run_1_seed_43.log
2,1,-1,-1,-1,-1,-1,44,3101,0.079,1.47,False,Solitudine / Nessun Contatto,,,Nessuna,1,0,1,0.0,1,1,1,1,0,0,0,0,0,0,0,0,8500.0,2,1.0,1.0,0.0,False,0,0,0,0,0.02,monte_carlo_run_2_seed_44.log
3,1,-1,-1,-1,-1,-1,45,3101,0.056,1.06,False,Solitudine / Nessun Contatto,,,Nessuna,1,0,1,0.0,2,2,2,1,1,0,0,0,0,0,0,0,8500.0,2,1.0,1.0,0.0,False,0,0,1,1,0.02,monte_carlo_run_3_seed_45.log
4,1,-1,-1,-1,-1,-1,46,3101,0.079,1.6,False,Solitudine / Nessun Contatto,,,Nessuna,1,0,1,0.0,1,1,1,1,0,0,0,0,0,0,0,0,8500.0,2,1.0,1.0,0.0,False,0,0,0,0,0.02,monte_carlo_run_4_seed_46.log
5,1,-1,-1,-1,-1,-1,47,3101,0.078,1.62,False,Solitudine / Nessun Contatto,,,Nessuna,1,0,1,0.0,2,2,2,1,1,0,0,0,0,0,0,0,8500.0,2,1.0,1.0,0.0,False,0,0,1,1,0.02,monte_carlo_run_5_seed_47.log
6,1,-1,-1,-1,-1,-1,48,3101,0.071,1.58,False,Solitudine / Nessun Contatto,,,Nessuna,1,0,1,0.0,3,3,3,0,3,0,0,0,0,0,0,0,8500.0,1,0.985,0.985,0.0,False,0,0,1,3,0.02,monte_carlo_run_6_seed_48.log
7,1,-1,-1,-1,-1,-1,49,3101,0.133,2.89,False,Solitudine / Nessun Contatto,,,Nessuna,1,0,1,0.0,1,1,1,1,0,0,0,0,0,0,0,0,8500.0,2,1.0,1.0,0.0,False,0,0,0,0,0.02,monte_carlo_run_7_seed_49.log
8,1,-1,-1,-1,-1,-1,50,3101,0.054,1.21,False,Solitudine / Nessun Contatto,,,Nessuna,1,0,1,0.0,1,1,1,1,0,0,0,0,0,0,0,0,8500.0,2,1.0,1.0,0.0,False,0,0,0,0,0.02,monte_carlo_run_8_seed_50.log
9,1,-1,-1,-1,-1,-1,51,3101,0.062,0.78,False,Solitudine / Nessun Contatto,,,Nessuna,1,0,1,0.0,2,2,2,1,1,0,0,0,0,0,0,0,8500.0,2,1.0,1.0,0.0,False,0,0,1,1,0.02,monte_carlo_run_9_seed_51.log
10,1,-1,-1,-1,-1,-1,52,3101,0.057,1.14,False,Solitudine / Nessun Contatto,,,Nessuna,1,0,1,0.0,1,1,1,1,0,0,0,0,0,0,0,0,8500.0,2,1.0,1.0,0.0,False,0,0,0,0,0.02,monte_carlo_run_10_seed_52.log
11,1,-1,-1,-1,-1,-1,53,3101,0.065,0.86,False,Solitudine / Nessun Contatto,,,Nessuna,1,0,1,0.0,3,3,3,1,2,0,0,0,0,0,0,0,8500.0,2,1.0,1.0,0.0,False,0,0,1,3,0.02,monte_carlo_run_11_seed_53.log
12,1,-1,-1,-1,-1,-1,54,3101,0.098,2.17,False,Solitudine / Nessun Contatto,,,Nessuna,2,0,2,2.12,2,2,1,1,0,1,1,1,0,0,0,0,8500.23,2,1.0,0.873,-0.1274,False,0,0,0,0,121.68,monte_carlo_run_12_seed_54.log
13,1,-1,-1,-1,-1,-1,55,3101,0.148,2.21,False,Solitudine / Nessun Contatto,,,Nessuna,3,0,3,1.45,1,1,1,1,0,0,0,0,0,0,0,0,8500.0,2,1.003,1.003,0.0,False,2,0,0,0,148.59,monte_carlo_run_13_seed_55.log
14,1,-1,-1,-1,-1,-1,56,3101,0.064,1.52,False,Solitudine / Nessun Contatto,,,Nessuna,2,0,2,0.96,3,3,3,1,2,0,0,0,0,0,0,0,8500.0,2,1.006,1.006,0.0,False,0,0,2,3,85.81,monte_carlo_run_14_seed_56.log
15,1,-1,-1,-1,-1,-1,57,3101,0.094,1.46,False,Solitudine / Nessun Contatto,,,Nessuna,1,0,1,0.0,3,3,3,1,2,0,0,0,0,0,0,0,8500.0,2,1.0,1.0,0.0,False,0,0,2,3,0.02,monte_carlo_run_15_seed_57.log
16,1,-1,-1,-1,-1,-1,58,3101,0.141,2.29,False,Solitudine / Nessun Contatto,,,Nessuna,1,0,1,0.0,1,1,1,1,0,0,0,0,0,0,0,0,8500.0,2,1.0,1.0,0.0,False,0,0,0,0,0.02,monte_carlo_run_16_seed_58.log
17,1,-1,-1,-1,-1,-1,59,3101,0.145,3.42,False,Solitudine / Nessun Contatto,,,Nessuna,9,0,9,7.34,2,2,2,0,2,0,0,0,0,0,0,0,8500.0,1,0.812,0.812,0.0,False,7,0,0,1,738.06,monte_carlo_run_17_seed_59.log
18,1,-1,-1,-1,-1,-1,60,3101,0.136,3.06,False,Solitudine / Nessun Contatto,,,Nessuna,3,0,3,3.72,1,1,1,1,0,0,0,0,0,0,0,0,8500.0,2,1.002,1.002,0.0,False,1,0,0,0,170.98,monte_carlo_run_18_seed_60.log
19,1,-1,-1,-1,-1,-1,61,3101,0.127,1.54,False,Solitudine / Nessun Contatto,,,Nessuna,1,0,1,0.0,1,1,1,1,0,0,0,0,0,0,0,0,8500.0,2,1.0,1.0,0.0,False,0,0,0,0,0.02,monte_carlo_run_19_seed_61.log
20,1,-1,-1,-1,-1,-1,62,3101,0.122,1.6,False,Solitudine / Nessun Contatto,,,Nessuna,2,0,2,1.59,1,1,1,1,0,0,0,0,0,0,0,0,8500.0,2,1.0,1.0,0.0,False,0,0,0,0,94.66,monte_carlo_run_20_seed_62.log
21,1,-1,-1,-1,-1,-1,63,3101,0.077,0.93,False,Solitudine / Nessun Contatto,,,Nessuna,2,0,2,0.9,3,2,2,0,2,1,1,1,0,0,0,0,8500.05,1,0.975,0.714,-0.2611,False,0,0,0,1,46.81,monte_carlo_run_21_seed_63.log
22,1,-1,-1,-1,-1,-1,64,3101,0.057,1.31,False,Solitudine / Nessun Contatto,,,Nessuna,1,0,1,0.0,2,2,2,1,1,0,0,0,0,0,0,0,8500.0,2,1.0,1.0,0.0,False,0,0,0,1,0.02,monte_carlo_run_22_seed_64.log
23,1,-1,-1,-1,-1,-1,65,3101,0.127,2.0,False,Solitudine / Nessun Contatto,,,Nessuna,1,0,1,0.0,1,1,1,1,0,0,0,0,0,0,0,0,8500.0,2,1.0,1.0,0.0,False,0,0,0,0,0.02,monte_carlo_run_23_seed_65.log
24,1,-1,-1,-1,-1,-1,66,3101,0.132,2.28,False,Solitudine / Nessun Contatto,,,Nessuna,1,0,1,0.0,3,3,3,0,3,0,0,0,0,0,0,0,8500.0,1,0.985,0.985,0.0,False,0,0,1,2,0.02,monte_carlo_run_24_seed_66.log
25,1,-1,-1,-1,-1,-1,67,3101,0.065,0.87,False,Solitudine / Nessun Contatto,,,Nessuna,1,0,1,0.0,2,2,2,1,1,0,0,0,0,0,0,0,8500.0,2,1.0,1.0,0.0,False,0,0,1,1,0.02,monte_carlo_run_25_seed_67.log
26,1,-1,-1,-1,-1,-1,68,3101,0.138,2.03,False,Solitudine / Nessun Contatto,,,Nessuna,1,0,1,0.0,3,3,3,0,3,0,0,0,0,0,0,0,8500.0,1,0.985,0.985,0.0,False,0,0,1,3,0.02,monte_carlo_run_26_seed_68.log
27,1,-1,-1,-1,-1,-1,69,3101,0.12,2.99,False,Solitudine / Nessun Contatto,,,Nessuna,1,0,1,0.0,2,2,2,1,1,0,0,0,0,0,0,0,8500.0,2,1.0,1.0,0.0,False,0,0,1,1,0.02,monte_carlo_run_27_seed_69.log
28,1,-1,-1,-1,-1,-1,70,3101,0.067,1.57,False,Solitudine / Nessun Contatto,,,Nessuna,2,0,2,1.29,2,2,2,1,1,0,0,0,0,0,0,0,8500.0,2,1.002,1.002,0.0,False,0,0,1,1,92.28,monte_carlo_run_28_seed_70.log
29,1,-1,-1,-1,-1,-1,71,3101,0.109,2.54,False,Solitudine / Nessun Contatto,,,Nessuna,1,0,1,0.0,2,2,2,0,2,0,0,0,0,0,0,0,8500.0,1,0.985,0.985,0.0,False,0,0,0,1,0.02,monte_carlo_run_29_seed_71.log
30,1,-1,-1,-1,-1,-1,72,3101,0.096,2.12,False,Solitudine / Nessun Contatto,,,Nessuna,2,0,2,2.05,2,2,1,1,0,1,1,1,0,0,0,0,8500.25,2,1.0,0.866,-0.1344,False,0,0,0,0,118.69,monte_carlo_run_30_seed_72.log
31,1,-1,-1,-1,-1,-1,73,3101,0.138,3.39,False,Solitudine / Nessun Contatto,,,Nessuna,3,0,3,3.47,3,3,3,1,2,0,0,0,0,0,0,0,8500.0,2,1.017,1.017,0.0,False,1,0,2,2,171.81,monte_carlo_run_31_seed_73.log
32,1,-1,-1,-1,-1,-1,74,3101,0.145,3.37,True,Contatto Planetario / Biofirme,301.59,9.73,Diffidente,8,0,19,13.55,4,4,4,1,2,0,0,0,0,0,0,0,8500.0,3,1.236,1.236,0.0,False,15,0,1,1,1795.32,monte_carlo_run_32_seed_74.log
33,1,-1,-1,-1,-1,-1,75,3101,0.065,1.2,False,Solitudine / Nessun Contatto,,,Nessuna,1,0,1,0.0,1,1,1,1,0,0,0,0,0,0,0,0,8500.0,2,1.0,1.0,0.0,False,0,0,0,0,0.02,monte_carlo_run_33_seed_75.log
34,1,-1,-1,-1,-1,-1,76,3101,0.144,3.5,False,Solitudine / Nessun Contatto,,,Nessuna,2,0,2,3.18,1,1,1,1,0,0,0,0,0,0,0,0,8500.0,2,1.0,1.0,0.0,False,0,0,0,0,88.24,monte_carlo_run_34_seed_76.log
35,1,-1,-1,-1,-1,-1,77,3101,0.071,1.35,False,Solitudine / Nessun Contatto,,,Nessuna,1,0,1,0.0,1,1,1,1,0,0,0,0,0,0,0,0,8500.0,2,1.0,1.0,0.0,False,0,0,0,0,0.02,monte_carlo_run_35_seed_77.log
36,1,-1,-1,-1,-1,-1,78,3101,0.086,1.97,False,Solitudine / Nessun Contatto,,,Nessuna,1,0,1,0.0,1,1,1,1,0,0,0,0,0,0,0,0,8500.0,2,1.0,1.0,0.0,False,0,0,0,0,0.02,monte_carlo_run_36_seed_78.log
37,1,-1,-1,-1,-1,-1,79,3101,0.144,3.27,False,Solitudine / Nessun Contatto,,,Nessuna,4,0,4,2.96,1,1,1,1,0,0,0,0,0,0,0,0,8500.0,2,1.001,1.001,0.0,False,0,0,0,0,227.68,monte_carlo_run_37_seed_79.log
38,1,-1,-1,-1,-1,-1,80,3101,0.145,3.01,False,Solitudine / Nessun Contatto,,,Nessuna,2,0,2,2.99,2,2,1,1,0,1,1,1,0,0,0,0,8500.05,2,1.0,0.732,-0.2685,False,0,0,0,0,82.57,monte_carlo_run_38_seed_80.log
39,1,-1,-1,-1,-1,-1,81,3101,0.144,2.16,False,Solitudine / Nessun Contatto,,,Nessuna,1,0,1,0.0,1,1,1,1,0,0,0,0,0,0,0,0,8500.0,2,1.0,1.0,0.0,False,0,0,0,0,0.02,monte_carlo_run_39_seed_81.log
40,1,-1,-1,-1,-1,-1,82,3101,0.063,1.15,False,Solitudine / Nessun Contatto,,,Nessuna,1,0,1,0.0,3,3,3,1,2,0,0,0,0,0,0,0,8500.0,2,1.001,1.001,0.0,False,0,0,2,2,0.02,monte_carlo_run_40_seed_82.log
41,1,-1,-1,-1,-1,-1,83,3101,0.058,0.8,False,Solitudine / Nessun Contatto,,,Nessuna,1,0,1,0.0,1,1,1,1,0,0,0,0,0,0,0,0,8500.0,2,1.0,1.0,0.0,False,0,0,0,0,0.02,monte_carlo_run_41_seed_83.log
42,1,-1,-1,-1,-1,-1,84,3101,0.137,1.77,False,Solitudine / Nessun Contatto,,,Nessuna,1,0,1,0.0,1,1,1,1,0,0,0,0,0,0,0,0,8500.0,2,1.0,1.0,0.0,False,0,0,0,0,0.02,monte_carlo_run_42_seed_84.log
43,1,-1,-1,-1,-1,-1,85,3101,0.057,0.93,False,Solitudine / Nessun Contatto,,,Nessuna,1,0,1,0.0,1,1,1,1,0,0,0,0,0,0,0,0,8500.0,2,1.0,1.0,0.0,False,0,0,0,0,0.02,monte_carlo_run_43_seed_85.log
44,1,-1,-1,-1,-1,-1,86,3101,0.096,1.99,False,Solitudine / Nessun Contatto,,,Nessuna,1,0,1,0.0,2,2,2,1,1,0,0,0,0,0,0,0,8500.0,2,1.0,1.0,0.0,False,0,0,1,1,0.02,monte_carlo_run_44_seed_86.log
45,1,-1,-1,-1,-1,-1,87,3101,0.125,2.93,False,Solitudine / Nessun Contatto,,,Nessuna,2,0,2,2.75,2,2,1,1,0,1,1,1,0,0,0,0,8500.11,2,1.0,0.877,-0.1233,False,0,0,0,0,139.36,monte_carlo_run_45_seed_87.log
46,1,-1,-1,-1,-1,-1,88,3101,0.096,1.24,False,Solitudine / Nessun Contatto,,,Nessuna,1,0,1,0.0,1,1,1,1,0,0,0,0,0,0,0,0,8500.0,2,1.0,1.0,0.0,False,0,0,0,0,0.02,monte_carlo_run_46_seed_88.log
47,1,-1,-1,-1,-1,-1,89,3101,0.144,3.14,False,Solitudine / Nessun Contatto,,,Nessuna,8,0,8,6.74,3,3,2,0,2,1,1,1,0,1,1,0,8502.77,2,0.837,1.131,0.2942,True,6,0,0,2,893.31,monte_carlo_run_47_seed_89.log
48,1,-1,-1,-1,-1,-1,90,3101,0.053,1.21,False,Solitudine / Nessun Contatto,,,Nessuna,1,0,1,0.0,1,1,1,1,0,0,0,0,0,0,0,0,8500.0,2,1.0,1.0,0.0,False,0,0,0,0,0.02,monte_carlo_run_48_seed_90.log
49,1,-1,-1,-1,-1,-1,91,3101,0.136,1.81,False,Solitudine / Nessun Contatto,,,Nessuna,1,0,1,0.0,3,3,3,0,3,0,0,0,0,0,0,0,8500.0,1,0.985,0.985,0.0,False,0,0,0,2,0.02,monte_carlo_run_49_seed_91.log
50,1,-1,-1,-1,-1,-1,92,3101,0.07,1.52,False,Solitudine / Nessun Contatto,,,Nessuna,1,0,1,0.0,3,3,3,1,2,0,0,0,0,0,0,0,8500.0,2,1.0,1.0,0.0,False,0,0,0,2,0.02,monte_carlo_run_50_seed_92.log
51,2,-1,-1,-1,-1,1,93,3101,0.057,0.73,False,Solitudine / Nessun Contatto,,,Nessuna,1,0,1,0.0,1,1,1,1,0,0,0,0,0,0,0,0,8500.0,2,1.0,1.0,0.0,False,0,0,0,0,0.02,monte_carlo_run_51_seed_93.log
52,2,-1,-1,-1,-1,1,94,3101,0.133,2.41,False,Solitudine / Nessun Contatto,,,Nessuna,2,0,2,1.83,1,1,1,1,0,0,0,0,0,0,0,0,8500.0,2,1.0,1.0,0.0,False,0,0,0,0,103.68,monte_carlo_run_52_seed_94.log
53,2,-1,-1,-1,-1,1,95,3101,0.112,2.15,False,Solitudine / Nessun Contatto,,,Nessuna,5,0,5,2.96,2,2,2,2,0,0,0,0,0,0,0,0,8500.0,5,1.008,1.008,0.0,False,1,0,1,1,139.19,monte_carlo_run_53_seed_95.log
54,2,-1,-1,-1,-1,1,96,3101,0.085,1.06,False,Solitudine / Nessun Contatto,,,Nessuna,2,0,2,0.0,2,2,2,2,0,0,0,0,0,0,0,0,8500.0,5,1.0,1.0,0.0,False,0,0,1,1,0.04,monte_carlo_run_54_seed_96.log
55,2,-1,-1,-1,-1,1,97,3101,0.093,2.2,False,Solitudine / Nessun Contatto,,,Nessuna,1,0,1,0.0,1,1,1,1,0,0,0,0,0,0,0,0,8500.0,2,1.0,1.0,0.0,False,0,0,0,0,0.02,monte_carlo_run_55_seed_97.log
56,2,-1,-1,-1,-1,1,98,3101,0.118,2.32,False,Solitudine / Nessun Contatto,,,Nessuna,1,0,1,0.0,1,1,1,1,0,0,0,0,0,0,0,0,8500.0,2,1.0,1.0,0.0,False,0,0,0,0,0.02,monte_carlo_run_56_seed_98.log
57,2,-1,-1,-1,-1,1,99,3101,0.115,2.57,False,Solitudine / Nessun Contatto,,,Nessuna,2,0,2,0.0,2,2,2,2,0,0,0,0,0,0,0,0,8500.0,6,1.0,1.0,0.0,False,0,0,0,1,0.04,monte_carlo_run_57_seed_99.log
58,2,-1,-1,-1,-1,1,100,3101,0.094,1.94,False,Solitudine / Nessun Contatto,,,Nessuna,8,0,8,4.28,3,3,3,3,0,0,0,0,0,0,0,0,8500.0,9,1.023,1.023,0.0,False,4,0,1,2,336.97,monte_carlo_run_58_seed_100.log
59,2,-1,-1,-1,-1,1,101,3101,0.114,2.22,False,Solitudine / Nessun Contatto,,,Nessuna,1,0,1,0.0,1,1,1,1,0,0,0,0,0,0,0,0,8500.0,2,1.0,1.0,0.0,False,0,0,0,0,0.02,monte_carlo_run_59_seed_101.log
60,2,-1,-1,-1,-1,1,102,3101,0.068,1.44,False,Solitudine / Nessun Contatto,,,Nessuna,2,0,2,0.0,2,2,2,2,0,0,0,0,0,0,0,0,8500.0,5,1.0,1.0,0.0,False,0,0,0,1,0.04,monte_carlo_run_60_seed_102.log
61,2,-1,-1,-1,-1,1,103,3101,0.146,2.1,False,Solitudine / Nessun Contatto,,,Nessuna,1,0,1,0.0,1,1,1,1,0,0,0,0,0,0,0,0,8500.0,2,1.0,1.0,0.0,False,0,0,0,0,0.02,monte_carlo_run_61_seed_103.log
62,2,-1,-1,-1,-1,1,104,3101,0.118,2.56,False,Solitudine / Nessun Contatto,,,Nessuna,4,0,4,2.41,2,2,2,2,0,0,0,0,0,0,0,0,8500.0,6,1.006,1.006,0.0,False,0,0,1,1,125.75,monte_carlo_run_62_seed_104.log
63,2,-1,-1,-1,-1,1,105,3101,0.111,2.46,False,Solitudine / Nessun Contatto,,,Nessuna,1,0,1,0.0,1,1,1,1,0,0,0,0,0,0,0,0,8500.0,2,1.0,1.0,0.0,False,0,0,0,0,0.02,monte_carlo_run_63_seed_105.log
64,2,-1,-1,-1,-1,1,106,3101,0.144,1.73,False,Solitudine / Nessun Contatto,,,Nessuna,1,0,1,0.0,1,1,1,1,0,0,0,0,0,0,0,0,8500.0,2,1.0,1.0,0.0,False,0,0,0,0,0.02,monte_carlo_run_64_seed_106.log
65,2,-1,-1,-1,-1,1,107,3101,0.059,1.14,False,Solitudine / Nessun Contatto,,,Nessuna,1,0,1,0.0,1,1,1,1,0,0,0,0,0,0,0,0,8500.0,2,1.0,1.0,0.0,False,0,0,0,0,0.02,monte_carlo_run_65_seed_107.log
66,2,-1,-1,-1,-1,1,108,3101,0.137,2.33,False,Solitudine / Nessun Contatto,,,Nessuna,3,0,3,2.31,2,2,2,2,0,0,0,0,0,0,0,0,8500.0,5,1.006,1.006,0.0,False,0,0,1,1,112.37,monte_carlo_run_66_seed_108.log
67,2,-1,-1,-1,-1,1,109,3101,0.106,2.38,False,Solitudine / Nessun Contatto,,,Nessuna,3,0,3,1.98,2,2,2,2,0,0,0,0,0,0,0,0,8500.0,6,1.0,1.0,0.0,False,0,0,0,1,109.0,monte_carlo_run_67_seed_109.log
68,2,-1,-1,-1,-1,1,110,3101,0.095,1.76,False,Solitudine / Nessun Contatto,,,Nessuna,3,0,3,0.0,2,2,2,2,0,0,0,0,0,0,0,0,8500.0,6,1.002,1.002,0.0,False,0,0,1,1,36.99,monte_carlo_run_68_seed_110.log
69,2,-1,-1,-1,-1,1,111,3101,0.103,1.95,False,Solitudine / Nessun Contatto,,,Nessuna,4,0,4,0.0,3,3,3,3,0,0,0,0,0,0,0,0,8500.0,10,1.003,1.003,0.0,False,0,0,2,2,28.31,monte_carlo_run_69_seed_111.log
70,2,-1,-1,-1,-1,1,112,3101,0.079,1.95,False,Solitudine / Nessun Contatto,,,Nessuna,5,0,5,1.92,2,2,1,1,0,1,1,1,0,0,0,0,8501.21,3,1.011,0.858,-0.1532,False,2,0,0,0,503.49,monte_carlo_run_70_seed_112.log
71,2,-1,-1,-1,-1,1,113,3101,0.063,1.36,False,Solitudine / Nessun Contatto,,,Nessuna,1,0,1,0.0,1,1,1,1,0,0,0,0,0,0,0,0,8500.0,2,1.0,1.0,0.0,False,0,0,0,0,0.02,monte_carlo_run_71_seed_113.log
72,2,-1,-1,-1,-1,1,114,3101,0.062,1.35,False,Solitudine / Nessun Contatto,,,Nessuna,1,0,1,0.0,1,1,1,1,0,0,0,0,0,0,0,0,8500.0,2,1.0,1.0,0.0,False,0,0,0,0,0.02,monte_carlo_run_72_seed_114.log
73,2,-1,-1,-1,-1,1,115,3101,0.076,1.82,False,Solitudine / Nessun Contatto,,,Nessuna,1,0,1,0.0,1,1,1,1,0,0,0,0,0,0,0,0,8500.0,2,1.0,1.0,0.0,False,0,0,0,0,0.02,monte_carlo_run_73_seed_115.log
74,2,-1,-1,-1,-1,1,116,3101,0.082,1.02,False,Solitudine / Nessun Contatto,,,Nessuna,1,0,1,0.0,1,1,1,1,0,0,0,0,0,0,0,0,8500.0,2,1.0,1.0,0.0,False,0,0,0,0,0.02,monte_carlo_run_74_seed_116.log
75,2,-1,-1,-1,-1,1,117,3101,0.1,1.22,False,Solitudine / Nessun Contatto,,,Nessuna,1,0,1,0.0,1,1,1,1,0,0,0,0,0,0,0,0,8500.0,2,1.0,1.0,0.0,False,0,0,0,0,0.02,monte_carlo_run_75_seed_117.log
76,2,-1,-1,-1,-1,1,118,3101,0.094,1.91,False,Solitudine / Nessun Contatto,,,Nessuna,1,0,1,0.0,1,1,1,1,0,0,0,0,0,0,0,0,8500.0,2,1.0,1.0,0.0,False,0,0,0,0,0.02,monte_carlo_run_76_seed_118.log
77,2,-1,-1,-1,-1,1,119,3101,0.121,2.51,False,Solitudine / Nessun Contatto,,,Nessuna,4,0,4,3.01,1,1,1,1,0,0,0,0,0,0,0,0,8500.0,2,1.003,1.003,0.0,False,1,0,0,0,199.46,monte_carlo_run_77_seed_119.log
78,2,-1,-1,-1,-1,1,120,3101,0.14,3.06,True,Contatto Planetario / Biofirme,76.56,5.12,Cauta,6,0,14,8.81,4,4,3,2,1,1,1,1,0,1,1,0,8507.32,7,1.051,1.133,0.0821,True,7,0,1,3,816.06,monte_carlo_run_78_seed_120.log
79,2,-1,-1,-1,-1,1,121,3101,0.13,2.43,False,Solitudine / Nessun Contatto,,,Nessuna,1,0,1,0.0,1,1,1,1,0,0,0,0,0,0,0,0,8500.0,2,1.0,1.0,0.0,False,0,0,0,0,0.02,monte_carlo_run_79_seed_121.log
80,2,-1,-1,-1,-1,1,122,3101,0.128,2.88,False,Solitudine / Nessun Contatto,,,Nessuna,5,0,5,3.51,3,3,3,3,0,0,0,0,0,0,0,0,8500.0,10,1.009,1.009,0.0,False,1,0,1,3,161.31,monte_carlo_run_80_seed_122.log
81,2,-1,-1,-1,-1,1,123,3101,0.066,0.89,False,Solitudine / Nessun Contatto,,,Nessuna,4,0,4,0.0,4,4,3,3,0,1,0,0,0,0,0,0,8500.0,9,1.003,1.003,0.0,False,0,0,2,2,22.31,monte_carlo_run_81_seed_123.log
82,2,-1,-1,-1,-1,1,124,3101,0.1,1.33,False,Solitudine / Nessun Contatto,,,Nessuna,3,0,3,0.0,3,3,3,3,0,0,0,0,0,0,0,0,8500.0,10,1.001,1.001,0.0,False,0,0,2,2,0.06,monte_carlo_run_82_seed_124.log
83,2,-1,-1,-1,-1,1,125,3101,0.082,1.42,False,Solitudine / Nessun Contatto,,,Nessuna,3,0,3,0.0,3,3,3,3,0,0,0,0,0,0,0,0,8500.0,10,1.0,1.0,0.0,False,0,0,0,3,0.06,monte_carlo_run_83_seed_125.log
84,2,-1,-1,-1,-1,1,126,3101,0.128,2.55,False,Solitudine / Nessun Contatto,,,Nessuna,12,0,12,2.42,4,4,3,3,0,1,0,0,0,0,0,0,8500.0,13,1.05,1.05,0.0,False,5,0,3,5,576.71,monte_carlo_run_84_seed_126.log
85,2,-1,-1,-1,-1,1,127,3101,0.123,2.64,False,Solitudine / Nessun Contatto,,,Nessuna,8,0,8,3.57,3,3,3,3,0,0,0,0,0,0,0,0,8500.0,9,1.025,1.025,0.0,False,3,0,3,3,270.72,monte_carlo_run_85_seed_127.log
86,2,-1,-1,-1,-1,1,128,3101,0.139,1.9,False,Solitudine / Nessun Contatto,,,Nessuna,1,0,1,0.0,1,1,1,1,0,0,0,0,0,0,0,0,8500.0,2,1.0,1.0,0.0,False,0,0,0,0,0.02,monte_carlo_run_86_seed_128.log
87,2,-1,-1,-1,-1,1,129,3101,0.095,1.4,False,Solitudine / Nessun Contatto,,,Nessuna,5,0,5,2.26,3,3,3,3,0,0,0,0,0,0,0,0,8500.0,9,1.004,1.004,0.0,False,1,0,1,2,119.23,monte_carlo_run_87_seed_129.log
88,2,-1,-1,-1,-1,1,130,3101,0.127,2.1,False,Solitudine / Nessun Contatto,,,Nessuna,2,0,2,0.0,2,2,2,2,0,0,0,0,0,0,0,0,8500.0,6,1.0,1.0,0.0,False,0,0,0,1,0.04,monte_carlo_run_88_seed_130.log
89,2,-1,-1,-1,-1,1,131,3101,0.064,0.88,False,Solitudine / Nessun Contatto,,,Nessuna,1,0,1,0.0,1,1,1,1,0,0,0,0,0,0,0,0,8500.0,2,1.0,1.0,0.0,False,0,0,0,0,0.02,monte_carlo_run_89_seed_131.log
90,2,-1,-1,-1,-1,1,132,3101,0.145,2.58,False,Solitudine / Nessun Contatto,,,Nessuna,1,0,1,0.0,1,1,1,1,0,0,0,0,0,0,0,0,8500.0,2,1.0,1.0,0.0,False,0,0,0,0,0.02,monte_carlo_run_90_seed_132.log
91,2,-1,-1,-1,-1,1,133,3101,0.143,2.51,False,Solitudine / Nessun Contatto,,,Nessuna,5,0,5,0.0,2,2,2,2,0,0,0,0,0,0,0,0,8500.0,6,1.001,1.001,0.0,False,1,0,0,1,206.05,monte_carlo_run_91_seed_133.log
92,2,-1,-1,-1,-1,1,134,3101,0.087,1.52,False,Solitudine / Nessun Contatto,,,Nessuna,1,0,1,0.0,1,1,1,1,0,0,0,0,0,0,0,0,8500.0,2,1.0,1.0,0.0,False,0,0,0,0,0.02,monte_carlo_run_92_seed_134.log
93,2,-1,-1,-1,-1,1,135,3101,0.082,1.84,False,Solitudine / Nessun Contatto,,,Nessuna,5,0,5,0.0,3,3,3,3,0,0,0,0,0,0,0,0,8500.0,9,1.002,1.002,0.0,False,0,0,1,3,46.73,monte_carlo_run_93_seed_135.log
94,2,-1,-1,-1,-1,1,136,3101,0.143,1.78,False,Solitudine / Nessun Contatto,,,Nessuna,2,0,2,1.18,1,1,1,1,0,0,0,0,0,0,0,0,8500.0,2,1.0,1.0,0.0,False,0,0,0,0,33.02,monte_carlo_run_94_seed_136.log
95,2,-1,-1,-1,-1,1,137,3101,0.095,2.34,False,Solitudine / Nessun Contatto,,,Nessuna,2,0,2,0.0,2,2,2,2,0,0,0,0,0,0,0,0,8500.0,6,1.0,1.0,0.0,False,0,0,0,1,0.04,monte_carlo_run_95_seed_137.log
96,2,-1,-1,-1,-1,1,138,3101,0.12,2.6,False,Solitudine / Nessun Contatto,,,Nessuna,6,0,6,1.78,3,3,3,3,0,0,0,0,0,0,0,0,8500.0,9,1.016,1.016,0.0,False,0,0,2,2,176.28,monte_carlo_run_96_seed_138.log
97,2,-1,-1,-1,-1,1,139,3101,0.058,1.45,False,Solitudine / Nessun Contatto,,,Nessuna,3,0,3,0.0,3,3,3,3,0,0,0,0,0,0,0,0,8500.0,8,1.0,1.0,0.0,False,0,0,1,2,0.06,monte_carlo_run_97_seed_139.log
98,2,-1,-1,-1,-1,1,140,3101,0.137,3.37,False,Solitudine / Nessun Contatto,,,Nessuna,10,0,10,3.75,4,4,3,3,0,1,0,0,0,0,0,0,8500.0,9,1.014,1.014,0.0,False,2,0,1,2,255.09,monte_carlo_run_98_seed_140.log
99,2,-1,-1,-1,-1,1,141,3101,0.062,0.83,False,Solitudine / Nessun Contatto,,,Nessuna,2,0,2,0.0,2,2,2,2,0,0,0,0,0,0,0,0,8500.0,6,1.0,1.0,0.0,False,0,0,0,1,0.04,monte_carlo_run_99_seed_141.log
100,2,-1,-1,-1,-1,1,142,3101,0.145,1.74,False,Solitudine / Nessun Contatto,,,Nessuna,3,0,3,0.0,3,3,3,3,0,0,0,0,0,0,0,0,8500.0,10,1.0,1.0,0.0,False,0,0,0,2,0.06,monte_carlo_run_100_seed_142.log
101,3,-1,-1,-1,1,-1,143,3101,0.137,2.81,False,Solitudine / Nessun Contatto,,,Nessuna,6,0,6,6.76,1,1,1,1,0,0,0,0,0,0,0,0,8500.0,2,1.015,1.015,0.0,False,4,0,0,0,393.87,monte_carlo_run_101_seed_143.log
102,3,-1,-1,-1,1,-1,144,3101,0.061,1.48,False,Solitudine / Nessun Contatto,,,Nessuna,1,0,1,0.0,1,1,1,1,0,0,0,0,0,0,0,0,8500.0,2,1.0,1.0,0.0,False,0,0,0,0,0.02,monte_carlo_run_102_seed_144.log
103,3,-1,-1,-1,1,-1,145,3101,0.082,1.29,False,Solitudine / Nessun Contatto,,,Nessuna,1,0,1,0.0,2,2,2,0,2,0,0,0,0,0,0,0,8500.0,1,0.985,0.985,0.0,False,0,0,0,1,0.02,monte_carlo_run_103_seed_145.log
104,3,-1,-1,-1,1,-1,146,3101,0.123,3.05,False,Solitudine / Nessun Contatto,,,Nessuna,1,0,1,0.0,3,3,3,1,2,0,0,0,0,0,0,0,8500.0,2,1.0,1.0,0.0,False,0,0,1,3,0.02,monte_carlo_run_104_seed_146.log
105,3,-1,-1,-1,1,-1,147,3101,0.089,1.82,False,Solitudine / Nessun Contatto,,,Nessuna,1,0,1,0.0,1,1,1,1,0,0,0,0,0,0,0,0,8500.0,2,1.0,1.0,0.0,False,0,0,0,0,0.02,monte_carlo_run_105_seed_147.log
106,3,-1,-1,-1,1,-1,148,3101,0.084,2.02,False,Solitudine / Nessun Contatto,,,Nessuna,2,0,2,1.7,2,2,2,1,1,0,0,0,0,0,0,0,8500.0,2,1.005,1.005,0.0,False,0,0,1,1,106.01,monte_carlo_run_106_seed_148.log
107,3,-1,-1,-1,1,-1,149,3101,0.114,2.68,False,Solitudine / Nessun Contatto,,,Nessuna,1,0,1,0.0,2,2,2,0,2,0,0,0,0,0,0,0,8500.0,1,0.985,0.985,0.0,False,0,0,0,1,0.02,monte_carlo_run_107_seed_149.log
108,3,-1,-1,-1,1,-1,150,3101,0.095,2.08,False,Solitudine / Nessun Contatto,,,Nessuna,1,0,1,0.0,1,1,1,1,0,0,0,0,0,0,0,0,8500.0,2,1.0,1.0,0.0,False,0,0,0,0,0.02,monte_carlo_run_108_seed_150.log
109,3,-1,-1,-1,1,-1,151,3101,0.103,1.86,False,Solitudine / Nessun Contatto,,,Nessuna,1,0,1,0.0,1,1,1,1,0,0,0,0,0,0,0,0,8500.0,2,1.0,1.0,0.0,False,0,0,0,0,0.02,monte_carlo_run_109_seed_151.log
110,3,-1,-1,-1,1,-1,152,3101,0.073,1.57,False,Solitudine / Nessun Contatto,,,Nessuna,1,0,1,0.0,1,1,1,1,0,0,0,0,0,0,0,0,8500.0,2,1.0,1.0,0.0,False,0,0,0,0,0.02,monte_carlo_run_110_seed_152.log
111,3,-1,-1,-1,1,-1,153,3101,0.147,2.62,False,Solitudine / Nessun Contatto,,,Nessuna,1,0,1,0.0,1,1,1,1,0,0,0,0,0,0,0,0,8500.0,2,1.0,1.0,0.0,False,0,0,0,0,0.02,monte_carlo_run_111_seed_153.log
112,3,-1,-1,-1,1,-1,154,3101,0.081,1.56,False,Solitudine / Nessun Contatto,,,Nessuna,1,0,1,0.0,2,2,2,1,1,0,0,0,0,0,0,0,8500.0,2,1.0,1.0,0.0,False,0,0,0,1,0.02,monte_carlo_run_112_seed_154.log
113,3,-1,-1,-1,1,-1,155,3101,0.101,2.4,False,Solitudine / Nessun Contatto,,,Nessuna,1,0,1,0.0,2,2,2,1,1,0,0,0,0,0,0,0,8500.0,2,1.0,1.0,0.0,False,0,0,0,1,0.02,monte_carlo_run_113_seed_155.log
114,3,-1,-1,-1,1,-1,156,3101,0.097,1.92,False,Solitudine / Nessun Contatto,,,Nessuna,1,0,1,0.0,2,2,2,1,1,0,0,0,0,0,0,0,8500.0,2,1.0,1.0,0.0,False,0,0,1,1,0.02,monte_carlo_run_114_seed_156.log
115,3,-1,-1,-1,1,-1,157,3101,0.115,1.81,False,Solitudine / Nessun Contatto,,,Nessuna,2,0,2,1.44,1,1,1,1,0,0,0,0,0,0,0,0,8500.0,2,1.0,1.0,0.0,False,0,0,0,0,49.97,monte_carlo_run_115_seed_157.log
116,3,-1,-1,-1,1,-1,158,3101,0.097,1.9,False,Solitudine / Nessun Contatto,,,Nessuna,1,0,1,0.0,3,3,3,1,2,0,0,0,0,0,0,0,8500.0,2,1.001,1.001,0.0,False,0,0,2,2,0.02,monte_carlo_run_116_seed_158.log
117,3,-1,-1,-1,1,-1,159,3101,0.06,1.48,False,Solitudine / Nessun Contatto,,,Nessuna,1,0,1,0.0,1,1,1,1,0,0,0,0,0,0,0,0,8500.0,2,1.0,1.0,0.0,False,0,0,0,0,0.02,monte_carlo_run_117_seed_159.log
118,3,-1,-1,-1,1,-1,160,3101,0.089,1.48,False,Solitudine / Nessun Contatto,,,Nessuna,1,0,1,0.0,1,1,1,1,0,0,0,0,0,0,0,0,8500.0,2,1.0,1.0,0.0,False,0,0,0,0,0.02,monte_carlo_run_118_seed_160.log
119,3,-1,-1,-1,1,-1,161,3101,0.066,1.49,False,Solitudine / Nessun Contatto,,,Nessuna,1,0,1,0.0,3,3,3,1,2,0,0,0,0,0,0,0,8500.0,2,1.0,1.0,0.0,False,0,0,1,3,0.02,monte_carlo_run_119_seed_161.log
120,3,-1,-1,-1,1,-1,162,3101,0.069,1.16,False,Solitudine / Nessun Contatto,,,Nessuna,2,0,2,1.01,1,1,1,1,0,0,0,0,0,0,0,0,8500.0,2,1.0,1.0,0.0,False,0,0,0,0,85.19,monte_carlo_run_120_seed_162.log
121,3,-1,-1,-1,1,-1,163,3101,0.062,1.47,False,Solitudine / Nessun Contatto,,,Nessuna,1,0,1,0.0,1,1,1,1,0,0,0,0,0,0,0,0,8500.0,2,1.0,1.0,0.0,False,0,0,0,0,0.02,monte_carlo_run_121_seed_163.log
122,3,-1,-1,-1,1,-1,164,3101,0.109,1.7,False,Solitudine / Nessun Contatto,,,Nessuna,3,0,3,1.21,3,3,3,1,2,0,0,0,0,0,0,0,8500.0,2,1.014,1.014,0.0,False,2,0,2,2,128.44,monte_carlo_run_122_seed_164.log
123,3,-1,-1,-1,1,-1,165,3101,0.095,1.99,False,Solitudine / Nessun Contatto,,,Nessuna,2,0,2,1.13,1,1,1,1,0,0,0,0,0,0,0,0,8500.0,2,1.0,1.0,0.0,False,0,0,0,0,47.71,monte_carlo_run_123_seed_165.log
124,3,-1,-1,-1,1,-1,166,3101,0.12,2.1,False,Solitudine / Nessun Contatto,,,Nessuna,1,0,1,0.0,1,1,1,1,0,0,0,0,0,0,0,0,8500.0,2,1.0,1.0,0.0,False,0,0,0,0,0.02,monte_carlo_run_124_seed_166.log
125,3,-1,-1,-1,1,-1,167,3101,0.06,0.87,False,Solitudine / Nessun Contatto,,,Nessuna,1,0,1,0.0,1,1,1,1,0,0,0,0,0,0,0,0,8500.0,2,1.0,1.0,0.0,False,0,0,0,0,0.02,monte_carlo_run_125_seed_167.log
126,3,-1,-1,-1,1,-1,168,3101,0.123,2.67,False,Solitudine / Nessun Contatto,,,Nessuna,3,0,3,2.41,2,2,2,0,2,0,0,0,0,0,0,0,8500.0,1,0.941,0.941,0.0,False,0,0,0,1,128.9,monte_carlo_run_126_seed_168.log
127,3,-1,-1,-1,1,-1,169,3101,0.093,1.24,False,Solitudine / Nessun Contatto,,,Nessuna,1,0,1,0.0,2,2,2,1,1,0,0,0,0,0,0,0,8500.0,2,1.0,1.0,0.0,False,0,0,1,1,0.02,monte_carlo_run_127_seed_169.log
128,3,-1,-1,-1,1,-1,170,3101,0.144,2.91,False,Solitudine / Nessun Contatto,,,Nessuna,2,0,2,2.82,1,1,1,1,0,0,0,0,0,0,0,0,8500.0,2,1.0,1.0,0.0,False,0,0,0,0,78.31,monte_carlo_run_128_seed_170.log
129,3,-1,-1,-1,1,-1,171,3101,0.132,2.86,False,Solitudine / Nessun Contatto,,,Nessuna,1,0,1,0.0,1,1,1,1,0,0,0,0,0,0,0,0,8500.0,2,1.0,1.0,0.0,False,0,0,0,0,0.02,monte_carlo_run_129_seed_171.log
130,3,-1,-1,-1,1,-1,172,3101,0.094,1.5,False,Solitudine / Nessun Contatto,,,Nessuna,1,0,1,0.0,1,1,1,1,0,0,0,0,0,0,0,0,8500.0,2,1.0,1.0,0.0,False,0,0,0,0,0.02,monte_carlo_run_130_seed_172.log
131,3,-1,-1,-1,1,-1,173,3101,0.087,2.01,False,Solitudine / Nessun Contatto,,,Nessuna,1,0,1,0.0,1,1,1,1,0,0,0,0,0,0,0,0,8500.0,2,1.0,1.0,0.0,False,0,0,0,0,0.02,monte_carlo_run_131_seed_173.log
132,3,-1,-1,-1,1,-1,174,3101,0.123,1.59,False,Solitudine / Nessun Contatto,,,Nessuna,1,0,1,0.0,3,3,3,1,2,0,0,0,0,0,0,0,8500.0,2,1.001,1.001,0.0,False,0,0,2,2,0.02,monte_carlo_run_132_seed_174.log
133,3,-1,-1,-1,1,-1,175,3101,0.118,2.03,False,Solitudine / Nessun Contatto,,,Nessuna,2,0,2,0.79,1,1,1,1,0,0,0,0,0,0,0,0,8500.0,2,1.0,1.0,0.0,False,0,0,0,0,26.68,monte_carlo_run_133_seed_175.log
134,3,-1,-1,-1,1,-1,176,3101,0.146,1.82,False,Solitudine / Nessun Contatto,,,Nessuna,1,0,1,0.0,3,3,3,1,2,0,0,0,0,0,0,0,8500.0,2,1.0,1.0,0.0,False,0,0,1,2,0.02,monte_carlo_run_134_seed_176.log
135,3,-1,-1,-1,1,-1,177,3101,0.062,0.83,False,Solitudine / Nessun Contatto,,,Nessuna,1,0,1,0.0,3,3,3,1,2,0,0,0,0,0,0,0,8500.0,2,1.001,1.001,0.0,False,0,0,2,2,0.02,monte_carlo_run_135_seed_177.log
136,3,-1,-1,-1,1,-1,178,3101,0.097,1.6,False,Solitudine / Nessun Contatto,,,Nessuna,1,0,1,0.0,2,2,2,1,1,0,0,0,0,0,0,0,8500.0,2,1.0,1.0,0.0,False,0,0,0,1,0.02,monte_carlo_run_136_seed_178.log
137,3,-1,-1,-1,1,-1,179,3101,0.063,0.8,False,Solitudine / Nessun Contatto,,,Nessuna,1,0,1,0.0,1,1,1,1,0,0,0,0,0,0,0,0,8500.0,2,1.0,1.0,0.0,False,0,0,0,0,0.02,monte_carlo_run_137_seed_179.log
138,3,-1,-1,-1,1,-1,180,3101,0.086,1.26,False,Solitudine / Nessun Contatto,,,Nessuna,1,0,1,0.0,1,1,1,1,0,0,0,0,0,0,0,0,8500.0,2,1.0,1.0,0.0,False,0,0,0,0,0.02,monte_carlo_run_138_seed_180.log
139,3,-1,-1,-1,1,-1,181,3101,0.12,1.89,False,Solitudine / Nessun Contatto,,,Nessuna,1,0,1,0.0,3,3,3,1,2,0,0,0,0,0,0,0,8500.0,2,1.001,1.001,0.0,False,0,0,2,3,0.02,monte_carlo_run_139_seed_181.log
140,3,-1,-1,-1,1,-1,182,3101,0.098,1.94,False,Solitudine / Nessun Contatto,,,Nessuna,1,0,1,0.0,1,1,1,1,0,0,0,0,0,0,0,0,8500.0,2,1.0,1.0,0.0,False,0,0,0,0,0.02,monte_carlo_run_140_seed_182.log
141,3,-1,-1,-1,1,-1,183,3101,0.053,0.7,False,Solitudine / Nessun Contatto,,,Nessuna,1,0,1,0.0,2,2,2,1,1,0,0,0,0,0,0,0,8500.0,2,1.0,1.0,0.0,False,0,0,0,1,0.02,monte_carlo_run_141_seed_183.log
142,3,-1,-1,-1,1,-1,184,3101,0.109,2.23,False,Solitudine / Nessun Contatto,,,Nessuna,1,0,1,0.0,2,2,2,1,1,0,0,0,0,0,0,0,8500.0,2,1.0,1.0,0.0,False,0,0,0,1,0.02,monte_carlo_run_142_seed_184.log
143,3,-1,-1,-1,1,-1,185,3101,0.088,1.75,False,Solitudine / Nessun Contatto,,,Nessuna,1,0,1,0.0,1,1,1,1,0,0,0,0,0,0,0,0,8500.0,2,1.0,1.0,0.0,False,0,0,0,0,0.02,monte_carlo_run_143_seed_185.log
144,3,-1,-1,-1,1,-1,186,3101,0.106,2.36,False,Solitudine / Nessun Contatto,,,Nessuna,2,0,2,1.79,1,1,1,1,0,0,0,0,0,0,0,0,8500.0,2,1.0,1.0,0.0,False,0,0,0,0,98.24,monte_carlo_run_144_seed_186.log
145,3,-1,-1,-1,1,-1,187,3101,0.143,2.98,False,Solitudine / Nessun Contatto,,,Nessuna,3,0,3,2.56,1,1,1,1,0,0,0,0,0,0,0,0,8500.0,2,1.001,1.001,0.0,False,0,0,0,0,192.68,monte_carlo_run_145_seed_187.log
146,3,-1,-1,-1,1,-1,188,3101,0.149,3.29,False,Solitudine / Nessun Contatto,,,Nessuna,3,0,3,2.85,1,1,1,1,0,0,0,0,0,0,0,0,8500.0,2,1.001,1.001,0.0,False,0,0,0,0,202.36,monte_carlo_run_146_seed_188.log
147,3,-1,-1,-1,1,-1,189,3101,0.104,1.47,False,Solitudine / Nessun Contatto,,,Nessuna,1,0,1,0.0,3,3,3,1,2,0,0,0,0,0,0,0,8500.0,2,1.0,1.0,0.0,False,0,0,0,2,0.02,monte_carlo_run_147_seed_189.log
148,3,-1,-1,-1,1,-1,190,3101,0.118,1.66,False,Solitudine / Nessun Contatto,,,Nessuna,1,0,1,0.0,1,1,1,1,0,0,0,0,0,0,0,0,8500.0,2,1.0,1.0,0.0,False,0,0,0,0,0.02,monte_carlo_run_148_seed_190.log
149,3,-1,-1,-1,1,-1,191,3101,0.068,1.07,False,Solitudine / Nessun Contatto,,,Nessuna,1,0,1,0.0,1,1,1,1,0,0,0,0,0,0,0,0,8500.0,2,1.0,1.0,0.0,False,0,0,0,0,0.02,monte_carlo_run_149_seed_191.log
150,3,-1,-1,-1,1,-1,192,3101,0.114,2.55,False,Solitudine / Nessun Contatto,,,Nessuna,2,0,2,1.19,1,1,1,1,0,0,0,0,0,0,0,0,8500.0,2,1.0,1.0,0.0,False,0,0,0,0,41.89,monte_carlo_run_150_seed_192.log
151,4,-1,-1,-1,1,1,193,3101,0.138,1.97,False,Solitudine / Nessun Contatto,,,Nessuna,1,0,1,0.0,1,1,1,1,0,0,0,0,0,0,0,0,8500.0,2,1.0,1.0,0.0,False,0,0,0,0,0.02,monte_carlo_run_151_seed_193.log
152,4,-1,-1,-1,1,1,194,3101,0.103,1.9,False,Solitudine / Nessun Contatto,,,Nessuna,4,0,4,0.0,4,4,3,3,0,1,0,0,0,0,0,0,8500.0,10,1.0,1.0,0.0,False,0,0,0,3,37.08,monte_carlo_run_152_seed_194.log
153,4,-1,-1,-1,1,1,195,3101,0.066,1.35,False,Solitudine / Nessun Contatto,,,Nessuna,1,0,1,0.0,1,1,1,1,0,0,0,0,0,0,0,0,8500.0,2,1.0,1.0,0.0,False,0,0,0,0,0.02,monte_carlo_run_153_seed_195.log
154,4,-1,-1,-1,1,1,196,3101,0.089,1.3,False,Solitudine / Nessun Contatto,,,Nessuna,4,0,4,0.77,3,3,3,3,0,0,0,0,0,0,0,0,8500.0,9,1.004,1.004,0.0,False,0,0,2,2,34.75,monte_carlo_run_154_seed_196.log
155,4,-1,-1,-1,1,1,197,3101,0.146,3.55,False,Solitudine / Nessun Contatto,,,Nessuna,16,0,16,6.5,2,2,2,2,0,0,0,0,0,0,0,0,8500.0,5,1.165,1.165,0.0,False,11,0,1,1,1503.38,monte_carlo_run_155_seed_197.log
156,4,-1,-1,-1,1,1,198,3101,0.12,1.7,False,Solitudine / Nessun Contatto,,,Nessuna,2,0,2,0.0,2,2,2,2,0,0,0,0,0,0,0,0,8500.0,6,1.0,1.0,0.0,False,0,0,0,1,0.04,monte_carlo_run_156_seed_198.log
157,4,-1,-1,-1,1,1,199,3101,0.112,1.94,False,Solitudine / Nessun Contatto,,,Nessuna,3,0,3,1.65,2,2,2,2,0,0,0,0,0,0,0,0,8500.0,5,1.0,1.0,0.0,False,0,0,0,1,103.22,monte_carlo_run_157_seed_199.log
158,4,-1,-1,-1,1,1,200,3101,0.143,1.93,False,Solitudine / Nessun Contatto,,,Nessuna,3,0,3,2.25,1,1,1,1,0,0,0,0,0,0,0,0,8500.0,2,1.002,1.002,0.0,False,1,0,0,0,130.38,monte_carlo_run_158_seed_200.log
159,4,-1,-1,-1,1,1,201,3101,0.145,2.25,False,Solitudine / Nessun Contatto,,,Nessuna,2,0,2,0.0,2,2,2,2,0,0,0,0,0,0,0,0,8500.0,5,1.0,1.0,0.0,False,0,0,0,1,0.04,monte_carlo_run_159_seed_201.log
160,4,-1,-1,-1,1,1,202,3101,0.084,1.93,False,Solitudine / Nessun Contatto,,,Nessuna,2,0,2,0.0,2,2,2,2,0,0,0,0,0,0,0,0,8500.0,6,1.0,1.0,0.0,False,0,0,0,1,0.04,monte_carlo_run_160_seed_202.log
161,4,-1,-1,-1,1,1,203,3101,0.108,1.55,False,Solitudine / Nessun Contatto,,,Nessuna,1,0,1,0.0,1,1,1,1,0,0,0,0,0,0,0,0,8500.0,2,1.0,1.0,0.0,False,0,0,0,0,0.02,monte_carlo_run_161_seed_203.log
162,4,-1,-1,-1,1,1,204,3101,0.143,3.37,False,Solitudine / Nessun Contatto,,,Nessuna,3,0,3,0.0,3,3,3,3,0,0,0,0,0,0,0,0,8500.0,9,1.0,1.0,0.0,False,0,0,1,2,0.06,monte_carlo_run_162_seed_204.log
163,4,-1,-1,-1,1,1,205,3101,0.107,1.74,False,Solitudine / Nessun Contatto,,,Nessuna,1,0,1,0.0,1,1,1,1,0,0,0,0,0,0,0,0,8500.0,2,1.0,1.0,0.0,False,0,0,0,0,0.02,monte_carlo_run_163_seed_205.log
164,4,-1,-1,-1,1,1,206,3101,0.129,1.64,False,Solitudine / Nessun Contatto,,,Nessuna,1,0,1,0.0,1,1,1,1,0,0,0,0,0,0,0,0,8500.0,2,1.0,1.0,0.0,False,0,0,0,0,0.02,monte_carlo_run_164_seed_206.log
165,4,-1,-1,-1,1,1,207,3101,0.138,2.89,False,Solitudine / Nessun Contatto,,,Nessuna,2,0,2,1.6,1,1,1,1,0,0,0,0,0,0,0,0,8500.0,2,1.0,1.0,0.0,False,0,0,0,0,46.43,monte_carlo_run_165_seed_207.log
166,4,-1,-1,-1,1,1,208,3101,0.108,1.47,False,Solitudine / Nessun Contatto,,,Nessuna,2,0,2,1.29,1,1,1,1,0,0,0,0,0,0,0,0,8500.0,2,1.0,1.0,0.0,False,0,0,0,0,47.72,monte_carlo_run_166_seed_208.log
167,4,-1,-1,-1,1,1,209,3101,0.122,1.9,False,Solitudine / Nessun Contatto,,,Nessuna,2,0,2,0.0,2,2,2,2,0,0,0,0,0,0,0,0,8500.0,5,1.0,1.0,0.0,False,0,0,0,1,0.04,monte_carlo_run_167_seed_209.log
168,4,-1,-1,-1,1,1,210,3101,0.062,0.91,False,Solitudine / Nessun Contatto,,,Nessuna,1,0,1,0.0,1,1,1,1,0,0,0,0,0,0,0,0,8500.0,2,1.0,1.0,0.0,False,0,0,0,0,0.02,monte_carlo_run_168_seed_210.log
169,4,-1,-1,-1,1,1,211,3101,0.075,1.41,False,Solitudine / Nessun Contatto,,,Nessuna,1,0,1,0.0,1,1,1,1,0,0,0,0,0,0,0,0,8500.0,2,1.0,1.0,0.0,False,0,0,0,0,0.02,monte_carlo_run_169_seed_211.log
170,4,-1,-1,-1,1,1,212,3101,0.106,2.07,False,Solitudine / Nessun Contatto,,,Nessuna,1,0,1,0.0,1,1,1,1,0,0,0,0,0,0,0,0,8500.0,2,1.0,1.0,0.0,False,0,0,0,0,0.02,monte_carlo_run_170_seed_212.log
171,4,-1,-1,-1,1,1,213,3101,0.1,1.73,False,Solitudine / Nessun Contatto,,,Nessuna,1,0,1,0.0,1,1,1,1,0,0,0,0,0,0,0,0,8500.0,2,1.0,1.0,0.0,False,0,0,0,0,0.02,monte_carlo_run_171_seed_213.log
172,4,-1,-1,-1,1,1,214,3101,0.098,2.28,False,Solitudine / Nessun Contatto,,,Nessuna,4,0,4,0.0,3,3,3,3,0,0,0,0,0,0,0,0,8500.0,9,1.002,1.002,0.0,False,0,0,1,2,41.79,monte_carlo_run_172_seed_214.log
173,4,-1,-1,-1,1,1,215,3101,0.111,2.15,False,Solitudine / Nessun Contatto,,,Nessuna,4,0,4,0.0,3,3,3,3,0,0,0,0,0,0,0,0,8500.0,8,1.003,1.003,0.0,False,0,0,1,3,107.11,monte_carlo_run_173_seed_215.log
174,4,-1,-1,-1,1,1,216,3101,0.073,1.18,False,Solitudine / Nessun Contatto,,,Nessuna,3,0,3,0.0,3,3,3,3,0,0,0,0,0,0,0,0,8500.0,9,1.001,1.001,0.0,False,0,0,2,3,0.06,monte_carlo_run_174_seed_216.log
175,4,-1,-1,-1,1,1,217,3101,0.087,2.03,False,Solitudine / Nessun Contatto,,,Nessuna,1,0,1,0.0,1,1,1,1,0,0,0,0,0,0,0,0,8500.0,2,1.0,1.0,0.0,False,0,0,0,0,0.02,monte_carlo_run_175_seed_217.log
176,4,-1,-1,-1,1,1,218,3101,0.062,1.25,False,Solitudine / Nessun Contatto,,,Nessuna,1,0,1,0.0,1,1,1,1,0,0,0,0,0,0,0,0,8500.0,2,1.0,1.0,0.0,False,0,0,0,0,0.02,monte_carlo_run_176_seed_218.log
177,4,-1,-1,-1,1,1,219,3101,0.122,1.56,False,Solitudine / Nessun Contatto,,,Nessuna,1,0,1,0.0,1,1,1,1,0,0,0,0,0,0,0,0,8500.0,2,1.0,1.0,0.0,False,0,0,0,0,0.02,monte_carlo_run_177_seed_219.log
178,4,-1,-1,-1,1,1,220,3101,0.129,1.61,False,Solitudine / Nessun Contatto,,,Nessuna,3,0,3,0.0,3,3,3,3,0,0,0,0,0,0,0,0,8500.0,9,1.0,1.0,0.0,False,0,0,1,2,0.06,monte_carlo_run_178_seed_220.log
179,4,-1,-1,-1,1,1,221,3101,0.091,1.79,False,Solitudine / Nessun Contatto,,,Nessuna,1,0,1,0.0,1,1,1,1,0,0,0,0,0,0,0,0,8500.0,2,1.0,1.0,0.0,False,0,0,0,0,0.02,monte_carlo_run_179_seed_221.log
180,4,-1,-1,-1,1,1,222,3101,0.139,2.87,False,Solitudine / Nessun Contatto,,,Nessuna,3,0,3,2.28,1,1,1,1,0,0,0,0,0,0,0,0,8500.0,2,1.001,1.001,0.0,False,0,0,0,0,175.59,monte_carlo_run_180_seed_222.log
181,4,-1,-1,-1,1,1,223,3101,0.104,1.99,False,Solitudine / Nessun Contatto,,,Nessuna,1,0,1,0.0,1,1,1,1,0,0,0,0,0,0,0,0,8500.0,2,1.0,1.0,0.0,False,0,0,0,0,0.02,monte_carlo_run_181_seed_223.log
182,4,-1,-1,-1,1,1,224,3101,0.146,2.89,False,Solitudine / Nessun Contatto,,,Nessuna,5,0,5,3.17,1,1,1,1,0,0,0,0,0,0,0,0,8500.0,2,1.006,1.006,0.0,False,2,0,0,0,289.93,monte_carlo_run_182_seed_224.log
183,4,-1,-1,-1,1,1,225,3101,0.133,2.3,False,Solitudine / Nessun Contatto,,,Nessuna,2,0,2,0.0,2,2,2,2,0,0,0,0,0,0,0,0,8500.0,6,1.0,1.0,0.0,False,0,0,0,1,0.04,monte_carlo_run_183_seed_225.log
184,4,-1,-1,-1,1,1,226,3101,0.077,1.66,False,Solitudine / Nessun Contatto,,,Nessuna,3,0,3,0.0,3,3,3,3,0,0,0,0,0,0,0,0,8500.0,9,1.0,1.0,0.0,False,0,0,0,3,0.06,monte_carlo_run_184_seed_226.log
185,4,-1,-1,-1,1,1,227,3101,0.09,1.43,False,Solitudine / Nessun Contatto,,,Nessuna,1,0,1,0.0,1,1,1,1,0,0,0,0,0,0,0,0,8500.0,2,1.0,1.0,0.0,False,0,0,0,0,0.02,monte_carlo_run_185_seed_227.log
186,4,-1,-1,-1,1,1,228,3101,0.139,2.44,False,Solitudine / Nessun Contatto,,,Nessuna,6,0,6,2.51,3,3,2,2,0,1,1,1,0,0,0,0,8500.15,5,1.008,0.791,-0.2167,False,2,0,1,1,165.15,monte_carlo_run_186_seed_228.log
187,4,-1,-1,-1,1,1,229,3101,0.084,1.02,False,Solitudine / Nessun Contatto,,,Nessuna,2,0,2,0.0,2,2,2,2,0,0,0,0,0,0,0,0,8500.0,6,1.0,1.0,0.0,False,0,0,0,1,0.04,monte_carlo_run_187_seed_229.log
188,4,-1,-1,-1,1,1,230,3101,0.054,1.17,False,Solitudine / Nessun Contatto,,,Nessuna,3,0,3,0.0,3,3,3,3,0,0,0,0,0,0,0,0,8500.0,9,1.001,1.001,0.0,False,0,0,2,2,0.06,monte_carlo_run_188_seed_230.log
189,4,-1,-1,-1,1,1,231,3101,0.084,1.37,False,Solitudine / Nessun Contatto,,,Nessuna,2,0,2,0.0,2,2,2,2,0,0,0,0,0,0,0,0,8500.0,5,1.0,1.0,0.0,False,0,0,0,1,0.04,monte_carlo_run_189_seed_231.log
190,4,-1,-1,-1,1,1,232,3101,0.133,3.0,False,Solitudine / Nessun Contatto,,,Nessuna,2,0,2,2.92,1,1,1,1,0,0,0,0,0,0,0,0,8500.0,2,1.0,1.0,0.0,False,0,0,0,0,143.73,monte_carlo_run_190_seed_232.log
191,4,-1,-1,-1,1,1,233,3101,0.076,1.7,False,Solitudine / Nessun Contatto,,,Nessuna,1,0,1,0.0,1,1,1,1,0,0,0,0,0,0,0,0,8500.0,2,1.0,1.0,0.0,False,0,0,0,0,0.02,monte_carlo_run_191_seed_233.log
192,4,-1,-1,-1,1,1,234,3101,0.137,1.85,False,Solitudine / Nessun Contatto,,,Nessuna,4,0,4,1.69,2,2,2,2,0,0,0,0,0,0,0,0,8500.0,6,1.007,1.007,0.0,False,0,0,1,1,147.25,monte_carlo_run_192_seed_234.log
193,4,-1,-1,-1,1,1,235,3101,0.106,2.53,False,Solitudine / Nessun Contatto,,,Nessuna,2,0,2,0.0,2,2,2,2,0,0,0,0,0,0,0,0,8500.0,5,1.0,1.0,0.0,False,0,0,1,1,0.04,monte_carlo_run_193_seed_235.log
194,4,-1,-1,-1,1,1,236,3101,0.075,1.37,False,Solitudine / Nessun Contatto,,,Nessuna,1,0,1,0.0,1,1,1,1,0,0,0,0,0,0,0,0,8500.0,2,1.0,1.0,0.0,False,0,0,0,0,0.02,monte_carlo_run_194_seed_236.log
195,4,-1,-1,-1,1,1,237,3101,0.119,2.85,False,Solitudine / Nessun Contatto,,,Nessuna,7,0,7,5.68,2,2,1,0,1,1,1,1,0,1,1,0,8503.66,3,0.992,1.072,0.0804,True,3,0,0,1,697.67,monte_carlo_run_195_seed_237.log
196,4,-1,-1,-1,1,1,238,3101,0.071,1.06,False,Solitudine / Nessun Contatto,,,Nessuna,1,0,1,0.0,1,1,1,1,0,0,0,0,0,0,0,0,8500.0,2,1.0,1.0,0.0,False,0,0,0,0,0.02,monte_carlo_run_196_seed_238.log
197,4,-1,-1,-1,1,1,239,3101,0.096,1.32,False,Solitudine / Nessun Contatto,,,Nessuna,1,0,1,0.0,1,1,1,1,0,0,0,0,0,0,0,0,8500.0,2,1.0,1.0,0.0,False,0,0,0,0,0.02,monte_carlo_run_197_seed_239.log
198,4,-1,-1,-1,1,1,240,3101,0.108,1.7,False,Solitudine / Nessun Contatto,,,Nessuna,1,0,1,0.0,1,1,1,1,0,0,0,0,0,0,0,0,8500.0,2,1.0,1.0,0.0,False,0,0,0,0,0.02,monte_carlo_run_198_seed_240.log
199,4,-1,-1,-1,1,1,241,3101,0.072,1.62,False,Solitudine / Nessun Contatto,,,Nessuna,3,0,3,0.0,3,3,3,3,0,0,0,0,0,0,0,0,8500.0,10,1.001,1.001,0.0,False,0,0,2,3,0.06,monte_carlo_run_199_seed_241.log
200,4,-1,-1,-1,1,1,242,3101,0.137,2.94,False,Solitudine / Nessun Contatto,,,Nessuna,3,0,3,0.0,2,2,2,2,0,0,0,0,0,0,0,0,8500.0,6,1.002,1.002,0.0,False,0,0,1,1,43.33,monte_carlo_run_200_seed_242.log
201,5,-1,-1,1,-1,-1,243,3101,0.28,4.29,False,Solitudine / Nessun Contatto,,,Nessuna,10,0,10,8.23,3,3,3,1,2,0,0,0,0,0,0,0,8500.0,2,1.089,1.089,0.0,False,7,0,2,2,658.38,monte_carlo_run_201_seed_243.log
202,5,-1,-1,1,-1,-1,244,3101,0.481,7.92,True,Contatto Planetario / Biofirme,323.58,12.4,Diffidente,14,2,2421,30.59,307,205,15,4,7,276,255,255,0,158,104,54,9611.46,520,1.552,1.6,0.0481,True,2114,0,881,1000,10000.04,monte_carlo_run_202_seed_244.log
203,5,-1,-1,1,-1,-1,245,3101,0.371,5.11,True,Contatto Planetario / Biofirme,193.15,6.09,Diffidente,12,0,2361,44.03,294,219,26,9,13,256,242,242,0,163,95,68,9643.9,457,1.6,1.6,0.0,False,2028,0,752,874,10000.04,monte_carlo_run_203_seed_245.log
204,5,-1,-1,1,-1,-1,246,3101,0.561,12.1,True,Contatto Planetario / Biofirme,39.72,8.12,Collaborativa,3,1,2760,24.66,352,262,27,4,20,313,260,260,0,183,120,63,9733.58,642,1.6,1.6,0.0,False,2409,0,1110,1336,10000.09,monte_carlo_run_204_seed_246.log
205,5,-1,-1,1,-1,-1,247,3101,0.475,11.21,True,Contatto Planetario / Biofirme,33.16,13.28,Cauta,4,1,2411,31.91,289,212,30,5,19,249,246,246,0,163,100,63,9601.32,510,1.6,1.6,0.0,False,2122,0,737,792,10000.22,monte_carlo_run_205_seed_247.log
206,5,-1,-1,1,-1,-1,248,3101,0.512,11.16,True,Contatto Planetario / Biofirme,12.4,6.35,Ostile,2,0,2611,52.04,325,232,17,3,13,295,274,274,0,178,125,53,9739.99,619,1.6,1.6,0.0,False,2286,0,953,1105,10000.1,monte_carlo_run_206_seed_248.log
207,5,-1,-1,1,-1,-1,249,3101,0.36,5.18,True,Contatto Planetario / Biofirme,97.15,6.33,Diffidente,7,0,2302,35.09,286,214,21,3,16,260,247,247,0,170,98,72,9710.52,503,1.6,1.6,0.0,False,1982,0,1013,1183,10000.07,monte_carlo_run_207_seed_249.log
208,5,-1,-1,1,-1,-1,250,3101,0.419,5.04,True,Incontro Flotta Deep-Space,1108.83,11.25,Biosfera Primitiva,76,0,2460,41.67,264,184,14,4,8,239,237,237,0,163,93,70,9672.07,486,1.496,1.6,0.1038,True,2126,0,759,817,10000.04,monte_carlo_run_208_seed_250.log
209,5,-1,-1,1,-1,-1,251,3101,0.513,12.29,True,Contatto Planetario / Biofirme,323.29,10.6,Diffidente,23,0,2729,27.29,324,237,24,4,18,286,221,221,0,148,92,56,9532.82,589,1.6,1.6,0.0,False,2407,0,852,991,10000.01,monte_carlo_run_209_seed_251.log
210,5,-1,-1,1,-1,-1,252,3101,0.47,7.28,True,Contatto Planetario / Biofirme,1826.41,26.84,Cauta,225,1,2608,32.74,337,237,34,9,20,286,277,277,0,185,124,61,9775.39,598,1.6,1.6,0.0,False,2268,0,1052,1159,10000.07,monte_carlo_run_210_seed_252.log
211,5,-1,-1,1,-1,-1,253,3101,0.252,3.72,False,Solitudine / Nessun Contatto,,,Nessuna,1,0,1,0.0,1,1,1,1,0,0,0,0,0,0,0,0,8500.0,2,1.0,1.0,0.0,False,0,0,0,0,0.02,monte_carlo_run_211_seed_253.log
212,5,-1,-1,1,-1,-1,254,3101,0.246,6.06,True,Contatto Planetario / Biofirme,17.68,4.35,Collaborativa,2,1,2108,9.66,275,188,19,4,11,244,199,199,0,127,76,51,9402.39,422,1.6,1.6,0.0,False,1823,0,716,862,10000.03,monte_carlo_run_212_seed_254.log
213,5,-1,-1,1,-1,-1,255,3101,0.417,10.4,True,Contatto Planetario / Biofirme,149.86,9.58,Ostile,9,0,2621,46.63,292,212,24,5,17,251,225,225,0,163,119,44,9661.86,526,1.6,1.6,0.0,False,2330,0,840,1032,10000.1,monte_carlo_run_213_seed_255.log
214,5,-1,-1,1,-1,-1,256,3101,0.384,6.47,True,Contatto Planetario / Biofirme,413.12,17.8,Collaborativa,34,0,2691,31.15,333,257,33,3,27,293,277,277,0,188,122,66,9805.74,584,1.6,1.6,0.0,False,2357,0,991,1098,10000.16,monte_carlo_run_214_seed_256.log
215,5,-1,-1,1,-1,-1,257,3101,0.309,4.24,False,Solitudine / Nessun Contatto,,,Nessuna,56,0,56,23.71,6,3,1,1,0,3,3,3,0,3,3,0,8524.1,9,1.438,1.411,-0.0261,False,45,0,6,10,10005.1,monte_carlo_run_215_seed_257.log
216,5,-1,-1,1,-1,-1,258,3101,0.293,5.13,True,Incontro Flotta Deep-Space,5615.13,28.36,Biosfera Primitiva,1118,0,2394,39.34,292,219,20,1,16,265,260,260,0,178,96,82,9732.0,550,1.6,1.6,0.0,False,2040,0,988,1059,10000.04,monte_carlo_run_216_seed_258.log
217,5,-1,-1,1,-1,-1,259,3101,0.493,6.1,True,Incontro Flotta Deep-Space,1583.72,0.0,Biosfera Primitiva,256,2,2444,39.22,283,220,29,3,19,246,242,242,0,171,103,68,9715.81,520,1.549,1.6,0.0513,True,2157,0,960,1073,10000.03,monte_carlo_run_217_seed_259.log
218,5,-1,-1,1,-1,-1,260,3101,0.424,9.79,True,Contatto Planetario / Biofirme,78.44,7.04,Ostile,4,3,2767,33.33,333,245,22,3,17,297,282,282,0,180,112,68,9777.18,599,1.572,1.6,0.0277,True,2432,0,954,1063,10000.04,monte_carlo_run_218_seed_260.log
219,5,-1,-1,1,-1,-1,261,3101,0.251,3.07,False,Solitudine / Nessun Contatto,,,Nessuna,1,0,1,0.0,1,1,1,1,0,0,0,0,0,0,0,0,8500.0,2,1.0,1.0,0.0,False,0,0,0,0,0.02,monte_carlo_run_219_seed_261.log
220,5,-1,-1,1,-1,-1,262,3101,0.38,4.81,True,Contatto Planetario / Biofirme,1048.35,25.22,Cauta,55,0,2388,52.36,276,196,18,4,10,243,240,240,0,148,84,64,9562.59,464,1.6,1.6,0.0,False,2006,0,649,698,10000.08,monte_carlo_run_220_seed_262.log
221,5,-1,-1,1,-1,-1,263,3101,0.279,4.52,True,Incontro Flotta Deep-Space,5679.73,27.75,Collaborativa,374,0,1109,44.73,114,84,10,2,4,99,58,58,0,46,32,14,8805.35,162,1.578,1.6,0.022,True,930,0,174,248,10000.08,monte_carlo_run_221_seed_263.log
222,5,-1,-1,1,-1,-1,264,3101,0.509,7.18,True,Contatto Planetario / Biofirme,95.75,7.51,Diffidente,7,1,2449,26.1,303,215,21,3,13,262,239,239,0,161,111,50,9648.02,493,1.6,1.6,0.0,False,2145,0,733,891,10000.16,monte_carlo_run_222_seed_264.log
223,5,-1,-1,1,-1,-1,265,3101,0.394,7.84,True,Contatto Planetario / Biofirme,68.76,6.68,Cauta,4,0,2497,39.71,284,203,21,2,15,255,236,236,0,151,111,40,9519.18,508,1.474,1.6,0.1261,True,2213,0,688,836,10000.37,monte_carlo_run_223_seed_265.log
224,5,-1,-1,1,-1,-1,266,3101,0.421,5.67,True,Contatto Planetario / Biofirme,272.8,19.27,Collaborativa,15,1,2523,35.4,305,220,18,4,10,275,248,248,0,174,109,65,9716.56,554,1.558,1.6,0.0421,True,2197,0,853,997,10000.01,monte_carlo_run_224_seed_266.log
225,5,-1,-1,1,-1,-1,267,3101,0.426,5.96,True,Incontro Flotta Deep-Space,1007.55,12.07,Collaborativa,75,0,1868,19.7,228,182,13,2,9,213,196,196,0,125,77,48,9345.88,373,1.581,1.6,0.0188,True,1637,0,585,703,10000.02,monte_carlo_run_225_seed_267.log
226,5,-1,-1,1,-1,-1,268,3101,0.358,5.38,True,Contatto Planetario / Biofirme,314.67,17.85,Collaborativa,15,0,2726,33.12,362,291,29,7,18,320,318,318,0,214,118,96,9938.36,636,1.592,1.6,0.0082,True,2329,0,1151,1247,10000.04,monte_carlo_run_226_seed_268.log
227,5,-1,-1,1,-1,-1,269,3101,0.405,9.39,True,Incontro Flotta Deep-Space,2659.2,0.0,Biosfera Primitiva,282,0,2030,14.66,223,168,20,3,14,195,141,141,0,93,73,20,9134.59,367,1.566,1.6,0.0337,True,1806,0,463,627,10000.05,monte_carlo_run_227_seed_269.log
228,5,-1,-1,1,-1,-1,270,3101,0.349,6.87,True,Contatto Planetario / Biofirme,40.94,5.12,Ostile,3,0,2514,33.82,309,231,25,3,17,275,260,260,0,177,105,72,9705.44,551,1.504,1.6,0.0957,True,2204,0,938,1070,10000.11,monte_carlo_run_228_seed_270.log
229,5,-1,-1,1,-1,-1,271,3101,0.548,11.78,True,Contatto Planetario / Biofirme,30.7,10.57,Cauta,3,0,6,19.74,7,7,4,1,3,3,3,3,0,0,0,0,8500.78,1,0.924,0.876,-0.0482,False,0,0,0,1,140.06,monte_carlo_run_229_seed_271.log
230,5,-1,-1,1,-1,-1,272,3101,0.316,6.47,True,Contatto Planetario / Biofirme,165.81,10.36,Diffidente,7,0,2570,37.36,301,229,27,4,18,268,267,267,0,175,93,82,9757.09,507,1.6,1.6,0.0,False,2264,0,891,974,10000.03,monte_carlo_run_230_seed_272.log
231,5,-1,-1,1,-1,-1,273,3101,0.505,11.99,True,Contatto Planetario / Biofirme,79.62,11.78,Cauta,7,1,2394,25.96,289,201,23,5,14,253,86,86,0,56,37,19,8895.7,466,1.6,1.6,0.0,False,2104,0,635,792,10000.16,monte_carlo_run_231_seed_273.log
232,5,-1,-1,1,-1,-1,274,3101,0.369,6.92,True,Contatto Planetario / Biofirme,935.48,12.26,Cauta,45,1,2348,30.62,296,213,18,3,14,264,213,213,0,158,99,59,9582.33,532,1.6,1.6,0.0,False,2053,0,1028,1259,10000.07,monte_carlo_run_232_seed_274.log
233,5,-1,-1,1,-1,-1,275,3101,0.253,3.55,True,Contatto Planetario / Biofirme,441.03,4.71,Cauta,11,0,18,8.14,6,5,2,0,2,4,4,4,0,3,3,0,8520.11,7,0.833,1.228,0.3948,True,12,0,3,6,2006.58,monte_carlo_run_233_seed_275.log
234,5,-1,-1,1,-1,-1,276,3101,0.553,8.34,True,Contatto Planetario / Biofirme,104.22,8.64,Diffidente,9,1,2476,35.73,261,195,17,2,12,239,207,207,0,141,104,37,9468.04,433,1.6,1.6,0.0,False,2213,0,667,870,10000.11,monte_carlo_run_234_seed_276.log
235,5,-1,-1,1,-1,-1,277,3101,0.473,7.99,True,Incontro Flotta Deep-Space,1512.95,9.99,Biosfera Primitiva,218,3,2636,37.83,290,209,19,4,12,258,256,256,0,155,98,57,9587.4,511,1.6,1.6,0.0,False,2340,0,734,766,10000.02,monte_carlo_run_235_seed_277.log
236,5,-1,-1,1,-1,-1,278,3101,0.333,5.41,True,Incontro Flotta Deep-Space,820.25,5.38,Biosfera Primitiva,47,0,2295,31.95,296,213,19,1,16,264,254,254,0,155,91,64,9522.4,506,1.6,1.6,0.0,False,1978,0,858,937,10000.32,monte_carlo_run_236_seed_278.log
237,5,-1,-1,1,-1,-1,279,3101,0.455,8.81,True,Contatto Planetario / Biofirme,63.14,11.25,Predatoria,5,0,2658,33.3,321,242,22,6,13,294,264,264,0,176,135,41,9733.8,600,1.6,1.6,0.0,False,2339,0,916,1132,10000.04,monte_carlo_run_237_seed_279.log
238,5,-1,-1,1,-1,-1,280,3101,0.599,14.27,True,Incontro Flotta Deep-Space,2036.41,12.91,Collaborativa,361,0,2668,29.97,306,243,19,2,15,272,244,244,0,176,123,53,9710.33,572,1.6,1.6,0.0,False,2362,0,975,1215,10000.21,monte_carlo_run_238_seed_280.log
239,5,-1,-1,1,-1,-1,281,3101,0.509,10.84,True,Contatto Planetario / Biofirme,220.5,20.83,Cauta,14,0,2525,41.45,288,220,27,4,17,254,239,239,0,166,108,58,9646.76,519,1.6,1.6,0.0,False,2235,0,822,972,10000.03,monte_carlo_run_239_seed_281.log
240,5,-1,-1,1,-1,-1,282,3101,0.451,9.12,True,Contatto Planetario / Biofirme,6.66,3.0,Cauta,2,0,2578,36.4,324,229,26,4,17,288,276,276,0,194,97,97,9803.73,580,1.528,1.6,0.0723,True,2253,0,1190,1327,10000.0,monte_carlo_run_240_seed_282.log
241,5,-1,-1,1,-1,-1,283,3101,0.522,7.03,True,Contatto Planetario / Biofirme,579.48,11.16,Ostile,43,1,2464,35.7,311,232,30,5,20,269,257,257,0,164,104,60,9672.85,530,1.576,1.6,0.024,True,2153,0,881,975,10000.22,monte_carlo_run_241_seed_283.log
242,5,-1,-1,1,-1,-1,284,3101,0.563,13.59,True,Incontro Flotta Deep-Space,2224.23,14.38,Biosfera Primitiva,366,0,2508,38.2,339,250,32,6,21,287,244,244,0,150,112,38,9571.59,557,1.6,1.6,0.0,False,2169,0,775,932,10000.02,monte_carlo_run_242_seed_284.log
243,5,-1,-1,1,-1,-1,285,3101,0.563,7.79,True,Contatto Planetario / Biofirme,140.34,16.7,Collaborativa,12,1,2522,40.34,276,212,20,3,16,246,234,234,0,162,98,64,9616.91,513,1.6,1.6,0.0,False,2244,0,749,850,10000.02,monte_carlo_run_243_seed_285.log
244,5,-1,-1,1,-1,-1,286,3101,0.226,2.9,False,Solitudine / Nessun Contatto,,,Nessuna,1,0,1,0.0,2,2,2,1,1,0,0,0,0,0,0,0,8500.0,2,1.0,1.0,0.0,False,0,0,1,1,0.02,monte_carlo_run_244_seed_286.log
245,5,-1,-1,1,-1,-1,287,3101,0.599,10.14,True,Contatto Planetario / Biofirme,8.11,4.86,Cauta,2,1,2610,32.6,297,201,14,4,5,268,216,216,0,145,109,36,9542.62,511,1.586,1.6,0.0137,True,2315,0,728,986,10000.16,monte_carlo_run_245_seed_287.log
246,5,-1,-1,1,-1,-1,288,3101,0.255,4.14,False,Solitudine / Nessun Contatto,,,Nessuna,41,0,41,25.5,5,2,1,1,0,3,3,3,0,3,3,0,8523.61,6,1.026,1.323,0.2975,True,29,0,3,10,3175.89,monte_carlo_run_246_seed_288.log
247,5,-1,-1,1,-1,-1,289,3101,0.257,3.65,False,Solitudine / Nessun Contatto,,,Nessuna,3,0,3,4.03,1,1,1,1,0,0,0,0,0,0,0,0,8500.0,2,1.002,1.002,0.0,False,1,0,0,0,122.24,monte_carlo_run_247_seed_289.log
248,5,-1,-1,1,-1,-1,290,3101,0.297,4.33,True,Contatto Planetario / Biofirme,11.72,3.48,Diffidente,2,1,657,42.14,73,49,7,2,5,62,62,62,0,44,38,6,8785.41,98,1.433,1.6,0.1665,True,536,0,144,192,10000.23,monte_carlo_run_248_seed_290.log
249,5,-1,-1,1,-1,-1,291,3101,0.33,4.39,False,Solitudine / Nessun Contatto,,,Nessuna,674,0,674,47.92,93,71,6,1,4,85,85,85,0,60,37,23,8887.86,156,1.495,1.6,0.1047,True,519,0,252,282,10000.01,monte_carlo_run_249_seed_291.log
250,5,-1,-1,1,-1,-1,292,3101,0.484,8.12,True,Incontro Flotta Deep-Space,1756.72,11.79,Biosfera Primitiva,229,2,2640,32.29,307,228,13,3,8,281,270,270,0,179,112,67,9723.79,560,1.6,1.6,0.0,False,2334,0,969,1122,10000.03,monte_carlo_run_250_seed_292.log
251,6,-1,-1,1,-1,1,293,3101,0.445,6.66,True,Incontro Flotta Deep-Space,10.88,0.0,Cauta,4,1,2630,22.13,316,228,24,8,13,279,145,145,0,108,76,32,9220.79,575,1.594,1.6,0.0056,True,2313,0,946,1331,10000.1,monte_carlo_run_251_seed_293.log
252,6,-1,-1,1,-1,1,294,3101,0.597,10.11,True,Contatto Planetario / Biofirme,54.91,9.28,Predatoria,13,1,2520,20.31,320,228,31,6,23,277,15,15,0,12,10,2,8579.23,597,1.509,1.6,0.0906,True,2199,0,979,1404,10000.21,monte_carlo_run_252_seed_294.log
253,6,-1,-1,1,-1,1,295,3101,0.362,7.93,True,Contatto Planetario / Biofirme,94.08,7.73,Diffidente,6,1,2680,32.03,353,262,23,5,12,318,251,251,0,158,106,52,9562.12,631,1.6,1.6,0.0,False,2330,0,1057,1290,10000.02,monte_carlo_run_253_seed_295.log
254,6,-1,-1,1,-1,1,296,3101,0.525,9.18,True,Contatto Planetario / Biofirme,139.21,7.34,Diffidente,19,0,2222,7.34,254,176,29,5,18,216,47,47,0,33,31,2,8740.68,396,1.477,1.6,0.1227,True,1963,0,462,702,10000.28,monte_carlo_run_254_seed_296.log
255,6,-1,-1,1,-1,1,297,3101,0.211,3.33,False,Solitudine / Nessun Contatto,,,Nessuna,15,0,15,9.6,2,2,1,1,0,1,1,1,0,1,1,0,8505.18,3,1.09,1.187,0.0966,True,9,0,0,1,1231.18,monte_carlo_run_255_seed_297.log
256,6,-1,-1,1,-1,1,298,3101,0.548,8.69,True,Incontro Flotta Deep-Space,94.52,8.11,Cauta,15,1,2394,16.39,315,227,20,2,16,284,159,159,0,101,79,22,9209.94,525,1.6,1.6,0.0,False,2076,0,841,1198,10000.24,monte_carlo_run_256_seed_298.log
257,6,-1,-1,1,-1,1,299,3101,0.476,7.66,True,Incontro Flotta Deep-Space,0.02,5.27,Ostile,2,1,2605,29.28,328,240,26,7,18,294,219,219,0,141,95,46,9484.31,597,1.579,1.6,0.0205,True,2276,0,960,1179,10000.06,monte_carlo_run_257_seed_299.log
258,6,-1,-1,1,-1,1,300,3101,0.268,5.18,True,Incontro Flotta Deep-Space,2987.78,16.01,Leale alla Madrepatria,483,0,2689,16.31,356,246,26,5,19,311,70,70,0,49,42,7,8849.82,575,1.583,1.6,0.0166,True,2282,0,1002,1206,10000.04,monte_carlo_run_258_seed_300.log
259,6,-1,-1,1,-1,1,301,3101,0.498,12.4,True,Incontro Flotta Deep-Space,20.63,6.06,Predatoria,5,0,2492,8.9,318,232,23,5,14,284,1,1,0,0,0,0,8500.7,540,0.65,0.15,-0.4998,False,2178,0,701,952,10000.26,monte_carlo_run_259_seed_301.log
260,6,-1,-1,1,-1,1,302,3101,0.541,12.78,True,Contatto Planetario / Biofirme,13.85,7.49,Predatoria,3,0,2523,17.55,320,237,13,3,9,293,243,243,0,163,118,45,9599.3,561,1.6,1.6,0.0,False,2204,0,937,1234,10000.07,monte_carlo_run_260_seed_302.log
261,6,-1,-1,1,-1,1,303,3101,0.39,8.42,True,Contatto Planetario / Biofirme,263.39,9.53,Ostile,16,4,2626,28.57,357,253,28,9,15,315,264,264,0,186,129,57,9844.98,654,1.6,1.6,0.0,False,2268,0,1294,1536,10000.04,monte_carlo_run_261_seed_303.log
262,6,-1,-1,1,-1,1,304,3101,0.219,3.57,False,Solitudine / Nessun Contatto,,,Nessuna,13,0,13,8.2,2,2,2,2,0,0,0,0,0,0,0,0,8500.0,6,1.097,1.097,0.0,False,10,0,1,1,810.11,monte_carlo_run_262_seed_304.log
263,6,-1,-1,1,-1,1,305,3101,0.241,5.68,True,Incontro Flotta Deep-Space,2632.2,15.41,Biosfera Primitiva,319,0,2531,26.2,330,252,29,5,22,289,270,270,0,188,120,68,9848.8,578,1.6,1.6,0.0,False,2190,0,1002,1200,10000.11,monte_carlo_run_263_seed_305.log
264,6,-1,-1,1,-1,1,306,3101,0.24,4.77,True,Incontro Flotta Deep-Space,7455.77,39.24,Biosfera Primitiva,2012,0,2428,44.1,293,221,25,3,17,249,61,61,0,44,33,11,8800.83,487,1.6,1.6,0.0,False,2014,0,730,821,10000.04,monte_carlo_run_264_seed_306.log
265,6,-1,-1,1,-1,1,307,3101,0.41,7.87,True,Incontro Flotta Deep-Space,1123.15,14.59,Biosfera Primitiva,130,0,2401,25.52,298,218,19,3,12,265,119,119,0,77,65,12,9049.5,511,1.562,1.6,0.0377,True,2102,0,864,1148,10000.02,monte_carlo_run_265_seed_307.log
266,6,-1,-1,1,-1,1,308,3101,0.289,4.72,True,Contatto Planetario / Biofirme,562.53,5.69,Diffidente,18,1,1879,35.21,220,166,18,4,13,197,197,197,0,127,85,42,9394.89,333,1.6,1.6,0.0,False,1579,0,473,551,10000.03,monte_carlo_run_266_seed_308.log
267,6,-1,-1,1,-1,1,309,3101,0.581,11.1,True,Incontro Flotta Deep-Space,7944.33,22.21,Biosfera Primitiva,2170,0,2453,35.22,289,218,22,3,16,258,220,220,0,154,100,54,9551.93,526,1.6,1.6,0.0,False,2162,0,779,977,10000.11,monte_carlo_run_267_seed_309.log
268,6,-1,-1,1,-1,1,310,3101,0.349,7.01,True,Contatto Planetario / Biofirme,2244.96,20.66,Collaborativa,310,2,2444,37.36,296,208,23,5,12,259,210,210,0,148,98,50,9509.01,531,1.6,1.6,0.0,False,2150,0,914,1144,10000.17,monte_carlo_run_268_seed_310.log
269,6,-1,-1,1,-1,1,311,3101,0.519,12.61,True,Contatto Planetario / Biofirme,16.96,8.8,Ostile,2,1,2647,33.53,314,233,18,4,11,286,270,270,0,177,99,78,9745.0,561,1.6,1.6,0.0,False,2332,0,935,1064,10000.02,monte_carlo_run_269_seed_311.log
270,6,-1,-1,1,-1,1,312,3101,0.472,7.07,True,Contatto Planetario / Biofirme,331.22,10.94,Ostile,16,0,2655,37.69,334,247,30,1,25,288,268,268,0,188,94,94,9853.54,603,1.6,1.6,0.0,False,2319,0,1134,1201,10000.0,monte_carlo_run_270_seed_312.log
271,6,-1,-1,1,-1,1,313,3101,0.401,7.15,True,Incontro Flotta Deep-Space,859.32,10.67,Collaborativa,65,1,2455,32.16,300,221,20,3,14,263,224,224,0,146,90,56,9495.04,461,1.58,1.6,0.0196,True,2152,0,735,889,10000.09,monte_carlo_run_271_seed_313.log
272,6,-1,-1,1,-1,1,314,3101,0.592,8.85,True,Incontro Flotta Deep-Space,222.78,17.36,Leale alla Madrepatria,25,1,2246,36.35,233,185,16,4,9,208,103,103,0,71,55,16,8964.48,404,1.6,1.6,0.0,False,2010,0,471,681,10000.17,monte_carlo_run_272_seed_314.log
273,6,-1,-1,1,-1,1,315,3101,0.544,13.26,True,Contatto Planetario / Biofirme,255.45,17.61,Cauta,21,0,2672,33.11,346,254,26,4,20,305,235,235,0,145,95,50,9519.86,607,1.6,1.6,0.0,False,2324,0,862,1052,10000.12,monte_carlo_run_273_seed_315.log
274,6,-1,-1,1,-1,1,316,3101,0.404,8.15,True,Contatto Planetario / Biofirme,661.97,18.09,Collaborativa,53,0,2540,31.02,281,218,26,4,18,244,214,214,0,147,109,38,9527.77,481,1.6,1.6,0.0,False,2259,0,690,876,10000.04,monte_carlo_run_274_seed_316.log
275,6,-1,-1,1,-1,1,317,3101,0.379,7.25,True,Incontro Flotta Deep-Space,693.53,7.46,Collaborativa,25,4,2685,28.48,348,259,25,4,18,306,299,299,0,196,122,74,9789.17,625,1.597,1.6,0.0032,True,2338,0,1041,1156,10000.08,monte_carlo_run_275_seed_317.log
276,6,-1,-1,1,-1,1,318,3101,0.441,9.58,False,Solitudine / Nessun Contatto,,,Nessuna,2626,0,2626,22.05,316,248,25,4,15,278,114,114,0,79,51,28,9056.43,601,1.6,1.6,0.0,False,2309,0,930,1194,10000.22,monte_carlo_run_276_seed_318.log
277,6,-1,-1,1,-1,1,319,3101,0.333,4.87,True,Contatto Planetario / Biofirme,4089.12,30.81,Ostile,476,0,2220,39.16,277,204,24,5,16,242,242,242,0,165,90,75,9648.18,481,1.571,1.6,0.0295,True,1852,0,847,909,10000.08,monte_carlo_run_277_seed_319.log
278,6,-1,-1,1,-1,1,320,3101,0.325,5.55,True,Incontro Flotta Deep-Space,5838.7,15.47,Biosfera Primitiva,1220,1,2404,35.28,315,235,27,7,17,278,275,275,0,175,100,75,9714.26,527,1.6,1.6,0.0,False,2075,0,881,961,10000.12,monte_carlo_run_278_seed_320.log
279,6,-1,-1,1,-1,1,321,3101,0.599,7.7,True,Contatto Planetario / Biofirme,104.02,7.92,Ostile,15,0,2620,16.69,322,240,30,7,21,283,98,98,0,64,50,14,8934.09,558,1.6,1.6,0.0,False,2297,0,752,1084,10000.02,monte_carlo_run_279_seed_321.log
280,6,-1,-1,1,-1,1,322,3101,0.426,5.27,True,Contatto Planetario / Biofirme,2412.04,20.6,Cauta,246,0,2500,38.14,302,229,31,4,21,263,259,259,0,179,119,60,9647.82,530,1.6,1.6,0.0,False,2158,0,1022,1164,10000.02,monte_carlo_run_280_seed_322.log
281,6,-1,-1,1,-1,1,323,3101,0.35,6.28,True,Incontro Flotta Deep-Space,162.7,9.19,Diffidente,15,0,2308,13.01,287,216,21,6,12,255,130,130,0,91,68,23,9180.97,455,1.595,1.6,0.005,True,2019,0,776,1040,10000.04,monte_carlo_run_281_seed_323.log
282,6,-1,-1,1,-1,1,324,3101,0.419,7.99,True,Incontro Flotta Deep-Space,736.68,5.55,Biosfera Primitiva,79,0,2760,20.0,367,271,31,4,20,322,91,91,0,64,49,15,8977.85,627,1.569,1.6,0.0305,True,2397,0,1125,1591,10000.18,monte_carlo_run_282_seed_324.log
283,6,-1,-1,1,-1,1,325,3101,0.211,2.68,False,Solitudine / Nessun Contatto,,,Nessuna,3,0,3,0.0,2,2,2,2,0,0,0,0,0,0,0,0,8500.0,6,1.002,1.002,0.0,False,0,0,1,1,29.59,monte_carlo_run_283_seed_325.log
284,6,-1,-1,1,-1,1,326,3101,0.527,10.26,True,Contatto Planetario / Biofirme,158.89,10.14,Collaborativa,13,1,2799,42.11,321,239,28,5,22,281,257,257,0,173,106,67,9734.01,592,1.6,1.6,0.0,False,2478,0,877,1036,10000.07,monte_carlo_run_284_seed_326.log
285,6,-1,-1,1,-1,1,327,3101,0.433,9.46,True,Contatto Planetario / Biofirme,325.9,15.57,Cauta,25,0,2720,30.39,336,252,26,8,16,297,213,213,0,139,99,40,9499.2,576,1.6,1.6,0.0,False,2385,0,891,1125,10000.19,monte_carlo_run_285_seed_327.log
286,6,-1,-1,1,-1,1,328,3101,0.455,9.52,True,Incontro Flotta Deep-Space,2605.86,8.64,Collaborativa,292,0,2416,37.86,285,212,22,6,15,251,227,227,0,144,104,40,9544.31,446,1.6,1.6,0.0,False,2131,0,622,784,10000.08,monte_carlo_run_286_seed_328.log
287,6,-1,-1,1,-1,1,329,3101,0.498,7.93,True,Contatto Planetario / Biofirme,97.48,20.85,Collaborativa,20,0,2621,23.35,316,246,29,8,19,277,77,77,0,58,50,8,8876.72,559,1.6,1.6,0.0,False,2301,0,874,1359,10000.21,monte_carlo_run_287_seed_329.log
288,6,-1,-1,1,-1,1,330,3101,0.374,8.23,True,Contatto Planetario / Biofirme,562.22,20.55,Diffidente,55,0,2488,25.49,317,231,16,2,14,287,260,260,0,178,116,62,9773.89,571,1.6,1.6,0.0,False,2170,0,1114,1342,10000.06,monte_carlo_run_288_seed_330.log
289,6,-1,-1,1,-1,1,331,3101,0.481,9.71,False,Solitudine / Nessun Contatto,,,Nessuna,2631,0,2631,41.06,303,228,25,3,20,266,259,259,0,181,122,59,9786.22,566,1.6,1.6,0.0,False,2329,0,910,1023,10000.14,monte_carlo_run_289_seed_331.log
290,6,-1,-1,1,-1,1,332,3101,0.517,6.28,False,Solitudine / Nessun Contatto,,,Nessuna,5,0,5,4.47,4,4,1,1,0,3,3,3,0,0,0,0,8500.74,2,1.0,0.839,-0.1612,False,0,0,0,0,137.97,monte_carlo_run_290_seed_332.log
291,6,-1,-1,1,-1,1,333,3101,0.43,8.34,True,Incontro Flotta Deep-Space,736.83,8.8,Biosfera Primitiva,121,0,2755,32.57,347,263,20,8,11,316,161,161,0,104,81,23,9198.19,633,1.547,1.6,0.0533,True,2407,0,1040,1355,10000.18,monte_carlo_run_291_seed_333.log
292,6,-1,-1,1,-1,1,334,3101,0.414,8.54,True,Contatto Planetario / Biofirme,198.07,15.45,Ostile,11,0,2622,47.08,307,228,22,2,17,281,273,273,0,175,113,62,9689.82,573,1.6,1.6,0.0,False,2313,0,870,958,10000.08,monte_carlo_run_292_seed_334.log
293,6,-1,-1,1,-1,1,335,3101,0.484,8.18,True,Incontro Flotta Deep-Space,41.61,0.0,Diffidente,8,0,2511,12.14,302,224,24,5,13,262,8,8,0,4,4,0,8535.04,528,1.073,0.479,-0.5942,False,2205,0,757,1059,10000.11,monte_carlo_run_293_seed_335.log
294,6,-1,-1,1,-1,1,336,3101,0.329,4.63,True,Contatto Planetario / Biofirme,1161.46,21.15,Ostile,97,0,1881,46.8,247,175,19,7,10,219,82,82,0,51,41,10,8872.78,377,1.546,1.6,0.0538,True,1528,0,500,666,10000.06,monte_carlo_run_294_seed_336.log
295,6,-1,-1,1,-1,1,337,3101,0.305,3.87,True,Incontro Flotta Deep-Space,784.24,1.97,Biosfera Primitiva,46,0,46,9.63,8,7,3,1,1,5,2,2,0,2,2,0,8512.18,20,1.307,1.292,-0.0154,False,29,0,7,19,2619.38,monte_carlo_run_295_seed_337.log
296,6,-1,-1,1,-1,1,338,3101,0.235,4.99,True,Incontro Flotta Deep-Space,126.04,9.79,Cauta,14,0,2142,14.35,245,177,15,4,10,218,93,93,0,57,43,14,8909.61,413,1.596,1.6,0.0044,True,1839,0,659,801,10000.13,monte_carlo_run_296_seed_338.log
297,6,-1,-1,1,-1,1,339,3101,0.428,7.98,True,Incontro Flotta Deep-Space,800.25,16.8,Biosfera Primitiva,156,0,2602,33.2,331,225,20,6,11,296,159,159,0,108,74,34,9254.34,594,1.532,1.6,0.0676,True,2270,0,1033,1383,10000.63,monte_carlo_run_297_seed_339.log
298,6,-1,-1,1,-1,1,340,3101,0.366,7.34,True,Contatto Planetario / Biofirme,163.18,7.64,Cauta,32,0,2513,22.1,327,241,29,6,16,284,117,117,0,73,57,16,9019.33,529,1.552,1.6,0.048,True,2189,0,875,1236,10000.09,monte_carlo_run_298_seed_340.log
299,6,-1,-1,1,-1,1,341,3101,0.508,9.95,True,Incontro Flotta Deep-Space,0.02,7.93,Cauta,2,0,2456,36.14,305,219,28,5,19,266,71,71,0,42,39,3,8815.5,513,1.6,1.6,0.0,False,2151,0,685,1049,10000.2,monte_carlo_run_299_seed_341.log
300,6,-1,-1,1,-1,1,342,3101,0.278,3.88,False,Solitudine / Nessun Contatto,,,Nessuna,11,0,11,3.84,4,3,2,2,0,2,0,0,0,0,0,0,8500.0,10,1.021,1.021,0.0,False,3,0,1,3,666.05,monte_carlo_run_300_seed_342.log
301,7,-1,-1,1,1,-1,343,3101,0.218,5.43,True,Incontro Flotta Deep-Space,7426.38,17.57,Biosfera Primitiva,691,0,1100,37.03,56,41,6,3,3,46,46,46,0,28,25,3,8670.4,58,1.6,1.6,0.0,False,1036,0,30,47,10000.48,monte_carlo_run_301_seed_343.log
302,7,-1,-1,1,1,-1,344,3101,0.582,10.02,True,Contatto Planetario / Biofirme,1820.75,36.28,Diffidente,208,1,2110,39.75,99,70,10,1,7,86,80,80,0,45,37,8,8850.42,145,1.6,1.6,0.0,False,2010,0,66,88,10000.36,monte_carlo_run_302_seed_344.log
303,7,-1,-1,1,1,-1,345,3101,0.574,11.95,True,Contatto Planetario / Biofirme,32.53,16.54,Diffidente,3,0,1891,34.84,81,58,4,1,2,74,73,73,0,53,41,12,8866.41,142,1.6,1.6,0.0,False,1809,0,108,116,10000.21,monte_carlo_run_303_seed_345.log
304,7,-1,-1,1,1,-1,346,3101,0.336,8.06,True,Contatto Planetario / Biofirme,2829.54,19.28,Ostile,355,0,2195,36.05,109,83,7,2,4,99,98,98,0,67,53,14,8971.91,191,1.6,1.6,0.0,False,2082,0,159,177,10000.18,monte_carlo_run_304_seed_346.log
305,7,-1,-1,1,1,-1,347,3101,0.443,9.9,True,Incontro Flotta Deep-Space,679.24,9.16,Biosfera Primitiva,54,1,1729,37.03,76,49,4,2,1,64,64,64,0,39,32,7,8790.15,113,1.6,1.6,0.0,False,1649,0,67,77,10000.01,monte_carlo_run_305_seed_347.log
306,7,-1,-1,1,1,-1,348,3101,0.507,9.49,True,Contatto Planetario / Biofirme,284.01,15.45,Cauta,19,1,1787,40.28,75,48,5,2,3,63,56,56,0,41,35,6,8806.18,115,1.6,1.6,0.0,False,1710,0,59,83,10000.06,monte_carlo_run_306_seed_348.log
307,7,-1,-1,1,1,-1,349,3101,0.256,4.15,True,Incontro Flotta Deep-Space,8229.56,28.73,Collaborativa,203,0,228,40.38,13,8,1,1,0,12,12,12,0,8,8,0,8553.62,21,1.595,1.33,-0.2657,False,186,0,12,14,10001.38,monte_carlo_run_307_seed_349.log
308,7,-1,-1,1,1,-1,350,3101,0.368,7.32,True,Contatto Planetario / Biofirme,2678.39,12.17,Ostile,82,1,1462,34.35,59,45,5,2,1,51,43,43,0,29,26,3,8692.99,84,1.6,1.6,0.0,False,1401,0,36,53,10000.3,monte_carlo_run_308_seed_350.log
309,7,-1,-1,1,1,-1,351,3101,0.342,4.83,True,Contatto Planetario / Biofirme,1046.78,19.67,Collaborativa,35,0,635,52.63,29,22,3,1,1,24,24,24,0,11,11,0,8584.06,35,1.585,1.575,-0.0104,False,588,0,7,10,10000.64,monte_carlo_run_309_seed_351.log
310,7,-1,-1,1,1,-1,352,3101,0.381,7.13,True,Incontro Flotta Deep-Space,2132.48,23.28,Biosfera Primitiva,156,2,2269,36.08,123,90,6,2,2,108,100,100,0,64,51,13,8978.79,189,1.6,1.6,0.0,False,2141,0,153,186,10000.02,monte_carlo_run_310_seed_352.log
311,7,-1,-1,1,1,-1,353,3101,0.433,7.75,True,Contatto Planetario / Biofirme,22.21,5.65,Collaborativa,3,2,1479,45.2,75,52,8,1,5,62,62,62,0,42,35,7,8785.05,106,1.578,1.6,0.0224,True,1397,0,86,99,10000.11,monte_carlo_run_311_seed_353.log
312,7,-1,-1,1,1,-1,354,3101,0.342,6.55,True,Contatto Planetario / Biofirme,11.86,4.06,Diffidente,2,1,1456,36.07,86,67,7,2,5,73,73,73,0,37,28,9,8771.83,108,1.6,1.6,0.0,False,1366,0,56,61,10000.2,monte_carlo_run_312_seed_354.log
313,7,-1,-1,1,1,-1,355,3101,0.406,8.15,True,Contatto Planetario / Biofirme,13.42,5.45,Collaborativa,2,0,1919,51.15,100,76,8,1,5,85,85,85,0,50,42,8,8863.9,116,1.6,1.6,0.0,False,1816,0,75,98,10000.67,monte_carlo_run_313_seed_355.log
314,7,-1,-1,1,1,-1,356,3101,0.483,8.81,True,Contatto Planetario / Biofirme,254.19,10.07,Ostile,12,2,2268,40.35,95,76,8,5,3,85,85,85,0,57,45,12,8868.99,156,1.6,1.6,0.0,False,2170,0,100,111,10000.03,monte_carlo_run_314_seed_356.log
315,7,-1,-1,1,1,-1,357,3101,0.304,6.7,True,Incontro Flotta Deep-Space,4898.18,37.65,Biosfera Primitiva,645,1,1683,46.52,62,46,8,1,5,51,51,51,0,33,29,4,8732.84,97,1.6,1.6,0.0,False,1618,0,48,54,10000.01,monte_carlo_run_315_seed_357.log
316,7,-1,-1,1,1,-1,358,3101,0.331,4.91,True,Incontro Flotta Deep-Space,5827.08,35.04,Biosfera Primitiva,151,0,310,52.75,14,11,2,1,1,12,12,12,0,8,6,2,8552.22,25,1.6,1.479,-0.1207,False,284,0,10,11,10001.43,monte_carlo_run_316_seed_358.log
317,7,-1,-1,1,1,-1,359,3101,0.447,7.12,True,Contatto Planetario / Biofirme,1522.16,20.56,Cauta,183,0,1872,34.66,94,67,5,1,1,87,81,81,0,49,45,4,8860.33,127,1.6,1.6,0.0,False,1775,0,87,128,10000.23,monte_carlo_run_317_seed_359.log
318,7,-1,-1,1,1,-1,360,3101,0.599,8.43,True,Incontro Flotta Deep-Space,2374.41,10.09,Biosfera Primitiva,255,0,1723,32.54,92,62,5,3,2,82,77,77,0,52,38,14,8833.9,147,1.576,1.6,0.024,True,1632,0,96,117,10000.06,monte_carlo_run_318_seed_360.log
319,7,-1,-1,1,1,-1,361,3101,0.417,5.09,True,Contatto Planetario / Biofirme,1681.81,14.71,Diffidente,74,1,1655,49.07,95,67,7,2,4,87,81,81,0,49,39,10,8846.65,134,1.6,1.6,0.0,False,1529,0,92,127,10000.33,monte_carlo_run_319_seed_361.log
320,7,-1,-1,1,1,-1,362,3101,0.291,4.42,True,Contatto Planetario / Biofirme,1726.4,18.13,Predatoria,68,0,681,37.57,34,24,4,2,0,28,28,28,0,17,16,1,8641.7,48,1.6,1.596,-0.0036,False,596,0,17,24,10000.47,monte_carlo_run_320_seed_362.log
321,7,-1,-1,1,1,-1,363,3101,0.301,7.19,True,Incontro Flotta Deep-Space,967.74,11.31,Collaborativa,44,0,1553,33.19,72,49,5,3,2,64,61,61,0,41,33,8,8758.92,106,1.6,1.6,0.0001,True,1478,0,68,80,10000.24,monte_carlo_run_321_seed_363.log
322,7,-1,-1,1,1,-1,364,3101,0.378,7.05,True,Contatto Planetario / Biofirme,13.04,4.93,Diffidente,2,0,1684,39.9,79,57,7,1,6,69,68,68,0,43,34,9,8827.85,111,1.6,1.6,0.0,False,1603,0,61,75,10000.19,monte_carlo_run_322_seed_364.log
323,7,-1,-1,1,1,-1,365,3101,0.48,9.7,True,Incontro Flotta Deep-Space,709.46,6.89,Biosfera Primitiva,43,1,1508,41.2,72,47,6,1,4,64,63,63,0,40,33,7,8775.2,105,1.6,1.6,0.0,False,1433,0,66,82,10000.12,monte_carlo_run_323_seed_365.log
324,7,-1,-1,1,1,-1,366,3101,0.22,3.81,False,Solitudine / Nessun Contatto,,,Nessuna,8,0,8,10.1,1,1,1,1,0,0,0,0,0,0,0,0,8500.0,2,1.027,1.027,0.0,False,5,0,0,0,590.99,monte_carlo_run_324_seed_366.log
325,7,-1,-1,1,1,-1,367,3101,0.447,10.06,True,Contatto Planetario / Biofirme,2454.66,11.19,Diffidente,225,0,1738,38.09,73,50,8,3,3,62,62,62,0,45,31,14,8811.41,120,1.6,1.6,0.0,False,1663,0,95,115,10000.02,monte_carlo_run_325_seed_367.log
326,7,-1,-1,1,1,-1,368,3101,0.521,11.33,True,Incontro Flotta Deep-Space,4093.7,10.62,Biosfera Primitiva,649,0,1961,40.05,91,68,8,3,5,81,80,80,0,51,37,14,8856.37,149,1.6,1.6,0.0,False,1868,0,106,118,10000.05,monte_carlo_run_326_seed_368.log
327,7,-1,-1,1,1,-1,369,3101,0.227,4.98,False,Solitudine / Nessun Contatto,,,Nessuna,1062,0,1062,33.07,56,43,3,1,2,52,52,52,0,30,25,5,8723.68,69,1.6,1.6,0.0,False,991,0,51,58,10000.11,monte_carlo_run_327_seed_369.log
328,7,-1,-1,1,1,-1,370,3101,0.437,5.3,True,Contatto Planetario / Biofirme,7.99,3.49,Diffidente,2,1,1504,42.4,68,49,7,2,5,58,58,58,0,36,32,4,8785.56,95,1.6,1.6,0.0,False,1416,0,62,70,10000.62,monte_carlo_run_328_seed_370.log
329,7,-1,-1,1,1,-1,371,3101,0.376,5.24,True,Incontro Flotta Deep-Space,4107.29,26.67,Biosfera Primitiva,140,0,483,44.17,27,23,2,1,1,22,21,21,0,15,14,1,8611.51,37,1.6,1.536,-0.064,False,448,0,20,28,10000.0,monte_carlo_run_329_seed_371.log
330,7,-1,-1,1,1,-1,372,3101,0.525,10.56,True,Contatto Planetario / Biofirme,46.39,9.81,Predatoria,4,0,7,18.06,6,4,2,0,2,4,4,4,0,0,0,0,8500.65,1,0.889,0.845,-0.0443,False,0,0,0,1,229.48,monte_carlo_run_330_seed_372.log
331,7,-1,-1,1,1,-1,373,3101,0.324,3.9,False,Solitudine / Nessun Contatto,,,Nessuna,81,0,81,32.97,2,2,1,1,0,1,1,1,0,1,1,0,8505.21,6,1.6,1.297,-0.3027,False,62,0,0,1,6150.3,monte_carlo_run_331_seed_373.log
332,7,-1,-1,1,1,-1,374,3101,0.471,7.85,True,Incontro Flotta Deep-Space,1428.61,6.96,Biosfera Primitiva,126,2,1778,37.81,83,59,4,1,2,75,75,75,0,52,45,7,8837.38,120,1.6,1.6,0.0,False,1692,0,90,113,10000.54,monte_carlo_run_332_seed_374.log
333,7,-1,-1,1,1,-1,375,3101,0.251,4.74,True,Incontro Flotta Deep-Space,4935.95,30.62,Collaborativa,535,0,1209,46.49,57,43,3,1,1,51,51,51,0,31,24,7,8723.26,76,1.6,1.6,0.0,False,1099,0,41,45,10000.68,monte_carlo_run_333_seed_375.log
334,7,-1,-1,1,1,-1,376,3101,0.336,8.35,True,Contatto Planetario / Biofirme,6045.47,17.75,Cauta,488,0,1692,42.28,83,62,8,2,4,72,72,72,0,43,38,5,8807.66,110,1.6,1.6,0.0,False,1608,0,58,66,10000.07,monte_carlo_run_334_seed_376.log
335,7,-1,-1,1,1,-1,377,3101,0.497,9.29,True,Incontro Flotta Deep-Space,2906.5,8.88,Biosfera Primitiva,133,0,1180,33.15,74,44,9,3,5,64,61,61,0,38,29,9,8791.27,102,1.6,1.6,0.0,False,1099,0,98,126,10000.13,monte_carlo_run_335_seed_377.log
336,7,-1,-1,1,1,-1,378,3101,0.42,8.74,True,Incontro Flotta Deep-Space,625.25,6.82,Collaborativa,39,0,1577,37.55,71,51,7,1,5,64,62,62,0,31,25,6,8710.05,101,1.6,1.6,0.0,False,1502,0,46,52,10000.14,monte_carlo_run_336_seed_378.log
337,7,-1,-1,1,1,-1,379,3101,0.407,7.11,True,Contatto Planetario / Biofirme,6.42,2.61,Diffidente,2,1,1595,42.72,81,57,7,1,6,67,67,67,0,40,33,7,8789.09,113,1.6,1.6,0.0,False,1513,0,58,66,10000.17,monte_carlo_run_337_seed_379.log
338,7,-1,-1,1,1,-1,380,3101,0.384,6.28,True,Incontro Flotta Deep-Space,720.93,7.53,Biosfera Primitiva,29,2,1366,35.68,61,46,5,2,2,50,50,50,0,29,24,5,8687.76,65,1.6,1.557,-0.0428,False,1302,0,32,41,10000.53,monte_carlo_run_338_seed_380.log
339,7,-1,-1,1,1,-1,381,3101,0.222,3.7,False,Solitudine / Nessun Contatto,,,Nessuna,9,0,9,6.61,1,1,1,1,0,0,0,0,0,0,0,0,8500.0,2,1.039,1.039,0.0,False,7,0,0,0,641.83,monte_carlo_run_339_seed_381.log
340,7,-1,-1,1,1,-1,382,3101,0.318,6.6,True,Incontro Flotta Deep-Space,1594.38,10.86,Biosfera Primitiva,126,0,1279,36.37,65,47,4,2,2,60,60,60,0,43,31,12,8830.89,116,1.6,1.6,0.0,False,1209,0,111,122,10000.13,monte_carlo_run_340_seed_382.log
341,7,-1,-1,1,1,-1,383,3101,0.526,11.06,True,Contatto Planetario / Biofirme,3768.61,20.56,Diffidente,631,0,1877,38.09,87,70,9,1,6,77,77,77,0,51,34,17,8843.42,143,1.6,1.6,0.0,False,1787,0,106,114,10000.29,monte_carlo_run_341_seed_383.log
342,7,-1,-1,1,1,-1,384,3101,0.304,5.12,True,Contatto Planetario / Biofirme,5004.49,13.85,Ostile,229,1,989,41.22,41,33,5,2,3,32,32,32,0,22,17,5,8645.0,51,1.6,1.525,-0.0749,False,936,0,18,22,10000.09,monte_carlo_run_342_seed_384.log
343,7,-1,-1,1,1,-1,385,3101,0.428,10.18,True,Contatto Planetario / Biofirme,210.17,17.47,Diffidente,12,1,1770,38.65,86,64,4,2,2,74,74,74,0,53,45,8,8839.53,130,1.6,1.6,0.0,False,1682,0,86,100,10000.18,monte_carlo_run_343_seed_385.log
344,7,-1,-1,1,1,-1,386,3101,0.433,9.17,True,Contatto Planetario / Biofirme,31.64,8.02,Collaborativa,3,0,1623,37.97,83,65,9,3,5,73,73,73,0,49,41,8,8850.09,125,1.6,1.6,0.0,False,1535,0,84,111,10000.26,monte_carlo_run_344_seed_386.log
345,7,-1,-1,1,1,-1,387,3101,0.411,9.26,True,Incontro Flotta Deep-Space,743.01,10.01,Biosfera Primitiva,54,0,1933,35.99,97,70,10,3,5,85,78,78,0,57,45,12,8900.06,142,1.6,1.6,0.0,False,1834,0,111,136,10000.08,monte_carlo_run_345_seed_387.log
346,7,-1,-1,1,1,-1,388,3101,0.294,4.23,True,Incontro Flotta Deep-Space,9129.62,35.35,Biosfera Primitiva,345,0,389,42.58,22,18,4,1,2,16,16,16,0,12,11,1,8594.98,27,1.588,1.519,-0.069,False,336,0,8,13,10000.17,monte_carlo_run_346_seed_388.log
347,7,-1,-1,1,1,-1,389,3101,0.394,9.38,True,Contatto Planetario / Biofirme,185.79,9.42,Diffidente,10,1,2321,36.3,128,94,7,2,4,111,106,106,0,71,57,14,9018.85,185,1.6,1.6,0.0,False,2190,0,142,174,10000.16,monte_carlo_run_347_seed_389.log
348,7,-1,-1,1,1,-1,390,3101,0.45,6.89,True,Contatto Planetario / Biofirme,107.7,12.31,Predatoria,8,1,1917,36.23,84,60,10,3,4,71,70,70,0,54,45,9,8862.28,117,1.6,1.6,0.0,False,1829,0,106,122,10000.1,monte_carlo_run_348_seed_390.log
349,7,-1,-1,1,1,-1,391,3101,0.259,4.82,True,Incontro Flotta Deep-Space,1821.58,25.01,Biosfera Primitiva,98,0,1054,52.87,61,46,5,2,2,55,54,54,0,31,24,7,8742.28,83,1.596,1.6,0.0043,True,956,0,56,60,10000.03,monte_carlo_run_349_seed_391.log
350,7,-1,-1,1,1,-1,392,3101,0.434,10.05,True,Incontro Flotta Deep-Space,1658.74,9.06,Biosfera Primitiva,87,1,1401,36.94,66,48,1,1,0,61,51,51,0,31,31,0,8711.29,99,1.6,1.6,0.0,False,1332,0,42,86,10000.35,monte_carlo_run_350_seed_392.log
351,8,-1,-1,1,1,1,393,3101,0.328,4.09,True,Contatto Planetario / Biofirme,1142.32,8.12,Diffidente,24,0,41,15.26,4,4,2,2,0,2,2,2,0,2,2,0,8521.05,5,1.194,1.305,0.1105,True,32,0,1,3,4335.92,monte_carlo_run_351_seed_393.log
352,8,-1,-1,1,1,1,394,3101,0.358,8.73,True,Contatto Planetario / Biofirme,2531.81,17.18,Ostile,167,2,1916,34.73,93,70,5,3,2,82,72,72,0,47,41,6,8834.65,141,1.6,1.6,0.0,False,1821,0,89,121,10000.8,monte_carlo_run_352_seed_394.log
353,8,-1,-1,1,1,1,395,3101,0.393,9.4,True,Incontro Flotta Deep-Space,470.95,1.83,Collaborativa,39,0,1724,38.19,78,55,10,3,6,63,39,39,0,22,19,3,8661.63,121,1.6,1.6,0.0,False,1644,0,47,56,10000.03,monte_carlo_run_353_seed_395.log
354,8,-1,-1,1,1,1,396,3101,0.515,7.98,True,Contatto Planetario / Biofirme,216.01,9.12,Cauta,24,0,1310,38.47,60,45,5,1,2,52,29,29,0,19,14,5,8634.9,86,1.6,1.6,0.0,False,1248,0,33,40,10000.84,monte_carlo_run_354_seed_396.log
355,8,-1,-1,1,1,1,397,3101,0.468,11.08,False,Solitudine / Nessun Contatto,,,Nessuna,1209,1,1209,16.63,55,34,2,1,1,51,50,50,0,35,27,8,8762.41,72,1.595,1.6,0.0054,True,1152,0,46,60,10000.94,monte_carlo_run_355_seed_397.log
356,8,-1,-1,1,1,1,398,3101,0.6,13.58,True,Incontro Flotta Deep-Space,699.15,10.09,Collaborativa,81,1,1894,36.34,92,71,5,1,4,81,81,81,0,61,45,16,8932.0,161,1.6,1.6,0.0,False,1802,0,130,145,10000.37,monte_carlo_run_356_seed_398.log
357,8,-1,-1,1,1,1,399,3101,0.301,7.24,True,Incontro Flotta Deep-Space,6846.05,15.86,Biosfera Primitiva,1261,0,2039,34.87,107,82,7,1,3,99,97,97,0,59,46,13,8878.4,162,1.562,1.6,0.0383,True,1928,0,93,114,10000.08,monte_carlo_run_357_seed_399.log
358,8,-1,-1,1,1,1,400,3101,0.463,6.58,True,Incontro Flotta Deep-Space,332.4,10.07,Collaborativa,26,0,1240,21.57,56,41,6,3,3,48,2,2,0,2,2,0,8516.77,94,1.472,1.6,0.1282,True,1181,0,40,53,10000.08,monte_carlo_run_358_seed_400.log
359,8,-1,-1,1,1,1,401,3101,0.301,6.45,True,Contatto Planetario / Biofirme,123.2,8.84,Ostile,7,0,1987,42.91,93,68,10,3,6,80,79,79,0,51,44,7,8842.39,129,1.6,1.6,0.0,False,1889,0,85,109,10000.06,monte_carlo_run_359_seed_401.log
360,8,-1,-1,1,1,1,402,3101,0.291,3.71,False,Solitudine / Nessun Contatto,,,Nessuna,1,0,1,0.0,1,1,1,1,0,0,0,0,0,0,0,0,8500.0,2,1.0,1.0,0.0,False,0,0,0,0,0.02,monte_carlo_run_360_seed_402.log
361,8,-1,-1,1,1,1,403,3101,0.596,14.59,True,Contatto Planetario / Biofirme,19.2,11.45,Predatoria,8,1,1221,23.06,62,50,5,2,2,55,47,47,0,29,25,4,8695.2,101,1.6,1.6,0.0,False,1155,0,54,81,10000.26,monte_carlo_run_361_seed_403.log
362,8,-1,-1,1,1,1,404,3101,0.528,10.7,True,Contatto Planetario / Biofirme,34.51,7.22,Ostile,3,2,1681,38.26,75,51,6,1,4,66,66,66,0,35,27,8,8776.07,103,1.6,1.6,0.0,False,1603,0,51,56,10000.33,monte_carlo_run_362_seed_404.log
363,8,-1,-1,1,1,1,405,3101,0.578,8.79,True,Incontro Flotta Deep-Space,4774.8,23.95,Biosfera Primitiva,757,2,1917,34.18,113,81,9,4,5,97,97,97,0,63,51,12,8903.17,149,1.6,1.6,0.0,False,1804,0,98,122,10000.16,monte_carlo_run_363_seed_405.log
364,8,-1,-1,1,1,1,406,3101,0.272,4.23,False,Solitudine / Nessun Contatto,,,Nessuna,6,0,6,6.53,2,2,1,1,0,1,1,1,0,1,1,0,8505.09,4,1.003,1.25,0.2469,True,4,0,0,1,744.28,monte_carlo_run_364_seed_406.log
365,8,-1,-1,1,1,1,407,3101,0.502,8.79,True,Contatto Planetario / Biofirme,5.76,2.89,Diffidente,2,1,1632,32.28,72,53,9,3,5,62,62,62,0,39,30,9,8771.53,115,1.6,1.6,0.0,False,1556,0,87,92,10000.52,monte_carlo_run_365_seed_407.log
366,8,-1,-1,1,1,1,408,3101,0.551,9.59,True,Contatto Planetario / Biofirme,1221.5,22.52,Cauta,81,0,1983,39.51,96,76,8,1,3,88,83,83,0,52,40,12,8855.69,156,1.6,1.6,0.0,False,1886,0,93,106,10000.58,monte_carlo_run_366_seed_408.log
367,8,-1,-1,1,1,1,409,3101,0.338,5.97,True,Incontro Flotta Deep-Space,184.53,0.0,Collaborativa,17,0,1925,17.53,107,79,8,3,3,94,94,94,0,58,49,9,8916.3,139,1.513,1.6,0.0867,True,1810,0,99,117,10000.09,monte_carlo_run_367_seed_409.log
368,8,-1,-1,1,1,1,410,3101,0.465,8.12,True,Contatto Planetario / Biofirme,1631.3,18.83,Predatoria,114,0,1896,38.33,82,57,6,3,3,73,71,71,0,46,37,9,8824.53,129,1.6,1.6,0.0,False,1809,0,83,99,10000.03,monte_carlo_run_368_seed_410.log
369,8,-1,-1,1,1,1,411,3101,0.336,8.29,True,Incontro Flotta Deep-Space,1184.18,13.36,Biosfera Primitiva,159,0,2016,28.5,88,67,9,2,7,76,22,22,0,17,17,0,8630.68,158,1.591,1.6,0.0095,True,1928,0,109,131,10000.25,monte_carlo_run_369_seed_411.log
370,8,-1,-1,1,1,1,412,3101,0.501,7.81,True,Incontro Flotta Deep-Space,337.54,12.11,Diffidente,30,0,1756,22.8,80,64,8,3,5,70,46,46,0,33,28,5,8719.22,137,1.6,1.6,0.0,False,1673,0,58,85,10000.04,monte_carlo_run_370_seed_412.log
371,8,-1,-1,1,1,1,413,3101,0.216,3.13,False,Solitudine / Nessun Contatto,,,Nessuna,3,0,3,3.99,1,1,1,1,0,0,0,0,0,0,0,0,8500.0,2,1.002,1.002,0.0,False,1,0,0,0,118.49,monte_carlo_run_371_seed_413.log
372,8,-1,-1,1,1,1,414,3101,0.222,5.31,True,Incontro Flotta Deep-Space,7976.66,18.3,Leale alla Madrepatria,1434,0,1868,36.11,103,77,16,3,9,85,33,33,0,21,20,1,8651.02,150,1.6,1.6,0.0,False,1744,0,109,144,10000.39,monte_carlo_run_372_seed_414.log
373,8,-1,-1,1,1,1,415,3101,0.586,11.58,True,Contatto Planetario / Biofirme,53.64,12.12,Cauta,5,0,1642,20.75,83,66,8,3,5,73,71,71,0,39,30,9,8769.56,107,1.6,1.6,0.0,False,1554,0,42,53,10000.13,monte_carlo_run_373_seed_415.log
374,8,-1,-1,1,1,1,416,3101,0.348,7.02,True,Incontro Flotta Deep-Space,649.47,6.38,Biosfera Primitiva,39,0,1928,45.3,88,66,6,1,4,79,76,76,0,49,38,11,8818.52,138,1.6,1.6,0.0,False,1839,0,98,110,10000.45,monte_carlo_run_374_seed_416.log
375,8,-1,-1,1,1,1,417,3101,0.377,4.72,True,Incontro Flotta Deep-Space,5380.77,18.97,Biosfera Primitiva,493,0,1225,40.26,62,45,5,1,4,54,54,54,0,31,22,9,8719.76,73,1.6,1.6,0.0,False,1095,0,55,61,10000.18,monte_carlo_run_375_seed_417.log
376,8,-1,-1,1,1,1,418,3101,0.316,5.95,True,Incontro Flotta Deep-Space,3614.62,26.52,Collaborativa,400,0,1839,38.48,85,65,2,1,1,82,82,82,0,56,36,20,8911.78,141,1.6,1.6,0.0,False,1748,0,122,136,10000.1,monte_carlo_run_376_seed_418.log
377,8,-1,-1,1,1,1,419,3101,0.443,9.25,True,Contatto Planetario / Biofirme,10.28,4.55,Collaborativa,2,1,2120,37.19,104,81,9,2,6,91,91,91,0,60,43,17,8922.83,167,1.599,1.6,0.0008,True,2015,0,132,146,10000.05,monte_carlo_run_377_seed_419.log
378,8,-1,-1,1,1,1,420,3101,0.327,5.62,True,Contatto Planetario / Biofirme,305.59,17.0,Cauta,15,0,1140,20.82,63,50,5,1,4,54,51,51,0,39,29,10,8776.56,97,1.6,1.6,0.0,False,1069,0,85,109,10000.19,monte_carlo_run_378_seed_420.log
379,8,-1,-1,1,1,1,421,3101,0.484,9.04,True,Incontro Flotta Deep-Space,45.52,9.54,Diffidente,10,0,1477,20.48,78,64,11,4,5,63,19,19,0,10,9,1,8576.09,124,1.6,1.6,0.0,False,1398,0,41,73,10000.2,monte_carlo_run_379_seed_421.log
380,8,-1,-1,1,1,1,422,3101,0.521,11.09,True,Incontro Flotta Deep-Space,0.02,8.18,Diffidente,2,0,1967,13.65,96,73,13,4,8,80,0,0,0,0,0,0,8500.0,177,0.938,0.938,0.0,False,1867,0,97,119,10000.1,monte_carlo_run_380_seed_422.log
381,8,-1,-1,1,1,1,423,3101,0.366,9.02,True,Contatto Planetario / Biofirme,601.33,12.07,Collaborativa,76,0,2086,17.79,109,85,7,1,5,102,0,0,0,0,0,0,8500.0,179,0.675,0.675,0.0,False,1976,0,109,149,10000.06,monte_carlo_run_381_seed_423.log
382,8,-1,-1,1,1,1,424,3101,0.551,12.72,True,Contatto Planetario / Biofirme,198.12,22.68,Collaborativa,12,0,2069,29.14,104,78,11,2,6,86,84,84,0,58,49,9,8930.2,136,1.548,1.6,0.0521,True,1966,0,104,140,10000.08,monte_carlo_run_382_seed_424.log
383,8,-1,-1,1,1,1,425,3101,0.384,7.98,True,Incontro Flotta Deep-Space,3314.35,20.6,Biosfera Primitiva,308,0,1821,38.16,90,67,9,4,3,77,76,76,0,49,39,10,8826.37,132,1.6,1.6,0.0,False,1729,0,90,107,10000.4,monte_carlo_run_383_seed_425.log
384,8,-1,-1,1,1,1,426,3101,0.437,10.71,False,Solitudine / Nessun Contatto,,,Nessuna,1115,0,1115,24.42,41,34,4,2,2,36,31,31,0,23,20,3,8672.14,67,1.6,1.591,-0.0093,False,1074,0,41,53,10000.04,monte_carlo_run_384_seed_426.log
385,8,-1,-1,1,1,1,427,3101,0.423,5.86,True,Incontro Flotta Deep-Space,1048.43,3.58,Leale alla Madrepatria,135,0,1808,24.88,83,62,7,2,5,74,41,41,0,28,20,8,8696.47,141,1.6,1.6,0.0,False,1722,0,78,100,10000.4,monte_carlo_run_385_seed_427.log
386,8,-1,-1,1,1,1,428,3101,0.31,6.86,True,Incontro Flotta Deep-Space,1108.41,7.01,Leale alla Madrepatria,156,0,1930,43.02,104,82,9,2,6,92,50,50,0,34,28,6,8722.58,187,1.6,1.6,0.0,False,1824,0,148,211,10000.37,monte_carlo_run_386_seed_428.log
387,8,-1,-1,1,1,1,429,3101,0.287,3.78,False,Solitudine / Nessun Contatto,,,Nessuna,7,0,7,7.09,2,2,1,1,0,1,1,1,0,0,0,0,8501.48,3,1.018,0.94,-0.0776,False,3,0,0,0,633.52,monte_carlo_run_387_seed_429.log
388,8,-1,-1,1,1,1,430,3101,0.539,13.28,True,Incontro Flotta Deep-Space,3794.0,26.64,Biosfera Primitiva,429,0,1632,48.69,69,51,4,1,3,64,63,63,0,39,34,5,8761.04,103,1.6,1.6,0.0,False,1560,0,57,66,10000.01,monte_carlo_run_388_seed_430.log
389,8,-1,-1,1,1,1,431,3101,0.507,7.1,True,Incontro Flotta Deep-Space,2110.66,13.32,Biosfera Primitiva,258,1,2072,34.12,102,78,5,3,1,93,92,92,0,59,45,14,8922.43,154,1.58,1.6,0.0196,True,1968,0,109,129,10000.36,monte_carlo_run_389_seed_431.log
390,8,-1,-1,1,1,1,432,3101,0.334,5.8,True,Incontro Flotta Deep-Space,2057.07,20.03,Collaborativa,132,0,1783,38.47,82,61,6,1,4,75,75,75,0,40,30,10,8773.74,113,1.6,1.584,-0.0163,False,1687,0,64,71,10000.35,monte_carlo_run_390_seed_432.log
391,8,-1,-1,1,1,1,433,3101,0.471,6.43,True,Incontro Flotta Deep-Space,1300.99,0.0,Biosfera Primitiva,86,1,1827,26.89,81,65,7,4,3,72,64,64,0,46,36,10,8804.9,131,1.6,1.6,0.0,False,1743,0,94,113,10000.05,monte_carlo_run_391_seed_433.log
392,8,-1,-1,1,1,1,434,3101,0.553,8.17,True,Contatto Planetario / Biofirme,397.21,16.3,Collaborativa,49,0,2131,30.14,97,69,6,2,3,87,27,27,0,22,21,1,8641.58,169,1.549,1.6,0.0511,True,2033,0,102,142,10000.3,monte_carlo_run_392_seed_434.log
393,8,-1,-1,1,1,1,435,3101,0.246,5.0,True,Incontro Flotta Deep-Space,1546.59,5.75,Leale alla Madrepatria,116,0,852,34.41,35,26,4,2,2,29,11,11,0,6,6,0,8549.23,68,1.593,1.534,-0.0593,False,791,0,23,43,10001.24,monte_carlo_run_393_seed_435.log
394,8,-1,-1,1,1,1,436,3101,0.418,5.66,True,Incontro Flotta Deep-Space,1632.89,12.6,Ostile,198,0,2012,39.07,113,84,8,2,5,99,52,52,0,35,27,8,8770.84,181,1.56,1.6,0.0395,True,1893,0,152,206,10000.2,monte_carlo_run_394_seed_436.log
395,8,-1,-1,1,1,1,437,3101,0.387,8.28,True,Incontro Flotta Deep-Space,501.29,0.0,Diffidente,66,0,1675,22.81,77,55,8,1,7,65,22,22,0,18,16,2,8628.33,130,1.6,1.6,0.0,False,1596,0,76,95,10000.12,monte_carlo_run_395_seed_437.log
396,8,-1,-1,1,1,1,438,3101,0.415,7.62,True,Contatto Planetario / Biofirme,1796.21,17.88,Diffidente,89,1,2104,33.83,108,70,5,1,3,95,61,61,0,43,36,7,8825.67,176,1.6,1.6,0.0,False,1992,0,104,149,10000.09,monte_carlo_run_396_seed_438.log
397,8,-1,-1,1,1,1,439,3101,0.549,7.58,True,Incontro Flotta Deep-Space,479.08,12.7,Leale alla Madrepatria,84,0,2217,25.26,103,78,10,5,3,90,22,22,0,13,12,1,8579.88,183,1.6,1.6,0.0,False,2112,0,93,129,10000.6,monte_carlo_run_397_seed_439.log
398,8,-1,-1,1,1,1,440,3101,0.341,7.16,True,Incontro Flotta Deep-Space,2336.59,12.24,Biosfera Primitiva,261,0,1883,31.89,91,71,5,2,2,84,82,82,0,47,39,8,8855.9,129,1.6,1.6,0.0,False,1789,0,89,105,10000.04,monte_carlo_run_398_seed_440.log
399,8,-1,-1,1,1,1,441,3101,0.561,10.0,True,Contatto Planetario / Biofirme,4534.67,30.7,Collaborativa,1069,0,2271,44.53,103,83,7,3,4,94,93,93,0,58,48,10,8890.87,161,1.6,1.6,0.0,False,2166,0,110,128,10000.19,monte_carlo_run_399_seed_441.log
400,8,-1,-1,1,1,1,442,3101,0.398,5.33,True,Incontro Flotta Deep-Space,256.82,12.18,Cauta,23,0,1307,21.75,75,53,8,2,5,66,5,5,0,3,3,0,8526.12,117,1.532,0.881,-0.6514,False,1217,0,58,106,10000.03,monte_carlo_run_400_seed_442.log
401,9,-1,1,-1,-1,-1,443,3101,0.063,0.85,False,Solitudine / Nessun Contatto,,,Nessuna,2,0,2,0.83,1,1,1,1,0,0,0,0,0,0,0,0,8500.0,2,1.0,1.0,0.0,False,0,0,0,0,75.22,monte_carlo_run_401_seed_443.log
402,9,-1,1,-1,-1,-1,444,3101,0.058,1.36,False,Solitudine / Nessun Contatto,,,Nessuna,1,0,1,0.0,3,3,3,0,3,0,0,0,0,0,0,0,8500.0,1,0.985,0.985,0.0,False,0,0,1,3,0.02,monte_carlo_run_402_seed_444.log
403,9,-1,1,-1,-1,-1,445,3101,0.094,2.03,False,Solitudine / Nessun Contatto,,,Nessuna,1,0,1,0.0,2,2,2,1,1,0,0,0,0,0,0,0,8500.0,2,1.0,1.0,0.0,False,0,0,1,1,0.02,monte_carlo_run_403_seed_445.log
404,9,-1,1,-1,-1,-1,446,3101,0.108,1.87,False,Solitudine / Nessun Contatto,,,Nessuna,2,0,2,1.15,2,2,2,0,2,0,0,0,0,0,0,0,8500.0,1,0.976,0.976,0.0,False,0,0,0,1,42.46,monte_carlo_run_404_seed_446.log
405,9,-1,1,-1,-1,-1,447,3101,0.114,2.39,False,Solitudine / Nessun Contatto,,,Nessuna,1,0,1,0.0,1,1,1,1,0,0,0,0,0,0,0,0,8500.0,2,1.0,1.0,0.0,False,0,0,0,0,0.02,monte_carlo_run_405_seed_447.log
406,9,-1,1,-1,-1,-1,448,3101,0.076,1.26,False,Solitudine / Nessun Contatto,,,Nessuna,1,0,1,0.0,2,2,2,1,1,0,0,0,0,0,0,0,8500.0,2,1.0,1.0,0.0,False,0,0,0,1,0.02,monte_carlo_run_406_seed_448.log
407,9,-1,1,-1,-1,-1,449,3101,0.105,1.53,False,Solitudine / Nessun Contatto,,,Nessuna,1,0,1,0.0,1,1,1,1,0,0,0,0,0,0,0,0,8500.0,2,1.0,1.0,0.0,False,0,0,0,0,0.02,monte_carlo_run_407_seed_449.log
408,9,-1,1,-1,-1,-1,450,3101,0.147,3.01,False,Solitudine / Nessun Contatto,,,Nessuna,6,0,6,7.28,1,1,1,1,0,0,0,0,0,0,0,0,8500.0,2,1.01,1.01,0.0,False,3,0,0,0,355.58,monte_carlo_run_408_seed_450.log
409,9,-1,1,-1,-1,-1,451,3101,0.116,2.64,False,Solitudine / Nessun Contatto,,,Nessuna,2,0,2,2.56,3,3,3,1,2,0,0,0,0,0,0,0,8500.0,2,1.012,1.012,0.0,False,0,0,3,3,134.47,monte_carlo_run_409_seed_451.log
410,9,-1,1,-1,-1,-1,452,3101,0.09,1.56,False,Solitudine / Nessun Contatto,,,Nessuna,1,0,1,0.0,2,2,2,0,2,0,0,0,0,0,0,0,8500.0,1,0.985,0.985,0.0,False,0,0,0,1,0.02,monte_carlo_run_410_seed_452.log
411,9,-1,1,-1,-1,-1,453,3101,0.064,1.35,False,Solitudine / Nessun Contatto,,,Nessuna,1,0,1,0.0,1,1,1,1,0,0,0,0,0,0,0,0,8500.0,2,1.0,1.0,0.0,False,0,0,0,0,0.02,monte_carlo_run_411_seed_453.log
412,9,-1,1,-1,-1,-1,454,3101,0.098,1.23,False,Solitudine / Nessun Contatto,,,Nessuna,1,0,1,0.0,1,1,1,1,0,0,0,0,0,0,0,0,8500.0,2,1.0,1.0,0.0,False,0,0,0,0,0.02,monte_carlo_run_412_seed_454.log
413,9,-1,1,-1,-1,-1,455,3101,0.102,2.02,False,Solitudine / Nessun Contatto,,,Nessuna,2,0,2,0.97,3,2,2,0,2,0,0,0,0,0,0,0,8500.0,1,0.979,0.979,0.0,False,0,0,1,3,37.87,monte_carlo_run_413_seed_455.log
414,9,-1,1,-1,-1,-1,456,3101,0.089,1.76,False,Solitudine / Nessun Contatto,,,Nessuna,2,0,2,1.29,1,1,1,1,0,0,0,0,0,0,0,0,8500.0,2,1.0,1.0,0.0,False,0,0,0,0,92.25,monte_carlo_run_414_seed_456.log
415,9,-1,1,-1,-1,-1,457,3101,0.074,1.68,False,Solitudine / Nessun Contatto,,,Nessuna,1,0,1,0.0,3,3,3,1,2,0,0,0,0,0,0,0,8500.0,2,1.0,1.0,0.0,False,0,0,1,3,0.02,monte_carlo_run_415_seed_457.log
416,9,-1,1,-1,-1,-1,458,3101,0.097,1.32,False,Solitudine / Nessun Contatto,,,Nessuna,1,0,1,0.0,1,1,1,1,0,0,0,0,0,0,0,0,8500.0,2,1.0,1.0,0.0,False,0,0,0,0,0.02,monte_carlo_run_416_seed_458.log
417,9,-1,1,-1,-1,-1,459,3101,0.147,2.66,False,Solitudine / Nessun Contatto,,,Nessuna,6,0,6,4.31,1,1,1,1,0,0,0,0,0,0,0,0,8500.0,2,1.011,1.011,0.0,False,3,0,0,0,375.0,monte_carlo_run_417_seed_459.log
418,9,-1,1,-1,-1,-1,460,3101,0.108,2.51,False,Solitudine / Nessun Contatto,,,Nessuna,1,0,1,0.0,3,3,3,1,2,0,0,0,0,0,0,0,8500.0,2,1.001,1.001,0.0,False,0,0,2,3,0.02,monte_carlo_run_418_seed_460.log
419,9,-1,1,-1,-1,-1,461,3101,0.054,1.03,False,Solitudine / Nessun Contatto,,,Nessuna,1,0,1,0.0,1,1,1,1,0,0,0,0,0,0,0,0,8500.0,2,1.0,1.0,0.0,False,0,0,0,0,0.02,monte_carlo_run_419_seed_461.log
420,9,-1,1,-1,-1,-1,462,3101,0.094,1.84,False,Solitudine / Nessun Contatto,,,Nessuna,1,0,1,0.0,1,1,1,1,0,0,0,0,0,0,0,0,8500.0,2,1.0,1.0,0.0,False,0,0,0,0,0.02,monte_carlo_run_420_seed_462.log
421,9,-1,1,-1,-1,-1,463,3101,0.101,1.24,False,Solitudine / Nessun Contatto,,,Nessuna,1,0,1,0.0,1,1,1,1,0,0,0,0,0,0,0,0,8500.0,2,1.0,1.0,0.0,False,0,0,0,0,0.02,monte_carlo_run_421_seed_463.log
422,9,-1,1,-1,-1,-1,464,3101,0.122,1.95,False,Solitudine / Nessun Contatto,,,Nessuna,2,0,2,1.94,4,4,3,1,2,1,1,1,0,0,0,0,8500.16,2,1.006,0.867,-0.1385,False,0,0,2,2,115.32,monte_carlo_run_422_seed_464.log
423,9,-1,1,-1,-1,-1,465,3101,0.116,2.75,False,Solitudine / Nessun Contatto,,,Nessuna,2,0,2,2.62,1,1,1,1,0,0,0,0,0,0,0,0,8500.0,2,1.0,1.0,0.0,False,0,0,0,0,137.81,monte_carlo_run_423_seed_465.log
424,9,-1,1,-1,-1,-1,466,3101,0.063,1.31,False,Solitudine / Nessun Contatto,,,Nessuna,1,0,1,0.0,2,2,2,1,1,0,0,0,0,0,0,0,8500.0,2,1.0,1.0,0.0,False,0,0,1,1,0.02,monte_carlo_run_424_seed_466.log
425,9,-1,1,-1,-1,-1,467,3101,0.067,0.87,False,Solitudine / Nessun Contatto,,,Nessuna,1,0,1,0.0,2,2,2,1,1,0,0,0,0,0,0,0,8500.0,2,1.0,1.0,0.0,False,0,0,0,1,0.02,monte_carlo_run_425_seed_467.log
426,9,-1,1,-1,-1,-1,468,3101,0.113,2.04,False,Solitudine / Nessun Contatto,,,Nessuna,1,0,1,0.0,2,2,2,1,1,0,0,0,0,0,0,0,8500.0,2,1.0,1.0,0.0,False,0,0,1,1,0.02,monte_carlo_run_426_seed_468.log
427,9,-1,1,-1,-1,-1,469,3101,0.134,2.16,False,Solitudine / Nessun Contatto,,,Nessuna,1,0,1,0.0,1,1,1,1,0,0,0,0,0,0,0,0,8500.0,2,1.0,1.0,0.0,False,0,0,0,0,0.02,monte_carlo_run_427_seed_469.log
428,9,-1,1,-1,-1,-1,470,3101,0.072,1.48,False,Solitudine / Nessun Contatto,,,Nessuna,1,0,1,0.0,1,1,1,1,0,0,0,0,0,0,0,0,8500.0,2,1.0,1.0,0.0,False,0,0,0,0,0.02,monte_carlo_run_428_seed_470.log
429,9,-1,1,-1,-1,-1,471,3101,0.145,1.87,False,Solitudine / Nessun Contatto,,,Nessuna,1,0,1,0.0,2,2,2,1,1,0,0,0,0,0,0,0,8500.0,2,1.0,1.0,0.0,False,0,0,1,1,0.02,monte_carlo_run_429_seed_471.log
430,9,-1,1,-1,-1,-1,472,3101,0.129,2.1,False,Solitudine / Nessun Contatto,,,Nessuna,2,0,2,0.8,1,1,1,1,0,0,0,0,0,0,0,0,8500.0,2,1.0,1.0,0.0,False,0,0,0,0,24.84,monte_carlo_run_430_seed_472.log
431,9,-1,1,-1,-1,-1,473,3101,0.065,1.49,False,Solitudine / Nessun Contatto,,,Nessuna,1,0,1,0.0,3,3,3,0,3,0,0,0,0,0,0,0,8500.0,1,0.985,0.985,0.0,False,0,0,1,3,0.02,monte_carlo_run_431_seed_473.log
432,9,-1,1,-1,-1,-1,474,3101,0.081,1.01,False,Solitudine / Nessun Contatto,,,Nessuna,1,0,1,0.0,1,1,1,1,0,0,0,0,0,0,0,0,8500.0,2,1.0,1.0,0.0,False,0,0,0,0,0.02,monte_carlo_run_432_seed_474.log
433,9,-1,1,-1,-1,-1,475,3101,0.059,1.47,False,Solitudine / Nessun Contatto,,,Nessuna,1,0,1,0.0,1,1,1,1,0,0,0,0,0,0,0,0,8500.0,2,1.0,1.0,0.0,False,0,0,0,0,0.02,monte_carlo_run_433_seed_475.log
434,9,-1,1,-1,-1,-1,476,3101,0.132,1.58,False,Solitudine / Nessun Contatto,,,Nessuna,1,0,1,0.0,3,3,3,1,2,0,0,0,0,0,0,0,8500.0,2,1.001,1.001,0.0,False,0,0,3,3,0.02,monte_carlo_run_434_seed_476.log
435,9,-1,1,-1,-1,-1,477,3101,0.142,3.37,False,Solitudine / Nessun Contatto,,,Nessuna,4,0,4,7.1,3,3,3,0,3,0,0,0,0,0,0,0,8500.0,2,0.946,0.946,0.0,False,2,0,1,2,232.63,monte_carlo_run_435_seed_477.log
436,9,-1,1,-1,-1,-1,478,3101,0.114,1.71,False,Solitudine / Nessun Contatto,,,Nessuna,1,0,1,0.0,2,2,2,1,1,0,0,0,0,0,0,0,8500.0,2,1.0,1.0,0.0,False,0,0,0,1,0.02,monte_carlo_run_436_seed_478.log
437,9,-1,1,-1,-1,-1,479,3101,0.1,2.03,False,Solitudine / Nessun Contatto,,,Nessuna,1,0,1,0.0,1,1,1,1,0,0,0,0,0,0,0,0,8500.0,2,1.0,1.0,0.0,False,0,0,0,0,0.02,monte_carlo_run_437_seed_479.log
438,9,-1,1,-1,-1,-1,480,3101,0.086,1.95,False,Solitudine / Nessun Contatto,,,Nessuna,1,0,1,0.0,1,1,1,1,0,0,0,0,0,0,0,0,8500.0,2,1.0,1.0,0.0,False,0,0,0,0,0.02,monte_carlo_run_438_seed_480.log
439,9,-1,1,-1,-1,-1,481,3101,0.142,3.03,False,Solitudine / Nessun Contatto,,,Nessuna,8,0,8,5.45,3,3,1,1,0,2,2,2,0,1,1,0,8506.48,4,1.037,1.124,0.0867,True,5,0,0,1,804.58,monte_carlo_run_439_seed_481.log
440,9,-1,1,-1,-1,-1,482,3101,0.058,1.0,False,Solitudine / Nessun Contatto,,,Nessuna,1,0,1,0.0,1,1,1,1,0,0,0,0,0,0,0,0,8500.0,2,1.0,1.0,0.0,False,0,0,0,0,0.02,monte_carlo_run_440_seed_482.log
441,9,-1,1,-1,-1,-1,483,3101,0.053,0.68,False,Solitudine / Nessun Contatto,,,Nessuna,1,0,1,0.0,1,1,1,1,0,0,0,0,0,0,0,0,8500.0,2,1.0,1.0,0.0,False,0,0,0,0,0.02,monte_carlo_run_441_seed_483.log
442,9,-1,1,-1,-1,-1,484,3101,0.108,2.63,False,Solitudine / Nessun Contatto,,,Nessuna,1,0,1,0.0,1,1,1,1,0,0,0,0,0,0,0,0,8500.0,2,1.0,1.0,0.0,False,0,0,0,0,0.02,monte_carlo_run_442_seed_484.log
443,9,-1,1,-1,-1,-1,485,3101,0.063,1.21,False,Solitudine / Nessun Contatto,,,Nessuna,2,0,2,0.46,1,1,1,1,0,0,0,0,0,0,0,0,8500.0,2,1.0,1.0,0.0,False,0,0,0,0,29.26,monte_carlo_run_443_seed_485.log
444,9,-1,1,-1,-1,-1,486,3101,0.069,1.27,False,Solitudine / Nessun Contatto,,,Nessuna,1,0,1,0.0,3,3,3,1,2,0,0,0,0,0,0,0,8500.0,2,1.0,1.0,0.0,False,0,0,1,3,0.02,monte_carlo_run_444_seed_486.log
445,9,-1,1,-1,-1,-1,487,3101,0.091,1.65,False,Solitudine / Nessun Contatto,,,Nessuna,1,0,1,0.0,1,1,1,1,0,0,0,0,0,0,0,0,8500.0,2,1.0,1.0,0.0,False,0,0,0,0,0.02,monte_carlo_run_445_seed_487.log
446,9,-1,1,-1,-1,-1,488,3101,0.098,2.12,False,Solitudine / Nessun Contatto,,,Nessuna,1,0,1,0.0,1,1,1,1,0,0,0,0,0,0,0,0,8500.0,2,1.0,1.0,0.0,False,0,0,0,0,0.02,monte_carlo_run_446_seed_488.log
447,9,-1,1,-1,-1,-1,489,3101,0.148,3.32,False,Solitudine / Nessun Contatto,,,Nessuna,7,0,7,5.18,2,2,2,1,1,0,0,0,0,0,0,0,8500.0,2,1.048,1.048,0.0,False,5,0,1,1,595.0,monte_carlo_run_447_seed_489.log
448,9,-1,1,-1,-1,-1,490,3101,0.075,1.27,False,Solitudine / Nessun Contatto,,,Nessuna,1,0,1,0.0,1,1,1,1,0,0,0,0,0,0,0,0,8500.0,2,1.0,1.0,0.0,False,0,0,0,0,0.02,monte_carlo_run_448_seed_490.log
449,9,-1,1,-1,-1,-1,491,3101,0.141,3.33,False,Solitudine / Nessun Contatto,,,Nessuna,2,0,2,3.05,1,1,1,1,0,0,0,0,0,0,0,0,8500.0,2,1.0,1.0,0.0,False,0,0,0,0,146.24,monte_carlo_run_449_seed_491.log
450,9,-1,1,-1,-1,-1,492,3101,0.104,1.35,False,Solitudine / Nessun Contatto,,,Nessuna,1,0,1,0.0,2,2,2,1,1,0,0,0,0,0,0,0,8500.0,2,1.0,1.0,0.0,False,0,0,1,1,0.02,monte_carlo_run_450_seed_492.log
451,10,-1,1,-1,-1,1,493,3101,0.084,1.39,False,Solitudine / Nessun Contatto,,,Nessuna,2,0,2,0.0,2,2,2,2,0,0,0,0,0,0,0,0,8500.0,6,1.0,1.0,0.0,False,0,0,1,1,0.04,monte_carlo_run_451_seed_493.log
452,10,-1,1,-1,-1,1,494,3101,0.089,1.32,False,Solitudine / Nessun Contatto,,,Nessuna,1,0,1,0.0,1,1,1,1,0,0,0,0,0,0,0,0,8500.0,2,1.0,1.0,0.0,False,0,0,0,0,0.02,monte_carlo_run_452_seed_494.log
453,10,-1,1,-1,-1,1,495,3101,0.103,2.14,False,Solitudine / Nessun Contatto,,,Nessuna,2,0,2,1.25,1,1,1,1,0,0,0,0,0,0,0,0,8500.0,2,1.0,1.0,0.0,False,0,0,0,0,48.45,monte_carlo_run_453_seed_495.log
454,10,-1,1,-1,-1,1,496,3101,0.084,1.99,False,Solitudine / Nessun Contatto,,,Nessuna,1,0,1,0.0,1,1,1,1,0,0,0,0,0,0,0,0,8500.0,2,1.0,1.0,0.0,False,0,0,0,0,0.02,monte_carlo_run_454_seed_496.log
455,10,-1,1,-1,-1,1,497,3101,0.131,2.0,False,Solitudine / Nessun Contatto,,,Nessuna,1,0,1,0.0,1,1,1,1,0,0,0,0,0,0,0,0,8500.0,2,1.0,1.0,0.0,False,0,0,0,0,0.02,monte_carlo_run_455_seed_497.log
456,10,-1,1,-1,-1,1,498,3101,0.066,1.55,False,Solitudine / Nessun Contatto,,,Nessuna,2,0,2,1.33,1,1,1,1,0,0,0,0,0,0,0,0,8500.0,2,1.0,1.0,0.0,False,0,0,0,0,95.84,monte_carlo_run_456_seed_498.log
457,10,-1,1,-1,-1,1,499,3101,0.139,1.95,False,Solitudine / Nessun Contatto,,,Nessuna,2,0,2,1.92,1,1,1,1,0,0,0,0,0,0,0,0,8500.0,2,1.0,1.0,0.0,False,0,0,0,0,106.53,monte_carlo_run_457_seed_499.log
458,10,-1,1,-1,-1,1,500,3101,0.075,1.72,False,Solitudine / Nessun Contatto,,,Nessuna,3,0,3,1.62,2,2,2,2,0,0,0,0,0,0,0,0,8500.0,5,1.0,1.0,0.0,False,0,0,0,1,107.7,monte_carlo_run_458_seed_500.log
459,10,-1,1,-1,-1,1,501,3101,0.096,1.19,False,Solitudine / Nessun Contatto,,,Nessuna,2,0,2,0.0,2,2,2,2,0,0,0,0,0,0,0,0,8500.0,6,1.0,1.0,0.0,False,0,0,1,1,0.04,monte_carlo_run_459_seed_501.log
460,10,-1,1,-1,-1,1,502,3101,0.077,1.64,False,Solitudine / Nessun Contatto,,,Nessuna,1,0,1,0.0,1,1,1,1,0,0,0,0,0,0,0,0,8500.0,2,1.0,1.0,0.0,False,0,0,0,0,0.02,monte_carlo_run_460_seed_502.log
461,10,-1,1,-1,-1,1,503,3101,0.133,1.78,False,Solitudine / Nessun Contatto,,,Nessuna,1,0,1,0.0,1,1,1,1,0,0,0,0,0,0,0,0,8500.0,2,1.0,1.0,0.0,False,0,0,0,0,0.02,monte_carlo_run_461_seed_503.log
462,10,-1,1,-1,-1,1,504,3101,0.077,1.41,False,Solitudine / Nessun Contatto,,,Nessuna,1,0,1,0.0,1,1,1,1,0,0,0,0,0,0,0,0,8500.0,2,1.0,1.0,0.0,False,0,0,0,0,0.02,monte_carlo_run_462_seed_504.log
463,10,-1,1,-1,-1,1,505,3101,0.115,2.13,False,Solitudine / Nessun Contatto,,,Nessuna,4,0,4,2.06,4,4,2,2,0,2,2,2,0,0,0,0,8500.29,5,1.007,0.779,-0.2278,False,0,0,1,1,202.75,monte_carlo_run_463_seed_505.log
464,10,-1,1,-1,-1,1,506,3101,0.146,2.04,False,Solitudine / Nessun Contatto,,,Nessuna,1,0,1,0.0,1,1,1,1,0,0,0,0,0,0,0,0,8500.0,2,1.0,1.0,0.0,False,0,0,0,0,0.02,monte_carlo_run_464_seed_506.log
465,10,-1,1,-1,-1,1,507,3101,0.059,1.23,False,Solitudine / Nessun Contatto,,,Nessuna,3,0,3,0.0,3,3,3,3,0,0,0,0,0,0,0,0,8500.0,10,1.0,1.0,0.0,False,0,0,1,2,0.06,monte_carlo_run_465_seed_507.log
466,10,-1,1,-1,-1,1,508,3101,0.095,1.34,False,Solitudine / Nessun Contatto,,,Nessuna,1,0,1,0.0,1,1,1,1,0,0,0,0,0,0,0,0,8500.0,2,1.0,1.0,0.0,False,0,0,0,0,0.02,monte_carlo_run_466_seed_508.log
467,10,-1,1,-1,-1,1,509,3101,0.055,1.03,False,Solitudine / Nessun Contatto,,,Nessuna,1,0,1,0.0,1,1,1,1,0,0,0,0,0,0,0,0,8500.0,2,1.0,1.0,0.0,False,0,0,0,0,0.02,monte_carlo_run_467_seed_509.log
468,10,-1,1,-1,-1,1,510,3101,0.065,1.62,False,Solitudine / Nessun Contatto,,,Nessuna,1,0,1,0.0,1,1,1,1,0,0,0,0,0,0,0,0,8500.0,2,1.0,1.0,0.0,False,0,0,0,0,0.02,monte_carlo_run_468_seed_510.log
469,10,-1,1,-1,-1,1,511,3101,0.078,1.33,False,Solitudine / Nessun Contatto,,,Nessuna,1,0,1,0.0,1,1,1,1,0,0,0,0,0,0,0,0,8500.0,2,1.0,1.0,0.0,False,0,0,0,0,0.02,monte_carlo_run_469_seed_511.log
470,10,-1,1,-1,-1,1,512,3101,0.055,1.35,False,Solitudine / Nessun Contatto,,,Nessuna,3,0,3,0.56,3,3,2,2,0,1,1,1,0,0,0,0,8500.01,6,1.002,0.795,-0.2074,False,0,0,1,1,40.92,monte_carlo_run_470_seed_512.log
471,10,-1,1,-1,-1,1,513,3101,0.068,1.5,False,Solitudine / Nessun Contatto,,,Nessuna,2,0,2,0.0,2,2,2,2,0,0,0,0,0,0,0,0,8500.0,5,1.0,1.0,0.0,False,0,0,1,1,0.04,monte_carlo_run_471_seed_513.log
472,10,-1,1,-1,-1,1,514,3101,0.141,2.58,False,Solitudine / Nessun Contatto,,,Nessuna,5,0,5,6.04,3,2,1,1,0,1,1,1,0,0,0,0,8500.25,6,1.003,0.726,-0.2772,False,1,0,0,1,258.02,monte_carlo_run_472_seed_514.log
473,10,-1,1,-1,-1,1,515,3101,0.133,2.05,False,Solitudine / Nessun Contatto,,,Nessuna,3,0,3,0.0,3,3,3,3,0,0,0,0,0,0,0,0,8500.0,9,1.0,1.0,0.0,False,0,0,0,3,0.06,monte_carlo_run_473_seed_515.log
474,10,-1,1,-1,-1,1,516,3101,0.104,1.59,False,Solitudine / Nessun Contatto,,,Nessuna,1,0,1,0.0,1,1,1,1,0,0,0,0,0,0,0,0,8500.0,2,1.0,1.0,0.0,False,0,0,0,0,0.02,monte_carlo_run_474_seed_516.log
475,10,-1,1,-1,-1,1,517,3101,0.069,1.48,False,Solitudine / Nessun Contatto,,,Nessuna,1,0,1,0.0,1,1,1,1,0,0,0,0,0,0,0,0,8500.0,2,1.0,1.0,0.0,False,0,0,0,0,0.02,monte_carlo_run_475_seed_517.log
476,10,-1,1,-1,-1,1,518,3101,0.117,2.8,False,Solitudine / Nessun Contatto,,,Nessuna,6,0,6,5.12,4,3,3,3,0,1,1,1,0,0,0,0,8500.2,8,1.013,0.837,-0.1765,False,1,0,1,3,241.75,monte_carlo_run_476_seed_518.log
477,10,-1,1,-1,-1,1,519,3101,0.101,1.76,False,Solitudine / Nessun Contatto,,,Nessuna,2,0,2,0.0,2,2,2,2,0,0,0,0,0,0,0,0,8500.0,5,1.0,1.0,0.0,False,0,0,1,1,0.04,monte_carlo_run_477_seed_519.log
478,10,-1,1,-1,-1,1,520,3101,0.091,1.67,False,Solitudine / Nessun Contatto,,,Nessuna,4,0,4,0.0,3,3,3,3,0,0,0,0,0,0,0,0,8500.0,10,1.002,1.002,0.0,False,0,0,1,2,23.95,monte_carlo_run_478_seed_520.log
479,10,-1,1,-1,-1,1,521,3101,0.055,0.73,False,Solitudine / Nessun Contatto,,,Nessuna,1,0,1,0.0,1,1,1,1,0,0,0,0,0,0,0,0,8500.0,2,1.0,1.0,0.0,False,0,0,0,0,0.02,monte_carlo_run_479_seed_521.log
480,10,-1,1,-1,-1,1,522,3101,0.11,1.49,False,Solitudine / Nessun Contatto,,,Nessuna,1,0,1,0.0,1,1,1,1,0,0,0,0,0,0,0,0,8500.0,2,1.0,1.0,0.0,False,0,0,0,0,0.02,monte_carlo_run_480_seed_522.log
481,10,-1,1,-1,-1,1,523,3101,0.115,1.89,False,Solitudine / Nessun Contatto,,,Nessuna,2,0,2,0.0,2,2,2,2,0,0,0,0,0,0,0,0,8500.0,5,1.0,1.0,0.0,False,0,0,0,1,0.04,monte_carlo_run_481_seed_523.log
482,10,-1,1,-1,-1,1,524,3101,0.08,1.9,False,Solitudine / Nessun Contatto,,,Nessuna,6,0,6,3.42,3,2,2,2,0,0,0,0,0,0,0,0,8500.0,7,1.017,1.017,0.0,False,1,0,3,3,171.65,monte_carlo_run_482_seed_524.log
483,10,-1,1,-1,-1,1,525,3101,0.145,2.39,False,Solitudine / Nessun Contatto,,,Nessuna,4,0,4,3.13,1,1,1,1,0,0,0,0,0,0,0,0,8500.0,2,1.006,1.006,0.0,False,2,0,0,0,265.15,monte_carlo_run_483_seed_525.log
484,10,-1,1,-1,-1,1,526,3101,0.081,1.54,False,Solitudine / Nessun Contatto,,,Nessuna,1,0,1,0.0,1,1,1,1,0,0,0,0,0,0,0,0,8500.0,2,1.0,1.0,0.0,False,0,0,0,0,0.02,monte_carlo_run_484_seed_526.log
485,10,-1,1,-1,-1,1,527,3101,0.071,1.76,False,Solitudine / Nessun Contatto,,,Nessuna,1,0,1,0.0,1,1,1,1,0,0,0,0,0,0,0,0,8500.0,2,1.0,1.0,0.0,False,0,0,0,0,0.02,monte_carlo_run_485_seed_527.log
486,10,-1,1,-1,-1,1,528,3101,0.137,1.94,False,Solitudine / Nessun Contatto,,,Nessuna,5,0,5,0.0,3,3,3,3,0,0,0,0,0,0,0,0,8500.0,8,1.011,1.011,0.0,False,1,0,2,2,138.71,monte_carlo_run_486_seed_528.log
487,10,-1,1,-1,-1,1,529,3101,0.113,1.86,False,Solitudine / Nessun Contatto,,,Nessuna,1,0,1,0.0,1,1,1,1,0,0,0,0,0,0,0,0,8500.0,2,1.0,1.0,0.0,False,0,0,0,0,0.02,monte_carlo_run_487_seed_529.log
488,10,-1,1,-1,-1,1,530,3101,0.078,1.23,False,Solitudine / Nessun Contatto,,,Nessuna,4,0,4,1.7,2,2,1,1,0,1,1,1,0,0,0,0,8500.18,2,1.003,0.838,-0.1658,False,2,0,0,0,148.2,monte_carlo_run_488_seed_530.log
489,10,-1,1,-1,-1,1,531,3101,0.092,1.95,False,Solitudine / Nessun Contatto,,,Nessuna,1,0,1,0.0,1,1,1,1,0,0,0,0,0,0,0,0,8500.0,2,1.0,1.0,0.0,False,0,0,0,0,0.02,monte_carlo_run_489_seed_531.log
490,10,-1,1,-1,-1,1,532,3101,0.081,1.42,False,Solitudine / Nessun Contatto,,,Nessuna,1,0,1,0.0,1,1,1,1,0,0,0,0,0,0,0,0,8500.0,2,1.0,1.0,0.0,False,0,0,0,0,0.02,monte_carlo_run_490_seed_532.log
491,10,-1,1,-1,-1,1,533,3101,0.104,1.86,False,Solitudine / Nessun Contatto,,,Nessuna,1,0,1,0.0,1,1,1,1,0,0,0,0,0,0,0,0,8500.0,2,1.0,1.0,0.0,False,0,0,0,0,0.02,monte_carlo_run_491_seed_533.log
492,10,-1,1,-1,-1,1,534,3101,0.057,1.3,False,Solitudine / Nessun Contatto,,,Nessuna,3,0,3,0.99,2,2,2,2,0,0,0,0,0,0,0,0,8500.0,6,1.004,1.004,0.0,False,0,0,1,1,78.22,monte_carlo_run_492_seed_534.log
493,10,-1,1,-1,-1,1,535,3101,0.069,0.89,False,Solitudine / Nessun Contatto,,,Nessuna,1,0,1,0.0,1,1,1,1,0,0,0,0,0,0,0,0,8500.0,2,1.0,1.0,0.0,False,0,0,0,0,0.02,monte_carlo_run_493_seed_535.log
494,10,-1,1,-1,-1,1,536,3101,0.139,2.01,False,Solitudine / Nessun Contatto,,,Nessuna,1,0,1,0.0,1,1,1,1,0,0,0,0,0,0,0,0,8500.0,2,1.0,1.0,0.0,False,0,0,0,0,0.02,monte_carlo_run_494_seed_536.log
495,10,-1,1,-1,-1,1,537,3101,0.132,2.07,False,Solitudine / Nessun Contatto,,,Nessuna,2,0,2,0.0,2,2,2,2,0,0,0,0,0,0,0,0,8500.0,6,1.0,1.0,0.0,False,0,0,0,1,0.04,monte_carlo_run_495_seed_537.log
496,10,-1,1,-1,-1,1,538,3101,0.058,1.28,False,Solitudine / Nessun Contatto,,,Nessuna,2,0,2,0.0,2,2,2,2,0,0,0,0,0,0,0,0,8500.0,6,1.0,1.0,0.0,False,0,0,1,1,0.04,monte_carlo_run_496_seed_538.log
497,10,-1,1,-1,-1,1,539,3101,0.117,2.57,False,Solitudine / Nessun Contatto,,,Nessuna,2,0,2,1.86,1,1,1,1,0,0,0,0,0,0,0,0,8500.0,2,1.0,1.0,0.0,False,0,0,0,0,112.92,monte_carlo_run_497_seed_539.log
498,10,-1,1,-1,-1,1,540,3101,0.123,2.41,False,Solitudine / Nessun Contatto,,,Nessuna,2,0,2,2.07,1,1,1,1,0,0,0,0,0,0,0,0,8500.0,2,1.0,1.0,0.0,False,0,0,0,0,105.44,monte_carlo_run_498_seed_540.log
499,10,-1,1,-1,-1,1,541,3101,0.135,2.96,False,Solitudine / Nessun Contatto,,,Nessuna,5,0,5,0.0,3,2,2,2,0,0,0,0,0,0,0,0,8500.0,10,1.017,1.017,0.0,False,1,0,2,2,189.07,monte_carlo_run_499_seed_541.log
500,10,-1,1,-1,-1,1,542,3101,0.073,1.39,False,Solitudine / Nessun Contatto,,,Nessuna,3,0,3,0.0,3,3,3,3,0,0,0,0,0,0,0,0,8500.0,8,1.0,1.0,0.0,False,0,0,0,2,0.06,monte_carlo_run_500_seed_542.log
501,11,-1,1,-1,1,-1,543,3101,0.094,2.12,False,Solitudine / Nessun Contatto,,,Nessuna,3,0,3,3.5,2,1,1,1,0,0,0,0,0,0,0,0,8500.0,2,1.01,1.01,0.0,False,1,0,1,1,164.51,monte_carlo_run_501_seed_543.log
502,11,-1,1,-1,1,-1,544,3101,0.066,0.94,False,Solitudine / Nessun Contatto,,,Nessuna,1,0,1,0.0,2,2,2,1,1,0,0,0,0,0,0,0,8500.0,2,1.0,1.0,0.0,False,0,0,0,1,0.02,monte_carlo_run_502_seed_544.log
503,11,-1,1,-1,1,-1,545,3101,0.149,3.67,False,Solitudine / Nessun Contatto,,,Nessuna,14,0,14,7.75,2,1,1,1,0,0,0,0,0,0,0,0,8500.0,2,1.123,1.123,0.0,False,9,0,1,1,1289.4,monte_carlo_run_503_seed_545.log
504,11,-1,1,-1,1,-1,546,3101,0.146,3.56,False,Solitudine / Nessun Contatto,,,Nessuna,4,0,4,4.54,3,2,2,0,2,0,0,0,0,0,0,0,8500.0,1,0.885,0.885,0.0,False,3,0,1,2,356.67,monte_carlo_run_504_seed_546.log
505,11,-1,1,-1,1,-1,547,3101,0.082,1.98,False,Solitudine / Nessun Contatto,,,Nessuna,2,0,2,1.56,1,1,1,1,0,0,0,0,0,0,0,0,8500.0,2,1.0,1.0,0.0,False,0,0,0,0,98.62,monte_carlo_run_505_seed_547.log
506,11,-1,1,-1,1,-1,548,3101,0.077,1.4,False,Solitudine / Nessun Contatto,,,Nessuna,1,0,1,0.0,3,3,3,1,2,0,0,0,0,0,0,0,8500.0,2,1.001,1.001,0.0,False,0,0,3,3,0.02,monte_carlo_run_506_seed_548.log
507,11,-1,1,-1,1,-1,549,3101,0.058,1.03,False,Solitudine / Nessun Contatto,,,Nessuna,1,0,1,0.0,1,1,1,1,0,0,0,0,0,0,0,0,8500.0,2,1.0,1.0,0.0,False,0,0,0,0,0.02,monte_carlo_run_507_seed_549.log
508,11,-1,1,-1,1,-1,550,3101,0.127,2.34,False,Solitudine / Nessun Contatto,,,Nessuna,1,0,1,0.0,2,2,2,1,1,0,0,0,0,0,0,0,8500.0,2,1.0,1.0,0.0,False,0,0,1,1,0.02,monte_carlo_run_508_seed_550.log
509,11,-1,1,-1,1,-1,551,3101,0.089,2.22,False,Solitudine / Nessun Contatto,,,Nessuna,5,0,5,3.65,1,1,1,1,0,0,0,0,0,0,0,0,8500.0,2,1.008,1.008,0.0,False,3,0,0,0,293.55,monte_carlo_run_509_seed_551.log
510,11,-1,1,-1,1,-1,552,3101,0.065,1.0,False,Solitudine / Nessun Contatto,,,Nessuna,1,0,1,0.0,1,1,1,1,0,0,0,0,0,0,0,0,8500.0,2,1.0,1.0,0.0,False,0,0,0,0,0.02,monte_carlo_run_510_seed_552.log
511,11,-1,1,-1,1,-1,553,3101,0.143,1.77,False,Solitudine / Nessun Contatto,,,Nessuna,1,0,1,0.0,1,1,1,1,0,0,0,0,0,0,0,0,8500.0,2,1.0,1.0,0.0,False,0,0,0,0,0.02,monte_carlo_run_511_seed_553.log
512,11,-1,1,-1,1,-1,554,3101,0.076,1.89,False,Solitudine / Nessun Contatto,,,Nessuna,1,0,1,0.0,1,1,1,1,0,0,0,0,0,0,0,0,8500.0,2,1.0,1.0,0.0,False,0,0,0,0,0.02,monte_carlo_run_512_seed_554.log
513,11,-1,1,-1,1,-1,555,3101,0.104,2.55,False,Solitudine / Nessun Contatto,,,Nessuna,2,0,2,1.95,1,1,1,1,0,0,0,0,0,0,0,0,8500.0,2,1.0,1.0,0.0,False,0,0,0,0,108.44,monte_carlo_run_513_seed_555.log
514,11,-1,1,-1,1,-1,556,3101,0.06,1.27,False,Solitudine / Nessun Contatto,,,Nessuna,2,0,2,1.0,1,1,1,1,0,0,0,0,0,0,0,0,8500.0,2,1.0,1.0,0.0,False,0,0,0,0,76.71,monte_carlo_run_514_seed_556.log
515,11,-1,1,-1,1,-1,557,3101,0.066,1.55,False,Solitudine / Nessun Contatto,,,Nessuna,1,0,1,0.0,1,1,1,1,0,0,0,0,0,0,0,0,8500.0,2,1.0,1.0,0.0,False,0,0,0,0,0.02,monte_carlo_run_515_seed_557.log
516,11,-1,1,-1,1,-1,558,3101,0.107,2.44,False,Solitudine / Nessun Contatto,,,Nessuna,1,0,1,0.0,1,1,1,1,0,0,0,0,0,0,0,0,8500.0,2,1.0,1.0,0.0,False,0,0,0,0,0.02,monte_carlo_run_516_seed_558.log
517,11,-1,1,-1,1,-1,559,3101,0.092,1.25,False,Solitudine / Nessun Contatto,,,Nessuna,2,0,2,0.57,2,1,1,1,0,1,1,1,0,0,0,0,8500.05,2,1.0,0.819,-0.181,False,0,0,0,0,24.68,monte_carlo_run_517_seed_559.log
518,11,-1,1,-1,1,-1,560,3101,0.144,2.85,False,Solitudine / Nessun Contatto,,,Nessuna,2,0,2,2.79,1,1,1,1,0,0,0,0,0,0,0,0,8500.0,2,1.0,1.0,0.0,False,0,0,0,0,77.41,monte_carlo_run_518_seed_560.log
519,11,-1,1,-1,1,-1,561,3101,0.096,1.59,False,Solitudine / Nessun Contatto,,,Nessuna,3,0,3,1.66,1,1,1,1,0,0,0,0,0,0,0,0,8500.0,2,1.001,1.001,0.0,False,1,0,0,0,106.69,monte_carlo_run_519_seed_561.log
520,11,-1,1,-1,1,-1,562,3101,0.087,1.8,False,Solitudine / Nessun Contatto,,,Nessuna,1,0,1,0.0,1,1,1,1,0,0,0,0,0,0,0,0,8500.0,2,1.0,1.0,0.0,False,0,0,0,0,0.02,monte_carlo_run_520_seed_562.log
521,11,-1,1,-1,1,-1,563,3101,0.121,2.45,False,Solitudine / Nessun Contatto,,,Nessuna,1,0,1,0.0,1,1,1,1,0,0,0,0,0,0,0,0,8500.0,2,1.0,1.0,0.0,False,0,0,0,0,0.02,monte_carlo_run_521_seed_563.log
522,11,-1,1,-1,1,-1,564,3101,0.077,1.04,False,Solitudine / Nessun Contatto,,,Nessuna,1,0,1,0.0,1,1,1,1,0,0,0,0,0,0,0,0,8500.0,2,1.0,1.0,0.0,False,0,0,0,0,0.02,monte_carlo_run_522_seed_564.log
523,11,-1,1,-1,1,-1,565,3101,0.142,2.68,False,Solitudine / Nessun Contatto,,,Nessuna,6,0,6,4.28,1,1,1,1,0,0,0,0,0,0,0,0,8500.0,2,1.008,1.008,0.0,False,3,0,0,0,319.14,monte_carlo_run_523_seed_565.log
524,11,-1,1,-1,1,-1,566,3101,0.074,1.3,False,Solitudine / Nessun Contatto,,,Nessuna,1,0,1,0.0,1,1,1,1,0,0,0,0,0,0,0,0,8500.0,2,1.0,1.0,0.0,False,0,0,0,0,0.02,monte_carlo_run_524_seed_566.log
525,11,-1,1,-1,1,-1,567,3101,0.143,1.99,False,Solitudine / Nessun Contatto,,,Nessuna,1,0,1,0.0,2,2,2,1,1,0,0,0,0,0,0,0,8500.0,2,1.0,1.0,0.0,False,0,0,1,1,0.02,monte_carlo_run_525_seed_567.log
526,11,-1,1,-1,1,-1,568,3101,0.105,2.1,False,Solitudine / Nessun Contatto,,,Nessuna,6,0,6,6.54,3,2,2,0,2,0,0,0,0,0,0,0,8500.0,1,0.93,0.93,0.0,False,5,0,1,2,396.38,monte_carlo_run_526_seed_568.log
527,11,-1,1,-1,1,-1,569,3101,0.053,0.92,False,Solitudine / Nessun Contatto,,,Nessuna,1,0,1,0.0,2,2,2,1,1,0,0,0,0,0,0,0,8500.0,2,1.0,1.0,0.0,False,0,0,0,1,0.02,monte_carlo_run_527_seed_569.log
528,11,-1,1,-1,1,-1,570,3101,0.088,1.95,False,Solitudine / Nessun Contatto,,,Nessuna,1,0,1,0.0,1,1,1,1,0,0,0,0,0,0,0,0,8500.0,2,1.0,1.0,0.0,False,0,0,0,0,0.02,monte_carlo_run_528_seed_570.log
529,11,-1,1,-1,1,-1,571,3101,0.118,2.86,False,Solitudine / Nessun Contatto,,,Nessuna,1,0,1,0.0,2,2,2,1,1,0,0,0,0,0,0,0,8500.0,2,1.0,1.0,0.0,False,0,0,0,1,0.02,monte_carlo_run_529_seed_571.log
530,11,-1,1,-1,1,-1,572,3101,0.136,3.16,False,Solitudine / Nessun Contatto,,,Nessuna,2,0,2,1.46,3,3,2,1,1,1,1,1,0,0,0,0,8500.03,2,1.0,0.709,-0.2914,False,0,0,0,1,42.97,monte_carlo_run_530_seed_572.log
531,11,-1,1,-1,1,-1,573,3101,0.082,1.28,False,Solitudine / Nessun Contatto,,,Nessuna,1,0,1,0.0,2,2,2,1,1,0,0,0,0,0,0,0,8500.0,2,1.0,1.0,0.0,False,0,0,1,1,0.02,monte_carlo_run_531_seed_573.log
532,11,-1,1,-1,1,-1,574,3101,0.148,2.71,False,Solitudine / Nessun Contatto,,,Nessuna,1,0,1,0.0,1,1,1,1,0,0,0,0,0,0,0,0,8500.0,2,1.0,1.0,0.0,False,0,0,0,0,0.02,monte_carlo_run_532_seed_574.log
533,11,-1,1,-1,1,-1,575,3101,0.111,2.72,False,Solitudine / Nessun Contatto,,,Nessuna,1,0,1,0.0,1,1,1,1,0,0,0,0,0,0,0,0,8500.0,2,1.0,1.0,0.0,False,0,0,0,0,0.02,monte_carlo_run_533_seed_575.log
534,11,-1,1,-1,1,-1,576,3101,0.146,2.55,False,Solitudine / Nessun Contatto,,,Nessuna,3,0,3,3.51,2,2,2,1,1,0,0,0,0,0,0,0,8500.0,2,1.01,1.01,0.0,False,1,0,1,1,184.65,monte_carlo_run_534_seed_576.log
535,11,-1,1,-1,1,-1,577,3101,0.06,1.12,False,Solitudine / Nessun Contatto,,,Nessuna,1,0,1,0.0,3,3,3,1,2,0,0,0,0,0,0,0,8500.0,2,1.001,1.001,0.0,False,0,0,2,3,0.02,monte_carlo_run_535_seed_577.log
536,11,-1,1,-1,1,-1,578,3101,0.06,1.34,False,Solitudine / Nessun Contatto,,,Nessuna,1,0,1,0.0,2,2,2,0,2,0,0,0,0,0,0,0,8500.0,1,0.985,0.985,0.0,False,0,0,0,1,0.02,monte_carlo_run_536_seed_578.log
537,11,-1,1,-1,1,-1,579,3101,0.139,3.0,False,Solitudine / Nessun Contatto,,,Nessuna,6,0,6,5.39,3,2,1,1,0,1,1,1,0,0,0,0,8503.22,3,1.027,0.917,-0.1095,False,3,0,1,1,397.13,monte_carlo_run_537_seed_579.log
538,11,-1,1,-1,1,-1,580,3101,0.122,1.92,False,Solitudine / Nessun Contatto,,,Nessuna,1,0,1,0.0,3,3,3,1,2,0,0,0,0,0,0,0,8500.0,2,1.0,1.0,0.0,False,0,0,1,2,0.02,monte_carlo_run_538_seed_580.log
539,11,-1,1,-1,1,-1,581,3101,0.117,2.63,False,Solitudine / Nessun Contatto,,,Nessuna,1,0,1,0.0,3,3,3,1,2,0,0,0,0,0,0,0,8500.0,2,1.0,1.0,0.0,False,0,0,1,2,0.02,monte_carlo_run_539_seed_581.log
540,11,-1,1,-1,1,-1,582,3101,0.102,2.26,False,Solitudine / Nessun Contatto,,,Nessuna,2,0,2,1.44,1,1,1,1,0,0,0,0,0,0,0,0,8500.0,2,1.0,1.0,0.0,False,0,0,0,0,94.57,monte_carlo_run_540_seed_582.log
541,11,-1,1,-1,1,-1,583,3101,0.063,1.15,False,Solitudine / Nessun Contatto,,,Nessuna,1,0,1,0.0,1,1,1,1,0,0,0,0,0,0,0,0,8500.0,2,1.0,1.0,0.0,False,0,0,0,0,0.02,monte_carlo_run_541_seed_583.log
542,11,-1,1,-1,1,-1,584,3101,0.132,2.42,False,Solitudine / Nessun Contatto,,,Nessuna,1,0,1,0.0,3,3,3,0,3,0,0,0,0,0,0,0,8500.0,1,0.97,0.97,0.0,False,0,0,0,3,0.02,monte_carlo_run_542_seed_584.log
543,11,-1,1,-1,1,-1,585,3101,0.066,1.59,False,Solitudine / Nessun Contatto,,,Nessuna,1,0,1,0.0,1,1,1,1,0,0,0,0,0,0,0,0,8500.0,2,1.0,1.0,0.0,False,0,0,0,0,0.02,monte_carlo_run_543_seed_585.log
544,11,-1,1,-1,1,-1,586,3101,0.058,1.24,False,Solitudine / Nessun Contatto,,,Nessuna,1,0,1,0.0,1,1,1,1,0,0,0,0,0,0,0,0,8500.0,2,1.0,1.0,0.0,False,0,0,0,0,0.02,monte_carlo_run_544_seed_586.log
545,11,-1,1,-1,1,-1,587,3101,0.106,2.17,False,Solitudine / Nessun Contatto,,,Nessuna,1,0,1,0.0,1,1,1,1,0,0,0,0,0,0,0,0,8500.0,2,1.0,1.0,0.0,False,0,0,0,0,0.02,monte_carlo_run_545_seed_587.log
546,11,-1,1,-1,1,-1,588,3101,0.133,2.15,False,Solitudine / Nessun Contatto,,,Nessuna,2,0,2,1.37,2,2,2,0,2,0,0,0,0,0,0,0,8500.0,1,0.976,0.976,0.0,False,0,0,0,1,41.29,monte_carlo_run_546_seed_588.log
547,11,-1,1,-1,1,-1,589,3101,0.119,2.57,False,Solitudine / Nessun Contatto,,,Nessuna,1,0,1,0.0,2,2,2,1,1,0,0,0,0,0,0,0,8500.0,2,1.0,1.0,0.0,False,0,0,0,1,0.02,monte_carlo_run_547_seed_589.log
548,11,-1,1,-1,1,-1,590,3101,0.146,2.98,False,Solitudine / Nessun Contatto,,,Nessuna,7,0,7,5.67,2,2,1,1,0,1,1,1,0,0,0,0,8500.86,3,1.024,0.83,-0.1937,False,4,0,0,0,630.86,monte_carlo_run_548_seed_590.log
549,11,-1,1,-1,1,-1,591,3101,0.082,1.15,False,Solitudine / Nessun Contatto,,,Nessuna,1,0,1,0.0,2,2,2,1,1,0,0,0,0,0,0,0,8500.0,2,1.0,1.0,0.0,False,0,0,1,1,0.02,monte_carlo_run_549_seed_591.log
550,11,-1,1,-1,1,-1,592,3101,0.094,1.53,False,Solitudine / Nessun Contatto,,,Nessuna,2,0,2,1.33,1,1,1,1,0,0,0,0,0,0,0,0,8500.0,2,1.0,1.0,0.0,False,0,0,0,0,91.99,monte_carlo_run_550_seed_592.log
551,12,-1,1,-1,1,1,593,3101,0.131,3.06,False,Solitudine / Nessun Contatto,,,Nessuna,5,0,5,3.57,1,1,1,1,0,0,0,0,0,0,0,0,8500.0,2,1.011,1.011,0.0,False,3,0,0,0,397.59,monte_carlo_run_551_seed_593.log
552,12,-1,1,-1,1,1,594,3101,0.135,2.42,False,Solitudine / Nessun Contatto,,,Nessuna,1,0,1,0.0,1,1,1,1,0,0,0,0,0,0,0,0,8500.0,2,1.0,1.0,0.0,False,0,0,0,0,0.02,monte_carlo_run_552_seed_594.log
553,12,-1,1,-1,1,1,595,3101,0.123,2.48,False,Solitudine / Nessun Contatto,,,Nessuna,2,0,2,0.0,2,2,2,2,0,0,0,0,0,0,0,0,8500.0,6,1.0,1.0,0.0,False,0,0,1,1,0.04,monte_carlo_run_553_seed_595.log
554,12,-1,1,-1,1,1,596,3101,0.131,3.16,False,Solitudine / Nessun Contatto,,,Nessuna,4,0,4,0.0,2,2,2,2,0,0,0,0,0,0,0,0,8500.0,6,1.0,1.0,0.0,False,0,0,0,1,161.66,monte_carlo_run_554_seed_596.log
555,12,-1,1,-1,1,1,597,3101,0.096,1.59,False,Solitudine / Nessun Contatto,,,Nessuna,2,0,2,0.72,1,1,1,1,0,0,0,0,0,0,0,0,8500.0,2,1.0,1.0,0.0,False,0,0,0,0,30.17,monte_carlo_run_555_seed_597.log
556,12,-1,1,-1,1,1,598,3101,0.132,3.21,False,Solitudine / Nessun Contatto,,,Nessuna,2,0,2,1.96,1,1,1,1,0,0,0,0,0,0,0,0,8500.0,2,1.0,1.0,0.0,False,0,0,0,0,111.6,monte_carlo_run_556_seed_598.log
557,12,-1,1,-1,1,1,599,3101,0.107,2.43,False,Solitudine / Nessun Contatto,,,Nessuna,4,0,4,2.59,1,1,1,1,0,0,0,0,0,0,0,0,8500.0,2,1.003,1.003,0.0,False,1,0,0,0,251.17,monte_carlo_run_557_seed_599.log
558,12,-1,1,-1,1,1,600,3101,0.144,2.39,False,Solitudine / Nessun Contatto,,,Nessuna,5,0,5,3.53,2,2,2,2,0,0,0,0,0,0,0,0,8500.0,6,1.009,1.009,0.0,False,1,0,1,1,156.18,monte_carlo_run_558_seed_600.log
559,12,-1,1,-1,1,1,601,3101,0.075,1.58,False,Solitudine / Nessun Contatto,,,Nessuna,1,0,1,0.0,1,1,1,1,0,0,0,0,0,0,0,0,8500.0,2,1.0,1.0,0.0,False,0,0,0,0,0.02,monte_carlo_run_559_seed_601.log
560,12,-1,1,-1,1,1,602,3101,0.125,3.05,False,Solitudine / Nessun Contatto,,,Nessuna,2,0,2,2.61,1,1,1,1,0,0,0,0,0,0,0,0,8500.0,2,1.0,1.0,0.0,False,0,0,0,0,132.34,monte_carlo_run_560_seed_602.log
561,12,-1,1,-1,1,1,603,3101,0.053,1.3,False,Solitudine / Nessun Contatto,,,Nessuna,1,0,1,0.0,1,1,1,1,0,0,0,0,0,0,0,0,8500.0,2,1.0,1.0,0.0,False,0,0,0,0,0.02,monte_carlo_run_561_seed_603.log
562,12,-1,1,-1,1,1,604,3101,0.143,2.84,False,Solitudine / Nessun Contatto,,,Nessuna,4,0,4,2.37,3,2,2,2,0,0,0,0,0,0,0,0,8500.0,6,1.0,1.0,0.0,False,0,0,0,1,113.75,monte_carlo_run_562_seed_604.log
563,12,-1,1,-1,1,1,605,3101,0.12,2.35,False,Solitudine / Nessun Contatto,,,Nessuna,4,0,4,0.0,3,3,3,3,0,0,0,0,0,0,0,0,8500.0,8,1.0,1.0,0.0,False,0,0,0,3,37.83,monte_carlo_run_563_seed_605.log
564,12,-1,1,-1,1,1,606,3101,0.146,2.29,False,Solitudine / Nessun Contatto,,,Nessuna,1,0,1,0.0,1,1,1,1,0,0,0,0,0,0,0,0,8500.0,2,1.0,1.0,0.0,False,0,0,0,0,0.02,monte_carlo_run_564_seed_606.log
565,12,-1,1,-1,1,1,607,3101,0.108,1.55,False,Solitudine / Nessun Contatto,,,Nessuna,2,0,2,0.0,2,2,2,2,0,0,0,0,0,0,0,0,8500.0,6,1.0,1.0,0.0,False,0,0,0,1,0.04,monte_carlo_run_565_seed_607.log
566,12,-1,1,-1,1,1,608,3101,0.091,2.17,False,Solitudine / Nessun Contatto,,,Nessuna,3,0,3,1.1,2,2,2,2,0,0,0,0,0,0,0,0,8500.0,5,1.0,1.0,0.0,False,0,0,0,1,48.19,monte_carlo_run_566_seed_608.log
567,12,-1,1,-1,1,1,609,3101,0.054,0.66,False,Solitudine / Nessun Contatto,,,Nessuna,1,0,1,0.0,1,1,1,1,0,0,0,0,0,0,0,0,8500.0,2,1.0,1.0,0.0,False,0,0,0,0,0.02,monte_carlo_run_567_seed_609.log
568,12,-1,1,-1,1,1,610,3101,0.063,1.08,False,Solitudine / Nessun Contatto,,,Nessuna,1,0,1,0.0,1,1,1,1,0,0,0,0,0,0,0,0,8500.0,2,1.0,1.0,0.0,False,0,0,0,0,0.02,monte_carlo_run_568_seed_610.log
569,12,-1,1,-1,1,1,611,3101,0.123,1.51,False,Solitudine / Nessun Contatto,,,Nessuna,1,0,1,0.0,1,1,1,1,0,0,0,0,0,0,0,0,8500.0,2,1.0,1.0,0.0,False,0,0,0,0,0.02,monte_carlo_run_569_seed_611.log
570,12,-1,1,-1,1,1,612,3101,0.142,2.14,False,Solitudine / Nessun Contatto,,,Nessuna,1,0,1,0.0,1,1,1,1,0,0,0,0,0,0,0,0,8500.0,2,1.0,1.0,0.0,False,0,0,0,0,0.02,monte_carlo_run_570_seed_612.log
571,12,-1,1,-1,1,1,613,3101,0.096,1.57,False,Solitudine / Nessun Contatto,,,Nessuna,1,0,1,0.0,1,1,1,1,0,0,0,0,0,0,0,0,8500.0,2,1.0,1.0,0.0,False,0,0,0,0,0.02,monte_carlo_run_571_seed_613.log
572,12,-1,1,-1,1,1,614,3101,0.072,0.98,False,Solitudine / Nessun Contatto,,,Nessuna,2,0,2,0.0,2,2,2,2,0,0,0,0,0,0,0,0,8500.0,6,1.0,1.0,0.0,False,0,0,1,1,0.04,monte_carlo_run_572_seed_614.log
573,12,-1,1,-1,1,1,615,3101,0.099,1.44,False,Solitudine / Nessun Contatto,,,Nessuna,1,0,1,0.0,1,1,1,1,0,0,0,0,0,0,0,0,8500.0,2,1.0,1.0,0.0,False,0,0,0,0,0.02,monte_carlo_run_573_seed_615.log
574,12,-1,1,-1,1,1,616,3101,0.114,1.61,False,Solitudine / Nessun Contatto,,,Nessuna,1,0,1,0.0,1,1,1,1,0,0,0,0,0,0,0,0,8500.0,2,1.0,1.0,0.0,False,0,0,0,0,0.02,monte_carlo_run_574_seed_616.log
575,12,-1,1,-1,1,1,617,3101,0.123,1.48,False,Solitudine / Nessun Contatto,,,Nessuna,2,0,2,1.22,1,1,1,1,0,0,0,0,0,0,0,0,8500.0,2,1.0,1.0,0.0,False,0,0,0,0,39.72,monte_carlo_run_575_seed_617.log
576,12,-1,1,-1,1,1,618,3101,0.108,2.49,False,Solitudine / Nessun Contatto,,,Nessuna,1,0,1,0.0,1,1,1,1,0,0,0,0,0,0,0,0,8500.0,2,1.0,1.0,0.0,False,0,0,0,0,0.02,monte_carlo_run_576_seed_618.log
577,12,-1,1,-1,1,1,619,3101,0.14,3.09,False,Solitudine / Nessun Contatto,,,Nessuna,3,0,3,3.25,1,1,1,1,0,0,0,0,0,0,0,0,8500.0,2,1.002,1.002,0.0,False,1,0,0,0,189.74,monte_carlo_run_577_seed_619.log
578,12,-1,1,-1,1,1,620,3101,0.069,1.6,False,Solitudine / Nessun Contatto,,,Nessuna,4,0,4,1.06,3,3,3,3,0,0,0,0,0,0,0,0,8500.0,9,1.0,1.0,0.0,False,0,0,0,2,90.12,monte_carlo_run_578_seed_620.log
579,12,-1,1,-1,1,1,621,3101,0.055,0.69,False,Solitudine / Nessun Contatto,,,Nessuna,1,0,1,0.0,1,1,1,1,0,0,0,0,0,0,0,0,8500.0,2,1.0,1.0,0.0,False,0,0,0,0,0.02,monte_carlo_run_579_seed_621.log
580,12,-1,1,-1,1,1,622,3101,0.062,1.49,False,Solitudine / Nessun Contatto,,,Nessuna,2,0,2,0.0,2,2,2,2,0,0,0,0,0,0,0,0,8500.0,6,1.0,1.0,0.0,False,0,0,0,1,0.04,monte_carlo_run_580_seed_622.log
581,12,-1,1,-1,1,1,623,3101,0.086,1.81,False,Solitudine / Nessun Contatto,,,Nessuna,1,0,1,0.0,1,1,1,1,0,0,0,0,0,0,0,0,8500.0,2,1.0,1.0,0.0,False,0,0,0,0,0.02,monte_carlo_run_581_seed_623.log
582,12,-1,1,-1,1,1,624,3101,0.14,2.01,False,Solitudine / Nessun Contatto,,,Nessuna,2,0,2,1.96,1,1,1,1,0,0,0,0,0,0,0,0,8500.0,2,1.0,1.0,0.0,False,0,0,0,0,108.34,monte_carlo_run_582_seed_624.log
583,12,-1,1,-1,1,1,625,3101,0.058,1.1,False,Solitudine / Nessun Contatto,,,Nessuna,2,0,2,0.0,2,2,2,2,0,0,0,0,0,0,0,0,8500.0,6,1.0,1.0,0.0,False,0,0,0,1,0.04,monte_carlo_run_583_seed_625.log
584,12,-1,1,-1,1,1,626,3101,0.093,1.74,False,Solitudine / Nessun Contatto,,,Nessuna,2,0,2,0.0,2,2,2,2,0,0,0,0,0,0,0,0,8500.0,6,1.0,1.0,0.0,False,0,0,0,1,0.04,monte_carlo_run_584_seed_626.log
585,12,-1,1,-1,1,1,627,3101,0.061,1.27,False,Solitudine / Nessun Contatto,,,Nessuna,1,0,1,0.0,1,1,1,1,0,0,0,0,0,0,0,0,8500.0,2,1.0,1.0,0.0,False,0,0,0,0,0.02,monte_carlo_run_585_seed_627.log
586,12,-1,1,-1,1,1,628,3101,0.071,1.68,False,Solitudine / Nessun Contatto,,,Nessuna,3,0,3,1.22,1,1,1,1,0,0,0,0,0,0,0,0,8500.0,2,1.0,1.0,0.0,False,0,0,0,0,118.89,monte_carlo_run_586_seed_628.log
587,12,-1,1,-1,1,1,629,3101,0.075,1.51,False,Solitudine / Nessun Contatto,,,Nessuna,3,0,3,0.0,3,3,3,3,0,0,0,0,0,0,0,0,8500.0,10,1.001,1.001,0.0,False,0,0,2,2,0.06,monte_carlo_run_587_seed_629.log
588,12,-1,1,-1,1,1,630,3101,0.137,3.27,False,Solitudine / Nessun Contatto,,,Nessuna,2,0,2,2.85,1,1,1,1,0,0,0,0,0,0,0,0,8500.0,2,1.0,1.0,0.0,False,0,0,0,0,138.4,monte_carlo_run_588_seed_630.log
589,12,-1,1,-1,1,1,631,3101,0.092,1.8,False,Solitudine / Nessun Contatto,,,Nessuna,1,0,1,0.0,1,1,1,1,0,0,0,0,0,0,0,0,8500.0,2,1.0,1.0,0.0,False,0,0,0,0,0.02,monte_carlo_run_589_seed_631.log
590,12,-1,1,-1,1,1,632,3101,0.115,2.18,False,Solitudine / Nessun Contatto,,,Nessuna,4,0,4,0.0,3,3,3,3,0,0,0,0,0,0,0,0,8500.0,8,1.0,1.0,0.0,False,0,0,0,2,31.42,monte_carlo_run_590_seed_632.log
591,12,-1,1,-1,1,1,633,3101,0.063,1.35,False,Solitudine / Nessun Contatto,,,Nessuna,1,0,1,0.0,1,1,1,1,0,0,0,0,0,0,0,0,8500.0,2,1.0,1.0,0.0,False,0,0,0,0,0.02,monte_carlo_run_591_seed_633.log
592,12,-1,1,-1,1,1,634,3101,0.076,1.12,False,Solitudine / Nessun Contatto,,,Nessuna,2,0,2,0.99,1,1,1,1,0,0,0,0,0,0,0,0,8500.0,2,1.0,1.0,0.0,False,0,0,0,0,78.75,monte_carlo_run_592_seed_634.log
593,12,-1,1,-1,1,1,635,3101,0.133,2.29,False,Solitudine / Nessun Contatto,,,Nessuna,4,0,4,1.52,2,2,2,2,0,0,0,0,0,0,0,0,8500.0,6,1.006,1.006,0.0,False,0,0,1,1,120.23,monte_carlo_run_593_seed_635.log
594,12,-1,1,-1,1,1,636,3101,0.1,2.09,False,Solitudine / Nessun Contatto,,,Nessuna,1,0,1,0.0,1,1,1,1,0,0,0,0,0,0,0,0,8500.0,2,1.0,1.0,0.0,False,0,0,0,0,0.02,monte_carlo_run_594_seed_636.log
595,12,-1,1,-1,1,1,637,3101,0.059,1.06,False,Solitudine / Nessun Contatto,,,Nessuna,1,0,1,0.0,1,1,1,1,0,0,0,0,0,0,0,0,8500.0,2,1.0,1.0,0.0,False,0,0,0,0,0.02,monte_carlo_run_595_seed_637.log
596,12,-1,1,-1,1,1,638,3101,0.124,2.52,False,Solitudine / Nessun Contatto,,,Nessuna,6,0,6,2.71,2,1,1,1,0,0,0,0,0,0,0,0,8500.0,3,1.029,1.029,0.0,False,3,0,1,1,402.9,monte_carlo_run_596_seed_638.log
597,12,-1,1,-1,1,1,639,3101,0.076,1.24,False,Solitudine / Nessun Contatto,,,Nessuna,1,0,1,0.0,1,1,1,1,0,0,0,0,0,0,0,0,8500.0,2,1.0,1.0,0.0,False,0,0,0,0,0.02,monte_carlo_run_597_seed_639.log
598,12,-1,1,-1,1,1,640,3101,0.138,1.67,False,Solitudine / Nessun Contatto,,,Nessuna,2,0,2,1.6,1,1,1,1,0,0,0,0,0,0,0,0,8500.0,2,1.0,1.0,0.0,False,0,0,0,0,46.31,monte_carlo_run_598_seed_640.log
599,12,-1,1,-1,1,1,641,3101,0.092,1.21,False,Solitudine / Nessun Contatto,,,Nessuna,1,0,1,0.0,1,1,1,1,0,0,0,0,0,0,0,0,8500.0,2,1.0,1.0,0.0,False,0,0,0,0,0.02,monte_carlo_run_599_seed_641.log
600,12,-1,1,-1,1,1,642,3101,0.101,1.44,False,Solitudine / Nessun Contatto,,,Nessuna,1,0,1,0.0,1,1,1,1,0,0,0,0,0,0,0,0,8500.0,2,1.0,1.0,0.0,False,0,0,0,0,0.02,monte_carlo_run_600_seed_642.log
601,13,-1,1,1,-1,-1,643,3101,0.437,9.96,True,Contatto Planetario / Biofirme,29.73,6.77,Predatoria,4,0,2763,33.15,364,259,24,4,17,328,300,300,0,203,129,74,9920.54,698,1.564,1.6,0.0357,True,2399,0,1324,1495,10000.21,monte_carlo_run_601_seed_643.log
602,13,-1,1,1,-1,-1,644,3101,0.242,5.5,True,Contatto Planetario / Biofirme,281.42,6.84,Diffidente,10,0,2342,23.18,273,201,15,2,10,241,230,230,0,158,98,60,9612.51,445,1.6,1.6,0.0,False,2045,0,756,868,10000.08,monte_carlo_run_602_seed_644.log
603,13,-1,1,1,-1,-1,645,3101,0.31,7.17,True,Contatto Planetario / Biofirme,296.77,8.78,Cauta,11,1,2743,20.41,313,242,30,6,18,269,259,259,0,177,111,66,9735.74,543,1.552,1.6,0.0483,True,2431,0,791,901,10000.05,monte_carlo_run_603_seed_645.log
604,13,-1,1,1,-1,-1,646,3101,0.446,8.59,True,Contatto Planetario / Biofirme,106.8,13.67,Collaborativa,8,1,2345,31.16,305,215,19,3,10,276,242,242,0,164,121,43,9638.09,549,1.6,1.6,0.0,False,2043,0,920,1099,10000.0,monte_carlo_run_604_seed_646.log
605,13,-1,1,1,-1,-1,647,3101,0.508,9.67,True,Contatto Planetario / Biofirme,187.07,13.31,Diffidente,13,0,2551,27.52,299,218,16,2,8,278,264,264,0,187,122,65,9769.87,573,1.496,1.6,0.1041,True,2249,0,1001,1133,10000.01,monte_carlo_run_605_seed_647.log
606,13,-1,1,1,-1,-1,648,3101,0.593,14.01,True,Contatto Planetario / Biofirme,240.52,19.67,Diffidente,18,1,2655,31.55,334,241,22,2,19,291,209,209,0,146,107,39,9445.32,573,1.6,1.6,0.0,False,2323,0,1025,1298,10000.03,monte_carlo_run_606_seed_648.log
607,13,-1,1,1,-1,-1,649,3101,0.366,6.76,True,Contatto Planetario / Biofirme,943.32,20.04,Cauta,115,0,2687,22.83,342,232,27,5,16,296,228,228,0,163,119,44,9660.06,595,1.6,1.6,0.0,False,2346,0,934,1142,10000.22,monte_carlo_run_607_seed_649.log
608,13,-1,1,1,-1,-1,650,3101,0.322,5.13,True,Incontro Flotta Deep-Space,1386.91,13.77,Biosfera Primitiva,40,0,2093,20.52,265,187,9,5,2,240,185,185,0,122,79,43,9367.16,420,1.519,1.6,0.0806,True,1785,0,780,1007,10000.12,monte_carlo_run_608_seed_650.log
609,13,-1,1,1,-1,-1,651,3101,0.542,11.24,True,Contatto Planetario / Biofirme,239.64,10.55,Collaborativa,9,0,2224,36.31,258,190,19,4,13,226,203,203,0,143,99,44,9513.62,439,1.525,1.6,0.0752,True,1964,0,791,915,10000.05,monte_carlo_run_609_seed_651.log
610,13,-1,1,1,-1,-1,652,3101,0.485,10.66,True,Contatto Planetario / Biofirme,176.23,15.46,Collaborativa,13,0,2687,22.75,342,259,28,3,21,302,257,257,0,177,123,54,9734.6,616,1.6,1.6,0.0,False,2343,0,996,1219,10000.02,monte_carlo_run_610_seed_652.log
611,13,-1,1,1,-1,-1,653,3101,0.589,11.54,True,Incontro Flotta Deep-Space,996.72,2.98,Biosfera Primitiva,117,0,2601,22.62,344,248,33,5,22,300,254,254,0,168,128,40,9697.17,572,1.6,1.6,0.0,False,2256,0,928,1166,10000.02,monte_carlo_run_611_seed_653.log
612,13,-1,1,1,-1,-1,654,3101,0.516,10.12,True,Incontro Flotta Deep-Space,4660.36,18.36,Collaborativa,1324,1,2637,36.21,311,227,22,2,15,276,255,255,0,177,122,55,9726.36,568,1.6,1.6,0.0,False,2326,0,876,1055,10000.05,monte_carlo_run_612_seed_654.log
613,13,-1,1,1,-1,-1,655,3101,0.529,8.67,True,Incontro Flotta Deep-Space,3036.02,7.61,Biosfera Primitiva,348,0,2652,24.54,352,255,24,2,18,314,288,288,0,199,129,70,9846.64,653,1.6,1.6,0.0,False,2300,0,1186,1430,10000.01,monte_carlo_run_613_seed_655.log
614,13,-1,1,1,-1,-1,656,3101,0.316,6.5,True,Contatto Planetario / Biofirme,2259.29,21.94,Diffidente,257,0,2465,35.34,292,209,17,4,13,258,243,243,0,171,94,77,9630.49,526,1.6,1.6,0.0,False,2171,0,900,1018,10000.08,monte_carlo_run_614_seed_656.log
615,13,-1,1,1,-1,-1,657,3101,0.509,11.67,False,Solitudine / Nessun Contatto,,,Nessuna,7,2,7,11.29,8,5,1,1,0,4,4,4,0,0,0,0,8501.18,2,1.05,0.783,-0.267,False,0,0,1,1,220.92,monte_carlo_run_615_seed_657.log
616,13,-1,1,1,-1,-1,658,3101,0.364,4.85,False,Solitudine / Nessun Contatto,,,Nessuna,80,1,80,17.77,12,9,1,0,1,9,9,9,0,5,5,0,8541.42,15,0.953,1.312,0.3589,True,65,0,9,15,3365.11,monte_carlo_run_616_seed_658.log
617,13,-1,1,1,-1,-1,659,3101,0.54,10.45,True,Contatto Planetario / Biofirme,42.41,12.88,Diffidente,4,2,2547,31.68,321,235,23,5,11,277,266,266,0,173,108,65,9665.36,538,1.595,1.6,0.0045,True,2224,0,871,992,10000.11,monte_carlo_run_617_seed_659.log
618,13,-1,1,1,-1,-1,660,3101,0.539,10.45,True,Contatto Planetario / Biofirme,39.36,6.72,Collaborativa,4,1,2330,28.02,293,206,28,4,23,252,203,203,0,126,102,24,9321.56,461,1.6,1.6,0.0,False,2034,0,730,993,10000.04,monte_carlo_run_618_seed_660.log
619,13,-1,1,1,-1,-1,661,3101,0.21,3.3,False,Solitudine / Nessun Contatto,,,Nessuna,1,0,1,0.0,1,1,1,1,0,0,0,0,0,0,0,0,8500.0,2,1.0,1.0,0.0,False,0,0,0,0,0.02,monte_carlo_run_619_seed_661.log
620,13,-1,1,1,-1,-1,662,3101,0.212,3.3,True,Contatto Planetario / Biofirme,4.9,1.04,Cauta,2,0,3,1.59,2,2,2,2,0,0,0,0,0,0,0,0,8500.0,2,1.002,1.002,0.0,False,1,0,0,0,113.76,monte_carlo_run_620_seed_662.log
621,13,-1,1,1,-1,-1,663,3101,0.361,7.05,True,Contatto Planetario / Biofirme,966.87,9.08,Ostile,48,0,2586,33.83,304,224,28,5,20,264,255,255,0,158,100,58,9650.81,512,1.6,1.6,0.0,False,2281,0,685,772,10000.05,monte_carlo_run_621_seed_663.log
622,13,-1,1,1,-1,-1,664,3101,0.534,10.47,True,Contatto Planetario / Biofirme,18.1,5.53,Ostile,3,1,2260,28.59,277,218,17,3,13,250,177,177,0,121,82,39,9337.89,472,1.553,1.6,0.0469,True,1981,0,676,859,10000.07,monte_carlo_run_622_seed_664.log
623,13,-1,1,1,-1,-1,665,3101,0.31,7.38,True,Incontro Flotta Deep-Space,1340.27,3.99,Biosfera Primitiva,105,1,2461,19.24,282,204,21,1,16,246,226,226,0,145,106,39,9502.28,424,1.6,1.6,0.0,False,2179,0,629,843,10000.08,monte_carlo_run_623_seed_665.log
624,13,-1,1,1,-1,-1,666,3101,0.57,11.59,False,Solitudine / Nessun Contatto,,,Nessuna,2520,0,2520,22.85,313,227,21,4,15,280,252,252,0,179,125,54,9806.41,610,1.6,1.6,0.0,False,2205,0,1110,1304,10000.03,monte_carlo_run_624_seed_666.log
625,13,-1,1,1,-1,-1,667,3101,0.508,9.52,True,Contatto Planetario / Biofirme,9.13,4.64,Cauta,2,0,2619,31.13,318,235,20,3,16,287,206,206,0,135,90,45,9449.7,574,1.6,1.6,0.0,False,2303,0,821,1111,10000.07,monte_carlo_run_625_seed_667.log
626,13,-1,1,1,-1,-1,668,3101,0.507,8.26,True,Incontro Flotta Deep-Space,1546.84,11.42,Biosfera Primitiva,160,1,2600,40.94,310,229,25,5,14,274,268,268,0,179,98,81,9716.11,584,1.6,1.6,0.0,False,2290,0,969,1051,10000.02,monte_carlo_run_626_seed_668.log
627,13,-1,1,1,-1,-1,669,3101,0.575,9.88,True,Contatto Planetario / Biofirme,19.23,6.58,Ostile,3,0,2663,20.28,333,237,26,4,18,292,223,223,0,153,106,47,9525.06,570,1.6,1.6,0.0,False,2328,0,956,1173,10000.05,monte_carlo_run_627_seed_669.log
628,13,-1,1,1,-1,-1,670,3101,0.548,9.67,True,Contatto Planetario / Biofirme,13.09,7.17,Collaborativa,2,3,2732,35.07,336,231,27,3,21,294,273,273,0,179,129,50,9752.44,615,1.6,1.6,0.0,False,2398,0,914,1085,10000.0,monte_carlo_run_628_seed_670.log
629,13,-1,1,1,-1,-1,671,3101,0.479,5.84,True,Incontro Flotta Deep-Space,2115.03,19.61,Biosfera Primitiva,284,2,2696,47.95,317,218,16,5,8,287,280,280,0,197,115,82,9842.61,627,1.6,1.6,0.0,False,2369,0,1031,1113,10000.14,monte_carlo_run_629_seed_671.log
630,13,-1,1,1,-1,-1,672,3101,0.389,4.97,True,Contatto Planetario / Biofirme,1352.82,24.46,Collaborativa,66,0,1771,41.87,239,169,20,6,13,206,203,203,0,139,80,59,9460.07,385,1.6,1.6,0.0,False,1487,0,625,698,10000.05,monte_carlo_run_630_seed_672.log
631,13,-1,1,1,-1,-1,673,3101,0.436,7.07,True,Contatto Planetario / Biofirme,792.6,14.21,Collaborativa,31,0,2320,41.01,294,232,26,3,21,259,173,173,0,120,82,38,9313.27,455,1.6,1.6,0.0,False,2026,0,753,995,10000.02,monte_carlo_run_631_seed_673.log
632,13,-1,1,1,-1,-1,674,3101,0.511,12.31,True,Contatto Planetario / Biofirme,261.47,15.41,Cauta,12,1,2723,22.89,371,270,22,5,11,326,310,310,0,231,132,99,10074.03,761,1.6,1.6,0.0,False,2347,0,1520,1654,10000.06,monte_carlo_run_632_seed_674.log
633,13,-1,1,1,-1,-1,675,3101,0.361,8.26,True,Contatto Planetario / Biofirme,28.7,8.82,Cauta,3,4,2433,31.98,307,216,23,2,19,272,245,245,0,173,128,45,9682.67,565,1.6,1.6,0.0,False,2129,0,963,1198,10000.24,monte_carlo_run_633_seed_675.log
634,13,-1,1,1,-1,-1,676,3101,0.552,8.72,True,Incontro Flotta Deep-Space,1996.83,8.84,Biosfera Primitiva,343,1,2732,35.63,314,245,28,8,16,271,249,249,0,174,114,60,9689.94,587,1.6,1.6,0.0,False,2419,0,959,1081,10000.11,monte_carlo_run_634_seed_676.log
635,13,-1,1,1,-1,-1,677,3101,0.357,7.63,True,Contatto Planetario / Biofirme,1104.79,17.87,Cauta,112,1,2744,38.0,327,233,28,7,18,285,279,279,0,177,108,69,9785.74,595,1.6,1.6,0.0,False,2417,0,837,896,10000.11,monte_carlo_run_635_seed_677.log
636,13,-1,1,1,-1,-1,678,3101,0.534,7.27,True,Contatto Planetario / Biofirme,623.02,21.1,Collaborativa,52,0,2616,30.82,294,206,16,4,12,270,226,226,0,161,104,57,9592.72,570,1.6,1.6,0.0,False,2321,0,962,1196,10000.07,monte_carlo_run_636_seed_678.log
637,13,-1,1,1,-1,-1,679,3101,0.214,5.07,True,Incontro Flotta Deep-Space,2965.35,13.67,Biosfera Primitiva,213,0,2569,45.71,323,240,26,3,18,291,291,291,0,187,95,92,9749.02,591,1.6,1.6,0.0,False,2172,0,981,1035,10000.06,monte_carlo_run_637_seed_679.log
638,13,-1,1,1,-1,-1,680,3101,0.357,6.16,True,Incontro Flotta Deep-Space,3344.21,0.0,Collaborativa,500,2,2547,38.71,284,204,17,1,16,252,238,238,0,157,93,64,9629.38,494,1.496,1.6,0.1042,True,2259,0,759,866,10000.05,monte_carlo_run_638_seed_680.log
639,13,-1,1,1,-1,-1,681,3101,0.468,6.09,True,Incontro Flotta Deep-Space,912.4,7.91,Collaborativa,52,0,2449,53.27,314,236,23,5,17,282,277,277,0,185,122,63,9711.74,589,1.6,1.6,0.0,False,2136,0,1053,1180,10000.2,monte_carlo_run_639_seed_681.log
640,13,-1,1,1,-1,-1,682,3101,0.545,10.85,True,Contatto Planetario / Biofirme,15.98,8.71,Collaborativa,2,1,2624,26.16,312,234,27,3,23,270,236,236,0,166,123,43,9663.52,581,1.529,1.6,0.0709,True,2310,0,875,1056,10000.07,monte_carlo_run_640_seed_682.log
641,13,-1,1,1,-1,-1,683,3101,0.33,7.83,True,Contatto Planetario / Biofirme,87.31,6.9,Diffidente,5,1,2516,35.65,315,237,29,7,19,269,228,228,0,153,108,45,9595.08,518,1.6,1.6,0.0,False,2203,0,909,1142,10000.01,monte_carlo_run_641_seed_683.log
642,13,-1,1,1,-1,-1,684,3101,0.566,11.69,True,Incontro Flotta Deep-Space,6420.35,27.05,Leale alla Madrepatria,1290,0,2327,34.63,291,218,20,4,14,259,172,172,0,117,97,20,9323.01,457,1.574,1.6,0.0259,True,2037,0,644,921,10000.01,monte_carlo_run_642_seed_684.log
643,13,-1,1,1,-1,-1,685,3101,0.214,3.94,False,Solitudine / Nessun Contatto,,,Nessuna,2,0,2,0.48,1,1,1,1,0,0,0,0,0,0,0,0,8500.0,2,1.0,1.0,0.0,False,0,0,0,0,8.95,monte_carlo_run_643_seed_685.log
644,13,-1,1,1,-1,-1,686,3101,0.593,9.42,True,Contatto Planetario / Biofirme,125.68,15.33,Diffidente,10,1,2711,26.65,343,259,40,8,27,295,287,287,0,194,126,68,9895.41,641,1.6,1.6,0.0,False,2363,0,1042,1160,10000.12,monte_carlo_run_644_seed_686.log
645,13,-1,1,1,-1,-1,687,3101,0.598,14.18,True,Incontro Flotta Deep-Space,1266.43,9.06,Biosfera Primitiva,236,1,2495,24.19,306,215,16,2,10,273,228,228,0,168,108,60,9638.21,563,1.6,1.6,0.0,False,2190,0,1028,1269,10000.02,monte_carlo_run_645_seed_687.log
646,13,-1,1,1,-1,-1,688,3101,0.349,7.23,True,Incontro Flotta Deep-Space,1885.89,15.87,Biosfera Primitiva,291,0,2566,36.13,310,221,18,5,10,279,256,256,0,179,108,71,9782.21,587,1.501,1.6,0.099,True,2254,0,1063,1197,10000.02,monte_carlo_run_646_seed_688.log
647,13,-1,1,1,-1,-1,689,3101,0.375,5.76,True,Incontro Flotta Deep-Space,869.5,8.27,Biosfera Primitiva,43,0,2430,19.66,286,209,25,5,13,245,237,237,0,161,108,53,9733.87,492,1.6,1.6,0.0,False,2136,0,763,871,10000.06,monte_carlo_run_647_seed_689.log
648,13,-1,1,1,-1,-1,690,3101,0.307,6.41,True,Contatto Planetario / Biofirme,15.39,4.72,Collaborativa,2,1,2707,34.32,323,234,21,4,14,284,267,267,0,171,114,57,9695.56,560,1.6,1.6,0.0,False,2384,0,835,991,10000.0,monte_carlo_run_648_seed_690.log
649,13,-1,1,1,-1,-1,691,3101,0.533,13.14,True,Contatto Planetario / Biofirme,104.77,9.0,Diffidente,7,1,2522,35.15,285,214,28,4,21,243,179,179,0,122,93,29,9357.02,446,1.6,1.6,0.0,False,2237,0,620,846,10000.19,monte_carlo_run_649_seed_691.log
650,13,-1,1,1,-1,-1,692,3101,0.239,4.63,False,Solitudine / Nessun Contatto,,,Nessuna,1,0,1,0.0,1,1,1,1,0,0,0,0,0,0,0,0,8500.0,2,1.0,1.0,0.0,False,0,0,0,0,0.02,monte_carlo_run_650_seed_692.log
651,14,-1,1,1,-1,1,693,3101,0.46,5.66,True,Contatto Planetario / Biofirme,493.77,11.43,Collaborativa,24,0,2364,18.74,295,213,23,4,12,265,262,262,0,178,114,64,9814.98,526,1.6,1.6,0.0,False,2054,0,888,979,10000.09,monte_carlo_run_651_seed_693.log
652,14,-1,1,1,-1,1,694,3101,0.542,13.27,True,Incontro Flotta Deep-Space,1709.76,9.45,Biosfera Primitiva,394,0,2213,17.92,264,195,19,2,13,238,104,104,0,72,60,12,8977.57,485,1.6,1.6,0.0,False,1947,0,629,864,10000.05,monte_carlo_run_652_seed_694.log
653,14,-1,1,1,-1,1,695,3101,0.409,7.76,True,Incontro Flotta Deep-Space,9.85,4.03,Diffidente,5,0,2498,5.45,293,228,26,4,20,258,31,31,0,25,21,4,8676.17,533,1.566,1.6,0.0337,True,2206,0,690,1062,10000.06,monte_carlo_run_653_seed_695.log
654,14,-1,1,1,-1,1,696,3101,0.371,8.07,True,Incontro Flotta Deep-Space,769.58,8.84,Biosfera Primitiva,99,4,2490,35.59,291,202,17,5,10,256,118,118,0,85,66,19,9130.55,526,1.6,1.6,0.0,False,2200,0,700,949,10000.24,monte_carlo_run_654_seed_696.log
655,14,-1,1,1,-1,1,697,3101,0.512,8.4,False,Solitudine / Nessun Contatto,,,Nessuna,2705,0,2705,15.46,351,255,21,4,15,311,71,71,0,51,38,13,8838.58,611,1.598,1.6,0.0023,True,2353,0,878,1173,10000.51,monte_carlo_run_655_seed_697.log
656,14,-1,1,1,-1,1,698,3101,0.579,10.65,True,Incontro Flotta Deep-Space,179.9,20.54,Diffidente,37,1,2583,24.89,305,229,22,5,16,269,116,116,0,75,53,22,9023.73,558,1.582,1.6,0.0176,True,2280,0,720,982,10000.03,monte_carlo_run_656_seed_698.log
657,14,-1,1,1,-1,1,699,3101,0.34,5.67,True,Incontro Flotta Deep-Space,1981.33,17.13,Collaborativa,166,0,2266,32.54,273,213,27,6,17,238,178,178,0,127,93,34,9401.2,409,1.6,1.6,0.0,False,1979,0,693,919,10000.01,monte_carlo_run_657_seed_699.log
658,14,-1,1,1,-1,1,700,3101,0.339,5.41,True,Incontro Flotta Deep-Space,571.57,7.61,Collaborativa,56,0,2650,16.6,289,208,16,1,10,261,32,32,0,23,23,0,8658.1,506,1.545,1.6,0.0552,True,2315,0,775,989,10000.1,monte_carlo_run_658_seed_700.log
659,14,-1,1,1,-1,1,701,3101,0.523,8.66,True,Incontro Flotta Deep-Space,669.59,4.83,Biosfera Primitiva,66,0,2537,26.67,280,199,21,3,16,248,110,110,0,75,62,13,9042.44,505,1.6,1.6,0.0,False,2255,0,687,954,10000.17,monte_carlo_run_659_seed_701.log
660,14,-1,1,1,-1,1,702,3101,0.278,3.79,False,Solitudine / Nessun Contatto,,,Nessuna,4,0,4,4.02,2,2,1,1,0,1,1,1,0,0,0,0,8500.32,2,1.0,0.746,-0.2549,False,0,0,0,0,139.16,monte_carlo_run_660_seed_702.log
661,14,-1,1,1,-1,1,703,3101,0.423,10.12,True,Incontro Flotta Deep-Space,3216.56,10.25,Biosfera Primitiva,411,1,2587,33.99,306,233,24,6,14,271,256,256,0,172,85,87,9657.8,552,1.6,1.6,0.0,False,2281,0,975,1085,10000.05,monte_carlo_run_661_seed_703.log
662,14,-1,1,1,-1,1,704,3101,0.283,4.27,True,Incontro Flotta Deep-Space,7541.17,26.68,Biosfera Primitiva,601,1,715,46.48,86,63,7,3,4,73,73,73,0,38,27,11,8788.54,129,1.556,1.6,0.0436,True,581,0,122,128,10000.01,monte_carlo_run_662_seed_704.log
663,14,-1,1,1,-1,1,705,3101,0.247,4.04,False,Solitudine / Nessun Contatto,,,Nessuna,6,0,6,4.63,1,1,1,1,0,0,0,0,0,0,0,0,8500.0,2,1.022,1.022,0.0,False,5,0,0,0,492.24,monte_carlo_run_663_seed_705.log
664,14,-1,1,1,-1,1,706,3101,0.39,5.99,True,Incontro Flotta Deep-Space,11.02,5.68,Cauta,3,0,2316,35.88,313,233,26,3,19,277,181,181,0,133,85,48,9368.37,530,1.6,1.6,0.0,False,1996,0,1109,1359,10000.1,monte_carlo_run_664_seed_706.log
665,14,-1,1,1,-1,1,707,3101,0.329,7.25,True,Contatto Planetario / Biofirme,10.44,3.43,Ostile,4,0,2449,27.39,304,220,29,7,20,264,131,131,0,91,70,21,9172.03,505,1.598,1.6,0.002,True,2143,0,742,1016,10000.02,monte_carlo_run_665_seed_707.log
666,14,-1,1,1,-1,1,708,3101,0.227,3.18,False,Solitudine / Nessun Contatto,,,Nessuna,2,0,2,2.43,1,1,1,1,0,0,0,0,0,0,0,0,8500.0,2,1.0,1.0,0.0,False,0,0,0,0,42.9,monte_carlo_run_666_seed_708.log
667,14,-1,1,1,-1,1,709,3101,0.544,10.91,True,Incontro Flotta Deep-Space,122.31,0.0,Diffidente,20,0,2172,17.82,254,183,13,3,9,229,161,161,0,105,72,33,9211.89,441,1.6,1.6,0.0,False,1916,0,570,805,10000.28,monte_carlo_run_667_seed_709.log
668,14,-1,1,1,-1,1,710,3101,0.341,6.14,True,Incontro Flotta Deep-Space,536.16,12.22,Leale alla Madrepatria,54,1,2270,16.49,265,187,17,5,11,239,108,108,0,68,52,16,9018.86,452,1.6,1.6,0.0,False,2002,0,646,827,10000.02,monte_carlo_run_668_seed_710.log
669,14,-1,1,1,-1,1,711,3101,0.595,8.79,True,Incontro Flotta Deep-Space,248.31,9.29,Leale alla Madrepatria,37,0,2592,14.65,339,238,20,4,14,304,3,3,0,3,3,0,8522.88,664,1.383,1.6,0.2171,True,2251,0,993,1454,10000.23,monte_carlo_run_669_seed_711.log
670,14,-1,1,1,-1,1,712,3101,0.421,8.65,True,Incontro Flotta Deep-Space,13.44,5.66,Diffidente,5,2,2352,27.52,273,205,23,5,15,242,64,64,0,43,33,10,8804.33,487,1.56,1.6,0.0397,True,2081,0,628,916,10000.09,monte_carlo_run_670_seed_712.log
671,14,-1,1,1,-1,1,713,3101,0.311,5.19,True,Incontro Flotta Deep-Space,115.14,4.78,Collaborativa,11,0,17,13.39,3,3,2,2,0,1,1,1,0,0,0,0,8500.28,6,1.045,0.868,-0.1767,False,14,0,1,1,463.18,monte_carlo_run_671_seed_713.log
672,14,-1,1,1,-1,1,714,3101,0.35,5.6,True,Incontro Flotta Deep-Space,1799.0,24.16,Biosfera Primitiva,117,1,2493,39.48,300,223,18,5,13,269,225,225,0,157,109,48,9614.22,534,1.6,1.6,0.0,False,2182,0,912,1152,10000.07,monte_carlo_run_672_seed_714.log
673,14,-1,1,1,-1,1,715,3101,0.289,6.42,True,Contatto Planetario / Biofirme,504.05,12.45,Predatoria,30,1,2119,19.49,258,179,21,3,16,225,217,217,0,141,95,46,9483.91,421,1.6,1.6,0.0,False,1860,0,665,782,10000.01,monte_carlo_run_673_seed_715.log
674,14,-1,1,1,-1,1,716,3101,0.285,6.57,True,Incontro Flotta Deep-Space,224.88,7.28,Collaborativa,18,1,2698,21.17,336,249,19,6,12,305,58,58,0,32,24,8,8715.86,581,1.592,1.6,0.008,True,2364,0,890,1177,10000.05,monte_carlo_run_674_seed_716.log
675,14,-1,1,1,-1,1,717,3101,0.311,7.51,True,Contatto Planetario / Biofirme,470.1,25.17,Diffidente,28,1,2482,34.42,303,223,26,3,21,263,246,246,0,168,109,59,9670.37,538,1.6,1.6,0.0,False,2175,0,837,988,10000.03,monte_carlo_run_675_seed_717.log
676,14,-1,1,1,-1,1,718,3101,0.291,4.67,True,Incontro Flotta Deep-Space,1186.03,13.43,Leale alla Madrepatria,119,0,1131,29.14,150,108,12,3,9,128,25,25,0,16,14,2,8612.74,253,1.381,1.6,0.2192,True,921,0,310,470,10000.09,monte_carlo_run_676_seed_718.log
677,14,-1,1,1,-1,1,719,3101,0.533,7.1,True,Contatto Planetario / Biofirme,26.59,11.87,Predatoria,8,0,2535,22.3,317,244,27,3,18,283,89,89,0,65,53,12,8951.58,575,1.6,1.6,0.0,False,2218,0,881,1201,10000.04,monte_carlo_run_677_seed_719.log
678,14,-1,1,1,-1,1,720,3101,0.596,8.48,True,Contatto Planetario / Biofirme,41.44,8.28,Cauta,13,0,2647,20.91,339,249,26,5,19,301,110,110,0,72,50,22,9003.53,635,1.579,1.6,0.0207,True,2308,0,1163,1696,10000.07,monte_carlo_run_678_seed_720.log
679,14,-1,1,1,-1,1,721,3101,0.306,6.66,True,Contatto Planetario / Biofirme,1194.19,12.13,Collaborativa,52,1,2512,36.54,313,232,23,5,12,278,245,245,0,166,107,59,9641.74,517,1.6,1.6,0.0,False,2198,0,959,1166,10000.15,monte_carlo_run_679_seed_721.log
680,14,-1,1,1,-1,1,722,3101,0.269,6.3,True,Incontro Flotta Deep-Space,2079.6,11.6,Biosfera Primitiva,262,0,2326,33.92,251,182,17,3,10,228,205,205,0,143,105,38,9511.56,450,1.596,1.6,0.0038,True,2072,0,781,934,10000.09,monte_carlo_run_680_seed_722.log
681,14,-1,1,1,-1,1,723,3101,0.337,5.96,True,Contatto Planetario / Biofirme,329.46,7.41,Ostile,26,0,2630,17.72,308,216,29,8,19,263,118,118,0,73,64,9,8977.15,477,1.6,1.6,0.0,False,2311,0,748,991,10000.08,monte_carlo_run_681_seed_723.log
682,14,-1,1,1,-1,1,724,3101,0.334,6.24,True,Incontro Flotta Deep-Space,2956.13,17.94,Biosfera Primitiva,375,1,2497,35.13,335,259,24,4,19,304,249,249,0,172,117,55,9752.23,642,1.511,1.6,0.0894,True,2161,0,1273,1583,10000.17,monte_carlo_run_682_seed_724.log
683,14,-1,1,1,-1,1,725,3101,0.578,10.09,True,Contatto Planetario / Biofirme,27.96,7.43,Cauta,6,0,2642,36.81,320,241,28,5,18,277,124,124,0,85,57,28,9069.82,544,1.588,1.6,0.0117,True,2322,0,748,1002,10000.44,monte_carlo_run_683_seed_725.log
684,14,-1,1,1,-1,1,726,3101,0.417,8.55,True,Incontro Flotta Deep-Space,78.97,8.02,Cauta,9,0,2656,47.03,330,238,27,4,18,287,106,106,0,74,57,17,9014.76,594,1.6,1.6,0.0,False,2326,0,1009,1246,10000.11,monte_carlo_run_684_seed_726.log
685,14,-1,1,1,-1,1,727,3101,0.26,4.53,True,Incontro Flotta Deep-Space,2242.02,12.92,Collaborativa,128,0,1352,53.16,156,111,9,2,6,138,137,137,0,100,56,44,9171.51,270,1.6,1.6,0.0,False,1124,0,460,502,10000.1,monte_carlo_run_685_seed_727.log
686,14,-1,1,1,-1,1,728,3101,0.38,8.89,True,Incontro Flotta Deep-Space,969.07,14.61,Biosfera Primitiva,85,0,2705,32.69,318,233,23,3,18,283,248,248,0,179,114,65,9710.47,605,1.6,1.6,0.0,False,2388,0,1001,1161,10000.01,monte_carlo_run_686_seed_728.log
687,14,-1,1,1,-1,1,729,3101,0.427,9.02,True,Contatto Planetario / Biofirme,11.19,4.78,Cauta,2,0,2588,32.16,323,238,28,9,16,285,259,259,0,174,128,46,9662.19,561,1.586,1.6,0.0143,True,2262,0,950,1158,10000.22,monte_carlo_run_687_seed_729.log
688,14,-1,1,1,-1,1,730,3101,0.264,5.31,True,Incontro Flotta Deep-Space,993.32,5.42,Collaborativa,53,0,2662,35.81,324,229,25,6,17,284,275,275,0,195,101,94,9798.15,623,1.6,1.6,0.0,False,2304,0,1103,1167,10000.05,monte_carlo_run_688_seed_730.log
689,14,-1,1,1,-1,1,731,3101,0.395,7.22,True,Incontro Flotta Deep-Space,694.1,14.33,Leale alla Madrepatria,125,0,2638,18.37,305,211,25,4,18,263,25,25,0,17,16,1,8627.2,526,1.6,1.6,0.0,False,2335,0,643,895,10000.01,monte_carlo_run_689_seed_731.log
690,14,-1,1,1,-1,1,732,3101,0.542,9.67,True,Contatto Planetario / Biofirme,173.15,19.31,Ostile,10,1,2858,40.3,330,237,14,2,10,301,273,273,0,184,109,75,9729.58,653,1.6,1.6,0.0,False,2527,0,1071,1214,10000.05,monte_carlo_run_690_seed_732.log
691,14,-1,1,1,-1,1,733,3101,0.344,7.58,True,Incontro Flotta Deep-Space,1306.15,11.95,Biosfera Primitiva,141,0,2613,20.54,308,228,29,8,18,265,215,215,0,146,101,45,9474.17,485,1.6,1.6,0.0,False,2305,0,798,1027,10000.11,monte_carlo_run_691_seed_733.log
692,14,-1,1,1,-1,1,734,3101,0.503,11.74,False,Solitudine / Nessun Contatto,,,Nessuna,2561,0,2561,13.03,326,241,15,4,9,298,226,226,0,161,115,46,9681.38,632,1.6,1.6,0.0,False,2234,0,1178,1484,10000.1,monte_carlo_run_692_seed_734.log
693,14,-1,1,1,-1,1,735,3101,0.28,4.92,True,Contatto Planetario / Biofirme,852.54,25.35,Ostile,24,1,1387,40.71,174,129,11,3,7,156,131,131,0,92,57,35,9165.2,306,1.6,1.6,0.0,False,1169,0,437,512,10000.0,monte_carlo_run_693_seed_735.log
694,14,-1,1,1,-1,1,736,3101,0.261,4.74,True,Contatto Planetario / Biofirme,279.76,7.73,Collaborativa,27,0,2152,11.77,242,185,23,4,13,211,1,1,0,0,0,0,8501.12,441,1.061,0.15,-0.911,False,1802,0,610,685,10000.11,monte_carlo_run_694_seed_736.log
695,14,-1,1,1,-1,1,737,3101,0.452,10.39,True,Contatto Planetario / Biofirme,87.55,14.66,Diffidente,17,1,2683,25.75,333,249,26,8,17,297,107,107,0,69,59,10,8992.03,602,1.593,1.6,0.0073,True,2346,0,729,1044,10000.17,monte_carlo_run_695_seed_737.log
696,14,-1,1,1,-1,1,738,3101,0.576,10.6,True,Contatto Planetario / Biofirme,253.96,14.14,Cauta,20,0,2604,35.92,314,237,23,1,18,282,256,256,0,170,124,46,9630.02,607,1.6,1.6,0.0,False,2290,0,923,1097,10000.05,monte_carlo_run_696_seed_738.log
697,14,-1,1,1,-1,1,739,3101,0.25,4.25,True,Incontro Flotta Deep-Space,31.98,3.82,Predatoria,4,0,426,4.61,57,45,5,1,4,51,0,0,0,0,0,0,8500.0,134,1.04,1.04,0.0,False,328,0,220,263,10000.32,monte_carlo_run_697_seed_739.log
698,14,-1,1,1,-1,1,740,3101,0.222,5.09,True,Incontro Flotta Deep-Space,1913.03,18.07,Biosfera Primitiva,275,0,2543,27.73,319,231,18,3,12,291,110,110,0,85,64,21,9103.23,571,1.542,1.6,0.0579,True,2168,0,928,1175,10000.05,monte_carlo_run_698_seed_740.log
699,14,-1,1,1,-1,1,741,3101,0.574,12.99,True,Incontro Flotta Deep-Space,1170.3,0.0,Biosfera Primitiva,85,0,2233,41.87,236,182,15,4,7,215,195,195,0,143,87,56,9491.25,460,1.6,1.6,0.0,False,1995,0,668,819,10000.16,monte_carlo_run_699_seed_741.log
700,14,-1,1,1,-1,1,742,3101,0.336,8.07,True,Incontro Flotta Deep-Space,1151.61,8.33,Biosfera Primitiva,84,2,2692,33.88,324,244,20,3,14,296,291,291,0,207,110,97,9911.63,670,1.6,1.6,0.0,False,2369,0,1221,1294,10000.03,monte_carlo_run_700_seed_742.log
701,15,-1,1,1,1,-1,743,3101,0.551,13.38,True,Incontro Flotta Deep-Space,3523.4,26.92,Biosfera Primitiva,513,1,2019,35.04,90,64,5,1,3,80,73,73,0,58,44,14,8865.65,173,1.6,1.6,0.0,False,1926,0,120,153,10000.0,monte_carlo_run_701_seed_743.log
702,15,-1,1,1,1,-1,744,3101,0.228,3.95,True,Incontro Flotta Deep-Space,4246.9,18.57,Biosfera Primitiva,66,0,89,27.27,5,3,1,1,0,2,2,2,0,2,2,0,8509.44,7,1.6,1.208,-0.392,False,78,0,1,3,8198.48,monte_carlo_run_702_seed_744.log
703,15,-1,1,1,1,-1,745,3101,0.566,11.1,True,Contatto Planetario / Biofirme,422.76,12.89,Predatoria,37,1,1966,36.61,92,66,8,2,3,77,77,77,0,47,38,9,8853.85,119,1.6,1.6,0.0,False,1874,0,64,75,10000.13,monte_carlo_run_703_seed_745.log
704,15,-1,1,1,1,-1,746,3101,0.462,11.37,True,Contatto Planetario / Biofirme,47.67,11.0,Diffidente,3,0,1940,40.22,92,71,7,3,4,82,82,82,0,48,36,12,8857.41,142,1.6,1.6,0.0,False,1843,0,91,105,10000.01,monte_carlo_run_704_seed_746.log
705,15,-1,1,1,1,-1,747,3101,0.523,11.48,False,Solitudine / Nessun Contatto,,,Nessuna,2387,0,2387,35.79,134,94,6,2,4,122,114,114,0,74,57,17,9044.05,218,1.6,1.6,0.0,False,2252,0,155,198,10000.1,monte_carlo_run_705_seed_747.log
706,15,-1,1,1,1,-1,748,3101,0.391,5.33,True,Incontro Flotta Deep-Space,5112.8,17.23,Leale alla Madrepatria,482,0,1175,27.74,55,42,7,3,4,47,44,44,0,27,22,5,8686.88,81,1.6,1.6,0.0,False,1102,0,45,49,10000.59,monte_carlo_run_706_seed_748.log
707,15,-1,1,1,1,-1,749,3101,0.274,5.28,True,Incontro Flotta Deep-Space,7334.22,37.45,Biosfera Primitiva,696,1,1192,41.64,51,38,7,3,3,40,40,40,0,32,25,7,8733.15,80,1.6,1.6,0.0,False,1127,0,52,61,10000.29,monte_carlo_run_707_seed_749.log
708,15,-1,1,1,1,-1,750,3101,0.31,7.16,False,Solitudine / Nessun Contatto,,,Nessuna,1577,0,1577,36.99,74,55,5,1,3,67,59,59,0,37,30,7,8794.32,120,1.6,1.6,0.0,False,1501,0,56,77,10000.1,monte_carlo_run_708_seed_750.log
709,15,-1,1,1,1,-1,751,3101,0.416,6.04,True,Incontro Flotta Deep-Space,3525.37,19.56,Biosfera Primitiva,268,0,1468,38.14,64,46,5,1,4,53,53,53,0,41,34,7,8779.51,98,1.6,1.6,0.0,False,1400,0,77,88,10000.06,monte_carlo_run_709_seed_751.log
710,15,-1,1,1,1,-1,752,3101,0.543,9.65,True,Incontro Flotta Deep-Space,1364.33,11.8,Biosfera Primitiva,81,0,2038,40.49,92,72,7,1,5,82,81,81,0,55,42,13,8880.65,154,1.6,1.6,0.0,False,1944,0,110,130,10000.02,monte_carlo_run_710_seed_752.log
711,15,-1,1,1,1,-1,753,3101,0.496,7.55,True,Incontro Flotta Deep-Space,1189.76,7.01,Biosfera Primitiva,80,0,1788,37.96,88,64,5,3,1,78,72,72,0,50,40,10,8857.61,128,1.6,1.6,0.0,False,1700,0,84,109,10000.06,monte_carlo_run_711_seed_753.log
712,15,-1,1,1,1,-1,754,3101,0.495,6.16,True,Contatto Planetario / Biofirme,7749.93,30.18,Diffidente,965,0,1697,41.55,97,72,12,3,9,81,81,81,0,56,48,8,8887.64,121,1.6,1.6,0.0,False,1598,0,92,124,10000.53,monte_carlo_run_712_seed_754.log
713,15,-1,1,1,1,-1,755,3101,0.272,3.27,False,Solitudine / Nessun Contatto,,,Nessuna,5,0,5,3.6,2,2,2,1,1,0,0,0,0,0,0,0,8500.0,2,1.014,1.014,0.0,False,3,0,1,1,219.63,monte_carlo_run_713_seed_755.log
714,15,-1,1,1,1,-1,756,3101,0.383,7.29,True,Incontro Flotta Deep-Space,6284.77,6.17,Biosfera Primitiva,666,0,1381,29.47,70,57,4,2,1,62,60,60,0,41,35,6,8768.53,109,1.6,1.6,0.0,False,1309,0,62,87,10000.1,monte_carlo_run_714_seed_756.log
715,15,-1,1,1,1,-1,757,3101,0.461,10.19,True,Contatto Planetario / Biofirme,1927.08,26.44,Collaborativa,120,1,1510,34.56,68,50,10,3,5,54,52,52,0,40,29,11,8759.94,103,1.6,1.6,0.0,False,1438,0,56,63,10000.17,monte_carlo_run_715_seed_757.log
716,15,-1,1,1,1,-1,758,3101,0.43,6.76,True,Incontro Flotta Deep-Space,645.32,8.02,Biosfera Primitiva,32,0,2006,32.01,80,61,9,1,8,67,66,66,0,40,35,5,8772.03,111,1.6,1.6,0.0,False,1924,0,43,53,10000.01,monte_carlo_run_716_seed_758.log
717,15,-1,1,1,1,-1,759,3101,0.381,9.23,True,Contatto Planetario / Biofirme,13.54,5.16,Collaborativa,2,1,1544,38.25,73,55,6,2,3,64,64,64,0,37,33,4,8744.49,92,1.6,1.6,0.0,False,1468,0,45,65,10000.51,monte_carlo_run_717_seed_759.log
718,15,-1,1,1,1,-1,760,3101,0.423,10.29,True,Contatto Planetario / Biofirme,1667.93,16.71,Cauta,103,0,2069,47.5,86,68,7,3,1,77,76,76,0,45,38,7,8830.36,120,1.6,1.6,0.0,False,1982,0,63,74,10000.03,monte_carlo_run_718_seed_760.log
719,15,-1,1,1,1,-1,761,3101,0.534,12.98,True,Contatto Planetario / Biofirme,10.09,5.39,Predatoria,2,3,1288,38.94,59,42,11,1,9,44,44,44,0,28,23,5,8703.36,83,1.6,1.6,0.0,False,1228,0,44,55,10000.19,monte_carlo_run_719_seed_761.log
720,15,-1,1,1,1,-1,762,3101,0.282,6.23,True,Incontro Flotta Deep-Space,7521.72,26.13,Biosfera Primitiva,643,0,1178,37.05,49,35,6,2,4,42,42,42,0,29,25,4,8706.08,67,1.6,1.6,0.0,False,1125,0,49,52,10000.01,monte_carlo_run_720_seed_762.log
721,15,-1,1,1,1,-1,763,3101,0.578,7.53,True,Contatto Planetario / Biofirme,322.16,19.03,Cauta,21,0,1933,45.86,116,86,12,1,10,100,99,99,0,64,47,17,8946.88,192,1.6,1.6,0.0,False,1817,0,159,179,10000.02,monte_carlo_run_721_seed_763.log
722,15,-1,1,1,1,-1,764,3101,0.464,5.99,True,Incontro Flotta Deep-Space,2042.74,27.84,Biosfera Primitiva,127,0,1589,37.63,80,57,8,1,5,70,70,70,0,38,34,4,8797.58,93,1.6,1.6,0.0,False,1501,0,41,50,10000.27,monte_carlo_run_722_seed_764.log
723,15,-1,1,1,1,-1,765,3101,0.594,12.86,True,Contatto Planetario / Biofirme,181.8,24.33,Cauta,11,2,2055,35.04,104,75,10,4,6,85,83,83,0,57,48,9,8951.71,159,1.6,1.6,0.0,False,1950,0,110,122,10000.05,monte_carlo_run_723_seed_765.log
724,15,-1,1,1,1,-1,766,3101,0.459,11.08,True,Contatto Planetario / Biofirme,1500.49,17.06,Collaborativa,123,2,2076,34.82,107,79,11,3,8,91,88,88,0,65,52,13,8933.76,166,1.6,1.6,0.0,False,1965,0,149,169,10000.17,monte_carlo_run_724_seed_766.log
725,15,-1,1,1,1,-1,767,3101,0.438,8.55,True,Contatto Planetario / Biofirme,1048.19,20.03,Predatoria,84,2,2129,48.57,122,93,13,2,9,103,103,103,0,70,51,19,8991.96,183,1.496,1.6,0.1039,True,2005,0,173,191,10000.1,monte_carlo_run_725_seed_767.log
726,15,-1,1,1,1,-1,768,3101,0.27,6.28,True,Incontro Flotta Deep-Space,2814.47,15.99,Collaborativa,98,2,1390,39.37,81,60,8,4,3,71,70,70,0,42,36,6,8800.07,104,1.6,1.6,0.0,False,1307,0,84,100,10000.58,monte_carlo_run_726_seed_768.log
727,15,-1,1,1,1,-1,769,3101,0.577,11.8,True,Contatto Planetario / Biofirme,24.24,8.69,Diffidente,3,1,2279,32.06,110,78,11,3,6,96,96,96,0,69,50,19,8967.35,184,1.6,1.6,0.0,False,2168,0,136,152,10000.12,monte_carlo_run_727_seed_769.log
728,15,-1,1,1,1,-1,770,3101,0.417,9.17,True,Incontro Flotta Deep-Space,2899.58,23.11,Leale alla Madrepatria,258,0,1707,32.79,62,44,5,1,4,55,49,49,0,33,24,9,8711.06,104,1.6,1.6,0.0,False,1643,0,52,64,10000.17,monte_carlo_run_728_seed_770.log
729,15,-1,1,1,1,-1,771,3101,0.42,6.8,True,Contatto Planetario / Biofirme,2058.25,12.95,Cauta,203,0,1674,36.51,86,63,9,2,5,71,71,71,0,44,35,9,8790.78,115,1.6,1.6,0.0,False,1586,0,79,88,10000.1,monte_carlo_run_729_seed_771.log
730,15,-1,1,1,1,-1,772,3101,0.381,5.23,True,Contatto Planetario / Biofirme,559.56,14.63,Predatoria,25,2,1365,44.56,69,52,4,2,2,59,59,59,0,32,28,4,8736.35,74,1.6,1.416,-0.1839,False,1279,0,31,38,10000.22,monte_carlo_run_730_seed_772.log
731,15,-1,1,1,1,-1,773,3101,0.334,7.74,True,Contatto Planetario / Biofirme,4679.2,23.18,Predatoria,366,0,1555,36.44,81,62,5,2,2,76,75,75,0,56,38,18,8913.25,135,1.6,1.6,0.0,False,1471,0,122,155,10000.23,monte_carlo_run_731_seed_773.log
732,15,-1,1,1,1,-1,774,3101,0.506,12.36,True,Contatto Planetario / Biofirme,35.2,11.7,Predatoria,3,0,1778,39.69,91,68,7,1,5,80,75,75,0,50,37,13,8846.56,136,1.6,1.6,0.0,False,1683,0,96,116,10000.03,monte_carlo_run_732_seed_774.log
733,15,-1,1,1,1,-1,775,3101,0.396,9.87,True,Incontro Flotta Deep-Space,1931.75,13.56,Collaborativa,201,0,2070,35.19,86,63,4,1,2,76,76,76,0,53,41,12,8870.47,136,1.6,1.6,0.0,False,1980,0,86,94,10000.09,monte_carlo_run_733_seed_775.log
734,15,-1,1,1,1,-1,776,3101,0.4,8.69,True,Contatto Planetario / Biofirme,662.14,15.08,Diffidente,36,1,2032,49.89,89,68,7,1,5,76,71,71,0,51,47,4,8857.18,149,1.6,1.6,0.0,False,1942,0,80,110,10000.44,monte_carlo_run_734_seed_776.log
735,15,-1,1,1,1,-1,777,3101,0.571,7.79,True,Incontro Flotta Deep-Space,630.13,4.69,Biosfera Primitiva,44,0,2063,37.94,89,53,7,1,6,77,71,71,0,41,35,6,8778.16,125,1.6,1.6,0.0,False,1973,0,60,86,10000.07,monte_carlo_run_735_seed_777.log
736,15,-1,1,1,1,-1,778,3101,0.44,5.38,True,Contatto Planetario / Biofirme,2541.65,33.05,Predatoria,178,0,1817,50.69,84,62,6,3,3,75,75,75,0,42,39,3,8814.46,110,1.6,1.6,0.0,False,1714,0,58,80,10000.62,monte_carlo_run_736_seed_778.log
737,15,-1,1,1,1,-1,779,3101,0.538,11.95,True,Incontro Flotta Deep-Space,2186.25,5.3,Collaborativa,263,0,1384,34.79,52,36,2,1,1,46,34,34,0,18,17,1,8642.41,75,1.6,1.6,0.0,False,1328,0,25,31,10000.17,monte_carlo_run_737_seed_779.log
738,15,-1,1,1,1,-1,780,3101,0.391,4.84,False,Solitudine / Nessun Contatto,,,Nessuna,4,0,4,4.65,3,3,3,0,3,0,0,0,0,0,0,0,8500.0,1,0.939,0.939,0.0,False,2,0,0,3,152.59,monte_carlo_run_738_seed_780.log
739,15,-1,1,1,1,-1,781,3101,0.585,12.1,True,Contatto Planetario / Biofirme,13.99,8.19,Cauta,2,0,2040,35.78,85,61,12,4,3,71,70,70,0,49,44,5,8862.1,124,1.6,1.6,0.0,False,1952,0,64,90,10000.03,monte_carlo_run_739_seed_781.log
740,15,-1,1,1,1,-1,782,3101,0.587,8.64,True,Incontro Flotta Deep-Space,6851.21,22.23,Collaborativa,1074,0,2141,39.59,82,53,4,1,3,75,74,74,0,54,50,4,8880.25,132,1.6,1.6,0.0,False,2057,0,84,103,10000.42,monte_carlo_run_740_seed_782.log
741,15,-1,1,1,1,-1,783,3101,0.546,8.32,True,Contatto Planetario / Biofirme,148.22,12.86,Cauta,9,2,1281,40.43,62,42,4,1,3,53,53,53,0,30,28,2,8714.64,91,1.6,1.6,0.0,False,1218,0,38,45,10000.45,monte_carlo_run_741_seed_783.log
742,15,-1,1,1,1,-1,784,3101,0.271,4.57,True,Incontro Flotta Deep-Space,2645.34,24.07,Biosfera Primitiva,60,0,304,34.74,21,13,1,1,0,17,17,17,0,13,10,3,8580.3,30,1.6,1.443,-0.1574,False,269,0,21,28,10001.55,monte_carlo_run_742_seed_784.log
743,15,-1,1,1,1,-1,785,3101,0.526,8.54,True,Contatto Planetario / Biofirme,1171.76,12.2,Ostile,71,0,1898,36.57,90,65,5,2,2,79,79,79,0,49,34,15,8830.2,146,1.6,1.6,0.0,False,1807,0,123,131,10000.28,monte_carlo_run_743_seed_785.log
744,15,-1,1,1,1,-1,786,3101,0.393,7.95,True,Incontro Flotta Deep-Space,2446.48,7.02,Biosfera Primitiva,181,0,1754,35.12,86,69,5,1,3,76,76,76,0,53,43,10,8830.51,132,1.6,1.6,0.0,False,1668,0,105,120,10000.08,monte_carlo_run_744_seed_786.log
745,15,-1,1,1,1,-1,787,3101,0.415,6.74,True,Contatto Planetario / Biofirme,105.31,7.25,Diffidente,7,0,2090,31.17,118,86,7,1,5,107,98,98,0,58,50,8,8885.97,180,1.6,1.6,0.0,False,1965,0,117,155,10000.01,monte_carlo_run_745_seed_787.log
746,15,-1,1,1,1,-1,788,3101,0.37,7.98,True,Incontro Flotta Deep-Space,4869.76,23.12,Biosfera Primitiva,437,1,1550,33.69,68,46,5,1,3,59,59,59,0,33,26,7,8723.64,92,1.59,1.6,0.0099,True,1480,0,56,69,10000.16,monte_carlo_run_746_seed_788.log
747,15,-1,1,1,1,-1,789,3101,0.347,7.27,True,Contatto Planetario / Biofirme,231.66,7.8,Collaborativa,12,0,1863,29.67,93,70,10,2,6,80,67,67,0,45,35,10,8801.45,141,1.581,1.6,0.0192,True,1770,0,118,147,10000.17,monte_carlo_run_747_seed_789.log
748,15,-1,1,1,1,-1,790,3101,0.432,10.11,True,Contatto Planetario / Biofirme,77.21,11.66,Diffidente,7,0,1853,37.53,102,77,12,1,9,83,79,79,0,53,39,14,8909.67,161,1.6,1.6,0.0,False,1747,0,133,159,10000.05,monte_carlo_run_748_seed_790.log
749,15,-1,1,1,1,-1,791,3101,0.314,5.5,True,Incontro Flotta Deep-Space,7920.58,31.95,Biosfera Primitiva,1026,1,1294,51.71,62,42,2,2,0,53,53,53,0,35,29,6,8762.64,82,1.6,1.6,0.0,False,1220,0,65,75,10000.32,monte_carlo_run_749_seed_791.log
750,15,-1,1,1,1,-1,792,3101,0.54,9.95,True,Incontro Flotta Deep-Space,605.66,0.0,Biosfera Primitiva,48,0,1436,37.6,63,49,5,1,4,56,56,56,0,35,26,9,8761.8,103,1.6,1.6,0.0,False,1371,0,60,67,10000.26,monte_carlo_run_750_seed_792.log
751,16,-1,1,1,1,1,793,3101,0.288,5.09,True,Incontro Flotta Deep-Space,9253.83,33.15,Biosfera Primitiva,1445,0,1573,39.9,71,49,4,1,3,63,48,48,0,28,24,4,8682.07,118,1.586,1.6,0.014,True,1471,0,45,58,10000.34,monte_carlo_run_751_seed_793.log
752,16,-1,1,1,1,1,794,3101,0.476,7.39,True,Incontro Flotta Deep-Space,0.04,6.85,Diffidente,4,0,706,12.68,42,31,4,2,1,36,1,1,0,0,0,0,8500.85,78,1.6,0.15,-1.45,False,661,0,47,71,10000.59,monte_carlo_run_752_seed_794.log
753,16,-1,1,1,1,1,795,3101,0.5,11.89,False,Solitudine / Nessun Contatto,,,Nessuna,2016,0,2016,19.07,99,66,5,3,2,88,34,34,0,26,19,7,8655.89,152,1.585,1.513,-0.0727,False,1918,0,81,131,10000.03,monte_carlo_run_753_seed_795.log
754,16,-1,1,1,1,1,796,3101,0.461,6.84,True,Incontro Flotta Deep-Space,644.19,0.93,Biosfera Primitiva,20,1,1428,36.58,63,50,6,1,3,53,52,52,0,32,29,3,8752.93,87,1.6,1.6,0.0,False,1365,0,34,45,10000.26,monte_carlo_run_754_seed_796.log
755,16,-1,1,1,1,1,797,3101,0.363,6.69,True,Incontro Flotta Deep-Space,2524.35,20.23,Collaborativa,253,0,2090,42.16,105,71,11,6,4,87,86,86,0,49,43,6,8853.7,136,1.545,1.6,0.055,True,1984,0,93,109,10000.04,monte_carlo_run_755_seed_797.log
756,16,-1,1,1,1,1,798,3101,0.539,10.13,True,Incontro Flotta Deep-Space,2754.54,1.81,Collaborativa,123,0,612,22.31,30,25,2,1,1,27,27,27,0,17,17,0,8616.66,45,1.6,1.6,0.0,False,578,0,26,32,10001.03,monte_carlo_run_756_seed_798.log
757,16,-1,1,1,1,1,799,3101,0.394,9.28,True,Incontro Flotta Deep-Space,6597.97,26.67,Biosfera Primitiva,803,0,1468,41.45,83,61,16,3,12,64,48,48,0,34,31,3,8736.42,119,1.6,1.6,0.0,False,1382,0,65,95,10000.01,monte_carlo_run_757_seed_799.log
758,16,-1,1,1,1,1,800,3101,0.376,7.79,True,Incontro Flotta Deep-Space,731.8,12.43,Diffidente,103,0,1657,23.75,72,53,7,2,4,61,9,9,0,6,6,0,8549.33,136,1.6,1.007,-0.5932,False,1583,0,69,112,10000.45,monte_carlo_run_758_seed_800.log
759,16,-1,1,1,1,1,801,3101,0.356,7.81,True,Incontro Flotta Deep-Space,5417.8,6.04,Biosfera Primitiva,571,0,1202,34.57,40,30,3,1,2,35,35,35,0,22,17,5,8653.99,55,1.6,1.6,0.0,False,1160,0,22,32,10000.14,monte_carlo_run_759_seed_801.log
760,16,-1,1,1,1,1,802,3101,0.372,4.47,False,Solitudine / Nessun Contatto,,,Nessuna,220,0,220,0.0,13,9,2,1,0,9,0,0,0,0,0,0,8500.0,36,1.533,1.533,0.0,False,192,0,11,14,10007.09,monte_carlo_run_760_seed_802.log
761,16,-1,1,1,1,1,803,3101,0.242,2.99,False,Solitudine / Nessun Contatto,,,Nessuna,4,0,4,0.0,2,2,2,2,0,0,0,0,0,0,0,0,8500.0,6,1.006,1.006,0.0,False,1,0,1,1,119.91,monte_carlo_run_761_seed_803.log
762,16,-1,1,1,1,1,804,3101,0.584,8.49,True,Contatto Planetario / Biofirme,88.9,10.75,Ostile,7,0,1783,24.49,106,76,11,3,7,90,89,89,0,53,42,11,8879.0,139,1.579,1.6,0.0207,True,1675,0,100,107,10000.08,monte_carlo_run_762_seed_804.log
763,16,-1,1,1,1,1,805,3101,0.488,11.2,True,Incontro Flotta Deep-Space,1218.6,13.53,Collaborativa,153,0,1732,32.22,76,58,7,2,3,67,67,67,0,38,32,6,8779.58,103,1.585,1.6,0.0149,True,1654,0,64,76,10000.19,monte_carlo_run_763_seed_805.log
764,16,-1,1,1,1,1,806,3101,0.289,4.15,False,Solitudine / Nessun Contatto,,,Nessuna,30,0,30,11.81,2,1,1,0,1,1,1,1,0,1,1,0,8507.37,3,0.956,0.398,-0.5582,False,25,0,0,1,2883.85,monte_carlo_run_764_seed_806.log
765,16,-1,1,1,1,1,807,3101,0.347,8.14,True,Incontro Flotta Deep-Space,322.1,11.59,Ostile,37,0,1668,23.54,82,54,10,2,7,65,11,11,0,10,9,1,8554.18,140,1.587,1.6,0.0127,True,1583,0,60,98,10000.17,monte_carlo_run_765_seed_807.log
766,16,-1,1,1,1,1,808,3101,0.264,5.61,True,Incontro Flotta Deep-Space,832.86,13.4,Collaborativa,46,0,1030,13.4,57,41,4,1,2,48,0,0,0,0,0,0,8500.0,84,1.6,1.6,0.0,False,965,0,44,67,10000.41,monte_carlo_run_766_seed_808.log
767,16,-1,1,1,1,1,809,3101,0.479,5.88,True,Incontro Flotta Deep-Space,2375.18,12.39,Collaborativa,397,0,1793,29.37,87,63,7,1,5,77,8,8,0,7,7,0,8540.25,155,1.547,1.6,0.0532,True,1700,0,84,133,10000.56,monte_carlo_run_767_seed_809.log
768,16,-1,1,1,1,1,810,3101,0.575,12.63,True,Contatto Planetario / Biofirme,116.51,20.22,Diffidente,7,0,2121,33.22,97,73,9,2,6,86,84,84,0,54,37,17,8875.14,152,1.6,1.6,0.0,False,2024,0,121,134,10000.93,monte_carlo_run_768_seed_810.log
769,16,-1,1,1,1,1,811,3101,0.578,11.72,True,Incontro Flotta Deep-Space,0.02,7.51,Cauta,3,0,1819,23.62,97,69,8,2,4,83,32,32,0,24,21,3,8690.68,167,1.6,1.6,0.0,False,1721,0,100,151,10000.68,monte_carlo_run_769_seed_811.log
770,16,-1,1,1,1,1,812,3101,0.22,4.15,True,Incontro Flotta Deep-Space,2824.01,30.17,Biosfera Primitiva,163,0,350,42.82,12,5,3,1,1,6,2,2,0,1,1,0,8507.41,27,1.6,1.291,-0.3087,False,301,0,4,10,10000.15,monte_carlo_run_770_seed_812.log
771,16,-1,1,1,1,1,813,3101,0.571,7.88,True,Incontro Flotta Deep-Space,1484.11,11.18,Collaborativa,130,0,1669,44.82,75,57,6,2,3,69,69,69,0,37,31,6,8766.05,102,1.589,1.6,0.0105,True,1592,0,51,57,10000.35,monte_carlo_run_771_seed_813.log
772,16,-1,1,1,1,1,814,3101,0.476,6.46,True,Contatto Planetario / Biofirme,1394.4,11.38,Cauta,108,1,1526,41.32,81,64,2,1,1,74,72,72,0,50,39,11,8870.57,118,1.59,1.6,0.0102,True,1436,0,91,117,10000.23,monte_carlo_run_772_seed_814.log
773,16,-1,1,1,1,1,815,3101,0.458,8.1,True,Contatto Planetario / Biofirme,10.95,5.01,Ostile,4,1,2159,28.6,108,77,9,3,4,94,66,66,0,42,35,7,8838.07,181,1.6,1.6,0.0,False,2049,0,129,159,10000.04,monte_carlo_run_773_seed_815.log
774,16,-1,1,1,1,1,816,3101,0.245,6.06,True,Incontro Flotta Deep-Space,3294.76,4.84,Collaborativa,335,0,1853,32.95,81,60,6,2,4,73,73,73,0,47,36,11,8827.91,106,1.566,1.6,0.0339,True,1767,0,67,82,10000.02,monte_carlo_run_774_seed_816.log
775,16,-1,1,1,1,1,817,3101,0.314,4.8,True,Contatto Planetario / Biofirme,6853.66,34.11,Collaborativa,264,0,576,43.69,36,31,2,1,1,34,34,34,0,23,15,8,8683.07,56,1.6,1.591,-0.0085,False,512,0,37,43,10000.37,monte_carlo_run_775_seed_817.log
776,16,-1,1,1,1,1,818,3101,0.276,5.91,True,Contatto Planetario / Biofirme,353.78,8.68,Diffidente,11,0,1124,36.74,60,44,4,2,2,50,50,50,0,37,32,5,8764.79,78,1.6,1.6,0.0,False,1060,0,63,72,10000.19,monte_carlo_run_776_seed_818.log
777,16,-1,1,1,1,1,819,3101,0.396,6.61,True,Incontro Flotta Deep-Space,712.17,7.95,Collaborativa,79,0,1777,26.86,93,73,6,3,2,84,67,67,0,43,33,10,8806.91,160,1.6,1.6,0.0,False,1683,0,102,133,10000.09,monte_carlo_run_777_seed_819.log
778,16,-1,1,1,1,1,820,3101,0.327,6.0,True,Contatto Planetario / Biofirme,3444.59,25.45,Diffidente,422,0,1823,42.89,85,61,6,2,4,75,56,56,0,37,31,6,8759.91,143,1.6,1.6,0.0,False,1735,0,81,113,10000.22,monte_carlo_run_778_seed_820.log
779,16,-1,1,1,1,1,821,3101,0.44,7.37,True,Contatto Planetario / Biofirme,4441.95,28.34,Cauta,493,1,1836,37.45,108,79,11,3,5,91,89,89,0,57,40,17,8904.9,158,1.6,1.6,0.0,False,1729,0,130,158,10000.26,monte_carlo_run_779_seed_821.log
780,16,-1,1,1,1,1,822,3101,0.422,6.58,True,Incontro Flotta Deep-Space,1158.86,4.8,Collaborativa,126,0,1839,41.43,79,57,6,2,2,68,68,68,0,51,38,13,8847.94,126,1.6,1.6,0.0,False,1759,0,109,125,10000.09,monte_carlo_run_780_seed_822.log
781,16,-1,1,1,1,1,823,3101,0.243,5.43,True,Contatto Planetario / Biofirme,8691.59,18.97,Diffidente,695,0,902,29.23,41,27,4,2,2,37,37,37,0,23,21,2,8649.92,58,1.583,1.6,0.0175,True,854,0,28,37,10000.63,monte_carlo_run_781_seed_823.log
782,16,-1,1,1,1,1,824,3101,0.492,6.85,True,Incontro Flotta Deep-Space,651.48,8.5,Biosfera Primitiva,23,0,1966,35.88,108,81,11,2,7,94,83,83,0,53,47,6,8838.46,150,1.6,1.6,0.0,False,1856,0,109,147,10000.16,monte_carlo_run_782_seed_824.log
783,16,-1,1,1,1,1,825,3101,0.413,5.64,True,Incontro Flotta Deep-Space,135.94,7.65,Diffidente,23,0,1232,12.75,63,50,7,2,4,52,0,0,0,0,0,0,8500.0,113,1.6,1.6,0.0,False,1162,0,47,66,10000.15,monte_carlo_run_783_seed_825.log
784,16,-1,1,1,1,1,826,3101,0.306,4.79,True,Contatto Planetario / Biofirme,3798.37,40.76,Collaborativa,188,0,1119,44.87,66,49,5,2,3,58,55,55,0,37,31,6,8773.34,90,1.6,1.6,0.0,False,1021,0,61,84,10000.49,monte_carlo_run_784_seed_826.log
785,16,-1,1,1,1,1,827,3101,0.276,3.35,False,Solitudine / Nessun Contatto,,,Nessuna,2,0,2,2.77,1,1,1,1,0,0,0,0,0,0,0,0,8500.0,2,1.0,1.0,0.0,False,0,0,0,0,40.22,monte_carlo_run_785_seed_827.log
786,16,-1,1,1,1,1,828,3101,0.467,6.67,True,Contatto Planetario / Biofirme,2948.09,19.37,Predatoria,178,0,1509,38.8,65,50,10,3,7,55,51,51,0,32,29,3,8713.81,87,1.6,1.502,-0.0981,False,1444,0,34,49,10000.1,monte_carlo_run_786_seed_828.log
787,16,-1,1,1,1,1,829,3101,0.288,6.38,True,Incontro Flotta Deep-Space,4048.9,17.65,Biosfera Primitiva,530,0,1551,40.46,79,61,8,2,6,68,67,67,0,49,37,12,8832.31,138,1.591,1.6,0.0087,True,1466,0,107,124,10000.0,monte_carlo_run_787_seed_829.log
788,16,-1,1,1,1,1,830,3101,0.446,7.42,True,Incontro Flotta Deep-Space,3127.53,10.92,Leale alla Madrepatria,646,1,2043,32.8,107,67,6,2,3,92,28,28,0,20,18,2,8624.59,162,1.583,1.404,-0.1785,False,1935,0,94,136,10000.19,monte_carlo_run_788_seed_830.log
789,16,-1,1,1,1,1,831,3101,0.3,5.75,True,Contatto Planetario / Biofirme,839.8,13.74,Diffidente,23,0,1278,36.44,65,48,6,1,4,56,56,56,0,32,25,7,8761.97,77,1.6,1.6,0.0,False,1211,0,48,55,10000.79,monte_carlo_run_789_seed_831.log
790,16,-1,1,1,1,1,832,3101,0.555,10.4,True,Contatto Planetario / Biofirme,157.42,17.91,Cauta,17,0,1199,24.23,54,36,5,1,4,46,17,17,0,13,11,2,8596.61,81,1.6,1.398,-0.2016,False,1144,0,28,47,10000.77,monte_carlo_run_790_seed_832.log
791,16,-1,1,1,1,1,833,3101,0.454,8.64,True,Contatto Planetario / Biofirme,2663.78,26.85,Ostile,193,2,1615,37.56,84,57,8,3,4,73,69,69,0,42,37,5,8781.87,103,1.6,1.6,0.0,False,1527,0,58,84,10000.32,monte_carlo_run_791_seed_833.log
792,16,-1,1,1,1,1,834,3101,0.29,4.7,True,Incontro Flotta Deep-Space,7859.12,37.29,Biosfera Primitiva,616,0,833,53.2,45,34,6,2,2,39,39,39,0,24,21,3,8666.69,70,1.6,1.522,-0.0782,False,753,0,30,35,10000.12,monte_carlo_run_792_seed_834.log
793,16,-1,1,1,1,1,835,3101,0.405,8.04,True,Incontro Flotta Deep-Space,487.79,14.98,Predatoria,87,1,1810,26.38,96,68,6,2,4,83,23,23,0,16,15,1,8607.69,161,1.573,1.588,0.0156,True,1711,0,79,128,10000.01,monte_carlo_run_793_seed_835.log
794,16,-1,1,1,1,1,836,3101,0.266,6.24,True,Incontro Flotta Deep-Space,3733.81,7.91,Collaborativa,241,0,1491,37.64,70,47,5,2,3,64,57,57,0,32,28,4,8723.5,98,1.6,1.588,-0.0117,False,1418,0,40,57,10000.05,monte_carlo_run_794_seed_836.log
795,16,-1,1,1,1,1,837,3101,0.29,6.68,True,Incontro Flotta Deep-Space,7361.26,13.21,Biosfera Primitiva,753,0,1133,31.81,58,41,4,2,2,52,51,51,0,32,23,9,8715.85,84,1.6,1.6,0.0,False,1073,0,75,96,10000.45,monte_carlo_run_795_seed_837.log
796,16,-1,1,1,1,1,838,3101,0.53,8.55,True,Contatto Planetario / Biofirme,15.66,8.3,Predatoria,2,2,2190,35.9,120,91,11,1,7,104,104,104,0,67,54,13,8946.79,170,1.6,1.6,0.0,False,2069,0,123,144,10000.06,monte_carlo_run_796_seed_838.log
797,16,-1,1,1,1,1,839,3101,0.348,4.59,False,Solitudine / Nessun Contatto,,,Nessuna,503,0,503,46.7,26,17,1,1,0,23,23,23,0,12,12,0,8582.48,34,1.6,1.455,-0.1447,False,455,0,13,18,10000.06,monte_carlo_run_797_seed_839.log
798,16,-1,1,1,1,1,840,3101,0.427,5.77,True,Incontro Flotta Deep-Space,2208.11,8.28,Leale alla Madrepatria,196,0,1163,31.62,48,36,5,2,2,40,38,38,0,27,23,4,8697.84,71,1.591,1.6,0.0092,True,1108,0,43,55,10000.15,monte_carlo_run_798_seed_840.log
799,16,-1,1,1,1,1,841,3101,0.575,13.42,True,Contatto Planetario / Biofirme,77.09,15.5,Ostile,6,0,2269,33.73,102,78,7,1,5,91,91,91,0,62,46,16,8908.96,169,1.6,1.6,0.0,False,2167,0,129,144,10000.07,monte_carlo_run_799_seed_841.log
800,16,-1,1,1,1,1,842,3101,0.596,11.27,True,Incontro Flotta Deep-Space,0.04,9.13,Diffidente,4,0,1737,17.49,97,72,10,3,6,79,21,21,0,12,10,2,8574.86,141,1.6,1.248,-0.3515,False,1638,0,69,95,10000.93,monte_carlo_run_800_seed_842.log
801,17,1,-1,-1,-1,-1,843,3101,0.108,2.2,False,Solitudine / Nessun Contatto,,,Nessuna,2,0,2,2.11,1,1,1,1,0,0,0,0,0,0,0,0,8500.0,2,1.0,1.0,0.0,False,0,0,0,0,114.72,monte_carlo_run_801_seed_843.log
802,17,1,-1,-1,-1,-1,844,3101,0.068,1.67,False,Solitudine / Nessun Contatto,,,Nessuna,1,0,1,0.0,2,2,2,1,1,0,0,0,0,0,0,0,8500.0,2,1.0,1.0,0.0,False,0,0,0,1,0.02,monte_carlo_run_802_seed_844.log
803,17,1,-1,-1,-1,-1,845,3101,0.072,0.99,False,Solitudine / Nessun Contatto,,,Nessuna,1,0,1,0.0,1,1,1,1,0,0,0,0,0,0,0,0,8500.0,2,1.0,1.0,0.0,False,0,0,0,0,0.02,monte_carlo_run_803_seed_845.log
804,17,1,-1,-1,-1,-1,846,3101,0.141,1.82,False,Solitudine / Nessun Contatto,,,Nessuna,1,0,1,0.0,2,2,2,0,2,0,0,0,0,0,0,0,8500.0,1,0.985,0.985,0.0,False,0,0,0,1,0.02,monte_carlo_run_804_seed_846.log
805,17,1,-1,-1,-1,-1,847,3101,0.093,1.45,False,Solitudine / Nessun Contatto,,,Nessuna,3,0,3,0.77,2,2,2,1,1,0,0,0,0,0,0,0,8500.0,2,1.009,1.009,0.0,False,2,0,1,1,126.54,monte_carlo_run_805_seed_847.log
806,17,1,-1,-1,-1,-1,848,3101,0.113,1.93,False,Solitudine / Nessun Contatto,,,Nessuna,1,0,1,0.0,1,1,1,1,0,0,0,0,0,0,0,0,8500.0,2,1.0,1.0,0.0,False,0,0,0,0,0.02,monte_carlo_run_806_seed_848.log
807,17,1,-1,-1,-1,-1,849,3101,0.146,1.96,False,Solitudine / Nessun Contatto,,,Nessuna,2,0,2,1.03,1,1,1,1,0,0,0,0,0,0,0,0,8500.0,2,1.0,1.0,0.0,False,0,0,0,0,28.26,monte_carlo_run_807_seed_849.log
808,17,1,-1,-1,-1,-1,850,3101,0.076,0.93,False,Solitudine / Nessun Contatto,,,Nessuna,1,0,1,0.0,3,3,3,0,3,0,0,0,0,0,0,0,8500.0,1,0.985,0.985,0.0,False,0,0,0,3,0.02,monte_carlo_run_808_seed_850.log
809,17,1,-1,-1,-1,-1,851,3101,0.139,3.36,False,Solitudine / Nessun Contatto,,,Nessuna,6,0,6,5.06,2,2,1,1,0,1,1,1,0,0,0,0,8500.64,3,1.014,0.82,-0.1946,False,3,0,0,0,466.11,monte_carlo_run_809_seed_851.log
810,17,1,-1,-1,-1,-1,852,3101,0.103,2.49,False,Solitudine / Nessun Contatto,,,Nessuna,1,0,1,0.0,1,1,1,1,0,0,0,0,0,0,0,0,8500.0,2,1.0,1.0,0.0,False,0,0,0,0,0.02,monte_carlo_run_810_seed_852.log
811,17,1,-1,-1,-1,-1,853,3101,0.126,1.55,False,Solitudine / Nessun Contatto,,,Nessuna,1,0,1,0.0,1,1,1,1,0,0,0,0,0,0,0,0,8500.0,2,1.0,1.0,0.0,False,0,0,0,0,0.02,monte_carlo_run_811_seed_853.log
812,17,1,-1,-1,-1,-1,854,3101,0.121,1.59,False,Solitudine / Nessun Contatto,,,Nessuna,2,0,2,1.11,1,1,1,1,0,0,0,0,0,0,0,0,8500.0,2,1.0,1.0,0.0,False,0,0,0,0,36.54,monte_carlo_run_812_seed_854.log
813,17,1,-1,-1,-1,-1,855,3101,0.089,2.06,False,Solitudine / Nessun Contatto,,,Nessuna,1,0,1,0.0,3,3,3,0,3,0,0,0,0,0,0,0,8500.0,1,0.985,0.985,0.0,False,0,0,1,3,0.02,monte_carlo_run_813_seed_855.log
814,17,1,-1,-1,-1,-1,856,3101,0.059,1.09,False,Solitudine / Nessun Contatto,,,Nessuna,1,0,1,0.0,3,3,3,0,3,0,0,0,0,0,0,0,8500.0,1,0.985,0.985,0.0,False,0,0,0,3,0.02,monte_carlo_run_814_seed_856.log
815,17,1,-1,-1,-1,-1,857,3101,0.129,2.24,False,Solitudine / Nessun Contatto,,,Nessuna,1,0,1,0.0,2,2,2,1,1,0,0,0,0,0,0,0,8500.0,2,1.0,1.0,0.0,False,0,0,1,1,0.02,monte_carlo_run_815_seed_857.log
816,17,1,-1,-1,-1,-1,858,3101,0.142,3.1,False,Solitudine / Nessun Contatto,,,Nessuna,4,0,4,5.1,3,3,3,1,2,0,0,0,0,0,0,0,8500.0,2,1.023,1.023,0.0,False,1,0,3,3,235.85,monte_carlo_run_816_seed_858.log
817,17,1,-1,-1,-1,-1,859,3101,0.077,1.38,False,Solitudine / Nessun Contatto,,,Nessuna,1,0,1,0.0,3,3,3,1,2,0,0,0,0,0,0,0,8500.0,2,1.001,1.001,0.0,False,0,0,2,3,0.02,monte_carlo_run_817_seed_859.log
818,17,1,-1,-1,-1,-1,860,3101,0.078,1.32,False,Solitudine / Nessun Contatto,,,Nessuna,1,0,1,0.0,2,2,2,0,2,0,0,0,0,0,0,0,8500.0,1,0.985,0.985,0.0,False,0,0,0,1,0.02,monte_carlo_run_818_seed_860.log
819,17,1,-1,-1,-1,-1,861,3101,0.116,1.85,False,Solitudine / Nessun Contatto,,,Nessuna,2,0,2,1.55,2,2,2,1,1,0,0,0,0,0,0,0,8500.0,2,1.005,1.005,0.0,False,0,0,1,1,94.63,monte_carlo_run_819_seed_861.log
820,17,1,-1,-1,-1,-1,862,3101,0.145,3.22,False,Solitudine / Nessun Contatto,,,Nessuna,4,0,4,4.44,1,1,1,1,0,0,0,0,0,0,0,0,8500.0,2,1.006,1.006,0.0,False,2,0,0,0,279.99,monte_carlo_run_820_seed_862.log
821,17,1,-1,-1,-1,-1,863,3101,0.095,2.21,False,Solitudine / Nessun Contatto,,,Nessuna,2,0,2,1.93,1,1,1,1,0,0,0,0,0,0,0,0,8500.0,2,1.0,1.0,0.0,False,0,0,0,0,112.51,monte_carlo_run_821_seed_863.log
822,17,1,-1,-1,-1,-1,864,3101,0.142,2.0,False,Solitudine / Nessun Contatto,,,Nessuna,1,0,1,0.0,3,3,3,1,2,0,0,0,0,0,0,0,8500.0,2,1.001,1.001,0.0,False,0,0,2,2,0.02,monte_carlo_run_822_seed_864.log
823,17,1,-1,-1,-1,-1,865,3101,0.097,1.19,False,Solitudine / Nessun Contatto,,,Nessuna,1,0,1,0.0,3,3,3,1,2,0,0,0,0,0,0,0,8500.0,2,1.001,1.001,0.0,False,0,0,2,3,0.02,monte_carlo_run_823_seed_865.log
824,17,1,-1,-1,-1,-1,866,3101,0.054,0.65,False,Solitudine / Nessun Contatto,,,Nessuna,1,0,1,0.0,1,1,1,1,0,0,0,0,0,0,0,0,8500.0,2,1.0,1.0,0.0,False,0,0,0,0,0.02,monte_carlo_run_824_seed_866.log
825,17,1,-1,-1,-1,-1,867,3101,0.073,1.44,False,Solitudine / Nessun Contatto,,,Nessuna,1,0,1,0.0,2,2,2,1,1,0,0,0,0,0,0,0,8500.0,2,1.0,1.0,0.0,False,0,0,1,1,0.02,monte_carlo_run_825_seed_867.log
826,17,1,-1,-1,-1,-1,868,3101,0.142,2.46,False,Solitudine / Nessun Contatto,,,Nessuna,3,0,3,2.01,3,3,2,1,1,1,1,1,0,0,0,0,8500.23,2,1.008,0.757,-0.2506,False,0,0,1,1,156.42,monte_carlo_run_826_seed_868.log
827,17,1,-1,-1,-1,-1,869,3101,0.085,2.05,False,Solitudine / Nessun Contatto,,,Nessuna,1,0,1,0.0,1,1,1,1,0,0,0,0,0,0,0,0,8500.0,2,1.0,1.0,0.0,False,0,0,0,0,0.02,monte_carlo_run_827_seed_869.log
828,17,1,-1,-1,-1,-1,870,3101,0.14,2.7,False,Solitudine / Nessun Contatto,,,Nessuna,1,0,1,0.0,1,1,1,1,0,0,0,0,0,0,0,0,8500.0,2,1.0,1.0,0.0,False,0,0,0,0,0.02,monte_carlo_run_828_seed_870.log
829,17,1,-1,-1,-1,-1,871,3101,0.057,0.84,False,Solitudine / Nessun Contatto,,,Nessuna,1,0,1,0.0,1,1,1,1,0,0,0,0,0,0,0,0,8500.0,2,1.0,1.0,0.0,False,0,0,0,0,0.02,monte_carlo_run_829_seed_871.log
830,17,1,-1,-1,-1,-1,872,3101,0.103,1.45,False,Solitudine / Nessun Contatto,,,Nessuna,1,0,1,0.0,1,1,1,1,0,0,0,0,0,0,0,0,8500.0,2,1.0,1.0,0.0,False,0,0,0,0,0.02,monte_carlo_run_830_seed_872.log
831,17,1,-1,-1,-1,-1,873,3101,0.077,1.55,False,Solitudine / Nessun Contatto,,,Nessuna,1,0,1,0.0,1,1,1,1,0,0,0,0,0,0,0,0,8500.0,2,1.0,1.0,0.0,False,0,0,0,0,0.02,monte_carlo_run_831_seed_873.log
832,17,1,-1,-1,-1,-1,874,3101,0.149,1.88,False,Solitudine / Nessun Contatto,,,Nessuna,1,0,1,0.0,1,1,1,1,0,0,0,0,0,0,0,0,8500.0,2,1.0,1.0,0.0,False,0,0,0,0,0.02,monte_carlo_run_832_seed_874.log
833,17,1,-1,-1,-1,-1,875,3101,0.055,0.93,False,Solitudine / Nessun Contatto,,,Nessuna,1,0,1,0.0,3,3,3,1,2,0,0,0,0,0,0,0,8500.0,2,1.0,1.0,0.0,False,0,0,1,3,0.02,monte_carlo_run_833_seed_875.log
834,17,1,-1,-1,-1,-1,876,3101,0.124,2.54,False,Solitudine / Nessun Contatto,,,Nessuna,1,0,1,0.0,1,1,1,1,0,0,0,0,0,0,0,0,8500.0,2,1.0,1.0,0.0,False,0,0,0,0,0.02,monte_carlo_run_834_seed_876.log
835,17,1,-1,-1,-1,-1,877,3101,0.117,1.48,False,Solitudine / Nessun Contatto,,,Nessuna,1,0,1,0.0,1,1,1,1,0,0,0,0,0,0,0,0,8500.0,2,1.0,1.0,0.0,False,0,0,0,0,0.02,monte_carlo_run_835_seed_877.log
836,17,1,-1,-1,-1,-1,878,3101,0.124,1.5,False,Solitudine / Nessun Contatto,,,Nessuna,1,0,1,0.0,2,2,2,1,1,0,0,0,0,0,0,0,8500.0,2,1.0,1.0,0.0,False,0,0,0,1,0.02,monte_carlo_run_836_seed_878.log
837,17,1,-1,-1,-1,-1,879,3101,0.068,0.84,False,Solitudine / Nessun Contatto,,,Nessuna,1,0,1,0.0,1,1,1,1,0,0,0,0,0,0,0,0,8500.0,2,1.0,1.0,0.0,False,0,0,0,0,0.02,monte_carlo_run_837_seed_879.log
838,17,1,-1,-1,-1,-1,880,3101,0.101,1.72,False,Solitudine / Nessun Contatto,,,Nessuna,1,0,1,0.0,2,2,2,1,1,0,0,0,0,0,0,0,8500.0,2,1.0,1.0,0.0,False,0,0,1,1,0.02,monte_carlo_run_838_seed_880.log
839,17,1,-1,-1,-1,-1,881,3101,0.111,2.54,False,Solitudine / Nessun Contatto,,,Nessuna,2,0,2,2.27,2,2,2,1,1,0,0,0,0,0,0,0,8500.0,2,1.0,1.0,0.0,False,0,0,0,1,121.74,monte_carlo_run_839_seed_881.log
840,17,1,-1,-1,-1,-1,882,3101,0.098,1.27,False,Solitudine / Nessun Contatto,,,Nessuna,1,0,1,0.0,1,1,1,1,0,0,0,0,0,0,0,0,8500.0,2,1.0,1.0,0.0,False,0,0,0,0,0.02,monte_carlo_run_840_seed_882.log
841,17,1,-1,-1,-1,-1,883,3101,0.079,1.45,False,Solitudine / Nessun Contatto,,,Nessuna,2,0,2,1.33,2,2,2,0,2,0,0,0,0,0,0,0,8500.0,1,0.97,0.97,0.0,False,0,0,0,1,67.18,monte_carlo_run_841_seed_883.log
842,17,1,-1,-1,-1,-1,884,3101,0.094,2.19,False,Solitudine / Nessun Contatto,,,Nessuna,1,0,1,0.0,2,2,2,0,2,0,0,0,0,0,0,0,8500.0,1,0.985,0.985,0.0,False,0,0,0,1,0.02,monte_carlo_run_842_seed_884.log
843,17,1,-1,-1,-1,-1,885,3101,0.065,1.03,False,Solitudine / Nessun Contatto,,,Nessuna,1,0,1,0.0,1,1,1,1,0,0,0,0,0,0,0,0,8500.0,2,1.0,1.0,0.0,False,0,0,0,0,0.02,monte_carlo_run_843_seed_885.log
844,17,1,-1,-1,-1,-1,886,3101,0.134,2.78,False,Solitudine / Nessun Contatto,,,Nessuna,3,0,3,2.3,1,1,1,1,0,0,0,0,0,0,0,0,8500.0,2,1.004,1.004,0.0,False,2,0,0,0,186.43,monte_carlo_run_844_seed_886.log
845,17,1,-1,-1,-1,-1,887,3101,0.132,3.18,False,Solitudine / Nessun Contatto,,,Nessuna,1,0,1,0.0,1,1,1,1,0,0,0,0,0,0,0,0,8500.0,2,1.0,1.0,0.0,False,0,0,0,0,0.02,monte_carlo_run_845_seed_887.log
846,17,1,-1,-1,-1,-1,888,3101,0.149,2.23,False,Solitudine / Nessun Contatto,,,Nessuna,2,0,2,2.15,1,1,1,1,0,0,0,0,0,0,0,0,8500.0,2,1.0,1.0,0.0,False,0,0,0,0,115.01,monte_carlo_run_846_seed_888.log
847,17,1,-1,-1,-1,-1,889,3101,0.072,1.25,False,Solitudine / Nessun Contatto,,,Nessuna,1,0,1,0.0,1,1,1,1,0,0,0,0,0,0,0,0,8500.0,2,1.0,1.0,0.0,False,0,0,0,0,0.02,monte_carlo_run_847_seed_889.log
848,17,1,-1,-1,-1,-1,890,3101,0.057,1.32,False,Solitudine / Nessun Contatto,,,Nessuna,2,0,2,1.26,1,1,1,1,0,0,0,0,0,0,0,0,8500.0,2,1.0,1.0,0.0,False,0,0,0,0,99.58,monte_carlo_run_848_seed_890.log
849,17,1,-1,-1,-1,-1,891,3101,0.067,1.17,False,Solitudine / Nessun Contatto,,,Nessuna,1,0,1,0.0,1,1,1,1,0,0,0,0,0,0,0,0,8500.0,2,1.0,1.0,0.0,False,0,0,0,0,0.02,monte_carlo_run_849_seed_891.log
850,17,1,-1,-1,-1,-1,892,3101,0.1,1.58,False,Solitudine / Nessun Contatto,,,Nessuna,1,0,1,0.0,2,2,2,0,2,0,0,0,0,0,0,0,8500.0,1,0.985,0.985,0.0,False,0,0,0,1,0.02,monte_carlo_run_850_seed_892.log
851,18,1,-1,-1,-1,1,893,3101,0.109,1.81,False,Solitudine / Nessun Contatto,,,Nessuna,2,0,2,0.0,2,2,2,2,0,0,0,0,0,0,0,0,8500.0,6,1.0,1.0,0.0,False,0,0,1,1,0.04,monte_carlo_run_851_seed_893.log
852,18,1,-1,-1,-1,1,894,3101,0.078,1.68,False,Solitudine / Nessun Contatto,,,Nessuna,1,0,1,0.0,1,1,1,1,0,0,0,0,0,0,0,0,8500.0,2,1.0,1.0,0.0,False,0,0,0,0,0.02,monte_carlo_run_852_seed_894.log
853,18,1,-1,-1,-1,1,895,3101,0.139,2.11,False,Solitudine / Nessun Contatto,,,Nessuna,1,0,1,0.0,1,1,1,1,0,0,0,0,0,0,0,0,8500.0,2,1.0,1.0,0.0,False,0,0,0,0,0.02,monte_carlo_run_853_seed_895.log
854,18,1,-1,-1,-1,1,896,3101,0.114,2.27,False,Solitudine / Nessun Contatto,,,Nessuna,3,0,3,0.0,3,3,3,3,0,0,0,0,0,0,0,0,8500.0,8,1.0,1.0,0.0,False,0,0,1,2,0.06,monte_carlo_run_854_seed_896.log
855,18,1,-1,-1,-1,1,897,3101,0.097,1.56,False,Solitudine / Nessun Contatto,,,Nessuna,5,0,5,1.56,3,3,3,3,0,0,0,0,0,0,0,0,8500.0,10,1.0,1.0,0.0,False,0,0,0,3,105.82,monte_carlo_run_855_seed_897.log
856,18,1,-1,-1,-1,1,898,3101,0.061,1.51,False,Solitudine / Nessun Contatto,,,Nessuna,2,0,2,1.02,1,1,1,1,0,0,0,0,0,0,0,0,8500.0,2,1.0,1.0,0.0,False,0,0,0,0,93.68,monte_carlo_run_856_seed_898.log
857,18,1,-1,-1,-1,1,899,3101,0.136,1.66,False,Solitudine / Nessun Contatto,,,Nessuna,1,0,1,0.0,1,1,1,1,0,0,0,0,0,0,0,0,8500.0,2,1.0,1.0,0.0,False,0,0,0,0,0.02,monte_carlo_run_857_seed_899.log
858,18,1,-1,-1,-1,1,900,3101,0.138,2.89,False,Solitudine / Nessun Contatto,,,Nessuna,3,0,3,2.3,2,2,2,2,0,0,0,0,0,0,0,0,8500.0,6,1.006,1.006,0.0,False,0,0,1,1,127.95,monte_carlo_run_858_seed_900.log
859,18,1,-1,-1,-1,1,901,3101,0.079,1.65,False,Solitudine / Nessun Contatto,,,Nessuna,1,0,1,0.0,1,1,1,1,0,0,0,0,0,0,0,0,8500.0,2,1.0,1.0,0.0,False,0,0,0,0,0.02,monte_carlo_run_859_seed_901.log
860,18,1,-1,-1,-1,1,902,3101,0.061,1.48,False,Solitudine / Nessun Contatto,,,Nessuna,2,0,2,0.0,2,2,2,2,0,0,0,0,0,0,0,0,8500.0,5,1.0,1.0,0.0,False,0,0,1,1,0.04,monte_carlo_run_860_seed_902.log
861,18,1,-1,-1,-1,1,903,3101,0.109,2.15,False,Solitudine / Nessun Contatto,,,Nessuna,1,0,1,0.0,1,1,1,1,0,0,0,0,0,0,0,0,8500.0,2,1.0,1.0,0.0,False,0,0,0,0,0.02,monte_carlo_run_861_seed_903.log
862,18,1,-1,-1,-1,1,904,3101,0.129,2.96,False,Solitudine / Nessun Contatto,,,Nessuna,3,0,3,2.87,2,2,2,2,0,0,0,0,0,0,0,0,8500.0,6,1.007,1.007,0.0,False,0,0,1,1,143.27,monte_carlo_run_862_seed_904.log
863,18,1,-1,-1,-1,1,905,3101,0.12,1.92,False,Solitudine / Nessun Contatto,,,Nessuna,1,0,1,0.0,1,1,1,1,0,0,0,0,0,0,0,0,8500.0,2,1.0,1.0,0.0,False,0,0,0,0,0.02,monte_carlo_run_863_seed_905.log
864,18,1,-1,-1,-1,1,906,3101,0.085,2.06,False,Solitudine / Nessun Contatto,,,Nessuna,2,0,2,0.0,2,2,2,2,0,0,0,0,0,0,0,0,8500.0,5,1.0,1.0,0.0,False,0,0,0,1,0.04,monte_carlo_run_864_seed_906.log
865,18,1,-1,-1,-1,1,907,3101,0.101,2.1,False,Solitudine / Nessun Contatto,,,Nessuna,2,0,2,1.06,1,1,1,1,0,0,0,0,0,0,0,0,8500.0,2,1.0,1.0,0.0,False,0,0,0,0,41.93,monte_carlo_run_865_seed_907.log
866,18,1,-1,-1,-1,1,908,3101,0.144,2.01,False,Solitudine / Nessun Contatto,,,Nessuna,2,0,2,0.0,2,2,2,2,0,0,0,0,0,0,0,0,8500.0,5,1.0,1.0,0.0,False,0,0,1,1,0.04,monte_carlo_run_866_seed_908.log
867,18,1,-1,-1,-1,1,909,3101,0.13,2.1,False,Solitudine / Nessun Contatto,,,Nessuna,3,0,3,0.0,3,3,3,3,0,0,0,0,0,0,0,0,8500.0,9,1.0,1.0,0.0,False,0,0,1,2,0.06,monte_carlo_run_867_seed_909.log
868,18,1,-1,-1,-1,1,910,3101,0.124,2.62,False,Solitudine / Nessun Contatto,,,Nessuna,1,0,1,0.0,1,1,1,1,0,0,0,0,0,0,0,0,8500.0,2,1.0,1.0,0.0,False,0,0,0,0,0.02,monte_carlo_run_868_seed_910.log
869,18,1,-1,-1,-1,1,911,3101,0.103,1.92,False,Solitudine / Nessun Contatto,,,Nessuna,1,0,1,0.0,1,1,1,1,0,0,0,0,0,0,0,0,8500.0,2,1.0,1.0,0.0,False,0,0,0,0,0.02,monte_carlo_run_869_seed_911.log
870,18,1,-1,-1,-1,1,912,3101,0.108,1.62,False,Solitudine / Nessun Contatto,,,Nessuna,1,0,1,0.0,1,1,1,1,0,0,0,0,0,0,0,0,8500.0,2,1.0,1.0,0.0,False,0,0,0,0,0.02,monte_carlo_run_870_seed_912.log
871,18,1,-1,-1,-1,1,913,3101,0.078,1.78,False,Solitudine / Nessun Contatto,,,Nessuna,3,0,3,1.46,2,2,2,2,0,0,0,0,0,0,0,0,8500.0,5,1.005,1.005,0.0,False,0,0,1,1,95.06,monte_carlo_run_871_seed_913.log
872,18,1,-1,-1,-1,1,914,3101,0.057,1.15,False,Solitudine / Nessun Contatto,,,Nessuna,2,0,2,0.0,2,2,2,2,0,0,0,0,0,0,0,0,8500.0,6,1.0,1.0,0.0,False,0,0,1,1,0.04,monte_carlo_run_872_seed_914.log
873,18,1,-1,-1,-1,1,915,3101,0.127,2.06,False,Solitudine / Nessun Contatto,,,Nessuna,7,0,7,0.34,4,3,2,2,0,1,0,0,0,0,0,0,8500.0,7,1.004,1.004,0.0,False,0,0,1,3,133.24,monte_carlo_run_873_seed_915.log
874,18,1,-1,-1,-1,1,916,3101,0.108,2.34,False,Solitudine / Nessun Contatto,,,Nessuna,1,0,1,0.0,1,1,1,1,0,0,0,0,0,0,0,0,8500.0,2,1.0,1.0,0.0,False,0,0,0,0,0.02,monte_carlo_run_874_seed_916.log
875,18,1,-1,-1,-1,1,917,3101,0.133,1.96,False,Solitudine / Nessun Contatto,,,Nessuna,2,0,2,1.3,1,1,1,1,0,0,0,0,0,0,0,0,8500.0,2,1.0,1.0,0.0,False,0,0,0,0,39.14,monte_carlo_run_875_seed_917.log
876,18,1,-1,-1,-1,1,918,3101,0.057,0.83,False,Solitudine / Nessun Contatto,,,Nessuna,3,0,3,0.0,3,3,3,3,0,0,0,0,0,0,0,0,8500.0,8,1.001,1.001,0.0,False,0,0,3,3,0.06,monte_carlo_run_876_seed_918.log
877,18,1,-1,-1,-1,1,919,3101,0.105,2.33,False,Solitudine / Nessun Contatto,,,Nessuna,3,0,3,2.14,2,2,2,2,0,0,0,0,0,0,0,0,8500.0,5,1.0,1.0,0.0,False,0,0,0,1,118.04,monte_carlo_run_877_seed_919.log
878,18,1,-1,-1,-1,1,920,3101,0.115,2.42,False,Solitudine / Nessun Contatto,,,Nessuna,1,0,1,0.0,1,1,1,1,0,0,0,0,0,0,0,0,8500.0,2,1.0,1.0,0.0,False,0,0,0,0,0.02,monte_carlo_run_878_seed_920.log
879,18,1,-1,-1,-1,1,921,3101,0.063,1.3,False,Solitudine / Nessun Contatto,,,Nessuna,2,0,2,0.0,2,2,2,2,0,0,0,0,0,0,0,0,8500.0,6,1.0,1.0,0.0,False,0,0,1,1,0.04,monte_carlo_run_879_seed_921.log
880,18,1,-1,-1,-1,1,922,3101,0.141,1.92,False,Solitudine / Nessun Contatto,,,Nessuna,3,0,3,0.0,3,3,3,3,0,0,0,0,0,0,0,0,8500.0,10,1.001,1.001,0.0,False,0,0,2,3,0.06,monte_carlo_run_880_seed_922.log
881,18,1,-1,-1,-1,1,923,3101,0.121,2.31,False,Solitudine / Nessun Contatto,,,Nessuna,1,0,1,0.0,1,1,1,1,0,0,0,0,0,0,0,0,8500.0,2,1.0,1.0,0.0,False,0,0,0,0,0.02,monte_carlo_run_881_seed_923.log
882,18,1,-1,-1,-1,1,924,3101,0.112,1.63,False,Solitudine / Nessun Contatto,,,Nessuna,1,0,1,0.0,1,1,1,1,0,0,0,0,0,0,0,0,8500.0,2,1.0,1.0,0.0,False,0,0,0,0,0.02,monte_carlo_run_882_seed_924.log
883,18,1,-1,-1,-1,1,925,3101,0.108,1.52,False,Solitudine / Nessun Contatto,,,Nessuna,3,0,3,0.0,3,3,3,3,0,0,0,0,0,0,0,0,8500.0,10,1.0,1.0,0.0,False,0,0,1,2,0.06,monte_carlo_run_883_seed_925.log
884,18,1,-1,-1,-1,1,926,3101,0.073,1.13,False,Solitudine / Nessun Contatto,,,Nessuna,1,0,1,0.0,1,1,1,1,0,0,0,0,0,0,0,0,8500.0,2,1.0,1.0,0.0,False,0,0,0,0,0.02,monte_carlo_run_884_seed_926.log
885,18,1,-1,-1,-1,1,927,3101,0.143,3.15,False,Solitudine / Nessun Contatto,,,Nessuna,5,0,5,0.0,3,3,3,3,0,0,0,0,0,0,0,0,8500.0,9,1.013,1.013,0.0,False,2,0,1,2,284.49,monte_carlo_run_885_seed_927.log
886,18,1,-1,-1,-1,1,928,3101,0.117,2.24,False,Solitudine / Nessun Contatto,,,Nessuna,2,0,2,2.24,1,1,1,1,0,0,0,0,0,0,0,0,8500.0,2,1.0,1.0,0.0,False,0,0,0,0,117.04,monte_carlo_run_886_seed_928.log
887,18,1,-1,-1,-1,1,929,3101,0.149,1.79,False,Solitudine / Nessun Contatto,,,Nessuna,4,0,4,0.0,3,3,3,3,0,0,0,0,0,0,0,0,8500.0,9,1.0,1.0,0.0,False,0,0,0,2,25.48,monte_carlo_run_887_seed_929.log
888,18,1,-1,-1,-1,1,930,3101,0.137,1.98,False,Solitudine / Nessun Contatto,,,Nessuna,6,0,6,0.92,2,2,2,2,0,0,0,0,0,0,0,0,8500.0,6,1.01,1.01,0.0,False,2,0,1,1,140.29,monte_carlo_run_888_seed_930.log
889,18,1,-1,-1,-1,1,931,3101,0.127,1.95,False,Solitudine / Nessun Contatto,,,Nessuna,2,0,2,0.0,2,2,2,2,0,0,0,0,0,0,0,0,8500.0,5,1.0,1.0,0.0,False,0,0,0,1,0.04,monte_carlo_run_889_seed_931.log
890,18,1,-1,-1,-1,1,932,3101,0.1,1.9,False,Solitudine / Nessun Contatto,,,Nessuna,1,0,1,0.0,1,1,1,1,0,0,0,0,0,0,0,0,8500.0,2,1.0,1.0,0.0,False,0,0,0,0,0.02,monte_carlo_run_890_seed_932.log
891,18,1,-1,-1,-1,1,933,3101,0.081,1.2,False,Solitudine / Nessun Contatto,,,Nessuna,3,0,3,0.0,3,3,3,3,0,0,0,0,0,0,0,0,8500.0,9,1.0,1.0,0.0,False,0,0,1,3,0.06,monte_carlo_run_891_seed_933.log
892,18,1,-1,-1,-1,1,934,3101,0.144,3.52,False,Solitudine / Nessun Contatto,,,Nessuna,36,0,36,21.03,7,6,3,1,1,4,4,4,0,2,2,0,8531.05,15,1.304,1.224,-0.0807,False,23,0,1,6,2802.96,monte_carlo_run_892_seed_934.log
893,18,1,-1,-1,-1,1,935,3101,0.091,2.11,False,Solitudine / Nessun Contatto,,,Nessuna,1,0,1,0.0,1,1,1,1,0,0,0,0,0,0,0,0,8500.0,2,1.0,1.0,0.0,False,0,0,0,0,0.02,monte_carlo_run_893_seed_935.log
894,18,1,-1,-1,-1,1,936,3101,0.083,1.71,False,Solitudine / Nessun Contatto,,,Nessuna,1,0,1,0.0,1,1,1,1,0,0,0,0,0,0,0,0,8500.0,2,1.0,1.0,0.0,False,0,0,0,0,0.02,monte_carlo_run_894_seed_936.log
895,18,1,-1,-1,-1,1,937,3101,0.082,1.86,False,Solitudine / Nessun Contatto,,,Nessuna,2,0,2,0.0,2,2,2,2,0,0,0,0,0,0,0,0,8500.0,5,1.0,1.0,0.0,False,0,0,0,1,0.04,monte_carlo_run_895_seed_937.log
896,18,1,-1,-1,-1,1,938,3101,0.143,2.25,False,Solitudine / Nessun Contatto,,,Nessuna,1,0,1,0.0,1,1,1,1,0,0,0,0,0,0,0,0,8500.0,2,1.0,1.0,0.0,False,0,0,0,0,0.02,monte_carlo_run_896_seed_938.log
897,18,1,-1,-1,-1,1,939,3101,0.106,2.31,False,Solitudine / Nessun Contatto,,,Nessuna,1,0,1,0.0,1,1,1,1,0,0,0,0,0,0,0,0,8500.0,2,1.0,1.0,0.0,False,0,0,0,0,0.02,monte_carlo_run_897_seed_939.log
898,18,1,-1,-1,-1,1,940,3101,0.095,1.31,False,Solitudine / Nessun Contatto,,,Nessuna,2,0,2,0.0,2,2,2,2,0,0,0,0,0,0,0,0,8500.0,5,1.0,1.0,0.0,False,0,0,1,1,0.04,monte_carlo_run_898_seed_940.log
899,18,1,-1,-1,-1,1,941,3101,0.081,1.41,False,Solitudine / Nessun Contatto,,,Nessuna,3,0,3,0.0,3,3,3,3,0,0,0,0,0,0,0,0,8500.0,10,1.0,1.0,0.0,False,0,0,0,2,0.06,monte_carlo_run_899_seed_941.log
900,18,1,-1,-1,-1,1,942,3101,0.112,2.48,False,Solitudine / Nessun Contatto,,,Nessuna,3,0,3,2.39,2,2,2,2,0,0,0,0,0,0,0,0,8500.0,6,1.004,1.004,0.0,False,0,0,1,1,127.94,monte_carlo_run_900_seed_942.log
901,19,1,-1,-1,1,-1,943,3101,0.105,1.72,False,Solitudine / Nessun Contatto,,,Nessuna,2,0,2,1.56,1,1,1,1,0,0,0,0,0,0,0,0,8500.0,2,1.0,1.0,0.0,False,0,0,0,0,101.16,monte_carlo_run_901_seed_943.log
902,19,1,-1,-1,1,-1,944,3101,0.099,2.19,False,Solitudine / Nessun Contatto,,,Nessuna,1,0,1,0.0,2,2,2,1,1,0,0,0,0,0,0,0,8500.0,2,1.0,1.0,0.0,False,0,0,0,1,0.02,monte_carlo_run_902_seed_944.log
903,19,1,-1,-1,1,-1,945,3101,0.149,3.5,False,Solitudine / Nessun Contatto,,,Nessuna,23,0,23,17.07,3,3,2,1,1,1,1,1,0,0,0,0,8501.1,4,1.258,0.799,-0.4586,False,16,0,1,1,1966.15,monte_carlo_run_903_seed_945.log
904,19,1,-1,-1,1,-1,946,3101,0.082,1.12,False,Solitudine / Nessun Contatto,,,Nessuna,1,0,1,0.0,3,3,3,0,3,0,0,0,0,0,0,0,8500.0,1,0.985,0.985,0.0,False,0,0,0,3,0.02,monte_carlo_run_904_seed_946.log
905,19,1,-1,-1,1,-1,947,3101,0.061,1.4,False,Solitudine / Nessun Contatto,,,Nessuna,3,0,3,1.33,1,1,1,1,0,0,0,0,0,0,0,0,8500.0,2,1.005,1.005,0.0,False,2,0,0,0,234.99,monte_carlo_run_905_seed_947.log
906,19,1,-1,-1,1,-1,948,3101,0.076,0.93,False,Solitudine / Nessun Contatto,,,Nessuna,1,0,1,0.0,2,2,2,1,1,0,0,0,0,0,0,0,8500.0,2,1.0,1.0,0.0,False,0,0,0,1,0.02,monte_carlo_run_906_seed_948.log
907,19,1,-1,-1,1,-1,949,3101,0.145,1.75,False,Solitudine / Nessun Contatto,,,Nessuna,2,0,2,1.24,1,1,1,1,0,0,0,0,0,0,0,0,8500.0,2,1.0,1.0,0.0,False,0,0,0,0,34.27,monte_carlo_run_907_seed_949.log
908,19,1,-1,-1,1,-1,950,3101,0.087,1.57,False,Solitudine / Nessun Contatto,,,Nessuna,1,0,1,0.0,2,2,2,1,1,0,0,0,0,0,0,0,8500.0,2,1.0,1.0,0.0,False,0,0,1,1,0.02,monte_carlo_run_908_seed_950.log
909,19,1,-1,-1,1,-1,951,3101,0.089,1.47,False,Solitudine / Nessun Contatto,,,Nessuna,1,0,1,0.0,1,1,1,1,0,0,0,0,0,0,0,0,8500.0,2,1.0,1.0,0.0,False,0,0,0,0,0.02,monte_carlo_run_909_seed_951.log
910,19,1,-1,-1,1,-1,952,3101,0.06,1.17,False,Solitudine / Nessun Contatto,,,Nessuna,1,0,1,0.0,2,2,2,1,1,0,0,0,0,0,0,0,8500.0,2,1.0,1.0,0.0,False,0,0,0,1,0.02,monte_carlo_run_910_seed_952.log
911,19,1,-1,-1,1,-1,953,3101,0.137,1.97,False,Solitudine / Nessun Contatto,,,Nessuna,1,0,1,0.0,1,1,1,1,0,0,0,0,0,0,0,0,8500.0,2,1.0,1.0,0.0,False,0,0,0,0,0.02,monte_carlo_run_911_seed_953.log
912,19,1,-1,-1,1,-1,954,3101,0.06,1.37,False,Solitudine / Nessun Contatto,,,Nessuna,1,0,1,0.0,2,2,2,1,1,0,0,0,0,0,0,0,8500.0,2,1.0,1.0,0.0,False,0,0,0,1,0.02,monte_carlo_run_912_seed_954.log
913,19,1,-1,-1,1,-1,955,3101,0.057,1.2,False,Solitudine / Nessun Contatto,,,Nessuna,1,0,1,0.0,2,2,2,0,2,0,0,0,0,0,0,0,8500.0,1,0.985,0.985,0.0,False,0,0,0,1,0.02,monte_carlo_run_913_seed_955.log
914,19,1,-1,-1,1,-1,956,3101,0.13,2.42,False,Solitudine / Nessun Contatto,,,Nessuna,1,0,1,0.0,2,2,2,0,2,0,0,0,0,0,0,0,8500.0,1,0.985,0.985,0.0,False,0,0,0,1,0.02,monte_carlo_run_914_seed_956.log
915,19,1,-1,-1,1,-1,957,3101,0.108,1.64,False,Solitudine / Nessun Contatto,,,Nessuna,1,0,1,0.0,1,1,1,1,0,0,0,0,0,0,0,0,8500.0,2,1.0,1.0,0.0,False,0,0,0,0,0.02,monte_carlo_run_915_seed_957.log
916,19,1,-1,-1,1,-1,958,3101,0.083,1.67,False,Solitudine / Nessun Contatto,,,Nessuna,1,0,1,0.0,1,1,1,1,0,0,0,0,0,0,0,0,8500.0,2,1.0,1.0,0.0,False,0,0,0,0,0.02,monte_carlo_run_916_seed_958.log
917,19,1,-1,-1,1,-1,959,3101,0.065,1.3,False,Solitudine / Nessun Contatto,,,Nessuna,1,0,1,0.0,2,2,2,1,1,0,0,0,0,0,0,0,8500.0,2,1.0,1.0,0.0,False,0,0,0,1,0.02,monte_carlo_run_917_seed_959.log
918,19,1,-1,-1,1,-1,960,3101,0.139,2.89,False,Solitudine / Nessun Contatto,,,Nessuna,2,0,2,2.84,1,1,1,1,0,0,0,0,0,0,0,0,8500.0,2,1.0,1.0,0.0,False,0,0,0,0,136.82,monte_carlo_run_918_seed_960.log
919,19,1,-1,-1,1,-1,961,3101,0.072,1.18,False,Solitudine / Nessun Contatto,,,Nessuna,1,0,1,0.0,3,3,3,0,3,0,0,0,0,0,0,0,8500.0,1,0.985,0.985,0.0,False,0,0,0,3,0.02,monte_carlo_run_919_seed_961.log
920,19,1,-1,-1,1,-1,962,3101,0.095,1.3,False,Solitudine / Nessun Contatto,,,Nessuna,2,0,2,0.93,2,2,2,0,2,0,0,0,0,0,0,0,8500.0,1,0.976,0.976,0.0,False,0,0,0,1,39.15,monte_carlo_run_920_seed_962.log
921,19,1,-1,-1,1,-1,963,3101,0.117,2.51,False,Solitudine / Nessun Contatto,,,Nessuna,2,0,2,0.16,3,3,2,0,2,1,1,1,0,0,0,0,8500.05,1,0.984,0.757,-0.2272,False,0,0,0,1,5.3,monte_carlo_run_921_seed_963.log
922,19,1,-1,-1,1,-1,964,3101,0.067,0.92,False,Solitudine / Nessun Contatto,,,Nessuna,1,0,1,0.0,3,3,3,1,2,0,0,0,0,0,0,0,8500.0,2,1.0,1.0,0.0,False,0,0,1,2,0.02,monte_carlo_run_922_seed_964.log
923,19,1,-1,-1,1,-1,965,3101,0.094,1.2,False,Solitudine / Nessun Contatto,,,Nessuna,1,0,1,0.0,1,1,1,1,0,0,0,0,0,0,0,0,8500.0,2,1.0,1.0,0.0,False,0,0,0,0,0.02,monte_carlo_run_923_seed_965.log
924,19,1,-1,-1,1,-1,966,3101,0.128,1.55,False,Solitudine / Nessun Contatto,,,Nessuna,2,0,2,1.48,2,2,2,1,1,0,0,0,0,0,0,0,8500.0,2,1.0,1.0,0.0,False,0,0,0,1,46.28,monte_carlo_run_924_seed_966.log
925,19,1,-1,-1,1,-1,967,3101,0.133,2.3,False,Solitudine / Nessun Contatto,,,Nessuna,1,0,1,0.0,3,3,3,0,3,0,0,0,0,0,0,0,8500.0,1,0.985,0.985,0.0,False,0,0,0,3,0.02,monte_carlo_run_925_seed_967.log
926,19,1,-1,-1,1,-1,968,3101,0.098,1.73,False,Solitudine / Nessun Contatto,,,Nessuna,1,0,1,0.0,1,1,1,1,0,0,0,0,0,0,0,0,8500.0,2,1.0,1.0,0.0,False,0,0,0,0,0.02,monte_carlo_run_926_seed_968.log
927,19,1,-1,-1,1,-1,969,3101,0.09,1.84,False,Solitudine / Nessun Contatto,,,Nessuna,1,0,1,0.0,1,1,1,1,0,0,0,0,0,0,0,0,8500.0,2,1.0,1.0,0.0,False,0,0,0,0,0.02,monte_carlo_run_927_seed_969.log
928,19,1,-1,-1,1,-1,970,3101,0.131,1.57,False,Solitudine / Nessun Contatto,,,Nessuna,2,0,2,1.48,1,1,1,1,0,0,0,0,0,0,0,0,8500.0,2,1.0,1.0,0.0,False,0,0,0,0,45.15,monte_carlo_run_928_seed_970.log
929,19,1,-1,-1,1,-1,971,3101,0.138,3.44,False,Solitudine / Nessun Contatto,,,Nessuna,8,0,8,7.76,3,3,3,1,2,0,0,0,0,0,0,0,8500.0,2,1.079,1.079,0.0,False,5,0,3,3,661.3,monte_carlo_run_929_seed_971.log
930,19,1,-1,-1,1,-1,972,3101,0.106,1.7,False,Solitudine / Nessun Contatto,,,Nessuna,1,0,1,0.0,1,1,1,1,0,0,0,0,0,0,0,0,8500.0,2,1.0,1.0,0.0,False,0,0,0,0,0.02,monte_carlo_run_930_seed_972.log
931,19,1,-1,-1,1,-1,973,3101,0.057,0.85,False,Solitudine / Nessun Contatto,,,Nessuna,1,0,1,0.0,2,2,2,0,2,0,0,0,0,0,0,0,8500.0,1,0.985,0.985,0.0,False,0,0,0,1,0.02,monte_carlo_run_931_seed_973.log
932,19,1,-1,-1,1,-1,974,3101,0.138,2.39,False,Solitudine / Nessun Contatto,,,Nessuna,1,0,1,0.0,2,2,2,1,1,0,0,0,0,0,0,0,8500.0,2,1.0,1.0,0.0,False,0,0,1,1,0.02,monte_carlo_run_932_seed_974.log
933,19,1,-1,-1,1,-1,975,3101,0.14,2.87,False,Solitudine / Nessun Contatto,,,Nessuna,2,0,2,2.21,3,3,3,1,2,0,0,0,0,0,0,0,8500.0,2,1.009,1.009,0.0,False,0,0,2,2,122.06,monte_carlo_run_933_seed_975.log
934,19,1,-1,-1,1,-1,976,3101,0.091,2.08,False,Solitudine / Nessun Contatto,,,Nessuna,2,0,2,0.94,2,2,2,1,1,0,0,0,0,0,0,0,8500.0,2,1.002,1.002,0.0,False,0,0,1,1,41.1,monte_carlo_run_934_seed_976.log
935,19,1,-1,-1,1,-1,977,3101,0.1,1.72,False,Solitudine / Nessun Contatto,,,Nessuna,1,0,1,0.0,3,3,3,1,2,0,0,0,0,0,0,0,8500.0,2,1.0,1.0,0.0,False,0,0,1,3,0.02,monte_carlo_run_935_seed_977.log
936,19,1,-1,-1,1,-1,978,3101,0.147,2.53,False,Solitudine / Nessun Contatto,,,Nessuna,1,0,1,0.0,1,1,1,1,0,0,0,0,0,0,0,0,8500.0,2,1.0,1.0,0.0,False,0,0,0,0,0.02,monte_carlo_run_936_seed_978.log
937,19,1,-1,-1,1,-1,979,3101,0.099,2.43,False,Solitudine / Nessun Contatto,,,Nessuna,1,0,1,0.0,3,3,3,0,3,0,0,0,0,0,0,0,8500.0,1,0.985,0.985,0.0,False,0,0,1,3,0.02,monte_carlo_run_937_seed_979.log
938,19,1,-1,-1,1,-1,980,3101,0.106,1.55,False,Solitudine / Nessun Contatto,,,Nessuna,1,0,1,0.0,2,2,2,1,1,0,0,0,0,0,0,0,8500.0,2,1.0,1.0,0.0,False,0,0,0,1,0.02,monte_carlo_run_938_seed_980.log
939,19,1,-1,-1,1,-1,981,3101,0.081,1.12,False,Solitudine / Nessun Contatto,,,Nessuna,1,0,1,0.0,1,1,1,1,0,0,0,0,0,0,0,0,8500.0,2,1.0,1.0,0.0,False,0,0,0,0,0.02,monte_carlo_run_939_seed_981.log
940,19,1,-1,-1,1,-1,982,3101,0.075,1.48,False,Solitudine / Nessun Contatto,,,Nessuna,2,0,2,1.39,1,1,1,1,0,0,0,0,0,0,0,0,8500.0,2,1.0,1.0,0.0,False,0,0,0,0,92.76,monte_carlo_run_940_seed_982.log
941,19,1,-1,-1,1,-1,983,3101,0.083,1.2,False,Solitudine / Nessun Contatto,,,Nessuna,1,0,1,0.0,1,1,1,1,0,0,0,0,0,0,0,0,8500.0,2,1.0,1.0,0.0,False,0,0,0,0,0.02,monte_carlo_run_941_seed_983.log
942,19,1,-1,-1,1,-1,984,3101,0.057,1.1,False,Solitudine / Nessun Contatto,,,Nessuna,2,0,2,0.72,1,1,1,1,0,0,0,0,0,0,0,0,8500.0,2,1.0,1.0,0.0,False,0,0,0,0,69.73,monte_carlo_run_942_seed_984.log
943,19,1,-1,-1,1,-1,985,3101,0.055,1.22,False,Solitudine / Nessun Contatto,,,Nessuna,1,0,1,0.0,2,2,2,1,1,0,0,0,0,0,0,0,8500.0,2,1.0,1.0,0.0,False,0,0,1,1,0.02,monte_carlo_run_943_seed_985.log
944,19,1,-1,-1,1,-1,986,3101,0.107,2.32,False,Solitudine / Nessun Contatto,,,Nessuna,1,0,1,0.0,2,2,2,1,1,0,0,0,0,0,0,0,8500.0,2,1.0,1.0,0.0,False,0,0,1,1,0.02,monte_carlo_run_944_seed_986.log
945,19,1,-1,-1,1,-1,987,3101,0.06,0.91,False,Solitudine / Nessun Contatto,,,Nessuna,1,0,1,0.0,2,2,2,1,1,0,0,0,0,0,0,0,8500.0,2,1.0,1.0,0.0,False,0,0,0,1,0.02,monte_carlo_run_945_seed_987.log
946,19,1,-1,-1,1,-1,988,3101,0.104,1.62,False,Solitudine / Nessun Contatto,,,Nessuna,1,0,1,0.0,3,3,3,0,3,0,0,0,0,0,0,0,8500.0,1,0.985,0.985,0.0,False,0,0,1,2,0.02,monte_carlo_run_946_seed_988.log
947,19,1,-1,-1,1,-1,989,3101,0.117,2.89,False,Solitudine / Nessun Contatto,,,Nessuna,1,0,1,0.0,3,3,3,1,2,0,0,0,0,0,0,0,8500.0,2,1.001,1.001,0.0,False,0,0,2,3,0.02,monte_carlo_run_947_seed_989.log
948,19,1,-1,-1,1,-1,990,3101,0.126,3.06,False,Solitudine / Nessun Contatto,,,Nessuna,2,0,2,2.6,1,1,1,1,0,0,0,0,0,0,0,0,8500.0,2,1.0,1.0,0.0,False,0,0,0,0,130.99,monte_carlo_run_948_seed_990.log
949,19,1,-1,-1,1,-1,991,3101,0.113,2.48,False,Solitudine / Nessun Contatto,,,Nessuna,2,0,2,2.28,3,3,3,1,2,0,0,0,0,0,0,0,8500.0,2,1.003,1.003,0.0,False,0,0,1,3,121.43,monte_carlo_run_949_seed_991.log
950,19,1,-1,-1,1,-1,992,3101,0.124,2.23,False,Solitudine / Nessun Contatto,,,Nessuna,1,0,1,0.0,2,2,2,1,1,0,0,0,0,0,0,0,8500.0,2,1.0,1.0,0.0,False,0,0,1,1,0.02,monte_carlo_run_950_seed_992.log
951,20,1,-1,-1,1,1,993,3101,0.062,0.8,False,Solitudine / Nessun Contatto,,,Nessuna,1,0,1,0.0,1,1,1,1,0,0,0,0,0,0,0,0,8500.0,2,1.0,1.0,0.0,False,0,0,0,0,0.02,monte_carlo_run_951_seed_993.log
952,20,1,-1,-1,1,1,994,3101,0.094,2.34,False,Solitudine / Nessun Contatto,,,Nessuna,3,0,3,0.75,2,2,2,2,0,0,0,0,0,0,0,0,8500.0,6,1.002,1.002,0.0,False,0,0,1,1,31.72,monte_carlo_run_952_seed_994.log
953,20,1,-1,-1,1,1,995,3101,0.076,1.24,False,Solitudine / Nessun Contatto,,,Nessuna,2,0,2,0.0,2,2,2,2,0,0,0,0,0,0,0,0,8500.0,6,1.0,1.0,0.0,False,0,0,1,1,0.04,monte_carlo_run_953_seed_995.log
954,20,1,-1,-1,1,1,996,3101,0.126,3.12,False,Solitudine / Nessun Contatto,,,Nessuna,7,0,7,4.71,1,1,1,1,0,0,0,0,0,0,0,0,8500.0,2,1.016,1.016,0.0,False,4,0,0,0,496.07,monte_carlo_run_954_seed_996.log
955,20,1,-1,-1,1,1,997,3101,0.135,3.04,False,Solitudine / Nessun Contatto,,,Nessuna,11,0,11,4.06,3,3,3,3,0,0,0,0,0,0,0,0,8500.0,9,1.055,1.055,0.0,False,6,0,2,2,453.07,monte_carlo_run_955_seed_997.log
956,20,1,-1,-1,1,1,998,3101,0.137,2.67,False,Solitudine / Nessun Contatto,,,Nessuna,6,0,6,2.14,3,3,3,3,0,0,0,0,0,0,0,0,8500.0,10,1.014,1.014,0.0,False,2,0,2,2,177.38,monte_carlo_run_956_seed_998.log
957,20,1,-1,-1,1,1,999,3101,0.093,1.34,False,Solitudine / Nessun Contatto,,,Nessuna,1,0,1,0.0,1,1,1,1,0,0,0,0,0,0,0,0,8500.0,2,1.0,1.0,0.0,False,0,0,0,0,0.02,monte_carlo_run_957_seed_999.log
958,20,1,-1,-1,1,1,1000,3101,0.112,2.17,False,Solitudine / Nessun Contatto,,,Nessuna,1,0,1,0.0,1,1,1,1,0,0,0,0,0,0,0,0,8500.0,2,1.0,1.0,0.0,False,0,0,0,0,0.02,monte_carlo_run_958_seed_1000.log
959,20,1,-1,-1,1,1,1001,3101,0.067,1.46,False,Solitudine / Nessun Contatto,,,Nessuna,2,0,2,0.0,2,2,2,2,0,0,0,0,0,0,0,0,8500.0,5,1.0,1.0,0.0,False,0,0,0,1,0.04,monte_carlo_run_959_seed_1001.log
960,20,1,-1,-1,1,1,1002,3101,0.125,2.29,False,Solitudine / Nessun Contatto,,,Nessuna,2,0,2,0.0,2,2,2,2,0,0,0,0,0,0,0,0,8500.0,5,1.0,1.0,0.0,False,0,0,0,1,0.04,monte_carlo_run_960_seed_1002.log
961,20,1,-1,-1,1,1,1003,3101,0.07,1.37,False,Solitudine / Nessun Contatto,,,Nessuna,1,0,1,0.0,1,1,1,1,0,0,0,0,0,0,0,0,8500.0,2,1.0,1.0,0.0,False,0,0,0,0,0.02,monte_carlo_run_961_seed_1003.log
962,20,1,-1,-1,1,1,1004,3101,0.069,0.87,False,Solitudine / Nessun Contatto,,,Nessuna,1,0,1,0.0,1,1,1,1,0,0,0,0,0,0,0,0,8500.0,2,1.0,1.0,0.0,False,0,0,0,0,0.02,monte_carlo_run_962_seed_1004.log
963,20,1,-1,-1,1,1,1005,3101,0.098,2.41,False,Solitudine / Nessun Contatto,,,Nessuna,3,0,3,0.0,2,2,2,2,0,0,0,0,0,0,0,0,8500.0,6,1.002,1.002,0.0,False,0,0,1,1,46.73,monte_carlo_run_963_seed_1005.log
964,20,1,-1,-1,1,1,1006,3101,0.088,1.4,False,Solitudine / Nessun Contatto,,,Nessuna,2,0,2,0.0,2,2,2,2,0,0,0,0,0,0,0,0,8500.0,5,1.0,1.0,0.0,False,0,0,1,1,0.04,monte_carlo_run_964_seed_1006.log
965,20,1,-1,-1,1,1,1007,3101,0.088,1.67,False,Solitudine / Nessun Contatto,,,Nessuna,2,0,2,0.0,2,2,2,2,0,0,0,0,0,0,0,0,8500.0,5,1.0,1.0,0.0,False,0,0,1,1,0.04,monte_carlo_run_965_seed_1007.log
966,20,1,-1,-1,1,1,1008,3101,0.147,2.28,False,Solitudine / Nessun Contatto,,,Nessuna,1,0,1,0.0,1,1,1,1,0,0,0,0,0,0,0,0,8500.0,2,1.0,1.0,0.0,False,0,0,0,0,0.02,monte_carlo_run_966_seed_1008.log
967,20,1,-1,-1,1,1,1009,3101,0.137,2.87,False,Solitudine / Nessun Contatto,,,Nessuna,2,0,2,2.16,1,1,1,1,0,0,0,0,0,0,0,0,8500.0,2,1.0,1.0,0.0,False,0,0,0,0,120.51,monte_carlo_run_967_seed_1009.log
968,20,1,-1,-1,1,1,1010,3101,0.054,1.16,False,Solitudine / Nessun Contatto,,,Nessuna,2,0,2,0.0,2,2,2,2,0,0,0,0,0,0,0,0,8500.0,5,1.0,1.0,0.0,False,0,0,0,1,0.04,monte_carlo_run_968_seed_1010.log
969,20,1,-1,-1,1,1,1011,3101,0.137,2.34,False,Solitudine / Nessun Contatto,,,Nessuna,6,0,6,0.0,3,3,3,3,0,0,0,0,0,0,0,0,8500.0,9,1.005,1.005,0.0,False,2,0,1,3,206.35,monte_carlo_run_969_seed_1011.log
970,20,1,-1,-1,1,1,1012,3101,0.116,2.55,False,Solitudine / Nessun Contatto,,,Nessuna,10,0,10,3.03,3,3,3,3,0,0,0,0,0,0,0,0,8500.0,9,1.022,1.022,0.0,False,4,0,2,2,406.75,monte_carlo_run_970_seed_1012.log
971,20,1,-1,-1,1,1,1013,3101,0.122,2.58,False,Solitudine / Nessun Contatto,,,Nessuna,5,0,5,2.38,3,3,3,3,0,0,0,0,0,0,0,0,8500.0,9,1.006,1.006,0.0,False,0,0,1,3,118.1,monte_carlo_run_971_seed_1013.log
972,20,1,-1,-1,1,1,1014,3101,0.138,3.17,False,Solitudine / Nessun Contatto,,,Nessuna,6,0,6,11.6,2,2,1,1,0,1,1,1,0,0,0,0,8501.08,3,1.01,0.914,-0.0963,False,3,0,0,0,401.35,monte_carlo_run_972_seed_1014.log
973,20,1,-1,-1,1,1,1015,3101,0.064,0.84,False,Solitudine / Nessun Contatto,,,Nessuna,1,0,1,0.0,1,1,1,1,0,0,0,0,0,0,0,0,8500.0,2,1.0,1.0,0.0,False,0,0,0,0,0.02,monte_carlo_run_973_seed_1015.log
974,20,1,-1,-1,1,1,1016,3101,0.109,1.5,False,Solitudine / Nessun Contatto,,,Nessuna,1,0,1,0.0,1,1,1,1,0,0,0,0,0,0,0,0,8500.0,2,1.0,1.0,0.0,False,0,0,0,0,0.02,monte_carlo_run_974_seed_1016.log
975,20,1,-1,-1,1,1,1017,3101,0.1,1.7,False,Solitudine / Nessun Contatto,,,Nessuna,1,0,1,0.0,1,1,1,1,0,0,0,0,0,0,0,0,8500.0,2,1.0,1.0,0.0,False,0,0,0,0,0.02,monte_carlo_run_975_seed_1017.log
976,20,1,-1,-1,1,1,1018,3101,0.136,2.56,False,Solitudine / Nessun Contatto,,,Nessuna,2,0,2,2.54,1,1,1,1,0,0,0,0,0,0,0,0,8500.0,2,1.0,1.0,0.0,False,0,0,0,0,123.97,monte_carlo_run_976_seed_1018.log
977,20,1,-1,-1,1,1,1019,3101,0.137,1.67,False,Solitudine / Nessun Contatto,,,Nessuna,1,0,1,0.0,1,1,1,1,0,0,0,0,0,0,0,0,8500.0,2,1.0,1.0,0.0,False,0,0,0,0,0.02,monte_carlo_run_977_seed_1019.log
978,20,1,-1,-1,1,1,1020,3101,0.114,1.41,False,Solitudine / Nessun Contatto,,,Nessuna,1,0,1,0.0,1,1,1,1,0,0,0,0,0,0,0,0,8500.0,2,1.0,1.0,0.0,False,0,0,0,0,0.02,monte_carlo_run_978_seed_1020.log
979,20,1,-1,-1,1,1,1021,3101,0.102,1.62,False,Solitudine / Nessun Contatto,,,Nessuna,1,0,1,0.0,1,1,1,1,0,0,0,0,0,0,0,0,8500.0,2,1.0,1.0,0.0,False,0,0,0,0,0.02,monte_carlo_run_979_seed_1021.log
980,20,1,-1,-1,1,1,1022,3101,0.064,0.97,False,Solitudine / Nessun Contatto,,,Nessuna,2,0,2,0.0,2,2,2,2,0,0,0,0,0,0,0,0,8500.0,5,1.0,1.0,0.0,False,0,0,0,1,0.04,monte_carlo_run_980_seed_1022.log
981,20,1,-1,-1,1,1,1023,3101,0.147,3.28,False,Solitudine / Nessun Contatto,,,Nessuna,2,0,2,2.94,1,1,1,1,0,0,0,0,0,0,0,0,8500.0,2,1.0,1.0,0.0,False,0,0,0,0,79.92,monte_carlo_run_981_seed_1023.log
982,20,1,-1,-1,1,1,1024,3101,0.143,2.6,False,Solitudine / Nessun Contatto,,,Nessuna,1,0,1,0.0,1,1,1,1,0,0,0,0,0,0,0,0,8500.0,2,1.0,1.0,0.0,False,0,0,0,0,0.02,monte_carlo_run_982_seed_1024.log
983,20,1,-1,-1,1,1,1025,3101,0.061,0.93,False,Solitudine / Nessun Contatto,,,Nessuna,2,0,2,0.0,2,2,2,2,0,0,0,0,0,0,0,0,8500.0,5,1.0,1.0,0.0,False,0,0,1,1,0.04,monte_carlo_run_983_seed_1025.log
984,20,1,-1,-1,1,1,1026,3101,0.086,1.75,False,Solitudine / Nessun Contatto,,,Nessuna,3,0,3,1.6,2,2,2,2,0,0,0,0,0,0,0,0,8500.0,6,1.002,1.002,0.0,False,0,0,1,1,98.45,monte_carlo_run_984_seed_1026.log
985,20,1,-1,-1,1,1,1027,3101,0.125,3.12,True,Contatto Planetario / Biofirme,15.22,1.9,Cauta,2,0,4,3.9,2,2,2,1,1,0,0,0,0,0,0,0,8500.0,2,1.003,1.003,0.0,False,1,0,0,0,234.24,monte_carlo_run_985_seed_1027.log
986,20,1,-1,-1,1,1,1028,3101,0.087,1.08,False,Solitudine / Nessun Contatto,,,Nessuna,1,0,1,0.0,1,1,1,1,0,0,0,0,0,0,0,0,8500.0,2,1.0,1.0,0.0,False,0,0,0,0,0.02,monte_carlo_run_986_seed_1028.log
987,20,1,-1,-1,1,1,1029,3101,0.123,2.51,False,Solitudine / Nessun Contatto,,,Nessuna,12,0,12,6.61,2,2,2,2,0,0,0,0,0,0,0,0,8500.0,6,1.026,1.026,0.0,False,6,0,0,1,605.27,monte_carlo_run_987_seed_1029.log
988,20,1,-1,-1,1,1,1030,3101,0.053,0.69,False,Solitudine / Nessun Contatto,,,Nessuna,2,0,2,0.0,2,2,2,2,0,0,0,0,0,0,0,0,8500.0,6,1.0,1.0,0.0,False,0,0,0,1,0.04,monte_carlo_run_988_seed_1030.log
989,20,1,-1,-1,1,1,1031,3101,0.132,2.32,False,Solitudine / Nessun Contatto,,,Nessuna,1,0,1,0.0,1,1,1,1,0,0,0,0,0,0,0,0,8500.0,2,1.0,1.0,0.0,False,0,0,0,0,0.02,monte_carlo_run_989_seed_1031.log
990,20,1,-1,-1,1,1,1032,3101,0.092,1.82,False,Solitudine / Nessun Contatto,,,Nessuna,4,0,4,1.62,4,4,3,3,0,1,0,0,0,0,0,0,8500.0,9,1.005,1.005,0.0,False,0,0,1,3,96.11,monte_carlo_run_990_seed_1032.log
991,20,1,-1,-1,1,1,1033,3101,0.067,1.41,False,Solitudine / Nessun Contatto,,,Nessuna,1,0,1,0.0,1,1,1,1,0,0,0,0,0,0,0,0,8500.0,2,1.0,1.0,0.0,False,0,0,0,0,0.02,monte_carlo_run_991_seed_1033.log
992,20,1,-1,-1,1,1,1034,3101,0.072,1.07,False,Solitudine / Nessun Contatto,,,Nessuna,1,0,1,0.0,1,1,1,1,0,0,0,0,0,0,0,0,8500.0,2,1.0,1.0,0.0,False,0,0,0,0,0.02,monte_carlo_run_992_seed_1034.log
993,20,1,-1,-1,1,1,1035,3101,0.087,1.56,False,Solitudine / Nessun Contatto,,,Nessuna,4,0,4,0.0,3,3,3,3,0,0,0,0,0,0,0,0,8500.0,10,1.003,1.003,0.0,False,0,0,2,2,24.15,monte_carlo_run_993_seed_1035.log
994,20,1,-1,-1,1,1,1036,3101,0.076,1.5,False,Solitudine / Nessun Contatto,,,Nessuna,1,0,1,0.0,1,1,1,1,0,0,0,0,0,0,0,0,8500.0,2,1.0,1.0,0.0,False,0,0,0,0,0.02,monte_carlo_run_994_seed_1036.log
995,20,1,-1,-1,1,1,1037,3101,0.115,2.3,False,Solitudine / Nessun Contatto,,,Nessuna,2,0,2,0.0,2,2,2,2,0,0,0,0,0,0,0,0,8500.0,6,1.0,1.0,0.0,False,0,0,0,1,0.04,monte_carlo_run_995_seed_1037.log
996,20,1,-1,-1,1,1,1038,3101,0.143,2.02,False,Solitudine / Nessun Contatto,,,Nessuna,1,0,1,0.0,1,1,1,1,0,0,0,0,0,0,0,0,8500.0,2,1.0,1.0,0.0,False,0,0,0,0,0.02,monte_carlo_run_996_seed_1038.log
997,20,1,-1,-1,1,1,1039,3101,0.145,3.05,False,Solitudine / Nessun Contatto,,,Nessuna,3,0,3,2.25,2,2,1,1,0,1,1,1,0,0,0,0,8500.17,2,1.001,0.774,-0.2264,False,0,0,0,0,175.45,monte_carlo_run_997_seed_1039.log
998,20,1,-1,-1,1,1,1040,3101,0.057,1.0,False,Solitudine / Nessun Contatto,,,Nessuna,2,0,2,0.0,2,2,2,2,0,0,0,0,0,0,0,0,8500.0,6,1.0,1.0,0.0,False,0,0,1,1,0.04,monte_carlo_run_998_seed_1040.log
999,20,1,-1,-1,1,1,1041,3101,0.101,2.4,False,Solitudine / Nessun Contatto,,,Nessuna,1,0,1,0.0,1,1,1,1,0,0,0,0,0,0,0,0,8500.0,2,1.0,1.0,0.0,False,0,0,0,0,0.02,monte_carlo_run_999_seed_1041.log
1000,20,1,-1,-1,1,1,1042,3101,0.085,1.66,False,Solitudine / Nessun Contatto,,,Nessuna,4,0,4,1.49,3,3,3,3,0,0,0,0,0,0,0,0,8500.0,8,1.0,1.0,0.0,False,0,0,0,3,92.07,monte_carlo_run_1000_seed_1042.log
1001,21,1,-1,1,-1,-1,1043,3101,0.586,10.3,True,Contatto Planetario / Biofirme,19.27,7.3,Cauta,3,0,2593,37.72,301,225,28,7,16,255,233,233,0,161,104,57,9632.65,536,1.6,1.6,0.0,False,2293,0,888,1050,10000.02,monte_carlo_run_1001_seed_1043.log
1002,21,1,-1,1,-1,-1,1044,3101,0.526,7.38,True,Incontro Flotta Deep-Space,887.25,13.4,Biosfera Primitiva,104,1,2692,25.2,314,222,16,3,10,284,273,273,0,195,112,83,9793.14,620,1.6,1.6,0.0,False,2380,0,1156,1251,10000.02,monte_carlo_run_1002_seed_1044.log
1003,21,1,-1,1,-1,-1,1045,3101,0.22,3.49,False,Solitudine / Nessun Contatto,,,Nessuna,2,0,2,2.84,2,2,2,1,1,0,0,0,0,0,0,0,8500.0,2,1.004,1.004,0.0,False,0,0,1,1,90.66,monte_carlo_run_1003_seed_1045.log
1004,21,1,-1,1,-1,-1,1046,3101,0.276,4.53,True,Contatto Planetario / Biofirme,176.44,10.29,Cauta,8,1,1192,47.48,164,116,12,2,10,143,143,143,0,87,49,38,9130.25,254,1.6,1.6,0.0,False,976,0,311,346,10000.03,monte_carlo_run_1004_seed_1046.log
1005,21,1,-1,1,-1,-1,1047,3101,0.567,13.93,True,Incontro Flotta Deep-Space,4434.45,21.09,Biosfera Primitiva,1378,1,2747,43.69,307,228,19,5,11,273,259,259,0,178,112,66,9666.04,596,1.6,1.6,0.0,False,2440,0,907,996,10000.06,monte_carlo_run_1005_seed_1047.log
1006,21,1,-1,1,-1,-1,1048,3101,0.559,13.42,True,Contatto Planetario / Biofirme,80.53,11.08,Diffidente,5,0,9,14.6,10,9,3,0,2,7,7,7,0,0,0,0,8501.15,1,0.909,0.88,-0.029,False,0,0,0,1,206.52,monte_carlo_run_1006_seed_1048.log
1007,21,1,-1,1,-1,-1,1049,3101,0.24,3.21,False,Solitudine / Nessun Contatto,,,Nessuna,8,0,8,9.54,1,1,1,1,0,0,0,0,0,0,0,0,8500.0,2,1.019,1.019,0.0,False,6,0,0,0,350.71,monte_carlo_run_1007_seed_1049.log
1008,21,1,-1,1,-1,-1,1050,3101,0.583,13.41,True,Contatto Planetario / Biofirme,307.41,20.12,Ostile,20,0,2774,22.49,345,266,28,4,20,306,265,265,0,169,98,71,9684.84,616,1.6,1.6,0.0,False,2429,0,924,1119,10000.05,monte_carlo_run_1008_seed_1050.log
1009,21,1,-1,1,-1,-1,1051,3101,0.368,6.81,True,Incontro Flotta Deep-Space,3586.78,17.42,Biosfera Primitiva,580,0,2544,32.11,323,236,25,5,14,285,279,279,0,179,96,83,9750.51,557,1.545,1.6,0.0547,True,2222,0,982,1061,10000.01,monte_carlo_run_1009_seed_1051.log
1010,21,1,-1,1,-1,-1,1052,3101,0.498,10.91,True,Incontro Flotta Deep-Space,2567.09,12.64,Collaborativa,399,0,2460,34.41,289,210,19,4,11,257,205,205,0,134,94,40,9433.65,463,1.6,1.6,0.0,False,2171,0,737,967,10000.04,monte_carlo_run_1010_seed_1052.log
1011,21,1,-1,1,-1,-1,1053,3101,0.539,6.64,True,Contatto Planetario / Biofirme,158.67,7.3,Diffidente,10,2,2540,39.27,320,236,26,5,16,278,234,234,0,161,114,47,9605.68,551,1.532,1.6,0.0685,True,2219,0,822,1046,10000.01,monte_carlo_run_1011_seed_1053.log
1012,21,1,-1,1,-1,-1,1054,3101,0.4,8.1,True,Incontro Flotta Deep-Space,1442.84,3.11,Collaborativa,141,1,2376,18.39,289,201,14,2,11,264,247,247,0,158,104,54,9538.61,533,1.6,1.6,0.0,False,2086,0,902,1034,10000.1,monte_carlo_run_1012_seed_1054.log
1013,21,1,-1,1,-1,-1,1055,3101,0.343,5.9,True,Contatto Planetario / Biofirme,135.02,7.06,Ostile,9,0,2226,33.29,261,203,24,5,13,227,182,182,0,124,79,45,9460.21,425,1.6,1.6,0.0,False,1955,0,741,882,10000.08,monte_carlo_run_1013_seed_1055.log
1014,21,1,-1,1,-1,-1,1056,3101,0.255,3.67,False,Solitudine / Nessun Contatto,,,Nessuna,16,0,16,12.32,2,2,2,1,1,0,0,0,0,0,0,0,8500.0,2,1.142,1.142,0.0,False,14,0,1,1,1079.68,monte_carlo_run_1014_seed_1056.log
1015,21,1,-1,1,-1,-1,1057,3101,0.421,5.39,True,Contatto Planetario / Biofirme,254.16,6.97,Collaborativa,14,0,2394,53.04,279,210,19,3,11,256,234,234,0,164,101,63,9602.87,517,1.6,1.6,0.0,False,2093,0,826,1005,10000.02,monte_carlo_run_1015_seed_1057.log
1016,21,1,-1,1,-1,-1,1058,3101,0.39,9.32,True,Contatto Planetario / Biofirme,13.16,5.13,Diffidente,2,0,2617,27.86,296,221,24,5,15,263,252,252,0,172,101,71,9682.07,545,1.6,1.6,0.0,False,2318,0,877,961,10000.32,monte_carlo_run_1016_seed_1058.log
1017,21,1,-1,1,-1,-1,1059,3101,0.492,10.25,True,Contatto Planetario / Biofirme,461.93,37.05,Cauta,47,0,2354,43.36,304,214,18,3,15,271,243,243,0,150,123,27,9614.65,493,1.6,1.6,0.0,False,2048,0,880,1069,10000.18,monte_carlo_run_1017_seed_1059.log
1018,21,1,-1,1,-1,-1,1060,3101,0.411,5.39,True,Contatto Planetario / Biofirme,196.95,6.4,Cauta,14,1,2389,44.28,293,217,20,2,16,264,233,233,0,146,104,42,9548.26,469,1.6,1.6,0.0,False,2074,0,709,889,10000.14,monte_carlo_run_1018_seed_1060.log
1019,21,1,-1,1,-1,-1,1061,3101,0.562,12.04,True,Contatto Planetario / Biofirme,28.16,6.9,Diffidente,3,1,2639,33.3,295,230,20,3,16,263,214,214,0,137,91,46,9477.77,538,1.6,1.6,0.0,False,2344,0,733,880,10000.08,monte_carlo_run_1019_seed_1061.log
1020,21,1,-1,1,-1,-1,1062,3101,0.585,8.52,True,Contatto Planetario / Biofirme,238.66,17.65,Predatoria,16,2,2708,39.01,358,258,23,9,12,320,308,308,0,197,119,78,9911.58,679,1.6,1.6,0.0,False,2350,0,1218,1316,10000.02,monte_carlo_run_1020_seed_1062.log
1021,21,1,-1,1,-1,-1,1063,3101,0.583,10.23,True,Incontro Flotta Deep-Space,2007.64,0.0,Collaborativa,172,1,2548,12.72,300,226,29,5,19,258,239,239,0,169,115,54,9679.38,536,1.6,1.6,0.0,False,2246,0,903,1114,10000.08,monte_carlo_run_1021_seed_1063.log
1022,21,1,-1,1,-1,-1,1064,3101,0.549,6.86,True,Contatto Planetario / Biofirme,500.14,7.86,Cauta,32,1,2253,47.71,275,202,18,7,9,242,211,211,0,143,88,55,9494.75,476,1.57,1.6,0.0296,True,1976,0,766,927,10000.05,monte_carlo_run_1022_seed_1064.log
1023,21,1,-1,1,-1,-1,1065,3101,0.296,4.23,True,Contatto Planetario / Biofirme,25.45,4.46,Diffidente,3,0,349,43.5,46,32,8,1,5,38,38,38,0,26,21,5,8707.48,53,1.511,1.6,0.0887,True,279,0,60,89,10000.15,monte_carlo_run_1023_seed_1065.log
1024,21,1,-1,1,-1,-1,1066,3101,0.494,10.04,True,Incontro Flotta Deep-Space,2090.0,7.75,Biosfera Primitiva,548,1,2674,32.61,324,238,24,1,18,291,255,255,0,183,141,42,9750.55,580,1.6,1.6,0.0,False,2350,0,941,1203,10000.05,monte_carlo_run_1024_seed_1066.log
1025,21,1,-1,1,-1,-1,1067,3101,0.249,4.23,True,Incontro Flotta Deep-Space,3373.06,32.43,Biosfera Primitiva,113,0,374,36.95,46,36,4,2,2,42,42,42,0,28,23,5,8696.68,76,1.6,1.6,0.0,False,296,0,66,74,10000.05,monte_carlo_run_1025_seed_1067.log
1026,21,1,-1,1,-1,-1,1068,3101,0.276,4.84,True,Contatto Planetario / Biofirme,903.11,11.77,Collaborativa,17,0,1791,42.65,236,180,22,4,14,205,205,205,0,118,72,46,9334.21,334,1.6,1.6,0.0,False,1471,0,526,607,10000.14,monte_carlo_run_1026_seed_1068.log
1027,21,1,-1,1,-1,-1,1069,3101,0.471,7.26,True,Contatto Planetario / Biofirme,14.89,7.01,Cauta,2,1,2491,19.01,308,236,37,6,23,261,235,235,0,156,94,62,9661.94,522,1.6,1.6,0.0,False,2182,0,892,1050,10000.01,monte_carlo_run_1027_seed_1069.log
1028,21,1,-1,1,-1,-1,1070,3101,0.54,11.28,True,Incontro Flotta Deep-Space,2020.2,11.22,Biosfera Primitiva,216,1,2517,35.0,320,236,17,6,9,292,224,224,0,156,116,40,9573.53,583,1.6,1.6,0.0,False,2196,0,1046,1326,10000.04,monte_carlo_run_1028_seed_1070.log
1029,21,1,-1,1,-1,-1,1071,3101,0.554,8.17,True,Contatto Planetario / Biofirme,8.2,4.54,Diffidente,2,1,2256,15.41,281,204,21,2,18,244,242,242,0,160,82,78,9675.2,457,1.583,1.6,0.0174,True,1973,0,896,981,10000.03,monte_carlo_run_1029_seed_1071.log
1030,21,1,-1,1,-1,-1,1072,3101,0.502,12.39,True,Contatto Planetario / Biofirme,317.86,14.47,Ostile,22,0,2637,33.74,333,249,27,3,20,295,232,232,0,169,115,54,9620.42,620,1.6,1.6,0.0,False,2304,0,1016,1200,10000.03,monte_carlo_run_1030_seed_1072.log
1031,21,1,-1,1,-1,-1,1073,3101,0.311,7.46,True,Contatto Planetario / Biofirme,625.47,12.83,Cauta,42,0,2668,34.52,326,250,32,6,24,285,251,251,0,167,111,56,9645.83,542,1.6,1.6,0.0,False,2341,0,819,977,10000.06,monte_carlo_run_1031_seed_1073.log
1032,21,1,-1,1,-1,-1,1074,3101,0.488,10.94,True,Contatto Planetario / Biofirme,274.62,17.21,Cauta,12,1,2560,33.7,303,227,24,2,13,271,202,202,0,127,95,32,9399.52,529,1.6,1.6,0.0,False,2257,0,747,911,10000.06,monte_carlo_run_1032_seed_1074.log
1033,21,1,-1,1,-1,-1,1075,3101,0.462,6.3,True,Contatto Planetario / Biofirme,156.93,10.05,Collaborativa,12,0,2480,24.88,317,231,24,5,14,284,273,273,0,177,97,80,9749.8,594,1.6,1.6,0.0,False,2156,0,1056,1145,10000.15,monte_carlo_run_1033_seed_1075.log
1034,21,1,-1,1,-1,-1,1076,3101,0.379,7.04,True,Incontro Flotta Deep-Space,1958.71,18.03,Biosfera Primitiva,232,1,2608,42.36,302,225,17,4,12,272,249,249,0,173,115,58,9741.19,541,1.6,1.6,0.0,False,2308,0,917,1092,10000.02,monte_carlo_run_1034_seed_1076.log
1035,21,1,-1,1,-1,-1,1077,3101,0.338,5.4,True,Incontro Flotta Deep-Space,4530.81,22.49,Biosfera Primitiva,873,0,2600,53.3,322,241,22,7,13,286,251,251,0,165,105,60,9685.57,558,1.6,1.6,0.0,False,2247,0,936,1133,10000.05,monte_carlo_run_1035_seed_1077.log
1036,21,1,-1,1,-1,-1,1078,3101,0.301,7.37,False,Solitudine / Nessun Contatto,,,Nessuna,5,0,5,6.66,7,7,3,0,3,4,4,4,0,0,0,0,8500.77,1,0.826,0.796,-0.0292,False,0,0,0,3,246.43,monte_carlo_run_1036_seed_1078.log
1037,21,1,-1,1,-1,-1,1079,3101,0.345,6.26,True,Contatto Planetario / Biofirme,1290.52,14.36,Ostile,76,1,2631,47.53,325,248,30,5,21,284,279,279,0,190,103,87,9777.93,599,1.6,1.6,0.0,False,2303,0,1030,1115,10000.0,monte_carlo_run_1037_seed_1079.log
1038,21,1,-1,1,-1,-1,1080,3101,0.299,7.24,True,Incontro Flotta Deep-Space,1883.04,9.85,Biosfera Primitiva,248,2,2589,37.97,321,228,16,5,9,286,281,281,0,184,104,80,9819.01,602,1.6,1.6,0.0,False,2265,0,1011,1104,10000.04,monte_carlo_run_1038_seed_1080.log
1039,21,1,-1,1,-1,-1,1081,3101,0.344,5.55,True,Incontro Flotta Deep-Space,1889.56,7.33,Biosfera Primitiva,176,0,2458,49.72,273,203,21,3,12,241,215,215,0,148,102,46,9549.47,477,1.6,1.6,0.0,False,2168,0,754,906,10000.07,monte_carlo_run_1039_seed_1081.log
1040,21,1,-1,1,-1,-1,1082,3101,0.513,8.36,True,Contatto Planetario / Biofirme,40.73,7.14,Cauta,3,0,2448,39.53,295,223,24,2,20,258,192,192,0,117,91,26,9316.65,478,1.581,1.6,0.0194,True,2153,0,600,807,10000.09,monte_carlo_run_1040_seed_1082.log
1041,21,1,-1,1,-1,-1,1083,3101,0.248,4.82,False,Solitudine / Nessun Contatto,,,Nessuna,4,0,4,7.54,1,1,1,1,0,0,0,0,0,0,0,0,8500.0,2,1.006,1.006,0.0,False,3,0,0,0,231.01,monte_carlo_run_1041_seed_1083.log
1042,21,1,-1,1,-1,-1,1084,3101,0.447,9.52,True,Incontro Flotta Deep-Space,746.37,8.51,Biosfera Primitiva,68,2,2614,40.93,289,198,27,2,22,249,231,231,0,163,103,60,9635.94,562,1.6,1.6,0.0,False,2326,0,849,961,10000.17,monte_carlo_run_1042_seed_1084.log
1043,21,1,-1,1,-1,-1,1085,3101,0.29,5.89,True,Incontro Flotta Deep-Space,3308.39,11.13,Collaborativa,718,2,2640,36.07,302,229,23,4,15,268,222,222,0,141,107,34,9447.48,497,1.6,1.6,0.0,False,2332,0,706,895,10000.06,monte_carlo_run_1043_seed_1085.log
1044,21,1,-1,1,-1,-1,1086,3101,0.522,7.79,True,Contatto Planetario / Biofirme,4920.54,41.6,Collaborativa,1412,2,2587,51.07,299,203,16,3,10,272,242,242,0,154,107,47,9556.34,541,1.6,1.6,0.0,False,2287,0,760,952,10000.28,monte_carlo_run_1044_seed_1086.log
1045,21,1,-1,1,-1,-1,1087,3101,0.316,5.16,True,Incontro Flotta Deep-Space,1910.12,14.79,Biosfera Primitiva,147,0,2466,44.93,307,227,22,4,15,270,249,249,0,179,108,71,9672.19,548,1.6,1.6,0.0,False,2103,0,987,1153,10000.18,monte_carlo_run_1045_seed_1087.log
1046,21,1,-1,1,-1,-1,1088,3101,0.493,10.69,True,Incontro Flotta Deep-Space,3889.31,20.41,Biosfera Primitiva,682,1,2420,35.59,314,212,14,2,10,278,255,255,0,175,117,58,9674.3,560,1.6,1.6,0.0,False,2108,0,996,1259,10000.0,monte_carlo_run_1046_seed_1088.log
1047,21,1,-1,1,-1,-1,1089,3101,0.439,6.72,True,Contatto Planetario / Biofirme,174.61,9.47,Cauta,11,0,2504,33.32,317,231,28,9,15,273,245,245,0,168,102,66,9706.72,564,1.55,1.6,0.0502,True,2184,0,824,978,10000.05,monte_carlo_run_1047_seed_1089.log
1048,21,1,-1,1,-1,-1,1090,3101,0.423,8.74,True,Incontro Flotta Deep-Space,2486.61,8.02,Biosfera Primitiva,437,1,2463,31.99,288,210,25,3,20,256,207,207,0,134,93,41,9449.95,504,1.6,1.6,0.0,False,2174,0,804,998,10000.03,monte_carlo_run_1048_seed_1090.log
1049,21,1,-1,1,-1,-1,1091,3101,0.367,4.41,True,Incontro Flotta Deep-Space,803.45,8.66,Biosfera Primitiva,35,1,708,48.1,71,55,6,3,3,60,36,36,0,23,18,5,8664.7,106,1.6,1.6,0.0,False,578,0,142,166,10000.02,monte_carlo_run_1049_seed_1091.log
1050,21,1,-1,1,-1,-1,1092,3101,0.523,10.12,True,Incontro Flotta Deep-Space,1121.45,6.46,Biosfera Primitiva,148,1,2640,26.25,327,243,17,1,13,301,255,255,0,172,140,32,9675.45,593,1.6,1.6,0.0,False,2308,0,991,1277,10000.02,monte_carlo_run_1050_seed_1092.log
1051,22,1,-1,1,-1,1,1093,3101,0.35,6.38,True,Incontro Flotta Deep-Space,1681.96,14.51,Biosfera Primitiva,116,0,2539,30.83,326,234,18,4,12,299,252,252,0,187,118,69,9778.09,596,1.6,1.6,0.0,False,2210,0,1144,1360,10000.03,monte_carlo_run_1051_seed_1093.log
1052,22,1,-1,1,-1,1,1094,3101,0.443,5.87,True,Incontro Flotta Deep-Space,708.23,5.99,Biosfera Primitiva,73,1,2554,19.35,297,219,26,5,18,262,111,111,0,80,71,9,9022.27,485,1.6,1.6,0.0,False,2247,0,829,1157,10000.14,monte_carlo_run_1052_seed_1094.log
1053,22,1,-1,1,-1,1,1095,3101,0.384,8.03,True,Contatto Planetario / Biofirme,193.89,8.71,Diffidente,10,0,2709,32.09,326,237,16,3,13,301,255,255,0,197,132,65,9834.96,660,1.6,1.6,0.0,False,2382,0,1232,1434,10000.2,monte_carlo_run_1053_seed_1095.log
1054,22,1,-1,1,-1,1,1096,3101,0.336,5.49,True,Contatto Planetario / Biofirme,95.19,5.55,Collaborativa,15,0,2360,15.43,287,219,22,5,15,251,90,90,0,53,39,14,8897.16,488,1.563,1.6,0.0373,True,2050,0,774,960,10000.0,monte_carlo_run_1054_seed_1096.log
1055,22,1,-1,1,-1,1,1097,3101,0.282,5.84,True,Incontro Flotta Deep-Space,1424.61,0.0,Collaborativa,88,1,2548,31.46,296,224,23,3,17,260,252,252,0,179,112,67,9761.56,550,1.544,1.6,0.0555,True,2244,0,916,1055,10000.02,monte_carlo_run_1055_seed_1097.log
1056,22,1,-1,1,-1,1,1098,3101,0.35,8.06,False,Solitudine / Nessun Contatto,,,Nessuna,2575,1,2575,24.54,314,237,18,1,16,284,270,270,0,184,124,60,9763.39,546,1.6,1.6,0.0,False,2263,0,901,1064,10000.05,monte_carlo_run_1056_seed_1098.log
1057,22,1,-1,1,-1,1,1099,3101,0.236,3.56,False,Solitudine / Nessun Contatto,,,Nessuna,6,0,6,7.66,2,2,1,1,0,1,1,1,0,0,0,0,8500.31,2,1.006,0.743,-0.2625,False,2,0,0,0,272.52,monte_carlo_run_1057_seed_1099.log
1058,22,1,-1,1,-1,1,1100,3101,0.532,12.06,True,Contatto Planetario / Biofirme,98.01,10.77,Collaborativa,8,0,2595,48.43,311,224,21,3,11,276,257,257,0,170,124,46,9684.2,556,1.6,1.6,0.0,False,2281,0,897,1074,10000.3,monte_carlo_run_1058_seed_1100.log
1059,22,1,-1,1,-1,1,1101,3101,0.4,7.99,True,Incontro Flotta Deep-Space,201.91,9.66,Leale alla Madrepatria,30,1,1840,18.54,215,158,26,6,16,176,106,106,0,69,48,21,8976.84,312,1.6,1.6,0.0,False,1625,0,367,488,10000.05,monte_carlo_run_1059_seed_1101.log
1060,22,1,-1,1,-1,1,1102,3101,0.274,6.36,True,Contatto Planetario / Biofirme,29.73,7.01,Diffidente,6,0,2447,27.72,315,222,25,6,12,273,96,96,0,66,53,13,8999.18,540,1.6,1.6,0.0,False,2132,0,778,1091,10000.26,monte_carlo_run_1060_seed_1102.log
1061,22,1,-1,1,-1,1,1103,3101,0.313,5.55,True,Contatto Planetario / Biofirme,150.64,5.26,Diffidente,6,1,2183,22.13,295,212,23,3,16,265,225,225,0,159,98,61,9624.78,507,1.6,1.6,0.0,False,1878,0,1023,1203,10000.21,monte_carlo_run_1061_seed_1103.log
1062,22,1,-1,1,-1,1,1104,3101,0.259,3.41,False,Solitudine / Nessun Contatto,,,Nessuna,5,0,5,0.0,2,2,2,2,0,0,0,0,0,0,0,0,8500.0,5,1.0,1.0,0.0,False,0,0,0,1,144.09,monte_carlo_run_1062_seed_1104.log
1063,22,1,-1,1,-1,1,1105,3101,0.496,6.25,True,Contatto Planetario / Biofirme,1149.72,21.11,Cauta,44,1,2411,30.75,297,230,30,6,21,256,242,242,0,165,94,71,9642.9,520,1.556,1.6,0.0442,True,2106,0,945,1056,10000.03,monte_carlo_run_1063_seed_1105.log
1064,22,1,-1,1,-1,1,1106,3101,0.48,9.98,True,Incontro Flotta Deep-Space,2395.06,9.0,Biosfera Primitiva,630,0,2627,25.95,337,228,30,3,23,288,205,205,0,142,105,37,9526.69,587,1.6,1.6,0.0,False,2295,0,956,1260,10000.07,monte_carlo_run_1064_seed_1106.log
1065,22,1,-1,1,-1,1,1107,3101,0.412,8.62,True,Contatto Planetario / Biofirme,119.85,13.24,Diffidente,10,0,2430,18.24,319,240,19,4,14,295,223,223,0,152,115,37,9606.7,550,1.6,1.6,0.0,False,2113,0,925,1276,10000.11,monte_carlo_run_1065_seed_1107.log
1066,22,1,-1,1,-1,1,1108,3101,0.595,7.98,True,Contatto Planetario / Biofirme,109.76,7.5,Collaborativa,7,1,2750,30.77,370,266,20,3,12,331,288,288,0,193,132,61,9832.78,675,1.6,1.6,0.0,False,2380,0,1202,1459,10000.03,monte_carlo_run_1066_seed_1108.log
1067,22,1,-1,1,-1,1,1109,3101,0.559,7.81,True,Incontro Flotta Deep-Space,665.31,0.0,Collaborativa,69,0,2715,34.48,346,251,18,3,12,313,285,285,0,192,124,68,9797.91,650,1.6,1.6,0.0,False,2368,0,1093,1285,10000.0,monte_carlo_run_1067_seed_1109.log
1068,22,1,-1,1,-1,1,1110,3101,0.595,12.42,True,Contatto Planetario / Biofirme,104.48,13.24,Cauta,15,0,2616,30.05,324,228,36,6,28,276,150,150,0,104,89,15,9212.62,535,1.548,1.6,0.0516,True,2288,0,834,1119,10000.02,monte_carlo_run_1068_seed_1110.log
1069,22,1,-1,1,-1,1,1111,3101,0.507,6.92,True,Incontro Flotta Deep-Space,859.85,8.32,Collaborativa,54,2,2734,33.19,346,255,29,8,17,303,264,264,0,179,125,54,9809.39,622,1.6,1.6,0.0,False,2389,0,1064,1280,10000.19,monte_carlo_run_1069_seed_1111.log
1070,22,1,-1,1,-1,1,1112,3101,0.465,9.72,True,Incontro Flotta Deep-Space,1904.54,8.11,Biosfera Primitiva,330,0,2620,17.93,296,232,27,4,22,260,167,167,0,123,91,32,9289.39,560,1.6,1.6,0.0,False,2325,0,935,1249,10000.36,monte_carlo_run_1070_seed_1112.log
1071,22,1,-1,1,-1,1,1113,3101,0.501,8.47,True,Incontro Flotta Deep-Space,5902.88,23.05,Biosfera Primitiva,1807,2,2660,35.28,344,256,16,5,9,313,296,296,0,201,123,78,9929.2,658,1.6,1.6,0.0,False,2318,0,1106,1329,10000.08,monte_carlo_run_1071_seed_1113.log
1072,22,1,-1,1,-1,1,1114,3101,0.223,5.27,True,Contatto Planetario / Biofirme,20.95,4.67,Collaborativa,5,0,2699,20.32,326,242,25,9,13,284,163,163,0,105,84,21,9164.44,539,1.6,1.6,0.0,False,2334,0,891,1119,10000.49,monte_carlo_run_1072_seed_1114.log
1073,22,1,-1,1,-1,1,1115,3101,0.314,5.52,True,Incontro Flotta Deep-Space,3724.59,8.28,Biosfera Primitiva,282,0,2529,38.06,301,229,24,5,16,271,250,250,0,168,108,60,9682.02,499,1.6,1.6,0.0,False,2204,0,906,1073,10000.05,monte_carlo_run_1073_seed_1115.log
1074,22,1,-1,1,-1,1,1116,3101,0.497,7.08,True,Incontro Flotta Deep-Space,274.75,0.0,Diffidente,29,0,2237,29.83,292,214,39,7,23,245,102,102,0,65,56,9,8949.13,441,1.536,1.6,0.0641,True,1945,0,751,948,10000.1,monte_carlo_run_1074_seed_1116.log
1075,22,1,-1,1,-1,1,1117,3101,0.422,5.31,True,Contatto Planetario / Biofirme,106.81,11.23,Cauta,10,1,2431,29.94,288,199,23,6,15,251,201,201,0,141,89,52,9467.59,484,1.593,1.6,0.0065,True,2100,0,800,987,10000.02,monte_carlo_run_1075_seed_1117.log
1076,22,1,-1,1,-1,1,1118,3101,0.517,12.59,True,Contatto Planetario / Biofirme,648.17,24.14,Collaborativa,125,2,2762,25.9,350,237,27,7,16,305,198,198,0,133,94,39,9471.81,647,1.543,1.6,0.0572,True,2411,0,973,1198,10000.04,monte_carlo_run_1076_seed_1118.log
1077,22,1,-1,1,-1,1,1119,3101,0.558,9.34,True,Incontro Flotta Deep-Space,957.07,2.29,Biosfera Primitiva,89,0,2630,40.51,329,246,24,4,18,289,238,238,0,146,99,47,9556.7,543,1.6,1.6,0.0,False,2300,0,744,938,10000.02,monte_carlo_run_1077_seed_1119.log
1078,22,1,-1,1,-1,1,1120,3101,0.482,10.04,True,Incontro Flotta Deep-Space,1270.6,4.95,Biosfera Primitiva,258,1,2613,31.85,316,224,15,2,12,287,150,150,0,105,92,13,9208.08,573,1.6,1.6,0.0,False,2299,0,775,1046,10000.01,monte_carlo_run_1078_seed_1120.log
1079,22,1,-1,1,-1,1,1121,3101,0.261,4.09,True,Contatto Planetario / Biofirme,134.8,4.75,Diffidente,16,0,448,27.46,56,41,3,1,1,50,6,6,0,4,4,0,8534.33,108,1.04,1.6,0.5601,True,343,0,65,91,10000.34,monte_carlo_run_1079_seed_1121.log
1080,22,1,-1,1,-1,1,1122,3101,0.425,8.72,True,Contatto Planetario / Biofirme,25.63,8.91,Collaborativa,9,0,2473,14.63,324,249,30,5,19,287,50,50,0,35,34,1,8730.41,552,1.542,1.592,0.0494,True,2150,0,848,1352,10000.16,monte_carlo_run_1080_seed_1122.log
1081,22,1,-1,1,-1,1,1123,3101,0.445,9.83,True,Incontro Flotta Deep-Space,1260.06,7.11,Collaborativa,139,0,2310,28.22,285,221,27,4,17,250,201,201,0,140,93,47,9438.95,483,1.6,1.6,0.0,False,2020,0,780,951,10000.16,monte_carlo_run_1081_seed_1123.log
1082,22,1,-1,1,-1,1,1124,3101,0.595,12.75,False,Solitudine / Nessun Contatto,,,Nessuna,2686,3,2686,32.42,344,250,28,5,19,299,270,270,0,191,116,75,9792.14,685,1.6,1.6,0.0,False,2342,0,1145,1323,10000.08,monte_carlo_run_1082_seed_1124.log
1083,22,1,-1,1,-1,1,1125,3101,0.597,14.78,True,Contatto Planetario / Biofirme,406.05,16.09,Cauta,37,3,2797,43.09,328,241,29,6,17,286,275,275,0,196,118,78,9902.96,645,1.6,1.6,0.0,False,2469,0,1062,1161,10000.03,monte_carlo_run_1083_seed_1125.log
1084,22,1,-1,1,-1,1,1126,3101,0.408,8.35,True,Contatto Planetario / Biofirme,95.53,7.26,Collaborativa,13,0,2636,17.29,338,245,18,4,12,307,11,11,0,11,11,0,8572.0,623,1.276,1.447,0.1712,True,2297,0,992,1445,10000.04,monte_carlo_run_1084_seed_1126.log
1085,22,1,-1,1,-1,1,1127,3101,0.245,5.84,True,Incontro Flotta Deep-Space,11.82,2.9,Collaborativa,6,1,2505,8.36,312,234,19,0,15,278,3,3,0,1,1,0,8507.65,546,0.698,0.15,-0.5484,False,2186,0,943,1127,10000.02,monte_carlo_run_1085_seed_1127.log
1086,22,1,-1,1,-1,1,1128,3101,0.46,10.5,True,Contatto Planetario / Biofirme,13.68,6.29,Diffidente,2,0,2014,31.08,236,174,19,6,12,204,185,185,0,133,100,33,9425.58,388,1.6,1.6,0.0,False,1776,0,534,710,10000.04,monte_carlo_run_1086_seed_1128.log
1087,22,1,-1,1,-1,1,1129,3101,0.347,4.97,True,Incontro Flotta Deep-Space,4361.75,27.21,Biosfera Primitiva,387,3,1994,43.72,259,187,26,5,19,216,215,215,0,141,89,52,9490.35,366,1.6,1.6,0.0,False,1683,0,568,643,10000.01,monte_carlo_run_1087_seed_1129.log
1088,22,1,-1,1,-1,1,1130,3101,0.254,5.42,True,Incontro Flotta Deep-Space,858.1,6.83,Biosfera Primitiva,37,0,2346,29.57,317,237,25,4,17,276,270,270,0,189,115,74,9754.56,557,1.6,1.6,0.0,False,2006,0,1044,1170,10000.14,monte_carlo_run_1088_seed_1130.log
1089,22,1,-1,1,-1,1,1131,3101,0.233,4.33,False,Solitudine / Nessun Contatto,,,Nessuna,1,0,1,0.0,1,1,1,1,0,0,0,0,0,0,0,0,8500.0,2,1.0,1.0,0.0,False,0,0,0,0,0.02,monte_carlo_run_1089_seed_1131.log
1090,22,1,-1,1,-1,1,1132,3101,0.535,11.31,True,Incontro Flotta Deep-Space,2648.64,16.2,Biosfera Primitiva,315,2,2660,41.01,315,235,26,8,15,276,225,225,0,148,107,41,9525.85,541,1.6,1.6,0.0,False,2343,0,804,1066,10000.04,monte_carlo_run_1090_seed_1132.log
1091,22,1,-1,1,-1,1,1133,3101,0.512,11.74,True,Contatto Planetario / Biofirme,55.28,7.25,Ostile,7,1,2476,53.38,303,224,25,4,16,259,106,106,0,70,55,15,9004.14,482,1.6,1.6,0.0,False,2173,0,710,961,10000.01,monte_carlo_run_1091_seed_1133.log
1092,22,1,-1,1,-1,1,1134,3101,0.445,6.39,True,Incontro Flotta Deep-Space,138.29,9.75,Ostile,16,0,2326,14.48,259,186,20,2,14,231,23,23,0,15,15,0,8595.71,458,1.52,1.293,-0.2267,False,2067,0,600,847,10000.11,monte_carlo_run_1092_seed_1134.log
1093,22,1,-1,1,-1,1,1135,3101,0.415,7.6,True,Incontro Flotta Deep-Space,741.62,7.29,Biosfera Primitiva,71,1,2719,29.15,307,227,25,6,19,272,266,266,0,179,102,77,9740.28,581,1.6,1.6,0.0,False,2413,0,885,978,10000.03,monte_carlo_run_1093_seed_1135.log
1094,22,1,-1,1,-1,1,1136,3101,0.269,4.63,False,Solitudine / Nessun Contatto,,,Nessuna,1474,0,1474,0.0,174,125,14,1,8,153,0,0,0,0,0,0,8500.0,265,0.793,0.793,0.0,False,1223,0,271,321,10000.05,monte_carlo_run_1094_seed_1136.log
1095,22,1,-1,1,-1,1,1137,3101,0.598,10.37,True,Contatto Planetario / Biofirme,21.35,11.16,Predatoria,6,1,2481,11.16,313,221,19,3,14,281,186,186,0,117,88,29,9332.3,505,1.578,1.6,0.0218,True,2171,0,785,1045,10000.03,monte_carlo_run_1095_seed_1137.log
1096,22,1,-1,1,-1,1,1138,3101,0.223,3.87,False,Solitudine / Nessun Contatto,,,Nessuna,12,0,12,8.64,2,2,1,1,0,1,1,1,0,0,0,0,8501.14,3,1.072,0.897,-0.1747,False,8,0,0,0,1091.23,monte_carlo_run_1096_seed_1138.log
1097,22,1,-1,1,-1,1,1139,3101,0.562,7.48,True,Incontro Flotta Deep-Space,61.82,14.52,Diffidente,10,1,2439,34.15,286,207,27,5,17,250,118,118,0,86,79,7,9093.59,449,1.527,1.6,0.073,True,2152,0,689,1084,10000.1,monte_carlo_run_1097_seed_1139.log
1098,22,1,-1,1,-1,1,1140,3101,0.346,4.6,True,Contatto Planetario / Biofirme,233.68,8.41,Cauta,11,0,1659,52.86,199,140,11,2,8,180,180,180,0,109,68,41,9304.7,304,1.6,1.6,0.0,False,1372,0,445,496,10000.06,monte_carlo_run_1098_seed_1140.log
1099,22,1,-1,1,-1,1,1141,3101,0.401,7.79,True,Incontro Flotta Deep-Space,1306.77,10.26,Biosfera Primitiva,97,0,2555,35.86,307,225,28,3,23,265,249,249,0,174,120,54,9701.27,562,1.6,1.6,0.0,False,2249,0,1046,1228,10000.08,monte_carlo_run_1099_seed_1141.log
1100,22,1,-1,1,-1,1,1142,3101,0.526,6.79,True,Contatto Planetario / Biofirme,9.23,4.86,Cauta,2,3,2668,33.25,334,253,28,5,18,293,267,267,0,186,117,69,9862.67,634,1.6,1.6,0.0,False,2333,0,1071,1195,10000.15,monte_carlo_run_1100_seed_1142.log
1101,23,1,-1,1,1,-1,1143,3101,0.501,11.39,True,Contatto Planetario / Biofirme,18.66,9.35,Cauta,2,2,1972,45.65,99,69,11,4,6,83,81,81,0,55,40,15,8855.26,155,1.6,1.6,0.0,False,1869,0,96,115,10000.56,monte_carlo_run_1101_seed_1143.log
1102,23,1,-1,1,1,-1,1144,3101,0.294,6.61,True,Incontro Flotta Deep-Space,2711.17,8.19,Collaborativa,239,0,1682,31.92,77,54,8,1,5,68,67,67,0,42,34,8,8799.75,101,1.6,1.6,0.0,False,1600,0,65,82,10000.04,monte_carlo_run_1102_seed_1144.log
1103,23,1,-1,1,1,-1,1145,3101,0.234,3.78,False,Solitudine / Nessun Contatto,,,Nessuna,5,0,5,6.25,2,1,1,0,1,0,0,0,0,0,0,0,8500.0,1,0.95,0.95,0.0,False,2,0,0,1,169.27,monte_carlo_run_1103_seed_1145.log
1104,23,1,-1,1,1,-1,1146,3101,0.553,11.5,True,Contatto Planetario / Biofirme,371.19,13.01,Predatoria,25,2,1846,41.07,86,62,4,2,2,76,68,68,0,46,42,4,8810.52,133,1.6,1.6,0.0,False,1761,0,79,106,10000.04,monte_carlo_run_1104_seed_1146.log
1105,23,1,-1,1,1,-1,1147,3101,0.239,4.08,False,Solitudine / Nessun Contatto,,,Nessuna,5,0,5,6.96,2,2,2,0,2,0,0,0,0,0,0,0,8500.0,1,0.902,0.902,0.0,False,3,0,0,1,195.09,monte_carlo_run_1105_seed_1147.log
1106,23,1,-1,1,1,-1,1148,3101,0.368,7.49,True,Incontro Flotta Deep-Space,1473.44,10.31,Biosfera Primitiva,97,1,1528,39.83,68,51,7,2,5,58,58,58,0,39,31,8,8793.19,93,1.6,1.6,0.0,False,1459,0,65,75,10000.09,monte_carlo_run_1106_seed_1148.log
1107,23,1,-1,1,1,-1,1149,3101,0.574,14.14,True,Contatto Planetario / Biofirme,9.22,5.29,Cauta,2,1,1664,36.73,84,62,13,1,9,67,66,66,0,44,36,8,8827.76,109,1.6,1.6,0.0,False,1574,0,50,66,10000.07,monte_carlo_run_1107_seed_1149.log
1108,23,1,-1,1,1,-1,1150,3101,0.447,9.1,True,Contatto Planetario / Biofirme,641.48,16.67,Cauta,43,0,2213,38.74,103,73,6,2,3,95,95,95,0,64,53,11,8971.39,152,1.6,1.6,0.0,False,2110,0,112,133,10000.01,monte_carlo_run_1108_seed_1150.log
1109,23,1,-1,1,1,-1,1151,3101,0.361,8.76,True,Contatto Planetario / Biofirme,134.12,12.5,Predatoria,6,1,1675,38.72,86,62,6,3,1,75,75,75,0,53,46,7,8861.99,112,1.6,1.6,0.0,False,1588,0,91,117,10000.69,monte_carlo_run_1109_seed_1151.log
1110,23,1,-1,1,1,-1,1152,3101,0.438,10.09,True,Incontro Flotta Deep-Space,717.36,4.0,Collaborativa,56,0,2190,28.67,113,77,8,3,4,101,100,100,0,66,48,18,8951.09,187,1.6,1.6,0.0,False,2077,0,151,180,10000.17,monte_carlo_run_1110_seed_1152.log
1111,23,1,-1,1,1,-1,1153,3101,0.52,7.58,True,Contatto Planetario / Biofirme,488.17,17.42,Collaborativa,30,0,1825,54.78,77,59,11,2,9,63,63,63,0,39,30,9,8787.63,105,1.6,1.6,0.0,False,1745,0,53,64,10000.29,monte_carlo_run_1111_seed_1153.log
1112,23,1,-1,1,1,-1,1154,3101,0.372,6.12,True,Contatto Planetario / Biofirme,3669.23,17.59,Cauta,250,1,1432,30.19,72,51,7,2,5,60,50,50,0,23,22,1,8694.23,85,1.6,1.6,0.0,False,1355,0,23,39,10000.5,monte_carlo_run_1112_seed_1154.log
1113,23,1,-1,1,1,-1,1155,3101,0.46,6.41,True,Contatto Planetario / Biofirme,167.75,8.94,Cauta,11,1,1868,44.14,98,71,6,2,4,87,84,84,0,53,44,9,8897.42,139,1.6,1.6,0.0,False,1766,0,103,135,10000.17,monte_carlo_run_1113_seed_1155.log
1114,23,1,-1,1,1,-1,1156,3101,0.564,8.75,True,Incontro Flotta Deep-Space,2563.57,10.01,Biosfera Primitiva,207,1,1834,32.73,99,78,12,2,8,83,81,81,0,54,40,14,8854.78,126,1.6,1.6,0.0,False,1735,0,87,106,10000.02,monte_carlo_run_1114_seed_1156.log
1115,23,1,-1,1,1,-1,1157,3101,0.306,6.11,False,Solitudine / Nessun Contatto,,,Nessuna,1572,0,1572,25.04,85,62,6,2,2,76,75,75,0,56,39,17,8870.37,132,1.538,1.6,0.0615,True,1483,0,141,163,10000.16,monte_carlo_run_1115_seed_1157.log
1116,23,1,-1,1,1,-1,1158,3101,0.359,5.51,True,Incontro Flotta Deep-Space,973.24,9.45,Biosfera Primitiva,30,0,1503,50.62,81,65,7,2,3,71,71,71,0,40,36,4,8802.2,95,1.6,1.6,0.0,False,1417,0,51,76,10000.19,monte_carlo_run_1116_seed_1158.log
1117,23,1,-1,1,1,-1,1159,3101,0.441,8.59,True,Contatto Planetario / Biofirme,364.23,14.26,Ostile,18,3,1718,41.2,84,60,10,2,6,70,67,67,0,46,32,14,8809.56,136,1.6,1.6,0.0,False,1629,0,112,127,10000.39,monte_carlo_run_1117_seed_1159.log
1118,23,1,-1,1,1,-1,1160,3101,0.249,3.87,False,Solitudine / Nessun Contatto,,,Nessuna,12,0,12,13.22,3,3,3,1,2,0,0,0,0,0,0,0,8500.0,2,1.117,1.117,0.0,False,10,0,2,2,791.34,monte_carlo_run_1118_seed_1160.log
1119,23,1,-1,1,1,-1,1161,3101,0.513,8.93,True,Incontro Flotta Deep-Space,667.86,6.08,Biosfera Primitiva,40,1,1812,37.11,80,55,4,2,2,73,72,72,0,51,40,11,8882.7,128,1.6,1.6,0.0,False,1725,0,78,96,10000.42,monte_carlo_run_1119_seed_1161.log
1120,23,1,-1,1,1,-1,1162,3101,0.401,9.99,True,Incontro Flotta Deep-Space,3327.24,8.49,Biosfera Primitiva,292,0,1973,34.75,112,84,6,2,3,102,102,102,0,70,52,18,9035.72,172,1.6,1.6,0.0,False,1856,0,143,168,10000.03,monte_carlo_run_1120_seed_1162.log
1121,23,1,-1,1,1,-1,1163,3101,0.479,11.67,True,Contatto Planetario / Biofirme,10.59,5.07,Diffidente,2,0,1405,28.98,74,56,9,1,8,63,61,61,0,39,35,4,8775.94,110,1.6,1.6,0.0,False,1329,0,67,90,10000.0,monte_carlo_run_1121_seed_1163.log
1122,23,1,-1,1,1,-1,1164,3101,0.596,7.76,True,Contatto Planetario / Biofirme,336.21,11.35,Collaborativa,20,0,953,27.32,44,35,5,1,4,37,37,37,0,21,18,3,8654.58,63,1.6,1.6,0.0,False,908,0,32,41,10000.11,monte_carlo_run_1122_seed_1164.log
1123,23,1,-1,1,1,-1,1165,3101,0.36,8.85,True,Contatto Planetario / Biofirme,505.24,11.84,Ostile,28,0,1745,47.61,78,52,6,1,3,69,63,63,0,34,28,6,8718.89,97,1.6,1.6,0.0,False,1663,0,40,59,10000.37,monte_carlo_run_1123_seed_1165.log
1124,23,1,-1,1,1,-1,1166,3101,0.33,6.9,True,Contatto Planetario / Biofirme,707.28,16.36,Cauta,44,1,1875,34.54,100,84,10,2,8,87,74,74,0,44,40,4,8792.1,133,1.6,1.6,0.0,False,1777,0,93,127,10000.07,monte_carlo_run_1124_seed_1166.log
1125,23,1,-1,1,1,-1,1167,3101,0.428,10.11,True,Contatto Planetario / Biofirme,18.96,8.12,Cauta,2,0,1795,40.55,89,64,6,2,3,77,76,76,0,43,36,7,8830.57,128,1.6,1.6,0.0,False,1703,0,63,79,10000.33,monte_carlo_run_1125_seed_1167.log
1126,23,1,-1,1,1,-1,1168,3101,0.295,4.64,True,Incontro Flotta Deep-Space,712.21,5.15,Biosfera Primitiva,17,0,402,38.19,18,16,2,1,1,16,16,16,0,9,7,2,8565.82,24,1.6,1.333,-0.2672,False,373,0,9,11,10002.04,monte_carlo_run_1126_seed_1168.log
1127,23,1,-1,1,1,-1,1169,3101,0.571,9.92,True,Incontro Flotta Deep-Space,3452.36,28.67,Biosfera Primitiva,238,1,1601,42.31,68,51,5,2,2,61,61,61,0,33,28,5,8738.82,98,1.6,1.6,0.0,False,1529,0,49,55,10000.09,monte_carlo_run_1127_seed_1169.log
1128,23,1,-1,1,1,-1,1170,3101,0.316,3.85,False,Solitudine / Nessun Contatto,,,Nessuna,10,0,10,9.09,1,1,1,1,0,0,0,0,0,0,0,0,8500.0,2,1.05,1.05,0.0,False,9,0,0,0,641.44,monte_carlo_run_1128_seed_1170.log
1129,23,1,-1,1,1,-1,1171,3101,0.359,5.63,True,Incontro Flotta Deep-Space,7543.61,24.77,Collaborativa,1133,0,1646,35.29,82,63,9,1,8,69,69,69,0,47,33,14,8814.91,124,1.559,1.6,0.0408,True,1555,0,94,103,10000.47,monte_carlo_run_1129_seed_1171.log
1130,23,1,-1,1,1,-1,1172,3101,0.477,10.8,True,Contatto Planetario / Biofirme,91.02,9.79,Predatoria,4,0,5,9.79,5,4,3,0,3,2,2,2,0,0,0,0,8500.72,1,0.923,0.806,-0.1171,False,0,0,0,1,144.72,monte_carlo_run_1130_seed_1172.log
1131,23,1,-1,1,1,-1,1173,3101,0.372,5.27,True,Incontro Flotta Deep-Space,4653.66,10.89,Biosfera Primitiva,354,1,1452,43.91,69,47,4,2,2,61,61,61,0,42,36,6,8800.23,83,1.552,1.6,0.0476,True,1366,0,64,90,10000.51,monte_carlo_run_1131_seed_1173.log
1132,23,1,-1,1,1,-1,1174,3101,0.347,7.26,True,Contatto Planetario / Biofirme,2391.46,20.73,Diffidente,174,1,1759,52.01,85,62,6,3,2,76,74,74,0,49,38,11,8849.32,128,1.6,1.6,0.0,False,1672,0,92,114,10000.19,monte_carlo_run_1132_seed_1174.log
1133,23,1,-1,1,1,-1,1175,3101,0.244,5.65,True,Incontro Flotta Deep-Space,3886.76,18.35,Biosfera Primitiva,123,0,1136,27.41,52,42,8,2,4,43,43,43,0,30,27,3,8726.98,62,1.6,1.6,0.0,False,1077,0,40,51,10000.29,monte_carlo_run_1133_seed_1175.log
1134,23,1,-1,1,1,-1,1176,3101,0.242,5.66,True,Incontro Flotta Deep-Space,4258.03,11.25,Collaborativa,164,0,918,35.04,40,27,2,1,1,33,33,33,0,24,21,3,8668.29,43,1.589,1.6,0.0108,True,877,0,24,34,10000.03,monte_carlo_run_1134_seed_1176.log
1135,23,1,-1,1,1,-1,1177,3101,0.457,7.03,True,Contatto Planetario / Biofirme,92.06,11.11,Ostile,7,2,1805,44.48,86,61,9,3,5,71,71,71,0,48,41,7,8848.46,113,1.6,1.6,0.0,False,1716,0,72,97,10000.09,monte_carlo_run_1135_seed_1177.log
1136,23,1,-1,1,1,-1,1178,3101,0.386,6.4,True,Incontro Flotta Deep-Space,2605.81,12.22,Biosfera Primitiva,163,1,1410,39.71,68,52,6,2,2,58,52,52,0,30,27,3,8704.28,83,1.6,1.6,0.0,False,1342,0,66,96,10000.74,monte_carlo_run_1136_seed_1178.log
1137,23,1,-1,1,1,-1,1179,3101,0.515,12.17,True,Contatto Planetario / Biofirme,174.65,12.56,Cauta,14,2,1391,35.38,66,50,9,3,6,50,31,31,0,16,14,2,8636.35,78,1.6,1.6,0.0002,True,1324,0,33,50,10000.1,monte_carlo_run_1137_seed_1179.log
1138,23,1,-1,1,1,-1,1180,3101,0.545,7.04,True,Incontro Flotta Deep-Space,3337.16,14.66,Biosfera Primitiva,513,1,2219,40.88,104,70,4,1,3,95,95,95,0,55,37,18,8887.15,165,1.6,1.6,0.0,False,2111,0,94,99,10000.23,monte_carlo_run_1138_seed_1180.log
1139,23,1,-1,1,1,-1,1181,3101,0.361,5.17,True,Incontro Flotta Deep-Space,2466.75,19.39,Biosfera Primitiva,109,1,1275,41.49,64,50,3,1,2,57,57,57,0,40,32,8,8761.95,102,1.577,1.6,0.0234,True,1187,0,71,90,10000.28,monte_carlo_run_1139_seed_1181.log
1140,23,1,-1,1,1,-1,1182,3101,0.216,4.76,False,Solitudine / Nessun Contatto,,,Nessuna,355,0,355,47.46,16,12,2,1,1,14,14,14,0,10,9,1,8556.65,25,1.6,1.442,-0.1577,False,328,0,7,9,10000.15,monte_carlo_run_1140_seed_1182.log
1141,23,1,-1,1,1,-1,1183,3101,0.284,3.85,False,Solitudine / Nessun Contatto,,,Nessuna,18,0,18,14.96,3,2,2,0,2,0,0,0,0,0,0,0,8500.0,1,0.696,0.696,0.0,False,16,0,0,2,1096.19,monte_carlo_run_1141_seed_1183.log
1142,23,1,-1,1,1,-1,1184,3101,0.34,7.26,True,Contatto Planetario / Biofirme,1165.43,12.97,Collaborativa,67,0,1832,40.04,87,62,8,3,3,76,75,75,0,46,39,7,8834.05,106,1.6,1.6,0.0,False,1744,0,44,62,10000.07,monte_carlo_run_1142_seed_1184.log
1143,23,1,-1,1,1,-1,1185,3101,0.424,6.8,True,Contatto Planetario / Biofirme,529.2,12.09,Predatoria,23,0,1893,33.05,79,56,7,1,3,70,70,70,0,37,34,3,8766.02,91,1.6,1.493,-0.107,False,1810,0,33,55,10000.15,monte_carlo_run_1143_seed_1185.log
1144,23,1,-1,1,1,-1,1186,3101,0.482,8.83,True,Contatto Planetario / Biofirme,242.64,8.83,Predatoria,11,1,2080,31.96,102,79,7,1,6,91,89,89,0,57,48,9,8885.13,147,1.6,1.6,0.0,False,1976,0,100,123,10000.18,monte_carlo_run_1144_seed_1186.log
1145,23,1,-1,1,1,-1,1187,3101,0.464,10.69,True,Contatto Planetario / Biofirme,16.99,7.88,Collaborativa,2,1,1943,36.2,96,73,7,1,5,83,83,83,0,53,45,8,8863.64,145,1.6,1.6,0.0,False,1843,0,115,135,10000.53,monte_carlo_run_1145_seed_1187.log
1146,23,1,-1,1,1,-1,1188,3101,0.214,4.07,True,Incontro Flotta Deep-Space,1256.6,12.94,Biosfera Primitiva,56,0,158,29.15,12,8,4,1,2,7,7,7,0,4,4,0,8522.53,13,1.559,1.101,-0.4581,False,133,0,4,9,10000.22,monte_carlo_run_1146_seed_1188.log
1147,23,1,-1,1,1,-1,1189,3101,0.254,3.97,False,Solitudine / Nessun Contatto,,,Nessuna,30,0,30,13.45,3,3,1,0,1,2,2,2,0,1,1,0,8505.17,5,0.929,0.605,-0.3246,False,25,0,0,1,3459.7,monte_carlo_run_1147_seed_1189.log
1148,23,1,-1,1,1,-1,1190,3101,0.372,7.71,True,Incontro Flotta Deep-Space,8466.76,24.98,Biosfera Primitiva,996,0,1290,44.89,55,42,4,1,3,48,48,48,0,27,23,4,8685.44,70,1.6,1.6,0.0,False,1232,0,25,31,10000.08,monte_carlo_run_1148_seed_1190.log
1149,23,1,-1,1,1,-1,1191,3101,0.415,5.45,True,Contatto Planetario / Biofirme,146.1,6.95,Collaborativa,10,0,1317,48.1,67,45,4,2,0,60,60,60,0,32,31,1,8711.49,80,1.587,1.579,-0.0086,False,1241,0,38,58,10000.09,monte_carlo_run_1149_seed_1191.log
1150,23,1,-1,1,1,-1,1192,3101,0.507,6.67,True,Contatto Planetario / Biofirme,4745.5,16.62,Diffidente,706,1,1802,37.96,74,58,8,5,2,63,54,54,0,32,28,4,8714.05,111,1.6,1.6,0.0,False,1725,0,46,58,10000.09,monte_carlo_run_1150_seed_1192.log
1151,24,1,-1,1,1,1,1193,3101,0.41,8.07,True,Incontro Flotta Deep-Space,1414.23,4.15,Collaborativa,73,0,1981,31.9,94,70,6,2,3,85,84,84,0,53,45,8,8871.42,133,1.6,1.6,0.0,False,1882,0,103,126,10000.06,monte_carlo_run_1151_seed_1193.log
1152,24,1,-1,1,1,1,1194,3101,0.488,7.13,True,Contatto Planetario / Biofirme,1249.19,17.21,Ostile,79,0,1483,30.74,75,52,6,1,5,67,67,67,0,43,39,4,8818.23,102,1.6,1.6,0.0,False,1404,0,67,72,10000.05,monte_carlo_run_1152_seed_1194.log
1153,24,1,-1,1,1,1,1195,3101,0.466,11.11,True,Incontro Flotta Deep-Space,688.94,10.24,Collaborativa,46,0,2194,48.87,106,80,4,2,2,100,100,100,0,69,45,24,9018.16,210,1.568,1.6,0.032,True,2089,0,171,185,10000.01,monte_carlo_run_1153_seed_1195.log
1154,24,1,-1,1,1,1,1196,3101,0.408,7.9,True,Contatto Planetario / Biofirme,2525.09,23.45,Ostile,348,1,1888,39.38,73,60,6,2,4,64,64,64,0,41,35,6,8783.64,98,1.6,1.6,0.0,False,1812,0,67,81,10000.1,monte_carlo_run_1154_seed_1196.log
1155,24,1,-1,1,1,1,1197,3101,0.3,6.05,True,Contatto Planetario / Biofirme,5765.55,33.69,Collaborativa,503,0,1241,38.09,59,38,5,3,2,51,51,51,0,27,21,6,8717.25,73,1.6,1.543,-0.0573,False,1180,0,38,50,10000.23,monte_carlo_run_1155_seed_1197.log
1156,24,1,-1,1,1,1,1198,3101,0.236,5.38,True,Incontro Flotta Deep-Space,213.0,0.0,Ostile,19,0,21,10.92,2,2,2,2,0,0,0,0,0,0,0,0,8500.0,6,1.028,1.028,0.0,False,19,0,0,1,412.63,monte_carlo_run_1156_seed_1198.log
1157,24,1,-1,1,1,1,1199,3101,0.267,3.26,False,Solitudine / Nessun Contatto,,,Nessuna,17,0,17,9.56,2,2,1,1,0,1,1,1,0,0,0,0,8501.07,3,1.163,0.729,-0.4345,False,13,0,0,0,1607.44,monte_carlo_run_1157_seed_1199.log
1158,24,1,-1,1,1,1,1200,3101,0.585,9.32,True,Incontro Flotta Deep-Space,9.59,0.0,Collaborativa,3,1,1045,19.19,42,34,4,2,1,36,36,36,0,23,19,4,8647.28,63,1.6,1.6,0.0,False,1000,0,35,43,10000.28,monte_carlo_run_1158_seed_1200.log
1159,24,1,-1,1,1,1,1201,3101,0.328,4.76,True,Contatto Planetario / Biofirme,1884.88,20.47,Cauta,127,0,865,30.0,34,23,2,1,1,28,3,3,0,1,1,0,8507.0,62,1.6,1.063,-0.5366,False,790,0,13,14,10000.22,monte_carlo_run_1159_seed_1201.log
1160,24,1,-1,1,1,1,1202,3101,0.211,4.08,False,Solitudine / Nessun Contatto,,,Nessuna,27,0,27,13.16,1,1,1,1,0,0,0,0,0,0,0,0,8500.0,4,1.545,1.545,0.0,False,22,0,0,0,4558.77,monte_carlo_run_1160_seed_1202.log
1161,24,1,-1,1,1,1,1203,3101,0.233,4.67,True,Incontro Flotta Deep-Space,5371.73,35.02,Biosfera Primitiva,242,0,743,39.65,37,28,3,1,2,33,30,30,0,23,21,2,8646.45,52,1.6,1.576,-0.0238,False,675,0,36,47,10000.07,monte_carlo_run_1161_seed_1203.log
1162,24,1,-1,1,1,1,1204,3101,0.469,5.73,True,Incontro Flotta Deep-Space,167.33,9.33,Collaborativa,19,0,697,11.92,39,34,4,1,3,32,1,1,0,1,1,0,8507.65,62,0.624,0.1,-0.5235,False,654,0,52,73,10000.46,monte_carlo_run_1162_seed_1204.log
1163,24,1,-1,1,1,1,1205,3101,0.366,8.43,True,Incontro Flotta Deep-Space,1733.62,19.35,Biosfera Primitiva,126,0,1472,35.63,72,53,3,2,1,69,67,67,0,43,35,8,8787.11,106,1.6,1.6,0.0,False,1398,0,67,85,10000.13,monte_carlo_run_1163_seed_1205.log
1164,24,1,-1,1,1,1,1206,3101,0.218,3.96,True,Incontro Flotta Deep-Space,2735.14,39.72,Biosfera Primitiva,80,0,209,42.44,14,12,2,1,1,12,12,12,0,8,8,0,8553.43,26,1.6,1.478,-0.1216,False,168,0,6,10,10000.74,monte_carlo_run_1164_seed_1206.log
1165,24,1,-1,1,1,1,1207,3101,0.338,6.98,True,Incontro Flotta Deep-Space,3651.85,12.21,Biosfera Primitiva,421,0,1907,35.84,72,49,5,1,4,64,64,64,0,44,36,8,8811.08,109,1.587,1.6,0.0134,True,1831,0,58,70,10000.26,monte_carlo_run_1165_seed_1207.log
1166,24,1,-1,1,1,1,1208,3101,0.298,6.97,True,Incontro Flotta Deep-Space,7305.16,23.43,Collaborativa,636,0,1040,33.83,43,27,4,3,1,37,37,37,0,19,18,1,8629.84,48,1.6,1.562,-0.0378,False,992,0,16,23,10000.86,monte_carlo_run_1166_seed_1208.log
1167,24,1,-1,1,1,1,1209,3101,0.4,5.86,True,Contatto Planetario / Biofirme,1022.64,14.2,Ostile,95,0,1121,19.34,53,44,10,2,7,43,19,19,0,11,8,3,8572.56,70,1.6,1.6,0.0,False,1062,0,33,49,10000.86,monte_carlo_run_1167_seed_1209.log
1168,24,1,-1,1,1,1,1210,3101,0.421,6.19,True,Incontro Flotta Deep-Space,2333.7,4.07,Biosfera Primitiva,160,1,1752,37.36,79,57,6,2,4,72,70,70,0,40,33,7,8805.56,108,1.6,1.6,0.0,False,1670,0,67,83,10000.24,monte_carlo_run_1168_seed_1210.log
1169,24,1,-1,1,1,1,1211,3101,0.511,7.51,True,Contatto Planetario / Biofirme,1221.03,13.01,Diffidente,152,0,1447,22.26,67,48,5,2,3,61,30,30,0,17,17,0,8620.76,107,1.6,1.6,0.0,False,1380,0,41,67,10000.62,monte_carlo_run_1169_seed_1211.log
1170,24,1,-1,1,1,1,1212,3101,0.516,9.71,True,Incontro Flotta Deep-Space,757.83,0.0,Collaborativa,36,0,2124,43.37,109,81,9,3,5,98,98,98,0,64,53,11,8949.46,160,1.6,1.6,0.0,False,2009,0,93,107,10000.19,monte_carlo_run_1170_seed_1212.log
1171,24,1,-1,1,1,1,1213,3101,0.403,5.08,True,Contatto Planetario / Biofirme,427.12,15.03,Cauta,61,0,681,42.41,29,16,3,2,0,23,8,8,0,4,4,0,8535.47,58,1.6,1.6,0.0,False,644,0,12,19,10000.17,monte_carlo_run_1171_seed_1213.log
1172,24,1,-1,1,1,1,1214,3101,0.381,7.31,False,Solitudine / Nessun Contatto,,,Nessuna,1493,0,1493,18.84,63,42,8,4,4,52,5,5,0,4,4,0,8544.67,123,1.588,1.323,-0.2647,False,1430,0,53,85,10000.14,monte_carlo_run_1172_seed_1214.log
1173,24,1,-1,1,1,1,1215,3101,0.429,8.79,True,Contatto Planetario / Biofirme,7.38,3.17,Cauta,2,1,6,8.61,6,4,2,1,0,3,3,3,0,0,0,0,8500.84,2,1.021,0.826,-0.1953,False,0,0,0,0,265.29,monte_carlo_run_1173_seed_1215.log
1174,24,1,-1,1,1,1,1216,3101,0.288,7.05,True,Incontro Flotta Deep-Space,19.22,0.0,Collaborativa,5,2,1425,43.09,67,49,3,1,2,58,24,24,0,16,16,0,8599.0,119,1.6,1.403,-0.1966,False,1353,0,46,70,10000.07,monte_carlo_run_1174_seed_1216.log
1175,24,1,-1,1,1,1,1217,3101,0.534,13.1,True,Contatto Planetario / Biofirme,80.86,21.43,Collaborativa,7,1,1965,36.65,96,70,7,3,4,87,85,85,0,57,47,10,8902.18,154,1.571,1.6,0.0295,True,1865,0,105,134,10000.04,monte_carlo_run_1175_seed_1217.log
1176,24,1,-1,1,1,1,1218,3101,0.571,9.54,True,Incontro Flotta Deep-Space,1626.84,17.27,Biosfera Primitiva,130,0,1692,38.49,76,56,3,1,2,72,72,72,0,43,32,11,8813.7,127,1.6,1.6,0.0,False,1615,0,85,94,10000.09,monte_carlo_run_1176_seed_1218.log
1177,24,1,-1,1,1,1,1219,3101,0.42,9.3,True,Incontro Flotta Deep-Space,1409.45,9.84,Collaborativa,126,0,2082,49.07,101,75,6,2,2,93,93,93,0,54,38,16,8878.03,155,1.6,1.6,0.0,False,1977,0,112,121,10000.01,monte_carlo_run_1177_seed_1219.log
1178,24,1,-1,1,1,1,1220,3101,0.294,3.58,False,Solitudine / Nessun Contatto,,,Nessuna,20,0,20,18.39,3,2,1,1,0,2,2,2,0,1,1,0,8507.75,5,1.16,1.258,0.0978,True,14,0,0,1,1526.6,monte_carlo_run_1178_seed_1220.log
1179,24,1,-1,1,1,1,1221,3101,0.403,7.53,True,Incontro Flotta Deep-Space,992.52,15.27,Leale alla Madrepatria,153,0,1514,35.4,72,57,5,1,3,63,15,15,0,7,6,1,8553.47,134,1.6,1.6,0.0,False,1440,0,57,91,10000.66,monte_carlo_run_1179_seed_1221.log
1180,24,1,-1,1,1,1,1222,3101,0.24,5.49,True,Incontro Flotta Deep-Space,6445.04,25.55,Biosfera Primitiva,645,1,1565,39.13,76,55,4,1,2,69,69,69,0,48,32,16,8816.66,118,1.6,1.6,0.0,False,1477,0,95,106,10000.12,monte_carlo_run_1180_seed_1222.log
1181,24,1,-1,1,1,1,1223,3101,0.591,9.21,True,Contatto Planetario / Biofirme,11.73,6.93,Predatoria,2,1,1523,37.61,65,47,7,2,5,56,56,56,0,36,29,7,8732.54,91,1.6,1.6,0.0,False,1457,0,43,53,10000.28,monte_carlo_run_1181_seed_1223.log
1182,24,1,-1,1,1,1,1224,3101,0.358,7.7,True,Incontro Flotta Deep-Space,1925.05,4.37,Biosfera Primitiva,178,1,1737,41.77,81,61,5,1,3,71,71,71,0,38,33,5,8799.96,107,1.6,1.6,0.0,False,1653,0,44,56,10000.03,monte_carlo_run_1182_seed_1224.log
1183,24,1,-1,1,1,1,1225,3101,0.23,5.63,True,Incontro Flotta Deep-Space,8823.89,21.34,Collaborativa,906,0,1166,31.12,58,43,2,1,1,53,53,53,0,34,30,4,8727.59,66,1.6,1.581,-0.0192,False,1105,0,39,53,10000.03,monte_carlo_run_1183_seed_1225.log
1184,24,1,-1,1,1,1,1226,3101,0.218,4.23,True,Incontro Flotta Deep-Space,0.02,2.8,Diffidente,2,0,5,7.73,2,2,2,2,0,0,0,0,0,0,0,0,8500.0,6,1.011,1.011,0.0,False,2,0,1,1,227.79,monte_carlo_run_1184_seed_1226.log
1185,24,1,-1,1,1,1,1227,3101,0.361,8.27,True,Contatto Planetario / Biofirme,14.06,5.08,Ostile,2,1,1966,28.52,94,76,9,3,5,83,74,74,0,53,44,9,8879.7,146,1.6,1.6,0.0,False,1868,0,122,152,10000.17,monte_carlo_run_1185_seed_1227.log
1186,24,1,-1,1,1,1,1228,3101,0.449,6.14,True,Contatto Planetario / Biofirme,418.2,14.22,Cauta,18,0,959,30.79,41,32,5,1,3,36,36,36,0,26,22,4,8659.03,50,1.6,1.6,0.0,False,917,0,33,43,10000.56,monte_carlo_run_1186_seed_1228.log
1187,24,1,-1,1,1,1,1229,3101,0.488,11.69,True,Incontro Flotta Deep-Space,2429.05,8.08,Biosfera Primitiva,331,0,1818,40.06,83,62,6,3,3,73,73,73,0,47,36,11,8834.43,112,1.6,1.6,0.0,False,1730,0,60,72,10000.04,monte_carlo_run_1187_seed_1229.log
1188,24,1,-1,1,1,1,1230,3101,0.539,7.49,True,Contatto Planetario / Biofirme,137.96,12.2,Ostile,25,0,2204,23.09,104,73,10,3,6,91,5,5,0,2,2,0,8509.98,207,1.6,0.312,-1.2878,False,2101,0,99,127,10000.19,monte_carlo_run_1188_seed_1230.log
1189,24,1,-1,1,1,1,1231,3101,0.315,6.97,True,Incontro Flotta Deep-Space,684.85,5.76,Biosfera Primitiva,33,0,2044,51.04,94,71,6,2,3,84,83,83,0,58,41,17,8897.91,160,1.6,1.6,0.0,False,1949,0,112,123,10000.19,monte_carlo_run_1189_seed_1231.log
1190,24,1,-1,1,1,1,1232,3101,0.327,4.36,False,Solitudine / Nessun Contatto,,,Nessuna,3,0,3,4.34,1,1,1,1,0,0,0,0,0,0,0,0,8500.0,2,1.004,1.004,0.0,False,2,0,0,0,177.81,monte_carlo_run_1190_seed_1232.log
1191,24,1,-1,1,1,1,1233,3101,0.595,9.18,True,Contatto Planetario / Biofirme,749.62,9.33,Collaborativa,92,2,1654,30.85,81,64,8,4,3,71,35,35,0,18,17,1,8620.71,143,1.6,1.552,-0.0476,False,1573,0,108,144,10000.77,monte_carlo_run_1191_seed_1233.log
1192,24,1,-1,1,1,1,1234,3101,0.551,7.19,True,Contatto Planetario / Biofirme,837.85,18.18,Collaborativa,48,0,1697,40.42,79,63,9,3,6,67,67,67,0,45,41,4,8828.52,115,1.583,1.6,0.0173,True,1615,0,77,94,10000.06,monte_carlo_run_1192_seed_1234.log
1193,24,1,-1,1,1,1,1235,3101,0.449,5.65,True,Incontro Flotta Deep-Space,4746.68,23.52,Biosfera Primitiva,403,0,1214,42.72,62,50,5,1,4,54,46,46,0,31,29,2,8724.86,84,1.6,1.6,0.0,False,1148,0,40,58,10000.06,monte_carlo_run_1193_seed_1235.log
1194,24,1,-1,1,1,1,1236,3101,0.311,4.19,True,Contatto Planetario / Biofirme,259.23,13.77,Cauta,17,0,168,40.69,13,12,4,2,2,8,7,7,0,4,2,2,8525.61,26,1.6,1.479,-0.121,False,144,0,7,8,10000.69,monte_carlo_run_1194_seed_1236.log
1195,24,1,-1,1,1,1,1237,3101,0.41,6.02,True,Incontro Flotta Deep-Space,742.6,9.09,Biosfera Primitiva,34,1,1664,36.05,88,72,7,3,4,77,74,74,0,52,39,13,8836.67,114,1.593,1.6,0.0068,True,1573,0,93,121,10000.45,monte_carlo_run_1195_seed_1237.log
1196,24,1,-1,1,1,1,1238,3101,0.278,6.06,True,Incontro Flotta Deep-Space,4111.84,24.83,Biosfera Primitiva,517,1,2098,44.0,102,76,6,2,1,93,93,93,0,67,42,25,8976.44,170,1.6,1.6,0.0,False,1990,0,146,159,10000.26,monte_carlo_run_1196_seed_1238.log
1197,24,1,-1,1,1,1,1239,3101,0.353,8.73,True,Incontro Flotta Deep-Space,1154.69,17.28,Cauta,161,0,1746,30.01,72,50,5,2,3,64,38,38,0,28,26,2,8683.93,125,1.6,1.6,0.0,False,1673,0,66,98,10000.07,monte_carlo_run_1197_seed_1239.log
1198,24,1,-1,1,1,1,1240,3101,0.347,6.77,True,Contatto Planetario / Biofirme,17.07,5.92,Diffidente,8,1,1881,36.48,104,70,11,3,7,85,46,46,0,37,28,9,8749.66,189,1.6,1.6,0.0,False,1778,0,114,157,10000.23,monte_carlo_run_1198_seed_1240.log
1199,24,1,-1,1,1,1,1241,3101,0.489,8.57,True,Incontro Flotta Deep-Space,375.31,0.0,Diffidente,53,0,1759,19.41,83,59,3,2,1,77,56,56,0,35,31,4,8751.13,130,1.587,1.6,0.0129,True,1670,0,69,99,10000.19,monte_carlo_run_1199_seed_1241.log
1200,24,1,-1,1,1,1,1242,3101,0.325,5.89,True,Incontro Flotta Deep-Space,58.95,4.74,Predatoria,11,0,2037,9.0,104,73,12,5,6,87,0,0,0,0,0,0,8500.0,203,0.52,0.52,0.0,False,1928,0,133,180,10000.51,monte_carlo_run_1200_seed_1242.log
1201,25,1,1,-1,-1,-1,1243,3101,0.068,1.27,False,Solitudine / Nessun Contatto,,,Nessuna,1,0,1,0.0,1,1,1,1,0,0,0,0,0,0,0,0,8500.0,2,1.0,1.0,0.0,False,0,0,0,0,0.02,monte_carlo_run_1201_seed_1243.log
1202,25,1,1,-1,-1,-1,1244,3101,0.057,1.04,False,Solitudine / Nessun Contatto,,,Nessuna,1,0,1,0.0,1,1,1,1,0,0,0,0,0,0,0,0,8500.0,2,1.0,1.0,0.0,False,0,0,0,0,0.02,monte_carlo_run_1202_seed_1244.log
1203,25,1,1,-1,-1,-1,1245,3101,0.116,2.11,False,Solitudine / Nessun Contatto,,,Nessuna,1,0,1,0.0,1,1,1,1,0,0,0,0,0,0,0,0,8500.0,2,1.0,1.0,0.0,False,0,0,0,0,0.02,monte_carlo_run_1203_seed_1245.log
1204,25,1,1,-1,-1,-1,1246,3101,0.058,1.03,False,Solitudine / Nessun Contatto,,,Nessuna,1,0,1,0.0,2,2,2,1,1,0,0,0,0,0,0,0,8500.0,2,1.0,1.0,0.0,False,0,0,1,1,0.02,monte_carlo_run_1204_seed_1246.log
1205,25,1,1,-1,-1,-1,1247,3101,0.109,1.36,False,Solitudine / Nessun Contatto,,,Nessuna,1,0,1,0.0,2,2,2,1,1,0,0,0,0,0,0,0,8500.0,2,1.0,1.0,0.0,False,0,0,1,1,0.02,monte_carlo_run_1205_seed_1247.log
1206,25,1,1,-1,-1,-1,1248,3101,0.142,1.9,False,Solitudine / Nessun Contatto,,,Nessuna,1,0,1,0.0,3,3,3,0,3,0,0,0,0,0,0,0,8500.0,1,0.985,0.985,0.0,False,0,0,1,3,0.02,monte_carlo_run_1206_seed_1248.log
1207,25,1,1,-1,-1,-1,1249,3101,0.13,2.0,False,Solitudine / Nessun Contatto,,,Nessuna,1,0,1,0.0,1,1,1,1,0,0,0,0,0,0,0,0,8500.0,2,1.0,1.0,0.0,False,0,0,0,0,0.02,monte_carlo_run_1207_seed_1249.log
1208,25,1,1,-1,-1,-1,1250,3101,0.119,1.94,False,Solitudine / Nessun Contatto,,,Nessuna,2,0,2,1.29,4,4,3,1,2,1,1,1,0,0,0,0,8500.03,2,1.002,0.755,-0.2477,False,0,0,1,2,43.36,monte_carlo_run_1208_seed_1250.log
1209,25,1,1,-1,-1,-1,1251,3101,0.109,1.86,False,Solitudine / Nessun Contatto,,,Nessuna,2,0,2,1.37,3,3,3,0,3,0,0,0,0,0,0,0,8500.0,1,0.959,0.959,0.0,False,0,0,0,2,50.45,monte_carlo_run_1209_seed_1251.log
1210,25,1,1,-1,-1,-1,1252,3101,0.134,2.78,False,Solitudine / Nessun Contatto,,,Nessuna,1,0,1,0.0,1,1,1,1,0,0,0,0,0,0,0,0,8500.0,2,1.0,1.0,0.0,False,0,0,0,0,0.02,monte_carlo_run_1210_seed_1252.log
1211,25,1,1,-1,-1,-1,1253,3101,0.128,3.05,False,Solitudine / Nessun Contatto,,,Nessuna,4,0,4,4.55,1,1,1,1,0,0,0,0,0,0,0,0,8500.0,2,1.004,1.004,0.0,False,2,0,0,0,218.25,monte_carlo_run_1211_seed_1253.log
1212,25,1,1,-1,-1,-1,1254,3101,0.086,1.29,False,Solitudine / Nessun Contatto,,,Nessuna,2,0,2,0.64,3,3,3,1,2,0,0,0,0,0,0,0,8500.0,2,1.002,1.002,0.0,False,0,0,1,3,29.84,monte_carlo_run_1212_seed_1254.log
1213,25,1,1,-1,-1,-1,1255,3101,0.054,1.35,False,Solitudine / Nessun Contatto,,,Nessuna,1,0,1,0.0,1,1,1,1,0,0,0,0,0,0,0,0,8500.0,2,1.0,1.0,0.0,False,0,0,0,0,0.02,monte_carlo_run_1213_seed_1255.log
1214,25,1,1,-1,-1,-1,1256,3101,0.107,1.56,False,Solitudine / Nessun Contatto,,,Nessuna,1,0,1,0.0,1,1,1,1,0,0,0,0,0,0,0,0,8500.0,2,1.0,1.0,0.0,False,0,0,0,0,0.02,monte_carlo_run_1214_seed_1256.log
1215,25,1,1,-1,-1,-1,1257,3101,0.074,1.61,False,Solitudine / Nessun Contatto,,,Nessuna,1,0,1,0.0,1,1,1,1,0,0,0,0,0,0,0,0,8500.0,2,1.0,1.0,0.0,False,0,0,0,0,0.02,monte_carlo_run_1215_seed_1257.log
1216,25,1,1,-1,-1,-1,1258,3101,0.097,2.16,False,Solitudine / Nessun Contatto,,,Nessuna,1,0,1,0.0,1,1,1,1,0,0,0,0,0,0,0,0,8500.0,2,1.0,1.0,0.0,False,0,0,0,0,0.02,monte_carlo_run_1216_seed_1258.log
1217,25,1,1,-1,-1,-1,1259,3101,0.085,1.2,False,Solitudine / Nessun Contatto,,,Nessuna,1,0,1,0.0,1,1,1,1,0,0,0,0,0,0,0,0,8500.0,2,1.0,1.0,0.0,False,0,0,0,0,0.02,monte_carlo_run_1217_seed_1259.log
1218,25,1,1,-1,-1,-1,1260,3101,0.111,2.1,False,Solitudine / Nessun Contatto,,,Nessuna,1,0,1,0.0,1,1,1,1,0,0,0,0,0,0,0,0,8500.0,2,1.0,1.0,0.0,False,0,0,0,0,0.02,monte_carlo_run_1218_seed_1260.log
1219,25,1,1,-1,-1,-1,1261,3101,0.074,1.15,False,Solitudine / Nessun Contatto,,,Nessuna,1,0,1,0.0,2,2,2,1,1,0,0,0,0,0,0,0,8500.0,2,1.0,1.0,0.0,False,0,0,0,1,0.02,monte_carlo_run_1219_seed_1261.log
1220,25,1,1,-1,-1,-1,1262,3101,0.115,2.83,False,Solitudine / Nessun Contatto,,,Nessuna,3,0,3,3.95,1,1,1,1,0,0,0,0,0,0,0,0,8500.0,2,1.002,1.002,0.0,False,1,0,0,0,176.45,monte_carlo_run_1220_seed_1262.log
1221,25,1,1,-1,-1,-1,1263,3101,0.114,2.18,False,Solitudine / Nessun Contatto,,,Nessuna,1,0,1,0.0,2,2,2,1,1,0,0,0,0,0,0,0,8500.0,2,1.0,1.0,0.0,False,0,0,1,1,0.02,monte_carlo_run_1221_seed_1263.log
1222,25,1,1,-1,-1,-1,1264,3101,0.14,3.06,False,Solitudine / Nessun Contatto,,,Nessuna,1,0,1,0.0,2,2,2,1,1,0,0,0,0,0,0,0,8500.0,2,1.0,1.0,0.0,False,0,0,0,1,0.02,monte_carlo_run_1222_seed_1264.log
1223,25,1,1,-1,-1,-1,1265,3101,0.112,2.04,False,Solitudine / Nessun Contatto,,,Nessuna,1,0,1,0.0,1,1,1,1,0,0,0,0,0,0,0,0,8500.0,2,1.0,1.0,0.0,False,0,0,0,0,0.02,monte_carlo_run_1223_seed_1265.log
1224,25,1,1,-1,-1,-1,1266,3101,0.135,2.36,False,Solitudine / Nessun Contatto,,,Nessuna,1,0,1,0.0,3,3,3,1,2,0,0,0,0,0,0,0,8500.0,2,1.0,1.0,0.0,False,0,0,0,2,0.02,monte_carlo_run_1224_seed_1266.log
1225,25,1,1,-1,-1,-1,1267,3101,0.104,1.95,False,Solitudine / Nessun Contatto,,,Nessuna,1,0,1,0.0,2,2,2,1,1,0,0,0,0,0,0,0,8500.0,2,1.0,1.0,0.0,False,0,0,1,1,0.02,monte_carlo_run_1225_seed_1267.log
1226,25,1,1,-1,-1,-1,1268,3101,0.098,1.8,False,Solitudine / Nessun Contatto,,,Nessuna,2,0,2,1.08,3,3,3,1,2,0,0,0,0,0,0,0,8500.0,2,1.002,1.002,0.0,False,0,0,1,3,43.96,monte_carlo_run_1226_seed_1268.log
1227,25,1,1,-1,-1,-1,1269,3101,0.135,2.17,False,Solitudine / Nessun Contatto,,,Nessuna,1,0,1,0.0,1,1,1,1,0,0,0,0,0,0,0,0,8500.0,2,1.0,1.0,0.0,False,0,0,0,0,0.02,monte_carlo_run_1227_seed_1269.log
1228,25,1,1,-1,-1,-1,1270,3101,0.119,2.75,False,Solitudine / Nessun Contatto,,,Nessuna,2,0,2,2.01,2,2,2,0,2,0,0,0,0,0,0,0,8500.0,2,0.973,0.973,0.0,False,0,0,0,1,104.25,monte_carlo_run_1228_seed_1270.log
1229,25,1,1,-1,-1,-1,1271,3101,0.054,1.15,False,Solitudine / Nessun Contatto,,,Nessuna,1,0,1,0.0,1,1,1,1,0,0,0,0,0,0,0,0,8500.0,2,1.0,1.0,0.0,False,0,0,0,0,0.02,monte_carlo_run_1229_seed_1271.log
1230,25,1,1,-1,-1,-1,1272,3101,0.129,3.16,False,Solitudine / Nessun Contatto,,,Nessuna,1,0,1,0.0,1,1,1,1,0,0,0,0,0,0,0,0,8500.0,2,1.0,1.0,0.0,False,0,0,0,0,0.02,monte_carlo_run_1230_seed_1272.log
1231,25,1,1,-1,-1,-1,1273,3101,0.104,2.05,False,Solitudine / Nessun Contatto,,,Nessuna,1,0,1,0.0,1,1,1,1,0,0,0,0,0,0,0,0,8500.0,2,1.0,1.0,0.0,False,0,0,0,0,0.02,monte_carlo_run_1231_seed_1273.log
1232,25,1,1,-1,-1,-1,1274,3101,0.104,2.16,False,Solitudine / Nessun Contatto,,,Nessuna,1,0,1,0.0,2,2,2,1,1,0,0,0,0,0,0,0,8500.0,2,1.0,1.0,0.0,False,0,0,1,1,0.02,monte_carlo_run_1232_seed_1274.log
1233,25,1,1,-1,-1,-1,1275,3101,0.135,3.16,False,Solitudine / Nessun Contatto,,,Nessuna,7,0,7,4.0,2,2,1,1,0,1,1,1,0,0,0,0,8500.7,3,1.027,0.94,-0.0868,False,5,0,0,0,621.44,monte_carlo_run_1233_seed_1275.log
1234,25,1,1,-1,-1,-1,1276,3101,0.094,2.17,False,Solitudine / Nessun Contatto,,,Nessuna,1,0,1,0.0,1,1,1,1,0,0,0,0,0,0,0,0,8500.0,2,1.0,1.0,0.0,False,0,0,0,0,0.02,monte_carlo_run_1234_seed_1276.log
1235,25,1,1,-1,-1,-1,1277,3101,0.129,2.8,False,Solitudine / Nessun Contatto,,,Nessuna,1,0,1,0.0,1,1,1,1,0,0,0,0,0,0,0,0,8500.0,2,1.0,1.0,0.0,False,0,0,0,0,0.02,monte_carlo_run_1235_seed_1277.log
1236,25,1,1,-1,-1,-1,1278,3101,0.117,2.64,False,Solitudine / Nessun Contatto,,,Nessuna,1,0,1,0.0,1,1,1,1,0,0,0,0,0,0,0,0,8500.0,2,1.0,1.0,0.0,False,0,0,0,0,0.02,monte_carlo_run_1236_seed_1278.log
1237,25,1,1,-1,-1,-1,1279,3101,0.107,1.33,False,Solitudine / Nessun Contatto,,,Nessuna,1,0,1,0.0,1,1,1,1,0,0,0,0,0,0,0,0,8500.0,2,1.0,1.0,0.0,False,0,0,0,0,0.02,monte_carlo_run_1237_seed_1279.log
1238,25,1,1,-1,-1,-1,1280,3101,0.116,2.73,False,Solitudine / Nessun Contatto,,,Nessuna,3,0,3,2.11,1,1,1,1,0,0,0,0,0,0,0,0,8500.0,2,1.005,1.005,0.0,False,2,0,0,0,227.08,monte_carlo_run_1238_seed_1280.log
1239,25,1,1,-1,-1,-1,1281,3101,0.072,1.76,False,Solitudine / Nessun Contatto,,,Nessuna,1,0,1,0.0,2,2,2,1,1,0,0,0,0,0,0,0,8500.0,2,1.0,1.0,0.0,False,0,0,0,1,0.02,monte_carlo_run_1239_seed_1281.log
1240,25,1,1,-1,-1,-1,1282,3101,0.059,1.42,False,Solitudine / Nessun Contatto,,,Nessuna,1,0,1,0.0,1,1,1,1,0,0,0,0,0,0,0,0,8500.0,2,1.0,1.0,0.0,False,0,0,0,0,0.02,monte_carlo_run_1240_seed_1282.log
1241,25,1,1,-1,-1,-1,1283,3101,0.146,3.5,False,Solitudine / Nessun Contatto,,,Nessuna,7,0,7,6.44,3,3,1,1,0,2,2,2,0,0,0,0,8502.88,4,1.019,0.959,-0.0602,False,4,0,0,0,512.65,monte_carlo_run_1241_seed_1283.log
1242,25,1,1,-1,-1,-1,1284,3101,0.055,0.99,False,Solitudine / Nessun Contatto,,,Nessuna,1,0,1,0.0,1,1,1,1,0,0,0,0,0,0,0,0,8500.0,2,1.0,1.0,0.0,False,0,0,0,0,0.02,monte_carlo_run_1242_seed_1284.log
1243,25,1,1,-1,-1,-1,1285,3101,0.072,1.23,False,Solitudine / Nessun Contatto,,,Nessuna,1,0,1,0.0,2,2,2,1,1,0,0,0,0,0,0,0,8500.0,2,1.0,1.0,0.0,False,0,0,1,1,0.02,monte_carlo_run_1243_seed_1285.log
1244,25,1,1,-1,-1,-1,1286,3101,0.056,1.09,False,Solitudine / Nessun Contatto,,,Nessuna,1,0,1,0.0,2,2,2,1,1,0,0,0,0,0,0,0,8500.0,2,1.0,1.0,0.0,False,0,0,0,1,0.02,monte_carlo_run_1244_seed_1286.log
1245,25,1,1,-1,-1,-1,1287,3101,0.106,2.38,False,Solitudine / Nessun Contatto,,,Nessuna,1,0,1,0.0,2,2,2,1,1,0,0,0,0,0,0,0,8500.0,2,1.0,1.0,0.0,False,0,0,0,1,0.02,monte_carlo_run_1245_seed_1287.log
1246,25,1,1,-1,-1,-1,1288,3101,0.106,2.41,False,Solitudine / Nessun Contatto,,,Nessuna,1,0,1,0.0,3,3,3,1,2,0,0,0,0,0,0,0,8500.0,2,1.0,1.0,0.0,False,0,0,1,2,0.02,monte_carlo_run_1246_seed_1288.log
1247,25,1,1,-1,-1,-1,1289,3101,0.095,1.88,False,Solitudine / Nessun Contatto,,,Nessuna,1,0,1,0.0,1,1,1,1,0,0,0,0,0,0,0,0,8500.0,2,1.0,1.0,0.0,False,0,0,0,0,0.02,monte_carlo_run_1247_seed_1289.log
1248,25,1,1,-1,-1,-1,1290,3101,0.135,3.36,False,Solitudine / Nessun Contatto,,,Nessuna,4,0,4,4.17,3,1,1,1,0,0,0,0,0,0,0,0,8500.0,2,1.025,1.025,0.0,False,1,0,3,3,305.07,monte_carlo_run_1248_seed_1290.log
1249,25,1,1,-1,-1,-1,1291,3101,0.149,2.84,False,Solitudine / Nessun Contatto,,,Nessuna,2,0,2,0.46,2,2,2,0,2,0,0,0,0,0,0,0,8500.0,1,0.982,0.982,0.0,False,0,0,0,1,12.31,monte_carlo_run_1249_seed_1291.log
1250,25,1,1,-1,-1,-1,1292,3101,0.088,2.12,False,Solitudine / Nessun Contatto,,,Nessuna,1,0,1,0.0,2,2,2,1,1,0,0,0,0,0,0,0,8500.0,2,1.0,1.0,0.0,False,0,0,0,1,0.02,monte_carlo_run_1250_seed_1292.log
1251,26,1,1,-1,-1,1,1293,3101,0.128,2.8,False,Solitudine / Nessun Contatto,,,Nessuna,1,0,1,0.0,1,1,1,1,0,0,0,0,0,0,0,0,8500.0,2,1.0,1.0,0.0,False,0,0,0,0,0.02,monte_carlo_run_1251_seed_1293.log
1252,26,1,1,-1,-1,1,1294,3101,0.109,1.99,False,Solitudine / Nessun Contatto,,,Nessuna,1,0,1,0.0,1,1,1,1,0,0,0,0,0,0,0,0,8500.0,2,1.0,1.0,0.0,False,0,0,0,0,0.02,monte_carlo_run_1252_seed_1294.log
1253,26,1,1,-1,-1,1,1295,3101,0.149,2.71,False,Solitudine / Nessun Contatto,,,Nessuna,3,0,3,2.47,3,3,2,2,0,1,1,1,0,0,0,0,8500.22,6,1.0,0.799,-0.201,False,0,0,0,1,132.14,monte_carlo_run_1253_seed_1295.log
1254,26,1,1,-1,-1,1,1296,3101,0.078,1.37,False,Solitudine / Nessun Contatto,,,Nessuna,2,0,2,0.0,2,2,2,2,0,0,0,0,0,0,0,0,8500.0,5,1.0,1.0,0.0,False,0,0,1,1,0.04,monte_carlo_run_1254_seed_1296.log
1255,26,1,1,-1,-1,1,1297,3101,0.149,1.85,False,Solitudine / Nessun Contatto,,,Nessuna,2,0,2,0.0,2,2,2,2,0,0,0,0,0,0,0,0,8500.0,5,1.0,1.0,0.0,False,0,0,1,1,0.04,monte_carlo_run_1255_seed_1297.log
1256,26,1,1,-1,-1,1,1298,3101,0.145,3.28,False,Solitudine / Nessun Contatto,,,Nessuna,1,0,1,0.0,1,1,1,1,0,0,0,0,0,0,0,0,8500.0,2,1.0,1.0,0.0,False,0,0,0,0,0.02,monte_carlo_run_1256_seed_1298.log
1257,26,1,1,-1,-1,1,1299,3101,0.084,1.51,False,Solitudine / Nessun Contatto,,,Nessuna,3,0,3,0.0,3,3,3,3,0,0,0,0,0,0,0,0,8500.0,10,1.0,1.0,0.0,False,0,0,1,2,0.06,monte_carlo_run_1257_seed_1299.log
1258,26,1,1,-1,-1,1,1300,3101,0.145,2.66,False,Solitudine / Nessun Contatto,,,Nessuna,1,0,1,0.0,1,1,1,1,0,0,0,0,0,0,0,0,8500.0,2,1.0,1.0,0.0,False,0,0,0,0,0.02,monte_carlo_run_1258_seed_1300.log
1259,26,1,1,-1,-1,1,1301,3101,0.113,2.12,False,Solitudine / Nessun Contatto,,,Nessuna,1,0,1,0.0,1,1,1,1,0,0,0,0,0,0,0,0,8500.0,2,1.0,1.0,0.0,False,0,0,0,0,0.02,monte_carlo_run_1259_seed_1301.log
1260,26,1,1,-1,-1,1,1302,3101,0.08,1.89,False,Solitudine / Nessun Contatto,,,Nessuna,1,0,1,0.0,1,1,1,1,0,0,0,0,0,0,0,0,8500.0,2,1.0,1.0,0.0,False,0,0,0,0,0.02,monte_carlo_run_1260_seed_1302.log
1261,26,1,1,-1,-1,1,1303,3101,0.065,0.9,False,Solitudine / Nessun Contatto,,,Nessuna,1,0,1,0.0,1,1,1,1,0,0,0,0,0,0,0,0,8500.0,2,1.0,1.0,0.0,False,0,0,0,0,0.02,monte_carlo_run_1261_seed_1303.log
1262,26,1,1,-1,-1,1,1304,3101,0.108,2.48,False,Solitudine / Nessun Contatto,,,Nessuna,1,0,1,0.0,1,1,1,1,0,0,0,0,0,0,0,0,8500.0,2,1.0,1.0,0.0,False,0,0,0,0,0.02,monte_carlo_run_1262_seed_1304.log
1263,26,1,1,-1,-1,1,1305,3101,0.073,1.44,False,Solitudine / Nessun Contatto,,,Nessuna,3,0,3,0.95,2,2,2,2,0,0,0,0,0,0,0,0,8500.0,5,1.002,1.002,0.0,False,0,0,1,1,77.4,monte_carlo_run_1263_seed_1305.log
1264,26,1,1,-1,-1,1,1306,3101,0.141,1.89,False,Solitudine / Nessun Contatto,,,Nessuna,2,0,2,0.0,2,2,2,2,0,0,0,0,0,0,0,0,8500.0,5,1.0,1.0,0.0,False,0,0,1,1,0.04,monte_carlo_run_1264_seed_1306.log
1265,26,1,1,-1,-1,1,1307,3101,0.063,1.49,False,Solitudine / Nessun Contatto,,,Nessuna,1,0,1,0.0,1,1,1,1,0,0,0,0,0,0,0,0,8500.0,2,1.0,1.0,0.0,False,0,0,0,0,0.02,monte_carlo_run_1265_seed_1307.log
1266,26,1,1,-1,-1,1,1308,3101,0.146,2.28,False,Solitudine / Nessun Contatto,,,Nessuna,2,0,2,0.0,2,2,2,2,0,0,0,0,0,0,0,0,8500.0,6,1.0,1.0,0.0,False,0,0,1,1,0.04,monte_carlo_run_1266_seed_1308.log
1267,26,1,1,-1,-1,1,1309,3101,0.117,1.95,False,Solitudine / Nessun Contatto,,,Nessuna,1,0,1,0.0,1,1,1,1,0,0,0,0,0,0,0,0,8500.0,2,1.0,1.0,0.0,False,0,0,0,0,0.02,monte_carlo_run_1267_seed_1309.log
1268,26,1,1,-1,-1,1,1310,3101,0.119,1.58,False,Solitudine / Nessun Contatto,,,Nessuna,1,0,1,0.0,1,1,1,1,0,0,0,0,0,0,0,0,8500.0,2,1.0,1.0,0.0,False,0,0,0,0,0.02,monte_carlo_run_1268_seed_1310.log
1269,26,1,1,-1,-1,1,1311,3101,0.058,1.42,False,Solitudine / Nessun Contatto,,,Nessuna,2,0,2,0.0,2,2,2,2,0,0,0,0,0,0,0,0,8500.0,5,1.0,1.0,0.0,False,0,0,0,1,0.04,monte_carlo_run_1269_seed_1311.log
1270,26,1,1,-1,-1,1,1312,3101,0.061,1.25,False,Solitudine / Nessun Contatto,,,Nessuna,3,0,3,0.0,3,3,3,3,0,0,0,0,0,0,0,0,8500.0,8,1.0,1.0,0.0,False,0,0,1,2,0.06,monte_carlo_run_1270_seed_1312.log
1271,26,1,1,-1,-1,1,1313,3101,0.14,3.41,False,Solitudine / Nessun Contatto,,,Nessuna,7,0,7,2.85,3,3,3,3,0,0,0,0,0,0,0,0,8500.0,8,1.013,1.013,0.0,False,2,0,2,3,248.59,monte_carlo_run_1271_seed_1313.log
1272,26,1,1,-1,-1,1,1314,3101,0.099,1.28,False,Solitudine / Nessun Contatto,,,Nessuna,1,0,1,0.0,1,1,1,1,0,0,0,0,0,0,0,0,8500.0,2,1.0,1.0,0.0,False,0,0,0,0,0.02,monte_carlo_run_1272_seed_1314.log
1273,26,1,1,-1,-1,1,1315,3101,0.056,1.04,False,Solitudine / Nessun Contatto,,,Nessuna,2,0,2,0.9,1,1,1,1,0,0,0,0,0,0,0,0,8500.0,2,1.0,1.0,0.0,False,0,0,0,0,88.47,monte_carlo_run_1273_seed_1315.log
1274,26,1,1,-1,-1,1,1316,3101,0.145,1.91,False,Solitudine / Nessun Contatto,,,Nessuna,2,0,2,0.0,2,2,2,2,0,0,0,0,0,0,0,0,8500.0,5,1.0,1.0,0.0,False,0,0,1,1,0.04,monte_carlo_run_1274_seed_1316.log
1275,26,1,1,-1,-1,1,1317,3101,0.076,1.67,False,Solitudine / Nessun Contatto,,,Nessuna,2,0,2,0.0,2,2,2,2,0,0,0,0,0,0,0,0,8500.0,6,1.0,1.0,0.0,False,0,0,0,1,0.04,monte_carlo_run_1275_seed_1317.log
1276,26,1,1,-1,-1,1,1318,3101,0.137,2.48,False,Solitudine / Nessun Contatto,,,Nessuna,1,0,1,0.0,1,1,1,1,0,0,0,0,0,0,0,0,8500.0,2,1.0,1.0,0.0,False,0,0,0,0,0.02,monte_carlo_run_1276_seed_1318.log
1277,26,1,1,-1,-1,1,1319,3101,0.08,1.04,False,Solitudine / Nessun Contatto,,,Nessuna,1,0,1,0.0,1,1,1,1,0,0,0,0,0,0,0,0,8500.0,2,1.0,1.0,0.0,False,0,0,0,0,0.02,monte_carlo_run_1277_seed_1319.log
1278,26,1,1,-1,-1,1,1320,3101,0.109,1.91,False,Solitudine / Nessun Contatto,,,Nessuna,2,0,2,1.83,1,1,1,1,0,0,0,0,0,0,0,0,8500.0,2,1.0,1.0,0.0,False,0,0,0,0,99.11,monte_carlo_run_1278_seed_1320.log
1279,26,1,1,-1,-1,1,1321,3101,0.056,0.73,False,Solitudine / Nessun Contatto,,,Nessuna,3,0,3,0.0,3,3,3,3,0,0,0,0,0,0,0,0,8500.0,10,1.0,1.0,0.0,False,0,0,0,3,0.06,monte_carlo_run_1279_seed_1321.log
1280,26,1,1,-1,-1,1,1322,3101,0.077,1.07,False,Solitudine / Nessun Contatto,,,Nessuna,2,0,2,0.0,2,2,2,2,0,0,0,0,0,0,0,0,8500.0,6,1.0,1.0,0.0,False,0,0,1,1,0.04,monte_carlo_run_1280_seed_1322.log
1281,26,1,1,-1,-1,1,1323,3101,0.135,2.18,False,Solitudine / Nessun Contatto,,,Nessuna,5,0,5,1.87,2,2,2,2,0,0,0,0,0,0,0,0,8500.0,5,1.007,1.007,0.0,False,1,0,1,1,146.99,monte_carlo_run_1281_seed_1323.log
1282,26,1,1,-1,-1,1,1324,3101,0.114,2.24,False,Solitudine / Nessun Contatto,,,Nessuna,1,0,1,0.0,1,1,1,1,0,0,0,0,0,0,0,0,8500.0,2,1.0,1.0,0.0,False,0,0,0,0,0.02,monte_carlo_run_1282_seed_1324.log
1283,26,1,1,-1,-1,1,1325,3101,0.138,1.98,False,Solitudine / Nessun Contatto,,,Nessuna,5,0,5,1.85,3,3,3,3,0,0,0,0,0,0,0,0,8500.0,9,1.002,1.002,0.0,False,0,0,1,2,149.52,monte_carlo_run_1283_seed_1325.log
1284,26,1,1,-1,-1,1,1326,3101,0.056,1.23,False,Solitudine / Nessun Contatto,,,Nessuna,3,0,3,0.71,2,2,2,2,0,0,0,0,0,0,0,0,8500.0,6,1.0,1.0,0.0,False,0,0,0,1,69.46,monte_carlo_run_1284_seed_1326.log
1285,26,1,1,-1,-1,1,1327,3101,0.089,2.2,False,Solitudine / Nessun Contatto,,,Nessuna,3,0,3,0.0,2,2,2,2,0,0,0,0,0,0,0,0,8500.0,6,1.002,1.002,0.0,False,0,0,1,1,26.49,monte_carlo_run_1285_seed_1327.log
1286,26,1,1,-1,-1,1,1328,3101,0.108,2.15,False,Solitudine / Nessun Contatto,,,Nessuna,3,0,3,0.0,2,2,2,2,0,0,0,0,0,0,0,0,8500.0,6,1.0,1.0,0.0,False,0,0,0,1,105.12,monte_carlo_run_1286_seed_1328.log
1287,26,1,1,-1,-1,1,1329,3101,0.116,1.91,False,Solitudine / Nessun Contatto,,,Nessuna,1,0,1,0.0,1,1,1,1,0,0,0,0,0,0,0,0,8500.0,2,1.0,1.0,0.0,False,0,0,0,0,0.02,monte_carlo_run_1287_seed_1329.log
1288,26,1,1,-1,-1,1,1330,3101,0.113,1.57,False,Solitudine / Nessun Contatto,,,Nessuna,3,0,3,1.78,1,1,1,1,0,0,0,0,0,0,0,0,8500.0,2,1.001,1.001,0.0,False,1,0,0,0,104.44,monte_carlo_run_1288_seed_1330.log
1289,26,1,1,-1,-1,1,1331,3101,0.065,0.83,False,Solitudine / Nessun Contatto,,,Nessuna,1,0,1,0.0,1,1,1,1,0,0,0,0,0,0,0,0,8500.0,2,1.0,1.0,0.0,False,0,0,0,0,0.02,monte_carlo_run_1289_seed_1331.log
1290,26,1,1,-1,-1,1,1332,3101,0.1,1.3,False,Solitudine / Nessun Contatto,,,Nessuna,1,0,1,0.0,1,1,1,1,0,0,0,0,0,0,0,0,8500.0,2,1.0,1.0,0.0,False,0,0,0,0,0.02,monte_carlo_run_1290_seed_1332.log
1291,26,1,1,-1,-1,1,1333,3101,0.067,0.93,False,Solitudine / Nessun Contatto,,,Nessuna,4,0,4,0.0,4,4,3,3,0,1,0,0,0,0,0,0,8500.0,9,1.003,1.003,0.0,False,0,0,2,3,24.42,monte_carlo_run_1291_seed_1333.log
1292,26,1,1,-1,-1,1,1334,3101,0.135,1.78,False,Solitudine / Nessun Contatto,,,Nessuna,1,0,1,0.0,1,1,1,1,0,0,0,0,0,0,0,0,8500.0,2,1.0,1.0,0.0,False,0,0,0,0,0.02,monte_carlo_run_1292_seed_1334.log
1293,26,1,1,-1,-1,1,1335,3101,0.061,0.91,False,Solitudine / Nessun Contatto,,,Nessuna,3,0,3,0.0,3,3,3,3,0,0,0,0,0,0,0,0,8500.0,9,1.0,1.0,0.0,False,0,0,0,3,0.06,monte_carlo_run_1293_seed_1335.log
1294,26,1,1,-1,-1,1,1336,3101,0.098,1.36,False,Solitudine / Nessun Contatto,,,Nessuna,2,0,2,0.0,2,2,2,2,0,0,0,0,0,0,0,0,8500.0,5,1.0,1.0,0.0,False,0,0,0,1,0.04,monte_carlo_run_1294_seed_1336.log
1295,26,1,1,-1,-1,1,1337,3101,0.125,1.99,False,Solitudine / Nessun Contatto,,,Nessuna,3,0,3,1.86,2,2,2,2,0,0,0,0,0,0,0,0,8500.0,6,1.0,1.0,0.0,False,0,0,0,1,108.98,monte_carlo_run_1295_seed_1337.log
1296,26,1,1,-1,-1,1,1338,3101,0.073,1.3,False,Solitudine / Nessun Contatto,,,Nessuna,2,0,2,0.0,2,2,2,2,0,0,0,0,0,0,0,0,8500.0,5,1.0,1.0,0.0,False,0,0,1,1,0.04,monte_carlo_run_1296_seed_1338.log
1297,26,1,1,-1,-1,1,1339,3101,0.104,1.28,False,Solitudine / Nessun Contatto,,,Nessuna,3,0,3,0.0,3,3,3,3,0,0,0,0,0,0,0,0,8500.0,9,1.0,1.0,0.0,False,0,0,0,3,0.06,monte_carlo_run_1297_seed_1339.log
1298,26,1,1,-1,-1,1,1340,3101,0.056,0.98,False,Solitudine / Nessun Contatto,,,Nessuna,2,0,2,0.0,2,2,2,2,0,0,0,0,0,0,0,0,8500.0,5,1.0,1.0,0.0,False,0,0,0,1,0.04,monte_carlo_run_1298_seed_1340.log
1299,26,1,1,-1,-1,1,1341,3101,0.127,2.35,False,Solitudine / Nessun Contatto,,,Nessuna,4,0,4,4.43,2,2,1,1,0,1,1,1,0,0,0,0,8500.3,2,1.004,0.834,-0.171,False,2,0,0,0,226.92,monte_carlo_run_1299_seed_1341.log
1300,26,1,1,-1,-1,1,1342,3101,0.065,0.99,False,Solitudine / Nessun Contatto,,,Nessuna,2,0,2,0.0,2,2,2,2,0,0,0,0,0,0,0,0,8500.0,6,1.0,1.0,0.0,False,0,0,1,1,0.04,monte_carlo_run_1300_seed_1342.log
1301,27,1,1,-1,1,-1,1343,3101,0.115,2.22,True,Contatto Planetario / Biofirme,10.36,1.19,Ostile,2,0,3,1.59,2,2,2,1,0,0,0,0,0,0,0,0,8500.0,2,1.0,1.0,0.0,False,0,0,0,0,136.34,monte_carlo_run_1301_seed_1343.log
1302,27,1,1,-1,1,-1,1344,3101,0.058,1.14,False,Solitudine / Nessun Contatto,,,Nessuna,1,0,1,0.0,1,1,1,1,0,0,0,0,0,0,0,0,8500.0,2,1.0,1.0,0.0,False,0,0,0,0,0.02,monte_carlo_run_1302_seed_1344.log
1303,27,1,1,-1,1,-1,1345,3101,0.079,0.97,False,Solitudine / Nessun Contatto,,,Nessuna,1,0,1,0.0,1,1,1,1,0,0,0,0,0,0,0,0,8500.0,2,1.0,1.0,0.0,False,0,0,0,0,0.02,monte_carlo_run_1303_seed_1345.log
1304,27,1,1,-1,1,-1,1346,3101,0.073,1.65,False,Solitudine / Nessun Contatto,,,Nessuna,1,0,1,0.0,2,2,2,1,1,0,0,0,0,0,0,0,8500.0,2,1.0,1.0,0.0,False,0,0,1,1,0.02,monte_carlo_run_1304_seed_1346.log
1305,27,1,1,-1,1,-1,1347,3101,0.13,2.63,False,Solitudine / Nessun Contatto,,,Nessuna,1,0,1,0.0,2,2,2,0,2,0,0,0,0,0,0,0,8500.0,1,0.985,0.985,0.0,False,0,0,0,1,0.02,monte_carlo_run_1305_seed_1347.log
1306,27,1,1,-1,1,-1,1348,3101,0.102,2.32,False,Solitudine / Nessun Contatto,,,Nessuna,2,0,2,2.29,1,1,1,1,0,0,0,0,0,0,0,0,8500.0,2,1.0,1.0,0.0,False,0,0,0,0,128.59,monte_carlo_run_1306_seed_1348.log
1307,27,1,1,-1,1,-1,1349,3101,0.104,2.26,False,Solitudine / Nessun Contatto,,,Nessuna,1,0,1,0.0,1,1,1,1,0,0,0,0,0,0,0,0,8500.0,2,1.0,1.0,0.0,False,0,0,0,0,0.02,monte_carlo_run_1307_seed_1349.log
1308,27,1,1,-1,1,-1,1350,3101,0.091,1.78,False,Solitudine / Nessun Contatto,,,Nessuna,1,0,1,0.0,1,1,1,1,0,0,0,0,0,0,0,0,8500.0,2,1.0,1.0,0.0,False,0,0,0,0,0.02,monte_carlo_run_1308_seed_1350.log
1309,27,1,1,-1,1,-1,1351,3101,0.065,1.59,False,Solitudine / Nessun Contatto,,,Nessuna,1,0,1,0.0,1,1,1,1,0,0,0,0,0,0,0,0,8500.0,2,1.0,1.0,0.0,False,0,0,0,0,0.02,monte_carlo_run_1309_seed_1351.log
1310,27,1,1,-1,1,-1,1352,3101,0.116,2.61,False,Solitudine / Nessun Contatto,,,Nessuna,3,0,3,2.59,1,1,1,1,0,0,0,0,0,0,0,0,8500.0,2,1.001,1.001,0.0,False,0,0,0,0,172.51,monte_carlo_run_1310_seed_1352.log
1311,27,1,1,-1,1,-1,1353,3101,0.07,1.21,False,Solitudine / Nessun Contatto,,,Nessuna,1,0,1,0.0,2,2,2,1,1,0,0,0,0,0,0,0,8500.0,2,1.0,1.0,0.0,False,0,0,1,1,0.02,monte_carlo_run_1311_seed_1353.log
1312,27,1,1,-1,1,-1,1354,3101,0.088,1.84,False,Solitudine / Nessun Contatto,,,Nessuna,2,0,2,0.91,1,1,1,1,0,0,0,0,0,0,0,0,8500.0,2,1.0,1.0,0.0,False,0,0,0,0,41.52,monte_carlo_run_1312_seed_1354.log
1313,27,1,1,-1,1,-1,1355,3101,0.069,1.04,False,Solitudine / Nessun Contatto,,,Nessuna,1,0,1,0.0,1,1,1,1,0,0,0,0,0,0,0,0,8500.0,2,1.0,1.0,0.0,False,0,0,0,0,0.02,monte_carlo_run_1313_seed_1355.log
1314,27,1,1,-1,1,-1,1356,3101,0.114,2.77,False,Solitudine / Nessun Contatto,,,Nessuna,2,0,2,1.77,1,1,1,1,0,0,0,0,0,0,0,0,8500.0,2,1.0,1.0,0.0,False,0,0,0,0,109.51,monte_carlo_run_1314_seed_1356.log
1315,27,1,1,-1,1,-1,1357,3101,0.081,1.13,False,Solitudine / Nessun Contatto,,,Nessuna,1,0,1,0.0,1,1,1,1,0,0,0,0,0,0,0,0,8500.0,2,1.0,1.0,0.0,False,0,0,0,0,0.02,monte_carlo_run_1315_seed_1357.log
1316,27,1,1,-1,1,-1,1358,3101,0.145,2.69,False,Solitudine / Nessun Contatto,,,Nessuna,1,0,1,0.0,1,1,1,1,0,0,0,0,0,0,0,0,8500.0,2,1.0,1.0,0.0,False,0,0,0,0,0.02,monte_carlo_run_1316_seed_1358.log
1317,27,1,1,-1,1,-1,1359,3101,0.098,2.33,False,Solitudine / Nessun Contatto,,,Nessuna,1,0,1,0.0,2,2,2,0,2,0,0,0,0,0,0,0,8500.0,1,0.985,0.985,0.0,False,0,0,0,1,0.02,monte_carlo_run_1317_seed_1359.log
1318,27,1,1,-1,1,-1,1360,3101,0.099,1.28,False,Solitudine / Nessun Contatto,,,Nessuna,1,0,1,0.0,2,2,2,1,1,0,0,0,0,0,0,0,8500.0,2,1.0,1.0,0.0,False,0,0,1,1,0.02,monte_carlo_run_1318_seed_1360.log
1319,27,1,1,-1,1,-1,1361,3101,0.114,1.48,False,Solitudine / Nessun Contatto,,,Nessuna,2,0,2,1.34,2,1,1,1,0,0,0,0,0,0,0,0,8500.0,2,1.002,1.002,0.0,False,0,0,1,1,46.87,monte_carlo_run_1319_seed_1361.log
1320,27,1,1,-1,1,-1,1362,3101,0.07,1.67,False,Solitudine / Nessun Contatto,,,Nessuna,1,0,1,0.0,1,1,1,1,0,0,0,0,0,0,0,0,8500.0,2,1.0,1.0,0.0,False,0,0,0,0,0.02,monte_carlo_run_1320_seed_1362.log
1321,27,1,1,-1,1,-1,1363,3101,0.131,3.18,False,Solitudine / Nessun Contatto,,,Nessuna,2,0,2,1.41,2,2,2,1,1,0,0,0,0,0,0,0,8500.0,2,1.002,1.002,0.0,False,0,0,1,1,43.02,monte_carlo_run_1321_seed_1363.log
1322,27,1,1,-1,1,-1,1364,3101,0.124,2.37,False,Solitudine / Nessun Contatto,,,Nessuna,1,0,1,0.0,2,2,2,1,1,0,0,0,0,0,0,0,8500.0,2,1.0,1.0,0.0,False,0,0,1,1,0.02,monte_carlo_run_1322_seed_1364.log
1323,27,1,1,-1,1,-1,1365,3101,0.087,1.05,False,Solitudine / Nessun Contatto,,,Nessuna,1,0,1,0.0,2,2,2,1,1,0,0,0,0,0,0,0,8500.0,2,1.0,1.0,0.0,False,0,0,1,1,0.02,monte_carlo_run_1323_seed_1365.log
1324,27,1,1,-1,1,-1,1366,3101,0.135,3.06,False,Solitudine / Nessun Contatto,,,Nessuna,4,0,4,3.99,2,2,2,0,2,0,0,0,0,0,0,0,8500.0,2,0.913,0.913,0.0,False,1,0,0,1,258.66,monte_carlo_run_1324_seed_1366.log
1325,27,1,1,-1,1,-1,1367,3101,0.073,1.07,False,Solitudine / Nessun Contatto,,,Nessuna,1,0,1,0.0,3,3,3,1,2,0,0,0,0,0,0,0,8500.0,2,1.0,1.0,0.0,False,0,0,1,2,0.02,monte_carlo_run_1325_seed_1367.log
1326,27,1,1,-1,1,-1,1368,3101,0.1,1.25,False,Solitudine / Nessun Contatto,,,Nessuna,1,0,1,0.0,1,1,1,1,0,0,0,0,0,0,0,0,8500.0,2,1.0,1.0,0.0,False,0,0,0,0,0.02,monte_carlo_run_1326_seed_1368.log
1327,27,1,1,-1,1,-1,1369,3101,0.085,1.48,False,Solitudine / Nessun Contatto,,,Nessuna,1,0,1,0.0,1,1,1,1,0,0,0,0,0,0,0,0,8500.0,2,1.0,1.0,0.0,False,0,0,0,0,0.02,monte_carlo_run_1327_seed_1369.log
1328,27,1,1,-1,1,-1,1370,3101,0.128,2.63,False,Solitudine / Nessun Contatto,,,Nessuna,1,0,1,0.0,1,1,1,1,0,0,0,0,0,0,0,0,8500.0,2,1.0,1.0,0.0,False,0,0,0,0,0.02,monte_carlo_run_1328_seed_1370.log
1329,27,1,1,-1,1,-1,1371,3101,0.089,1.93,False,Solitudine / Nessun Contatto,,,Nessuna,1,0,1,0.0,3,3,3,0,3,0,0,0,0,0,0,0,8500.0,1,0.985,0.985,0.0,False,0,0,0,2,0.02,monte_carlo_run_1329_seed_1371.log
1330,27,1,1,-1,1,-1,1372,3101,0.075,1.24,False,Solitudine / Nessun Contatto,,,Nessuna,1,0,1,0.0,3,3,3,1,2,0,0,0,0,0,0,0,8500.0,2,1.001,1.001,0.0,False,0,0,2,2,0.02,monte_carlo_run_1330_seed_1372.log
1331,27,1,1,-1,1,-1,1373,3101,0.086,1.11,False,Solitudine / Nessun Contatto,,,Nessuna,3,0,3,1.69,1,1,1,1,0,0,0,0,0,0,0,0,8500.0,2,1.002,1.002,0.0,False,1,0,0,0,110.13,monte_carlo_run_1331_seed_1373.log
1332,27,1,1,-1,1,-1,1374,3101,0.079,1.45,False,Solitudine / Nessun Contatto,,,Nessuna,2,0,2,1.21,2,2,1,1,0,1,1,1,0,0,0,0,8500.01,2,1.0,0.725,-0.2751,False,0,0,0,0,93.79,monte_carlo_run_1332_seed_1374.log
1333,27,1,1,-1,1,-1,1375,3101,0.085,2.12,False,Solitudine / Nessun Contatto,,,Nessuna,1,0,1,0.0,1,1,1,1,0,0,0,0,0,0,0,0,8500.0,2,1.0,1.0,0.0,False,0,0,0,0,0.02,monte_carlo_run_1333_seed_1375.log
1334,27,1,1,-1,1,-1,1376,3101,0.149,3.37,False,Solitudine / Nessun Contatto,,,Nessuna,2,0,2,3.27,1,1,1,1,0,0,0,0,0,0,0,0,8500.0,2,1.0,1.0,0.0,False,0,0,0,0,87.81,monte_carlo_run_1334_seed_1376.log
1335,27,1,1,-1,1,-1,1377,3101,0.1,1.97,False,Solitudine / Nessun Contatto,,,Nessuna,2,0,2,1.45,3,3,3,1,2,0,0,0,0,0,0,0,8500.0,2,1.005,1.005,0.0,False,0,0,1,3,96.37,monte_carlo_run_1335_seed_1377.log
1336,27,1,1,-1,1,-1,1378,3101,0.069,1.59,False,Solitudine / Nessun Contatto,,,Nessuna,2,0,2,1.39,2,2,2,1,1,0,0,0,0,0,0,0,8500.0,2,1.005,1.005,0.0,False,0,0,1,1,97.4,monte_carlo_run_1336_seed_1378.log
1337,27,1,1,-1,1,-1,1379,3101,0.138,2.23,False,Solitudine / Nessun Contatto,,,Nessuna,1,0,1,0.0,3,3,3,0,3,0,0,0,0,0,0,0,8500.0,1,0.985,0.985,0.0,False,0,0,0,2,0.02,monte_carlo_run_1337_seed_1379.log
1338,27,1,1,-1,1,-1,1380,3101,0.099,1.6,False,Solitudine / Nessun Contatto,,,Nessuna,1,0,1,0.0,3,3,3,0,3,0,0,0,0,0,0,0,8500.0,1,0.985,0.985,0.0,False,0,0,1,2,0.02,monte_carlo_run_1338_seed_1380.log
1339,27,1,1,-1,1,-1,1381,3101,0.114,1.96,False,Solitudine / Nessun Contatto,,,Nessuna,1,0,1,0.0,3,3,3,1,2,0,0,0,0,0,0,0,8500.0,2,1.0,1.0,0.0,False,0,0,1,2,0.02,monte_carlo_run_1339_seed_1381.log
1340,27,1,1,-1,1,-1,1382,3101,0.085,1.73,False,Solitudine / Nessun Contatto,,,Nessuna,2,0,2,1.37,1,1,1,1,0,0,0,0,0,0,0,0,8500.0,2,1.0,1.0,0.0,False,0,0,0,0,101.15,monte_carlo_run_1340_seed_1382.log
1341,27,1,1,-1,1,-1,1383,3101,0.065,1.37,False,Solitudine / Nessun Contatto,,,Nessuna,1,0,1,0.0,1,1,1,1,0,0,0,0,0,0,0,0,8500.0,2,1.0,1.0,0.0,False,0,0,0,0,0.02,monte_carlo_run_1341_seed_1383.log
1342,27,1,1,-1,1,-1,1384,3101,0.085,1.85,False,Solitudine / Nessun Contatto,,,Nessuna,1,0,1,0.0,1,1,1,1,0,0,0,0,0,0,0,0,8500.0,2,1.0,1.0,0.0,False,0,0,0,0,0.02,monte_carlo_run_1342_seed_1384.log
1343,27,1,1,-1,1,-1,1385,3101,0.066,1.18,False,Solitudine / Nessun Contatto,,,Nessuna,1,0,1,0.0,3,3,3,1,2,0,0,0,0,0,0,0,8500.0,2,1.0,1.0,0.0,False,0,0,0,3,0.02,monte_carlo_run_1343_seed_1385.log
1344,27,1,1,-1,1,-1,1386,3101,0.104,1.25,False,Solitudine / Nessun Contatto,,,Nessuna,1,0,1,0.0,1,1,1,1,0,0,0,0,0,0,0,0,8500.0,2,1.0,1.0,0.0,False,0,0,0,0,0.02,monte_carlo_run_1344_seed_1386.log
1345,27,1,1,-1,1,-1,1387,3101,0.086,1.88,False,Solitudine / Nessun Contatto,,,Nessuna,1,0,1,0.0,2,2,2,0,2,0,0,0,0,0,0,0,8500.0,1,0.985,0.985,0.0,False,0,0,0,1,0.02,monte_carlo_run_1345_seed_1387.log
1346,27,1,1,-1,1,-1,1388,3101,0.096,2.06,False,Solitudine / Nessun Contatto,,,Nessuna,1,0,1,0.0,1,1,1,1,0,0,0,0,0,0,0,0,8500.0,2,1.0,1.0,0.0,False,0,0,0,0,0.02,monte_carlo_run_1346_seed_1388.log
1347,27,1,1,-1,1,-1,1389,3101,0.073,1.7,False,Solitudine / Nessun Contatto,,,Nessuna,2,0,2,1.62,2,2,2,0,2,0,0,0,0,0,0,0,8500.0,1,0.965,0.965,0.0,False,0,0,0,1,88.61,monte_carlo_run_1347_seed_1389.log
1348,27,1,1,-1,1,-1,1390,3101,0.081,1.01,False,Solitudine / Nessun Contatto,,,Nessuna,1,0,1,0.0,1,1,1,1,0,0,0,0,0,0,0,0,8500.0,2,1.0,1.0,0.0,False,0,0,0,0,0.02,monte_carlo_run_1348_seed_1390.log
1349,27,1,1,-1,1,-1,1391,3101,0.134,2.7,False,Solitudine / Nessun Contatto,,,Nessuna,2,0,2,1.57,3,3,3,1,2,0,0,0,0,0,0,0,8500.0,2,1.005,1.005,0.0,False,0,0,2,3,46.83,monte_carlo_run_1349_seed_1391.log
1350,27,1,1,-1,1,-1,1392,3101,0.063,1.51,False,Solitudine / Nessun Contatto,,,Nessuna,1,0,1,0.0,1,1,1,1,0,0,0,0,0,0,0,0,8500.0,2,1.0,1.0,0.0,False,0,0,0,0,0.02,monte_carlo_run_1350_seed_1392.log
1351,28,1,1,-1,1,1,1393,3101,0.11,1.36,False,Solitudine / Nessun Contatto,,,Nessuna,2,0,2,0.0,2,2,2,2,0,0,0,0,0,0,0,0,8500.0,6,1.0,1.0,0.0,False,0,0,0,1,0.04,monte_carlo_run_1351_seed_1393.log
1352,28,1,1,-1,1,1,1394,3101,0.114,2.04,False,Solitudine / Nessun Contatto,,,Nessuna,1,0,1,0.0,1,1,1,1,0,0,0,0,0,0,0,0,8500.0,2,1.0,1.0,0.0,False,0,0,0,0,0.02,monte_carlo_run_1352_seed_1394.log
1353,28,1,1,-1,1,1,1395,3101,0.098,2.2,False,Solitudine / Nessun Contatto,,,Nessuna,2,0,2,0.0,2,2,2,2,0,0,0,0,0,0,0,0,8500.0,5,1.0,1.0,0.0,False,0,0,1,1,0.04,monte_carlo_run_1353_seed_1395.log
1354,28,1,1,-1,1,1,1396,3101,0.096,1.74,False,Solitudine / Nessun Contatto,,,Nessuna,1,0,1,0.0,1,1,1,1,0,0,0,0,0,0,0,0,8500.0,2,1.0,1.0,0.0,False,0,0,0,0,0.02,monte_carlo_run_1354_seed_1396.log
1355,28,1,1,-1,1,1,1397,3101,0.137,1.67,False,Solitudine / Nessun Contatto,,,Nessuna,1,0,1,0.0,1,1,1,1,0,0,0,0,0,0,0,0,8500.0,2,1.0,1.0,0.0,False,0,0,0,0,0.02,monte_carlo_run_1355_seed_1397.log
1356,28,1,1,-1,1,1,1398,3101,0.13,2.79,False,Solitudine / Nessun Contatto,,,Nessuna,3,0,3,3.26,1,1,1,1,0,0,0,0,0,0,0,0,8500.0,2,1.002,1.002,0.0,False,1,0,0,0,161.98,monte_carlo_run_1356_seed_1398.log
1357,28,1,1,-1,1,1,1399,3101,0.112,1.53,False,Solitudine / Nessun Contatto,,,Nessuna,1,0,1,0.0,1,1,1,1,0,0,0,0,0,0,0,0,8500.0,2,1.0,1.0,0.0,False,0,0,0,0,0.02,monte_carlo_run_1357_seed_1399.log
1358,28,1,1,-1,1,1,1400,3101,0.073,1.35,False,Solitudine / Nessun Contatto,,,Nessuna,2,0,2,0.0,2,2,2,2,0,0,0,0,0,0,0,0,8500.0,6,1.0,1.0,0.0,False,0,0,1,1,0.04,monte_carlo_run_1358_seed_1400.log
1359,28,1,1,-1,1,1,1401,3101,0.103,1.72,False,Solitudine / Nessun Contatto,,,Nessuna,2,0,2,0.0,2,2,2,2,0,0,0,0,0,0,0,0,8500.0,5,1.0,1.0,0.0,False,0,0,0,1,0.04,monte_carlo_run_1359_seed_1401.log
1360,28,1,1,-1,1,1,1402,3101,0.107,1.99,False,Solitudine / Nessun Contatto,,,Nessuna,3,0,3,0.0,3,3,3,3,0,0,0,0,0,0,0,0,8500.0,10,1.0,1.0,0.0,False,0,0,0,2,0.06,monte_carlo_run_1360_seed_1402.log
1361,28,1,1,-1,1,1,1403,3101,0.107,1.29,False,Solitudine / Nessun Contatto,,,Nessuna,1,0,1,0.0,1,1,1,1,0,0,0,0,0,0,0,0,8500.0,2,1.0,1.0,0.0,False,0,0,0,0,0.02,monte_carlo_run_1361_seed_1403.log
1362,28,1,1,-1,1,1,1404,3101,0.098,1.22,False,Solitudine / Nessun Contatto,,,Nessuna,2,0,2,0.0,2,2,2,2,0,0,0,0,0,0,0,0,8500.0,5,1.0,1.0,0.0,False,0,0,1,1,0.04,monte_carlo_run_1362_seed_1404.log
1363,28,1,1,-1,1,1,1405,3101,0.072,0.89,False,Solitudine / Nessun Contatto,,,Nessuna,3,0,3,0.65,3,3,2,2,0,1,1,1,0,0,0,0,8500.03,6,1.002,0.773,-0.2287,False,0,0,1,1,36.11,monte_carlo_run_1363_seed_1405.log
1364,28,1,1,-1,1,1,1406,3101,0.126,2.41,False,Solitudine / Nessun Contatto,,,Nessuna,3,0,3,0.0,3,3,3,3,0,0,0,0,0,0,0,0,8500.0,10,1.001,1.001,0.0,False,0,0,2,2,0.06,monte_carlo_run_1364_seed_1406.log
1365,28,1,1,-1,1,1,1407,3101,0.074,1.1,False,Solitudine / Nessun Contatto,,,Nessuna,1,0,1,0.0,1,1,1,1,0,0,0,0,0,0,0,0,8500.0,2,1.0,1.0,0.0,False,0,0,0,0,0.02,monte_carlo_run_1365_seed_1407.log
1366,28,1,1,-1,1,1,1408,3101,0.131,1.91,False,Solitudine / Nessun Contatto,,,Nessuna,4,0,4,0.98,3,3,3,3,0,0,0,0,0,0,0,0,8500.0,9,1.003,1.003,0.0,False,0,0,2,3,29.82,monte_carlo_run_1366_seed_1408.log
1367,28,1,1,-1,1,1,1409,3101,0.095,1.37,False,Solitudine / Nessun Contatto,,,Nessuna,3,0,3,0.0,3,3,3,3,0,0,0,0,0,0,0,0,8500.0,9,1.0,1.0,0.0,False,0,0,1,2,0.06,monte_carlo_run_1367_seed_1409.log
1368,28,1,1,-1,1,1,1410,3101,0.112,2.64,False,Solitudine / Nessun Contatto,,,Nessuna,2,0,2,1.46,1,1,1,1,0,0,0,0,0,0,0,0,8500.0,2,1.0,1.0,0.0,False,0,0,0,0,91.12,monte_carlo_run_1368_seed_1410.log
1369,28,1,1,-1,1,1,1411,3101,0.084,1.11,False,Solitudine / Nessun Contatto,,,Nessuna,1,0,1,0.0,1,1,1,1,0,0,0,0,0,0,0,0,8500.0,2,1.0,1.0,0.0,False,0,0,0,0,0.02,monte_carlo_run_1369_seed_1411.log
1370,28,1,1,-1,1,1,1412,3101,0.098,1.66,False,Solitudine / Nessun Contatto,,,Nessuna,1,0,1,0.0,1,1,1,1,0,0,0,0,0,0,0,0,8500.0,2,1.0,1.0,0.0,False,0,0,0,0,0.02,monte_carlo_run_1370_seed_1412.log
1371,28,1,1,-1,1,1,1413,3101,0.055,1.17,False,Solitudine / Nessun Contatto,,,Nessuna,1,0,1,0.0,1,1,1,1,0,0,0,0,0,0,0,0,8500.0,2,1.0,1.0,0.0,False,0,0,0,0,0.02,monte_carlo_run_1371_seed_1413.log
1372,28,1,1,-1,1,1,1414,3101,0.088,1.34,False,Solitudine / Nessun Contatto,,,Nessuna,2,0,2,0.0,2,2,2,2,0,0,0,0,0,0,0,0,8500.0,5,1.0,1.0,0.0,False,0,0,0,1,0.04,monte_carlo_run_1372_seed_1414.log
1373,28,1,1,-1,1,1,1415,3101,0.056,0.75,False,Solitudine / Nessun Contatto,,,Nessuna,1,0,1,0.0,1,1,1,1,0,0,0,0,0,0,0,0,8500.0,2,1.0,1.0,0.0,False,0,0,0,0,0.02,monte_carlo_run_1373_seed_1415.log
1374,28,1,1,-1,1,1,1416,3101,0.067,0.91,False,Solitudine / Nessun Contatto,,,Nessuna,2,0,2,0.0,2,2,2,2,0,0,0,0,0,0,0,0,8500.0,5,1.0,1.0,0.0,False,0,0,0,1,0.04,monte_carlo_run_1374_seed_1416.log
1375,28,1,1,-1,1,1,1417,3101,0.136,3.24,False,Solitudine / Nessun Contatto,,,Nessuna,5,0,5,2.28,2,2,2,2,0,0,0,0,0,0,0,0,8500.0,6,1.007,1.007,0.0,False,2,0,1,1,153.83,monte_carlo_run_1375_seed_1417.log
1376,28,1,1,-1,1,1,1418,3101,0.055,1.1,False,Solitudine / Nessun Contatto,,,Nessuna,2,0,2,0.0,2,2,2,2,0,0,0,0,0,0,0,0,8500.0,6,1.0,1.0,0.0,False,0,0,0,1,0.04,monte_carlo_run_1376_seed_1418.log
1377,28,1,1,-1,1,1,1419,3101,0.053,0.78,False,Solitudine / Nessun Contatto,,,Nessuna,1,0,1,0.0,1,1,1,1,0,0,0,0,0,0,0,0,8500.0,2,1.0,1.0,0.0,False,0,0,0,0,0.02,monte_carlo_run_1377_seed_1419.log
1378,28,1,1,-1,1,1,1420,3101,0.072,1.74,False,Solitudine / Nessun Contatto,,,Nessuna,1,0,1,0.0,1,1,1,1,0,0,0,0,0,0,0,0,8500.0,2,1.0,1.0,0.0,False,0,0,0,0,0.02,monte_carlo_run_1378_seed_1420.log
1379,28,1,1,-1,1,1,1421,3101,0.107,2.44,False,Solitudine / Nessun Contatto,,,Nessuna,3,0,3,1.97,2,2,2,2,0,0,0,0,0,0,0,0,8500.0,5,1.005,1.005,0.0,False,0,0,1,1,107.61,monte_carlo_run_1379_seed_1421.log
1380,28,1,1,-1,1,1,1422,3101,0.079,1.72,False,Solitudine / Nessun Contatto,,,Nessuna,1,0,1,0.0,1,1,1,1,0,0,0,0,0,0,0,0,8500.0,2,1.0,1.0,0.0,False,0,0,0,0,0.02,monte_carlo_run_1380_seed_1422.log
1381,28,1,1,-1,1,1,1423,3101,0.053,1.29,False,Solitudine / Nessun Contatto,,,Nessuna,2,0,2,0.0,2,2,2,2,0,0,0,0,0,0,0,0,8500.0,5,1.0,1.0,0.0,False,0,0,1,1,0.04,monte_carlo_run_1381_seed_1423.log
1382,28,1,1,-1,1,1,1424,3101,0.148,3.23,False,Solitudine / Nessun Contatto,,,Nessuna,2,0,2,2.56,1,1,1,1,0,0,0,0,0,0,0,0,8500.0,2,1.0,1.0,0.0,False,0,0,0,0,120.23,monte_carlo_run_1382_seed_1424.log
1383,28,1,1,-1,1,1,1425,3101,0.141,3.14,False,Solitudine / Nessun Contatto,,,Nessuna,21,0,21,12.97,3,3,3,1,2,0,0,0,0,0,0,0,8500.0,11,1.245,1.245,0.0,False,14,0,1,3,1869.77,monte_carlo_run_1383_seed_1425.log
1384,28,1,1,-1,1,1,1426,3101,0.069,0.92,False,Solitudine / Nessun Contatto,,,Nessuna,1,0,1,0.0,1,1,1,1,0,0,0,0,0,0,0,0,8500.0,2,1.0,1.0,0.0,False,0,0,0,0,0.02,monte_carlo_run_1384_seed_1426.log
1385,28,1,1,-1,1,1,1427,3101,0.08,1.26,False,Solitudine / Nessun Contatto,,,Nessuna,2,0,2,0.0,2,2,2,2,0,0,0,0,0,0,0,0,8500.0,5,1.0,1.0,0.0,False,0,0,0,1,0.04,monte_carlo_run_1385_seed_1427.log
1386,28,1,1,-1,1,1,1428,3101,0.11,2.7,False,Solitudine / Nessun Contatto,,,Nessuna,1,0,1,0.0,1,1,1,1,0,0,0,0,0,0,0,0,8500.0,2,1.0,1.0,0.0,False,0,0,0,0,0.02,monte_carlo_run_1386_seed_1428.log
1387,28,1,1,-1,1,1,1429,3101,0.066,1.59,False,Solitudine / Nessun Contatto,,,Nessuna,1,0,1,0.0,1,1,1,1,0,0,0,0,0,0,0,0,8500.0,2,1.0,1.0,0.0,False,0,0,0,0,0.02,monte_carlo_run_1387_seed_1429.log
1388,28,1,1,-1,1,1,1430,3101,0.092,2.07,False,Solitudine / Nessun Contatto,,,Nessuna,2,0,2,1.58,1,1,1,1,0,0,0,0,0,0,0,0,8500.0,2,1.0,1.0,0.0,False,0,0,0,0,93.71,monte_carlo_run_1388_seed_1430.log
1389,28,1,1,-1,1,1,1431,3101,0.066,1.55,False,Solitudine / Nessun Contatto,,,Nessuna,1,0,1,0.0,1,1,1,1,0,0,0,0,0,0,0,0,8500.0,2,1.0,1.0,0.0,False,0,0,0,0,0.02,monte_carlo_run_1389_seed_1431.log
1390,28,1,1,-1,1,1,1432,3101,0.11,1.92,False,Solitudine / Nessun Contatto,,,Nessuna,1,0,1,0.0,1,1,1,1,0,0,0,0,0,0,0,0,8500.0,2,1.0,1.0,0.0,False,0,0,0,0,0.02,monte_carlo_run_1390_seed_1432.log
1391,28,1,1,-1,1,1,1433,3101,0.125,2.52,False,Solitudine / Nessun Contatto,,,Nessuna,1,0,1,0.0,1,1,1,1,0,0,0,0,0,0,0,0,8500.0,2,1.0,1.0,0.0,False,0,0,0,0,0.02,monte_carlo_run_1391_seed_1433.log
1392,28,1,1,-1,1,1,1434,3101,0.116,2.22,False,Solitudine / Nessun Contatto,,,Nessuna,6,0,6,3.35,3,3,2,2,0,1,1,1,0,0,0,0,8500.4,5,1.013,0.789,-0.224,False,1,0,1,1,273.0,monte_carlo_run_1392_seed_1434.log
1393,28,1,1,-1,1,1,1435,3101,0.133,2.64,False,Solitudine / Nessun Contatto,,,Nessuna,6,0,6,1.84,3,3,3,3,0,0,0,0,0,0,0,0,8500.0,9,1.013,1.013,0.0,False,2,0,1,2,194.99,monte_carlo_run_1393_seed_1435.log
1394,28,1,1,-1,1,1,1436,3101,0.091,1.22,False,Solitudine / Nessun Contatto,,,Nessuna,1,0,1,0.0,1,1,1,1,0,0,0,0,0,0,0,0,8500.0,2,1.0,1.0,0.0,False,0,0,0,0,0.02,monte_carlo_run_1394_seed_1436.log
1395,28,1,1,-1,1,1,1437,3101,0.092,1.53,False,Solitudine / Nessun Contatto,,,Nessuna,1,0,1,0.0,1,1,1,1,0,0,0,0,0,0,0,0,8500.0,2,1.0,1.0,0.0,False,0,0,0,0,0.02,monte_carlo_run_1395_seed_1437.log
1396,28,1,1,-1,1,1,1438,3101,0.079,1.16,False,Solitudine / Nessun Contatto,,,Nessuna,1,0,1,0.0,1,1,1,1,0,0,0,0,0,0,0,0,8500.0,2,1.0,1.0,0.0,False,0,0,0,0,0.02,monte_carlo_run_1396_seed_1438.log
1397,28,1,1,-1,1,1,1439,3101,0.112,1.48,False,Solitudine / Nessun Contatto,,,Nessuna,2,0,2,0.0,2,2,2,2,0,0,0,0,0,0,0,0,8500.0,6,1.0,1.0,0.0,False,0,0,0,1,0.04,monte_carlo_run_1397_seed_1439.log
1398,28,1,1,-1,1,1,1440,3101,0.083,1.74,False,Solitudine / Nessun Contatto,,,Nessuna,2,0,2,0.91,1,1,1,1,0,0,0,0,0,0,0,0,8500.0,2,1.0,1.0,0.0,False,0,0,0,0,43.63,monte_carlo_run_1398_seed_1440.log
1399,28,1,1,-1,1,1,1441,3101,0.127,2.54,False,Solitudine / Nessun Contatto,,,Nessuna,5,0,5,3.2,2,2,2,2,0,0,0,0,0,0,0,0,8500.0,5,1.014,1.014,0.0,False,1,0,1,1,251.85,monte_carlo_run_1399_seed_1441.log
1400,28,1,1,-1,1,1,1442,3101,0.06,0.84,False,Solitudine / Nessun Contatto,,,Nessuna,3,0,3,0.0,3,3,3,3,0,0,0,0,0,0,0,0,8500.0,10,1.0,1.0,0.0,False,0,0,1,2,0.06,monte_carlo_run_1400_seed_1442.log
1401,29,1,1,1,-1,-1,1443,3101,0.485,7.28,True,Contatto Planetario / Biofirme,5.16,2.5,Cauta,2,2,2492,19.35,305,220,26,7,15,266,185,185,0,118,83,35,9294.49,511,1.6,1.6,0.0,False,2188,0,823,1064,10000.12,monte_carlo_run_1401_seed_1443.log
1402,29,1,1,1,-1,-1,1444,3101,0.517,9.33,True,Incontro Flotta Deep-Space,743.65,8.23,Collaborativa,53,1,2605,44.24,333,238,23,5,17,290,278,278,0,190,125,65,9819.24,590,1.6,1.6,0.0,False,2273,0,1042,1186,10000.01,monte_carlo_run_1402_seed_1444.log
1403,29,1,1,1,-1,-1,1445,3101,0.297,6.62,True,Contatto Planetario / Biofirme,629.1,14.37,Ostile,22,0,2688,43.83,343,251,23,6,16,310,280,280,0,194,125,69,9862.78,622,1.6,1.6,0.0,False,2348,0,1065,1243,10000.23,monte_carlo_run_1403_seed_1445.log
1404,29,1,1,1,-1,-1,1446,3101,0.233,4.79,True,Contatto Planetario / Biofirme,254.63,7.84,Cauta,9,0,1384,37.33,162,117,9,2,6,151,151,151,0,95,61,34,9164.24,236,1.6,1.6,0.0,False,1166,0,341,393,10000.14,monte_carlo_run_1404_seed_1446.log
1405,29,1,1,1,-1,-1,1447,3101,0.216,5.09,True,Incontro Flotta Deep-Space,4474.7,26.38,Collaborativa,492,0,2456,36.8,296,204,26,4,18,259,236,236,0,155,106,49,9567.53,468,1.6,1.6,0.0,False,2094,0,745,899,10000.01,monte_carlo_run_1405_seed_1447.log
1406,29,1,1,1,-1,-1,1448,3101,0.427,10.21,True,Contatto Planetario / Biofirme,351.12,27.71,Ostile,23,0,2597,27.9,334,238,24,4,17,303,294,294,0,202,126,76,9914.34,596,1.565,1.6,0.0347,True,2264,0,1116,1257,10000.07,monte_carlo_run_1406_seed_1448.log
1407,29,1,1,1,-1,-1,1449,3101,0.515,7.84,True,Contatto Planetario / Biofirme,536.99,14.98,Cauta,31,1,2506,27.28,299,219,28,4,19,263,231,231,0,158,106,52,9602.25,551,1.6,1.6,0.0,False,2204,0,1096,1295,10000.06,monte_carlo_run_1407_seed_1449.log
1408,29,1,1,1,-1,-1,1450,3101,0.306,7.62,True,Contatto Planetario / Biofirme,421.82,11.16,Cauta,17,1,2694,33.57,324,240,24,9,8,281,262,262,0,175,127,48,9683.18,530,1.6,1.6,0.0,False,2370,0,801,953,10000.06,monte_carlo_run_1408_seed_1450.log
1409,29,1,1,1,-1,-1,1451,3101,0.42,5.19,True,Incontro Flotta Deep-Space,868.54,12.31,Biosfera Primitiva,33,0,2247,45.78,291,208,17,4,10,260,256,256,0,166,100,66,9635.51,486,1.583,1.6,0.017,True,1917,0,881,973,10000.13,monte_carlo_run_1409_seed_1451.log
1410,29,1,1,1,-1,-1,1452,3101,0.324,7.06,True,Incontro Flotta Deep-Space,4854.9,18.81,Biosfera Primitiva,1107,1,2627,40.23,284,198,10,1,7,265,254,254,0,176,118,58,9632.57,536,1.542,1.6,0.0575,True,2342,0,858,966,10000.07,monte_carlo_run_1410_seed_1452.log
1411,29,1,1,1,-1,-1,1453,3101,0.546,8.78,True,Contatto Planetario / Biofirme,71.97,8.5,Cauta,5,1,2662,35.04,308,223,18,5,13,279,245,245,0,162,110,52,9640.51,533,1.6,1.6,0.0,False,2358,0,778,951,10000.07,monte_carlo_run_1411_seed_1453.log
1412,29,1,1,1,-1,-1,1454,3101,0.293,7.03,True,Contatto Planetario / Biofirme,773.21,15.54,Ostile,30,1,2541,35.17,304,210,18,1,12,272,243,243,0,156,109,47,9595.16,504,1.6,1.6,0.0,False,2237,0,749,863,10000.01,monte_carlo_run_1412_seed_1454.log
1413,29,1,1,1,-1,-1,1455,3101,0.352,6.68,True,Contatto Planetario / Biofirme,367.95,13.43,Cauta,16,0,2346,29.8,293,205,12,1,9,269,249,249,0,156,118,38,9631.02,483,1.6,1.6,0.0,False,2052,0,747,917,10000.05,monte_carlo_run_1413_seed_1455.log
1414,29,1,1,1,-1,-1,1456,3101,0.5,10.97,True,Contatto Planetario / Biofirme,261.53,22.83,Collaborativa,20,1,2649,22.83,301,221,21,5,10,262,256,256,0,165,94,71,9661.88,541,1.464,1.6,0.1361,True,2350,0,803,869,10000.14,monte_carlo_run_1414_seed_1456.log
1415,29,1,1,1,-1,-1,1457,3101,0.599,8.94,True,Incontro Flotta Deep-Space,1859.31,10.07,Biosfera Primitiva,298,0,2619,29.89,312,235,26,7,15,277,241,241,0,165,106,59,9678.38,578,1.6,1.6,0.0,False,2307,0,894,1060,10000.44,monte_carlo_run_1415_seed_1457.log
1416,29,1,1,1,-1,-1,1458,3101,0.313,6.21,True,Contatto Planetario / Biofirme,58.74,6.37,Collaborativa,4,1,2518,37.0,319,231,31,7,18,274,255,255,0,170,115,55,9698.85,504,1.6,1.6,0.0,False,2198,0,766,923,10000.03,monte_carlo_run_1416_seed_1458.log
1417,29,1,1,1,-1,-1,1459,3101,0.46,9.09,True,Contatto Planetario / Biofirme,1067.07,17.64,Collaborativa,92,1,2761,37.19,316,235,29,6,21,277,259,259,0,177,106,71,9712.58,564,1.6,1.6,0.0,False,2443,0,837,939,10000.07,monte_carlo_run_1417_seed_1459.log
1418,29,1,1,1,-1,-1,1460,3101,0.258,6.35,True,Incontro Flotta Deep-Space,3207.58,13.46,Collaborativa,652,3,2551,33.3,300,226,27,4,19,255,250,250,0,166,94,72,9675.25,515,1.572,1.6,0.0282,True,2252,0,760,832,10000.03,monte_carlo_run_1418_seed_1460.log
1419,29,1,1,1,-1,-1,1461,3101,0.236,3.15,False,Solitudine / Nessun Contatto,,,Nessuna,1,0,1,0.0,2,2,2,1,1,0,0,0,0,0,0,0,8500.0,2,1.0,1.0,0.0,False,0,0,1,1,0.02,monte_carlo_run_1419_seed_1461.log
1420,29,1,1,1,-1,-1,1462,3101,0.328,4.76,True,Incontro Flotta Deep-Space,3603.82,6.42,Biosfera Primitiva,291,0,1785,44.7,198,132,15,5,8,173,170,170,0,122,68,54,9324.11,313,1.6,1.6,0.0,False,1494,0,497,547,10000.0,monte_carlo_run_1420_seed_1462.log
1421,29,1,1,1,-1,-1,1463,3101,0.416,8.5,True,Incontro Flotta Deep-Space,4722.78,20.03,Collaborativa,1734,0,2753,35.24,342,257,28,3,18,302,276,276,0,196,140,56,9865.96,667,1.6,1.6,0.0,False,2410,0,1166,1373,10000.15,monte_carlo_run_1421_seed_1463.log
1422,29,1,1,1,-1,-1,1464,3101,0.54,12.31,True,Contatto Planetario / Biofirme,105.09,9.57,Cauta,8,0,2621,35.49,300,221,22,7,10,267,240,240,0,177,131,46,9738.92,577,1.547,1.6,0.0533,True,2322,0,904,1108,10000.11,monte_carlo_run_1422_seed_1464.log
1423,29,1,1,1,-1,-1,1465,3101,0.539,9.79,True,Incontro Flotta Deep-Space,2647.61,0.0,Biosfera Primitiva,380,2,2312,28.9,314,227,32,5,22,271,201,201,0,144,92,52,9515.07,495,1.6,1.6,0.0,False,1998,0,952,1174,10000.02,monte_carlo_run_1423_seed_1465.log
1424,29,1,1,1,-1,-1,1466,3101,0.333,4.95,True,Contatto Planetario / Biofirme,1663.26,13.25,Diffidente,105,0,2519,36.87,308,227,17,5,9,276,261,261,0,173,97,76,9685.94,516,1.6,1.6,0.0,False,2127,0,873,966,10000.0,monte_carlo_run_1424_seed_1466.log
1425,29,1,1,1,-1,-1,1467,3101,0.467,9.93,True,Contatto Planetario / Biofirme,2461.98,15.55,Ostile,344,1,2514,19.14,316,214,27,5,18,278,188,188,0,132,101,31,9428.44,511,1.566,1.6,0.0339,True,2196,0,807,1011,10000.07,monte_carlo_run_1425_seed_1467.log
1426,29,1,1,1,-1,-1,1468,3101,0.367,8.32,True,Incontro Flotta Deep-Space,4360.05,21.56,Biosfera Primitiva,838,1,2516,31.58,278,193,13,2,8,250,223,223,0,130,93,37,9425.51,439,1.6,1.6,0.0,False,2237,0,545,689,10000.09,monte_carlo_run_1426_seed_1468.log
1427,29,1,1,1,-1,-1,1469,3101,0.218,3.0,False,Solitudine / Nessun Contatto,,,Nessuna,1,0,1,0.0,1,1,1,1,0,0,0,0,0,0,0,0,8500.0,2,1.0,1.0,0.0,False,0,0,0,0,0.02,monte_carlo_run_1427_seed_1469.log
1428,29,1,1,1,-1,-1,1470,3101,0.454,10.12,True,Contatto Planetario / Biofirme,307.95,19.73,Ostile,19,3,2608,25.11,314,220,17,3,13,278,239,239,0,160,112,48,9595.07,577,1.6,1.6,0.0,False,2295,0,922,1129,10000.11,monte_carlo_run_1428_seed_1470.log
1429,29,1,1,1,-1,-1,1471,3101,0.598,13.77,True,Contatto Planetario / Biofirme,9.26,5.54,Collaborativa,2,1,2713,44.91,286,202,16,3,9,255,242,242,0,163,101,62,9633.28,513,1.6,1.6,0.0,False,2426,0,701,807,10000.15,monte_carlo_run_1429_seed_1471.log
1430,29,1,1,1,-1,-1,1472,3101,0.366,8.02,True,Contatto Planetario / Biofirme,27.09,9.75,Cauta,3,3,2592,40.59,344,251,25,3,18,302,286,286,0,197,128,69,9844.05,638,1.593,1.6,0.0075,True,2244,0,1047,1184,10000.07,monte_carlo_run_1430_seed_1472.log
1431,29,1,1,1,-1,-1,1473,3101,0.378,4.72,True,Incontro Flotta Deep-Space,1214.69,7.26,Biosfera Primitiva,79,1,2099,41.59,276,187,20,5,10,242,174,174,0,115,83,32,9312.24,405,1.498,1.6,0.1022,True,1725,0,631,862,10000.11,monte_carlo_run_1431_seed_1473.log
1432,29,1,1,1,-1,-1,1474,3101,0.513,11.98,True,Contatto Planetario / Biofirme,213.06,17.87,Diffidente,13,1,2722,36.36,316,219,17,3,11,290,263,263,0,190,138,52,9853.26,615,1.6,1.6,0.0,False,2406,0,994,1197,10000.02,monte_carlo_run_1432_seed_1474.log
1433,29,1,1,1,-1,-1,1475,3101,0.599,13.43,True,Contatto Planetario / Biofirme,23.9,9.04,Diffidente,3,0,2698,24.26,318,242,28,3,22,273,236,236,0,164,122,42,9634.67,569,1.6,1.6,0.0,False,2381,0,836,1027,10000.01,monte_carlo_run_1433_seed_1475.log
1434,29,1,1,1,-1,-1,1476,3101,0.556,7.87,True,Contatto Planetario / Biofirme,4.87,2.71,Collaborativa,2,1,2592,51.06,310,227,23,3,19,274,238,238,0,175,126,49,9729.43,551,1.6,1.6,0.0,False,2280,0,950,1246,10000.07,monte_carlo_run_1434_seed_1476.log
1435,29,1,1,1,-1,-1,1477,3101,0.226,4.37,True,Incontro Flotta Deep-Space,3806.89,6.67,Collaborativa,277,0,761,39.31,83,63,8,5,2,67,67,67,0,43,30,13,8812.69,112,1.592,1.6,0.0076,True,622,0,133,157,10000.32,monte_carlo_run_1435_seed_1477.log
1436,29,1,1,1,-1,-1,1478,3101,0.305,4.1,False,Solitudine / Nessun Contatto,,,Nessuna,85,0,85,21.39,15,10,2,1,1,11,11,11,0,8,5,3,8556.58,24,1.062,1.6,0.5375,True,60,0,31,42,10009.69,monte_carlo_run_1436_seed_1478.log
1437,29,1,1,1,-1,-1,1479,3101,0.242,3.56,False,Solitudine / Nessun Contatto,,,Nessuna,6,0,6,6.5,1,1,1,1,0,0,0,0,0,0,0,0,8500.0,2,1.007,1.007,0.0,False,3,0,0,0,241.24,monte_carlo_run_1437_seed_1479.log
1438,29,1,1,1,-1,-1,1480,3101,0.286,4.91,True,Incontro Flotta Deep-Space,5086.23,17.06,Biosfera Primitiva,764,0,2232,50.68,273,214,23,4,19,242,242,242,0,154,83,71,9537.12,418,1.597,1.6,0.0035,True,1870,0,681,744,10000.01,monte_carlo_run_1438_seed_1480.log
1439,29,1,1,1,-1,-1,1481,3101,0.584,11.85,True,Contatto Planetario / Biofirme,28.51,9.04,Predatoria,4,0,2761,29.0,328,243,18,1,16,299,278,278,0,183,124,59,9774.0,625,1.6,1.6,0.0,False,2434,0,1039,1249,10000.13,monte_carlo_run_1439_seed_1481.log
1440,29,1,1,1,-1,-1,1482,3101,0.513,10.68,True,Incontro Flotta Deep-Space,1786.98,5.26,Biosfera Primitiva,189,0,2606,36.53,310,237,25,4,16,274,262,262,0,178,104,74,9761.09,605,1.6,1.6,0.0,False,2296,0,1010,1111,10000.01,monte_carlo_run_1440_seed_1482.log
1441,29,1,1,1,-1,-1,1483,3101,0.432,8.87,True,Contatto Planetario / Biofirme,165.73,7.32,Cauta,9,2,2645,49.67,348,248,23,3,18,310,284,284,0,180,114,66,9698.55,596,1.6,1.6,0.0,False,2292,0,958,1074,10000.03,monte_carlo_run_1441_seed_1483.log
1442,29,1,1,1,-1,-1,1484,3101,0.398,5.2,True,Contatto Planetario / Biofirme,347.11,14.18,Collaborativa,18,1,2682,48.21,337,240,26,8,14,298,292,292,0,188,111,77,9795.16,574,1.6,1.6,0.0,False,2294,0,896,1001,10000.06,monte_carlo_run_1442_seed_1484.log
1443,29,1,1,1,-1,-1,1485,3101,0.587,7.65,True,Contatto Planetario / Biofirme,134.94,16.29,Cauta,10,2,2792,30.13,332,240,22,3,18,292,274,274,0,187,102,85,9785.67,623,1.6,1.6,0.0,False,2459,0,1142,1249,10000.14,monte_carlo_run_1443_seed_1485.log
1444,29,1,1,1,-1,-1,1486,3101,0.23,5.59,True,Incontro Flotta Deep-Space,3032.91,19.15,Biosfera Primitiva,405,0,2555,40.55,312,230,25,8,14,274,257,257,0,170,109,61,9717.98,556,1.5,1.6,0.1004,True,2230,0,951,1073,10000.05,monte_carlo_run_1444_seed_1486.log
1445,29,1,1,1,-1,-1,1487,3101,0.274,4.03,False,Solitudine / Nessun Contatto,,,Nessuna,14,0,14,13.43,5,5,2,0,1,3,3,3,0,3,3,0,8517.23,5,0.801,1.191,0.3901,True,8,0,1,8,1291.02,monte_carlo_run_1445_seed_1487.log
1446,29,1,1,1,-1,-1,1488,3101,0.397,9.09,True,Contatto Planetario / Biofirme,451.56,17.99,Cauta,35,0,2682,36.35,326,255,23,5,14,289,252,252,0,169,114,55,9659.26,573,1.6,1.6,0.0,False,2358,0,922,1093,10000.06,monte_carlo_run_1446_seed_1488.log
1447,29,1,1,1,-1,-1,1489,3101,0.444,5.88,True,Incontro Flotta Deep-Space,695.74,2.58,Biosfera Primitiva,49,0,2150,30.39,263,199,24,4,15,231,199,199,0,121,91,30,9350.54,385,1.6,1.6,0.0,False,1879,0,617,813,10000.02,monte_carlo_run_1447_seed_1489.log
1448,29,1,1,1,-1,-1,1490,3101,0.439,7.64,True,Contatto Planetario / Biofirme,563.86,23.92,Cauta,34,0,2638,27.5,315,228,22,5,13,279,252,252,0,170,120,50,9679.32,550,1.6,1.6,0.0,False,2324,0,872,1033,10000.06,monte_carlo_run_1448_seed_1490.log
1449,29,1,1,1,-1,-1,1491,3101,0.21,4.13,True,Incontro Flotta Deep-Space,1379.75,9.59,Biosfera Primitiva,41,0,268,44.66,27,20,4,1,3,21,21,21,0,17,12,5,8609.34,45,1.439,1.6,0.1612,True,218,0,42,50,10000.39,monte_carlo_run_1449_seed_1491.log
1450,29,1,1,1,-1,-1,1492,3101,0.557,9.24,True,Contatto Planetario / Biofirme,171.93,20.97,Collaborativa,16,1,2598,23.11,303,227,31,3,20,259,198,198,0,149,107,42,9536.11,554,1.6,1.6,0.0,False,2297,0,836,1111,10000.11,monte_carlo_run_1450_seed_1492.log
1451,30,1,1,1,-1,1,1493,3101,0.52,10.71,True,Incontro Flotta Deep-Space,42.97,11.22,Cauta,6,0,2574,12.05,334,249,24,4,17,294,2,2,0,1,1,0,8508.34,561,0.844,0.15,-0.6935,False,2241,0,828,1040,10000.03,monte_carlo_run_1451_seed_1493.log
1452,30,1,1,1,-1,1,1494,3101,0.426,9.41,False,Solitudine / Nessun Contatto,,,Nessuna,6,0,6,7.47,5,2,1,1,0,4,4,4,0,0,0,0,8500.93,2,1.001,0.813,-0.1873,False,0,0,0,0,174.26,monte_carlo_run_1452_seed_1494.log
1453,30,1,1,1,-1,1,1495,3101,0.534,9.13,True,Incontro Flotta Deep-Space,56.03,15.69,Diffidente,7,2,2622,37.26,310,217,23,4,17,268,152,152,0,103,61,42,9251.35,533,1.6,1.6,0.0,False,2309,0,843,1073,10000.11,monte_carlo_run_1453_seed_1495.log
1454,30,1,1,1,-1,1,1496,3101,0.341,4.41,True,Incontro Flotta Deep-Space,4373.76,33.57,Biosfera Primitiva,181,1,508,43.06,53,37,6,1,5,43,43,43,0,27,18,9,8699.97,68,1.6,1.6,0.0003,True,419,0,52,64,10000.02,monte_carlo_run_1454_seed_1496.log
1455,30,1,1,1,-1,1,1497,3101,0.377,8.39,True,Contatto Planetario / Biofirme,97.53,7.28,Collaborativa,8,1,2371,26.63,289,207,24,3,17,254,186,186,0,122,91,31,9364.53,456,1.502,1.6,0.0982,True,2079,0,630,846,10000.08,monte_carlo_run_1455_seed_1497.log
1456,30,1,1,1,-1,1,1498,3101,0.511,8.03,True,Incontro Flotta Deep-Space,13.3,5.41,Cauta,6,2,2316,21.25,308,210,15,3,8,274,153,153,0,94,69,25,9117.81,483,1.6,1.6,0.0,False,2006,0,719,1012,10000.02,monte_carlo_run_1456_seed_1498.log
1457,30,1,1,1,-1,1,1499,3101,0.319,6.26,True,Contatto Planetario / Biofirme,231.09,7.33,Predatoria,9,0,2699,26.21,328,248,23,2,19,294,266,266,0,182,116,66,9752.58,583,1.567,1.6,0.0325,True,2366,0,933,1069,10000.04,monte_carlo_run_1457_seed_1499.log
1458,30,1,1,1,-1,1,1500,3101,0.419,10.25,True,Incontro Flotta Deep-Space,111.85,12.9,Collaborativa,23,0,2587,28.17,328,238,23,3,16,291,104,104,0,56,41,15,8921.27,577,1.6,1.6,0.0,False,2257,0,835,1173,10000.22,monte_carlo_run_1458_seed_1500.log
1459,30,1,1,1,-1,1,1501,3101,0.298,5.7,True,Incontro Flotta Deep-Space,4818.43,3.17,Biosfera Primitiva,493,0,2260,34.61,284,208,17,3,12,258,221,221,0,150,118,32,9528.37,438,1.578,1.6,0.0222,True,1972,0,731,940,10000.05,monte_carlo_run_1459_seed_1501.log
1460,30,1,1,1,-1,1,1502,3101,0.358,5.24,True,Incontro Flotta Deep-Space,841.03,10.28,Diffidente,92,0,2513,16.38,312,213,23,3,17,274,244,244,0,171,98,73,9683.87,564,1.6,1.6,0.0,False,2163,0,1056,1256,10000.04,monte_carlo_run_1460_seed_1502.log
1461,30,1,1,1,-1,1,1503,3101,0.258,5.43,True,Incontro Flotta Deep-Space,3908.45,20.83,Biosfera Primitiva,494,0,2136,30.69,256,179,14,4,7,234,225,225,0,153,79,74,9557.81,465,1.556,1.6,0.0439,True,1863,0,809,913,10000.02,monte_carlo_run_1461_seed_1503.log
1462,30,1,1,1,-1,1,1504,3101,0.454,9.96,True,Incontro Flotta Deep-Space,976.28,15.13,Biosfera Primitiva,222,0,2587,27.83,282,206,20,3,15,255,136,136,0,83,71,12,9104.52,497,1.6,1.6,0.0,False,2304,0,618,856,10000.02,monte_carlo_run_1462_seed_1504.log
1463,30,1,1,1,-1,1,1505,3101,0.55,7.03,True,Incontro Flotta Deep-Space,886.58,13.38,Diffidente,135,2,2623,29.94,284,204,24,4,16,246,135,135,0,98,64,34,9225.72,510,1.6,1.6,0.0,False,2339,0,793,1001,10000.19,monte_carlo_run_1463_seed_1505.log
1464,30,1,1,1,-1,1,1506,3101,0.467,10.77,True,Incontro Flotta Deep-Space,3112.06,16.39,Ostile,515,1,2423,30.41,275,200,20,4,14,238,160,160,0,104,77,27,9222.42,408,1.6,1.6,0.0,False,2143,0,522,753,10000.02,monte_carlo_run_1464_seed_1506.log
1465,30,1,1,1,-1,1,1507,3101,0.287,4.35,False,Solitudine / Nessun Contatto,,,Nessuna,501,0,501,10.74,55,42,2,0,2,50,0,0,0,0,0,0,8500.0,119,0.764,0.764,0.0,False,399,0,126,132,10000.17,monte_carlo_run_1465_seed_1507.log
1466,30,1,1,1,-1,1,1508,3101,0.353,5.34,True,Incontro Flotta Deep-Space,2396.3,13.13,Biosfera Primitiva,196,1,2417,38.04,295,205,17,2,13,265,246,246,0,169,110,59,9689.42,521,1.6,1.6,0.0,False,2094,0,900,1069,10000.15,monte_carlo_run_1466_seed_1508.log
1467,30,1,1,1,-1,1,1509,3101,0.463,6.62,True,Contatto Planetario / Biofirme,245.41,10.53,Predatoria,13,0,2436,29.3,269,194,17,6,10,233,205,205,0,127,82,45,9377.94,411,1.6,1.6,0.0,False,2166,0,544,624,10000.06,monte_carlo_run_1467_seed_1509.log
1468,30,1,1,1,-1,1,1510,3101,0.223,4.3,True,Incontro Flotta Deep-Space,1036.65,9.07,Biosfera Primitiva,126,0,982,48.46,131,95,9,1,5,119,25,25,0,16,13,3,8609.74,220,1.539,1.6,0.0609,True,779,0,237,285,10000.04,monte_carlo_run_1468_seed_1510.log
1469,30,1,1,1,-1,1,1511,3101,0.338,5.58,True,Contatto Planetario / Biofirme,4.33,1.47,Cauta,2,0,2586,22.46,343,265,25,5,18,310,293,293,0,200,122,78,9892.17,638,1.6,1.6,0.0,False,2216,0,1182,1299,10000.07,monte_carlo_run_1469_seed_1511.log
1470,30,1,1,1,-1,1,1512,3101,0.556,9.06,False,Solitudine / Nessun Contatto,,,Nessuna,2497,0,2497,6.82,314,236,26,3,19,273,249,249,0,176,129,47,9686.51,532,1.6,1.6,0.0,False,2178,0,1014,1226,10000.08,monte_carlo_run_1470_seed_1512.log
1471,30,1,1,1,-1,1,1513,3101,0.227,5.41,True,Incontro Flotta Deep-Space,776.56,16.13,Leale alla Madrepatria,76,0,2799,23.7,356,258,19,5,13,323,95,95,0,62,56,6,8947.23,631,1.516,1.6,0.084,True,2410,0,1021,1268,10000.01,monte_carlo_run_1471_seed_1513.log
1472,30,1,1,1,-1,1,1514,3101,0.303,6.29,True,Incontro Flotta Deep-Space,710.11,6.88,Biosfera Primitiva,106,0,2693,22.64,360,258,19,3,16,320,22,22,0,15,14,1,8604.97,632,1.443,1.6,0.1571,True,2330,0,1078,1517,10000.04,monte_carlo_run_1472_seed_1514.log
1473,30,1,1,1,-1,1,1515,3101,0.221,4.03,True,Incontro Flotta Deep-Space,1060.71,5.99,Collaborativa,60,0,380,37.92,52,33,2,1,0,46,39,39,0,21,19,2,8678.01,75,1.444,1.6,0.1563,True,294,0,50,77,10000.36,monte_carlo_run_1473_seed_1515.log
1474,30,1,1,1,-1,1,1516,3101,0.423,8.48,True,Contatto Planetario / Biofirme,231.59,12.93,Diffidente,10,0,2677,30.08,328,243,27,4,20,289,278,278,0,184,116,68,9738.43,596,1.6,1.6,0.0,False,2349,0,905,1015,10000.07,monte_carlo_run_1474_seed_1516.log
1475,30,1,1,1,-1,1,1517,3101,0.21,4.67,True,Incontro Flotta Deep-Space,4011.84,18.83,Collaborativa,311,0,2022,36.49,270,196,17,7,10,245,244,244,0,150,71,79,9521.6,436,1.518,1.6,0.0819,True,1646,0,721,772,10000.13,monte_carlo_run_1475_seed_1517.log
1476,30,1,1,1,-1,1,1518,3101,0.539,8.22,True,Contatto Planetario / Biofirme,36.49,14.09,Diffidente,10,1,2600,15.04,330,241,25,6,17,294,55,55,0,36,33,3,8750.21,631,1.535,1.6,0.0646,True,2265,0,1110,1592,10000.04,monte_carlo_run_1476_seed_1518.log
1477,30,1,1,1,-1,1,1519,3101,0.44,5.81,True,Contatto Planetario / Biofirme,862.46,16.28,Cauta,62,0,2629,25.44,346,263,23,7,15,312,215,215,0,142,94,48,9534.27,563,1.546,1.6,0.0539,True,2280,0,991,1238,10000.22,monte_carlo_run_1477_seed_1519.log
1478,30,1,1,1,-1,1,1520,3101,0.305,6.43,True,Incontro Flotta Deep-Space,0.02,6.05,Ostile,2,0,2682,9.08,328,245,29,7,19,286,68,68,0,47,41,6,8815.65,569,1.542,1.6,0.0579,True,2349,0,835,1006,10000.02,monte_carlo_run_1478_seed_1520.log
1479,30,1,1,1,-1,1,1521,3101,0.395,6.0,True,Incontro Flotta Deep-Space,1812.37,11.44,Biosfera Primitiva,183,2,2466,34.2,301,231,14,2,10,275,265,265,0,190,104,86,9873.87,578,1.551,1.6,0.0489,True,2161,0,1124,1245,10000.02,monte_carlo_run_1479_seed_1521.log
1480,30,1,1,1,-1,1,1522,3101,0.562,10.11,True,Contatto Planetario / Biofirme,326.05,21.25,Predatoria,23,0,2507,36.81,303,225,28,5,20,267,256,256,0,170,114,56,9711.39,580,1.516,1.6,0.0836,True,2201,0,963,1061,10000.02,monte_carlo_run_1480_seed_1522.log
1481,30,1,1,1,-1,1,1523,3101,0.258,4.95,True,Incontro Flotta Deep-Space,2555.17,21.54,Biosfera Primitiva,250,0,2067,47.17,248,181,22,3,17,213,200,200,0,140,95,45,9490.69,387,1.6,1.6,0.0,False,1767,0,647,809,10000.07,monte_carlo_run_1481_seed_1523.log
1482,30,1,1,1,-1,1,1524,3101,0.358,4.82,True,Contatto Planetario / Biofirme,1628.25,25.54,Predatoria,43,0,1818,41.36,220,174,23,6,14,190,179,179,0,112,76,36,9262.24,311,1.6,1.6,0.0,False,1539,0,473,556,10000.04,monte_carlo_run_1482_seed_1524.log
1483,30,1,1,1,-1,1,1525,3101,0.366,4.61,True,Contatto Planetario / Biofirme,2043.36,30.06,Cauta,148,1,2081,46.75,248,186,17,2,13,222,208,208,0,138,93,45,9516.09,394,1.6,1.6,0.0,False,1715,0,624,727,10000.1,monte_carlo_run_1483_seed_1525.log
1484,30,1,1,1,-1,1,1526,3101,0.562,13.17,True,Incontro Flotta Deep-Space,183.39,7.59,Leale alla Madrepatria,17,1,2219,10.48,275,207,16,2,12,250,204,204,0,128,87,41,9401.12,467,1.6,1.6,0.0,False,1941,0,743,927,10000.11,monte_carlo_run_1484_seed_1526.log
1485,30,1,1,1,-1,1,1527,3101,0.549,7.79,True,Incontro Flotta Deep-Space,1344.82,10.3,Biosfera Primitiva,137,0,2579,32.24,324,242,26,3,21,284,242,242,0,170,120,50,9672.22,579,1.6,1.6,0.0,False,2250,0,976,1154,10000.05,monte_carlo_run_1485_seed_1527.log
1486,30,1,1,1,-1,1,1528,3101,0.57,7.89,True,Incontro Flotta Deep-Space,627.27,6.54,Biosfera Primitiva,37,0,2374,30.42,281,196,19,3,13,249,241,241,0,147,94,53,9528.59,478,1.6,1.6,0.0,False,2093,0,648,728,10000.01,monte_carlo_run_1486_seed_1528.log
1487,30,1,1,1,-1,1,1529,3101,0.565,7.35,True,Incontro Flotta Deep-Space,1037.62,18.98,Collaborativa,121,1,2441,27.49,321,225,20,7,11,282,262,262,0,186,121,65,9812.59,615,1.6,1.6,0.0,False,2119,0,1139,1264,10000.04,monte_carlo_run_1487_seed_1529.log
1488,30,1,1,1,-1,1,1530,3101,0.374,5.06,True,Incontro Flotta Deep-Space,2493.39,11.84,Biosfera Primitiva,290,1,2442,49.86,297,222,18,3,13,271,268,268,0,174,96,78,9700.39,521,1.598,1.6,0.0023,True,2098,0,906,969,10000.16,monte_carlo_run_1488_seed_1530.log
1489,30,1,1,1,-1,1,1531,3101,0.532,12.42,True,Contatto Planetario / Biofirme,580.57,29.0,Diffidente,99,1,2633,35.12,324,236,23,5,14,294,143,143,0,104,74,30,9268.31,556,1.6,1.6,0.0,False,2309,0,963,1314,10000.14,monte_carlo_run_1489_seed_1531.log
1490,30,1,1,1,-1,1,1532,3101,0.502,8.25,True,Incontro Flotta Deep-Space,1885.09,12.29,Collaborativa,304,0,2457,20.28,285,207,22,5,14,247,85,85,0,61,53,8,8899.87,478,1.6,1.6,0.0,False,2173,0,690,945,10000.11,monte_carlo_run_1490_seed_1532.log
1491,30,1,1,1,-1,1,1533,3101,0.258,4.17,False,Solitudine / Nessun Contatto,,,Nessuna,12,0,12,5.48,4,3,2,2,0,2,0,0,0,0,0,0,8500.0,12,1.04,1.04,0.0,False,6,0,1,4,615.49,monte_carlo_run_1491_seed_1533.log
1492,30,1,1,1,-1,1,1534,3101,0.484,9.63,True,Contatto Planetario / Biofirme,169.67,20.07,Diffidente,13,0,2784,43.44,301,233,20,4,12,271,266,266,0,184,100,84,9763.46,613,1.6,1.6,0.0,False,2485,0,932,960,10000.09,monte_carlo_run_1492_seed_1534.log
1493,30,1,1,1,-1,1,1535,3101,0.556,8.21,False,Solitudine / Nessun Contatto,,,Nessuna,2561,1,2561,16.06,337,239,22,5,16,299,252,252,0,176,121,55,9807.86,611,1.6,1.6,0.0,False,2226,0,1110,1386,10000.09,monte_carlo_run_1493_seed_1535.log
1494,30,1,1,1,-1,1,1536,3101,0.386,6.6,True,Incontro Flotta Deep-Space,828.65,17.07,Biosfera Primitiva,78,0,2622,31.91,346,253,20,4,10,310,142,142,0,97,80,17,9157.91,587,1.6,1.6,0.0,False,2276,0,1072,1379,10000.23,monte_carlo_run_1494_seed_1536.log
1495,30,1,1,1,-1,1,1537,3101,0.259,5.94,True,Contatto Planetario / Biofirme,722.7,9.23,Cauta,135,0,2659,15.92,321,227,24,5,16,284,78,78,0,50,39,11,8849.18,547,1.577,1.6,0.0227,True,2326,0,824,1116,10000.02,monte_carlo_run_1495_seed_1537.log
1496,30,1,1,1,-1,1,1538,3101,0.575,10.76,True,Incontro Flotta Deep-Space,123.22,16.12,Predatoria,15,0,2423,17.61,323,232,18,1,12,292,169,169,0,111,89,22,9273.49,572,1.569,1.6,0.0307,True,2097,0,876,1108,10000.18,monte_carlo_run_1496_seed_1538.log
1497,30,1,1,1,-1,1,1539,3101,0.508,7.6,True,Contatto Planetario / Biofirme,181.89,13.56,Cauta,32,0,2447,13.56,275,197,17,2,12,245,105,105,0,78,65,13,9035.34,502,1.6,1.6,0.0,False,2173,0,885,1184,10000.02,monte_carlo_run_1497_seed_1539.log
1498,30,1,1,1,-1,1,1540,3101,0.32,4.22,False,Solitudine / Nessun Contatto,,,Nessuna,10,0,10,7.43,2,2,1,1,0,1,1,1,0,0,0,0,8500.69,3,1.084,0.881,-0.203,False,8,0,0,0,1171.31,monte_carlo_run_1498_seed_1540.log
1499,30,1,1,1,-1,1,1541,3101,0.389,7.21,True,Incontro Flotta Deep-Space,2228.65,4.92,Biosfera Primitiva,177,0,2271,22.94,282,205,24,3,12,249,190,190,0,135,96,39,9453.92,463,1.6,1.6,0.0,False,1985,0,683,893,10000.09,monte_carlo_run_1499_seed_1541.log
1500,30,1,1,1,-1,1,1542,3101,0.361,7.86,True,Incontro Flotta Deep-Space,681.83,6.97,Biosfera Primitiva,40,0,2474,26.02,312,231,20,2,15,278,262,262,0,185,109,76,9777.75,598,1.6,1.6,0.0,False,2161,0,1056,1222,10000.02,monte_carlo_run_1500_seed_1542.log
1501,31,1,1,1,1,-1,1543,3101,0.446,9.43,True,Contatto Planetario / Biofirme,402.19,11.48,Diffidente,21,1,2057,35.3,86,64,5,1,3,79,78,78,0,56,40,16,8891.65,139,1.6,1.6,0.0,False,1968,0,113,139,10000.03,monte_carlo_run_1501_seed_1543.log
1502,31,1,1,1,1,-1,1544,3101,0.563,11.26,True,Contatto Planetario / Biofirme,1321.79,16.53,Cauta,105,0,1792,46.71,86,62,9,3,5,75,75,75,0,47,38,9,8867.88,127,1.6,1.6,0.0,False,1701,0,80,89,10000.31,monte_carlo_run_1502_seed_1544.log
1503,31,1,1,1,1,-1,1545,3101,0.255,4.9,True,Incontro Flotta Deep-Space,6954.5,21.3,Biosfera Primitiva,483,0,825,37.76,45,30,2,1,1,40,40,40,0,23,16,7,8687.05,65,1.6,1.6,0.0,False,742,0,33,39,10000.37,monte_carlo_run_1503_seed_1545.log
1504,31,1,1,1,1,-1,1546,3101,0.488,7.54,True,Incontro Flotta Deep-Space,1460.06,5.23,Biosfera Primitiva,101,1,1985,36.69,105,76,11,2,8,88,88,88,0,58,46,12,8908.53,151,1.6,1.6,0.0,False,1878,0,109,123,10000.0,monte_carlo_run_1504_seed_1546.log
1505,31,1,1,1,1,-1,1547,3101,0.331,7.94,True,Incontro Flotta Deep-Space,3916.97,21.83,Collaborativa,470,0,1791,36.89,69,50,3,1,2,64,64,64,0,35,32,3,8787.98,95,1.6,1.6,0.0,False,1719,0,32,40,10000.24,monte_carlo_run_1505_seed_1547.log
1506,31,1,1,1,1,-1,1548,3101,0.29,4.15,False,Solitudine / Nessun Contatto,,,Nessuna,1,0,1,0.0,2,2,2,1,1,0,0,0,0,0,0,0,8500.0,2,1.0,1.0,0.0,False,0,0,1,1,0.02,monte_carlo_run_1506_seed_1548.log
1507,31,1,1,1,1,-1,1549,3101,0.503,7.23,True,Contatto Planetario / Biofirme,2768.45,19.71,Diffidente,446,0,2073,41.19,108,82,8,2,6,97,90,90,0,57,38,19,8870.93,176,1.578,1.6,0.0223,True,1963,0,161,188,10000.03,monte_carlo_run_1507_seed_1549.log
1508,31,1,1,1,1,-1,1550,3101,0.496,10.17,True,Incontro Flotta Deep-Space,1396.75,10.71,Biosfera Primitiva,132,0,2012,33.1,103,67,7,1,6,93,93,93,0,61,47,14,8928.84,154,1.6,1.6,0.0,False,1905,0,128,148,10000.07,monte_carlo_run_1508_seed_1550.log
1509,31,1,1,1,1,-1,1551,3101,0.302,5.38,True,Incontro Flotta Deep-Space,1729.17,16.07,Biosfera Primitiva,45,1,1215,40.45,58,41,4,1,0,48,48,48,0,34,25,9,8752.68,75,1.595,1.59,-0.0047,False,1153,0,50,62,10000.54,monte_carlo_run_1509_seed_1551.log
1510,31,1,1,1,1,-1,1552,3101,0.595,14.55,True,Contatto Planetario / Biofirme,174.59,27.38,Predatoria,9,0,1819,36.03,80,64,8,2,2,71,64,64,0,42,34,8,8793.33,128,1.6,1.6,0.0,False,1737,0,72,97,10000.61,monte_carlo_run_1510_seed_1552.log
1511,31,1,1,1,1,-1,1553,3101,0.23,3.04,False,Solitudine / Nessun Contatto,,,Nessuna,1,0,1,0.0,1,1,1,1,0,0,0,0,0,0,0,0,8500.0,2,1.0,1.0,0.0,False,0,0,0,0,0.02,monte_carlo_run_1511_seed_1553.log
1512,31,1,1,1,1,-1,1554,3101,0.414,8.78,True,Incontro Flotta Deep-Space,6029.63,19.94,Biosfera Primitiva,570,0,1333,40.39,56,42,5,2,3,48,48,48,0,32,31,1,8747.82,70,1.6,1.6,0.0,False,1275,0,28,41,10000.18,monte_carlo_run_1512_seed_1554.log
1513,31,1,1,1,1,-1,1555,3101,0.536,10.32,True,Contatto Planetario / Biofirme,33.76,13.77,Ostile,3,0,1762,34.29,83,59,5,1,4,73,73,73,0,49,42,7,8819.12,125,1.6,1.6,0.0,False,1677,0,71,96,10000.5,monte_carlo_run_1513_seed_1555.log
1514,31,1,1,1,1,-1,1556,3101,0.317,6.3,True,Contatto Planetario / Biofirme,2548.49,12.89,Diffidente,99,0,1201,36.43,45,30,3,1,1,41,41,41,0,22,18,4,8629.29,65,1.6,1.6,0.0,False,1153,0,22,27,10000.07,monte_carlo_run_1514_seed_1556.log
1515,31,1,1,1,1,-1,1557,3101,0.495,8.01,True,Contatto Planetario / Biofirme,23.4,9.42,Collaborativa,3,0,2037,43.2,105,68,6,4,2,93,91,91,0,62,51,11,8908.75,149,1.6,1.6,0.0,False,1928,0,127,155,10000.31,monte_carlo_run_1515_seed_1557.log
1516,31,1,1,1,1,-1,1558,3101,0.228,5.56,True,Incontro Flotta Deep-Space,5050.89,17.88,Collaborativa,556,3,1483,36.53,70,45,6,2,2,59,56,56,0,40,27,13,8794.7,107,1.598,1.6,0.0017,True,1401,0,88,105,10000.27,monte_carlo_run_1516_seed_1558.log
1517,31,1,1,1,1,-1,1559,3101,0.439,5.52,True,Contatto Planetario / Biofirme,252.67,12.08,Collaborativa,14,2,1094,38.8,48,39,9,1,6,36,36,36,0,24,22,2,8661.53,55,1.6,1.6,0.0,False,1032,0,27,31,10000.25,monte_carlo_run_1517_seed_1559.log
1518,31,1,1,1,1,-1,1560,3101,0.566,12.2,True,Contatto Planetario / Biofirme,324.54,12.41,Diffidente,20,1,1583,41.51,68,52,7,3,2,56,55,55,0,33,27,6,8723.22,84,1.6,1.6,0.0,False,1513,0,42,48,10000.11,monte_carlo_run_1518_seed_1560.log
1519,31,1,1,1,1,-1,1561,3101,0.317,4.36,True,Contatto Planetario / Biofirme,176.86,4.57,Diffidente,9,0,264,41.71,16,12,2,1,1,11,11,11,0,7,7,0,8548.64,23,1.6,1.455,-0.145,False,230,0,6,8,10000.43,monte_carlo_run_1519_seed_1561.log
1520,31,1,1,1,1,-1,1562,3101,0.427,7.73,True,Incontro Flotta Deep-Space,4099.08,20.57,Biosfera Primitiva,368,1,1205,38.97,53,40,5,1,4,46,46,46,0,33,28,5,8746.47,84,1.6,1.6,0.0,False,1151,0,52,62,10000.45,monte_carlo_run_1520_seed_1562.log
1521,31,1,1,1,1,-1,1563,3101,0.599,13.4,True,Contatto Planetario / Biofirme,572.23,35.2,Collaborativa,37,0,2173,48.26,114,81,6,2,3,102,101,101,0,69,51,18,8993.44,179,1.6,1.6,0.0,False,2056,0,137,154,10000.05,monte_carlo_run_1521_seed_1563.log
1522,31,1,1,1,1,-1,1564,3101,0.394,8.54,True,Incontro Flotta Deep-Space,916.28,8.72,Biosfera Primitiva,53,1,1408,35.74,61,43,2,2,0,56,56,56,0,37,30,7,8761.71,91,1.6,1.6,0.0,False,1344,0,66,79,10000.19,monte_carlo_run_1522_seed_1564.log
1523,31,1,1,1,1,-1,1565,3101,0.242,3.65,False,Solitudine / Nessun Contatto,,,Nessuna,2,0,2,2.68,3,2,2,0,2,0,0,0,0,0,0,0,8500.0,1,0.977,0.977,0.0,False,0,0,1,2,44.34,monte_carlo_run_1523_seed_1565.log
1524,31,1,1,1,1,-1,1566,3101,0.262,5.23,True,Incontro Flotta Deep-Space,2556.59,7.54,Biosfera Primitiva,111,0,1256,44.12,58,40,5,2,3,49,49,49,0,36,29,7,8743.73,78,1.6,1.6,0.0,False,1183,0,54,75,10000.17,monte_carlo_run_1524_seed_1566.log
1525,31,1,1,1,1,-1,1567,3101,0.464,11.04,True,Incontro Flotta Deep-Space,9339.02,18.8,Biosfera Primitiva,1333,2,1544,32.8,78,60,6,1,3,70,70,70,0,40,32,8,8764.99,99,1.6,1.492,-0.1078,False,1463,0,44,57,10000.08,monte_carlo_run_1525_seed_1567.log
1526,31,1,1,1,1,-1,1568,3101,0.341,5.02,True,Incontro Flotta Deep-Space,4664.73,26.63,Collaborativa,554,0,1605,37.21,88,65,5,2,3,81,80,80,0,62,47,15,8920.45,141,1.6,1.6,0.0,False,1478,0,125,146,10000.04,monte_carlo_run_1526_seed_1568.log
1527,31,1,1,1,1,-1,1569,3101,0.565,12.42,True,Contatto Planetario / Biofirme,104.75,10.34,Predatoria,5,0,7,16.52,8,5,2,0,2,5,5,5,0,0,0,0,8500.99,1,0.983,0.882,-0.1009,False,0,0,1,2,238.53,monte_carlo_run_1527_seed_1569.log
1528,31,1,1,1,1,-1,1570,3101,0.537,9.03,True,Incontro Flotta Deep-Space,2931.48,23.51,Biosfera Primitiva,403,0,2151,39.05,108,79,5,1,3,99,96,96,0,66,55,11,8940.44,170,1.6,1.6,0.0,False,2041,0,144,170,10000.46,monte_carlo_run_1528_seed_1570.log
1529,31,1,1,1,1,-1,1571,3101,0.563,7.74,True,Contatto Planetario / Biofirme,320.73,12.68,Cauta,23,0,2000,38.0,105,81,5,2,3,96,91,91,0,59,48,11,8900.8,174,1.6,1.6,0.0,False,1892,0,103,130,10000.67,monte_carlo_run_1529_seed_1571.log
1530,31,1,1,1,1,-1,1572,3101,0.211,2.71,False,Solitudine / Nessun Contatto,,,Nessuna,1,0,1,0.0,2,2,2,1,1,0,0,0,0,0,0,0,8500.0,2,1.0,1.0,0.0,False,0,0,1,1,0.02,monte_carlo_run_1530_seed_1572.log
1531,31,1,1,1,1,-1,1573,3101,0.408,9.89,True,Contatto Planetario / Biofirme,1173.25,25.0,Ostile,78,1,1830,37.89,80,57,7,2,4,66,66,66,0,44,36,8,8790.39,110,1.6,1.6,0.0,False,1750,0,56,79,10000.1,monte_carlo_run_1531_seed_1573.log
1532,31,1,1,1,1,-1,1574,3101,0.299,7.34,True,Contatto Planetario / Biofirme,947.98,12.38,Cauta,44,0,1444,33.47,74,55,11,1,6,61,57,57,0,32,26,6,8734.76,101,1.587,1.6,0.0133,True,1366,0,50,63,10000.12,monte_carlo_run_1532_seed_1574.log
1533,31,1,1,1,1,-1,1575,3101,0.282,4.8,True,Incontro Flotta Deep-Space,3716.57,35.22,Biosfera Primitiva,159,0,601,45.59,34,28,4,1,3,29,29,29,0,22,17,5,8644.84,52,1.585,1.6,0.0149,True,543,0,25,39,10000.12,monte_carlo_run_1533_seed_1575.log
1534,31,1,1,1,1,-1,1576,3101,0.519,10.95,True,Contatto Planetario / Biofirme,45.43,8.37,Ostile,3,0,1751,43.72,73,50,10,3,6,62,59,59,0,43,31,12,8833.81,128,1.6,1.6,0.0,False,1674,0,99,120,10000.17,monte_carlo_run_1534_seed_1576.log
1535,31,1,1,1,1,-1,1577,3101,0.565,14.02,True,Contatto Planetario / Biofirme,27.35,13.4,Cauta,3,0,2181,33.24,100,71,6,2,4,89,89,89,0,52,42,10,8868.33,152,1.6,1.6,0.0,False,2079,0,90,98,10000.71,monte_carlo_run_1535_seed_1577.log
1536,31,1,1,1,1,-1,1578,3101,0.591,10.74,True,Incontro Flotta Deep-Space,1820.57,9.33,Biosfera Primitiva,162,0,1820,37.03,86,67,8,3,4,74,74,74,0,49,43,6,8868.58,126,1.6,1.6,0.0,False,1735,0,71,85,10000.3,monte_carlo_run_1536_seed_1578.log
1537,31,1,1,1,1,-1,1579,3101,0.502,10.98,True,Incontro Flotta Deep-Space,4190.53,17.02,Biosfera Primitiva,844,1,2118,37.88,108,74,10,1,8,95,92,92,0,70,52,18,8967.82,181,1.6,1.6,0.0,False,2008,0,153,175,10000.0,monte_carlo_run_1537_seed_1579.log
1538,31,1,1,1,1,-1,1580,3101,0.399,5.47,True,Incontro Flotta Deep-Space,7619.18,27.05,Biosfera Primitiva,874,0,1312,41.27,56,36,4,1,3,46,46,46,0,35,32,3,8734.11,71,1.6,1.6,0.0,False,1244,0,44,56,10000.11,monte_carlo_run_1538_seed_1580.log
1539,31,1,1,1,1,-1,1581,3101,0.462,10.98,True,Incontro Flotta Deep-Space,3094.3,11.88,Biosfera Primitiva,347,0,2054,37.83,95,68,2,2,0,92,92,92,0,56,43,13,8921.34,150,1.6,1.6,0.0,False,1957,0,111,128,10000.02,monte_carlo_run_1539_seed_1581.log
1540,31,1,1,1,1,-1,1582,3101,0.377,4.7,True,Contatto Planetario / Biofirme,5229.44,31.72,Diffidente,310,1,742,49.79,29,21,5,2,2,22,22,22,0,13,12,1,8602.37,31,1.6,1.388,-0.2122,False,685,0,6,7,10000.58,monte_carlo_run_1540_seed_1582.log
1541,31,1,1,1,1,-1,1583,3101,0.298,3.9,True,Incontro Flotta Deep-Space,749.01,7.97,Collaborativa,16,0,16,10.65,2,1,1,1,0,1,1,1,0,1,1,0,8508.92,4,1.084,1.184,0.1004,True,10,0,0,1,1410.5,monte_carlo_run_1541_seed_1583.log
1542,31,1,1,1,1,-1,1584,3101,0.376,7.2,True,Incontro Flotta Deep-Space,2424.01,18.75,Biosfera Primitiva,169,1,1232,35.78,53,37,3,1,2,43,36,36,0,23,19,4,8660.93,71,1.6,1.6,0.0,False,1180,0,34,52,10000.02,monte_carlo_run_1542_seed_1584.log
1543,31,1,1,1,1,-1,1585,3101,0.449,8.33,True,Incontro Flotta Deep-Space,4092.26,19.76,Biosfera Primitiva,730,0,1993,32.71,92,67,9,1,8,79,75,75,0,45,36,9,8808.82,125,1.6,1.6,0.0,False,1899,0,75,104,10000.06,monte_carlo_run_1543_seed_1585.log
1544,31,1,1,1,1,-1,1586,3101,0.295,6.91,True,Incontro Flotta Deep-Space,1410.05,9.01,Biosfera Primitiva,74,1,1762,38.65,92,70,8,3,4,81,81,81,0,53,38,15,8869.69,131,1.6,1.6,0.0,False,1667,0,88,107,10000.23,monte_carlo_run_1544_seed_1586.log
1545,31,1,1,1,1,-1,1587,3101,0.564,10.55,True,Contatto Planetario / Biofirme,46.94,9.95,Cauta,3,0,1402,26.51,67,49,6,4,2,54,54,54,0,31,28,3,8723.12,71,1.6,1.6,0.0,False,1328,0,29,44,10000.07,monte_carlo_run_1545_seed_1587.log
1546,31,1,1,1,1,-1,1588,3101,0.401,6.27,True,Contatto Planetario / Biofirme,68.46,8.44,Collaborativa,5,0,1582,35.39,69,51,6,4,2,58,57,57,0,45,38,7,8809.73,106,1.6,1.6,0.0,False,1510,0,90,109,10000.04,monte_carlo_run_1546_seed_1588.log
1547,31,1,1,1,1,-1,1589,3101,0.301,5.96,True,Contatto Planetario / Biofirme,2809.85,13.16,Diffidente,164,1,1762,33.22,104,79,11,1,9,90,86,86,0,55,42,13,8908.73,142,1.6,1.6,0.0,False,1653,0,104,120,10000.08,monte_carlo_run_1547_seed_1589.log
1548,31,1,1,1,1,-1,1590,3101,0.281,4.63,True,Incontro Flotta Deep-Space,3554.02,35.56,Biosfera Primitiva,257,0,1142,39.48,46,30,2,1,1,43,43,43,0,28,25,3,8695.08,70,1.56,1.585,0.0248,True,1049,0,43,55,10000.36,monte_carlo_run_1548_seed_1590.log
1549,31,1,1,1,1,-1,1591,3101,0.594,14.37,True,Incontro Flotta Deep-Space,2724.01,10.97,Biosfera Primitiva,221,0,1747,36.71,82,60,4,4,0,76,76,76,0,49,40,9,8847.75,110,1.6,1.6,0.0,False,1663,0,77,98,10000.04,monte_carlo_run_1549_seed_1591.log
1550,31,1,1,1,1,-1,1592,3101,0.277,4.14,False,Solitudine / Nessun Contatto,,,Nessuna,141,0,141,37.09,8,4,2,1,1,3,3,3,0,1,1,0,8506.98,7,1.6,1.168,-0.4318,False,118,0,2,3,10000.69,monte_carlo_run_1550_seed_1592.log
1551,32,1,1,1,1,1,1593,3101,0.584,9.59,True,Incontro Flotta Deep-Space,14.46,8.45,Ostile,5,1,2107,26.52,107,76,5,1,4,99,20,20,0,14,14,0,8600.53,204,1.6,1.6,0.0,False,1995,0,94,142,10000.13,monte_carlo_run_1551_seed_1593.log
1552,32,1,1,1,1,1,1594,3101,0.565,7.48,True,Incontro Flotta Deep-Space,414.57,0.0,Cauta,55,2,897,49.04,40,27,1,1,0,36,5,5,0,4,4,0,8519.43,80,1.6,1.585,-0.0145,False,854,0,29,45,10001.39,monte_carlo_run_1552_seed_1594.log
1553,32,1,1,1,1,1,1595,3101,0.312,6.83,True,Incontro Flotta Deep-Space,1805.24,6.03,Biosfera Primitiva,124,0,1721,34.86,89,58,9,2,6,76,76,76,0,49,39,10,8870.04,127,1.6,1.6,0.0,False,1629,0,96,113,10000.12,monte_carlo_run_1553_seed_1595.log
1554,32,1,1,1,1,1,1596,3101,0.461,6.85,True,Incontro Flotta Deep-Space,261.24,11.13,Leale alla Madrepatria,25,1,558,37.53,28,18,2,1,1,22,21,21,0,10,9,1,8568.56,41,1.6,1.595,-0.0052,False,526,0,10,15,10000.14,monte_carlo_run_1554_seed_1596.log
1555,32,1,1,1,1,1,1597,3101,0.512,12.75,True,Incontro Flotta Deep-Space,3950.58,20.1,Biosfera Primitiva,793,2,2003,37.36,87,67,9,1,7,73,69,69,0,44,37,7,8829.08,131,1.6,1.6,0.0,False,1914,0,78,87,10000.6,monte_carlo_run_1555_seed_1597.log
1556,32,1,1,1,1,1,1598,3101,0.243,3.38,False,Solitudine / Nessun Contatto,,,Nessuna,7,0,7,7.6,1,1,1,1,0,0,0,0,0,0,0,0,8500.0,2,1.014,1.014,0.0,False,5,0,0,0,314.06,monte_carlo_run_1556_seed_1598.log
1557,32,1,1,1,1,1,1599,3101,0.309,5.92,True,Contatto Planetario / Biofirme,300.45,7.6,Collaborativa,26,1,1826,24.17,109,77,7,2,4,98,1,1,0,0,0,0,8500.96,187,1.6,0.15,-1.45,False,1710,0,127,145,10000.01,monte_carlo_run_1557_seed_1599.log
1558,32,1,1,1,1,1,1600,3101,0.586,10.17,True,Incontro Flotta Deep-Space,0.04,8.77,Diffidente,4,1,1793,41.48,84,59,5,3,2,71,65,65,0,49,40,9,8862.5,134,1.6,1.6,0.0,False,1708,0,103,128,10000.25,monte_carlo_run_1558_seed_1600.log
1559,32,1,1,1,1,1,1601,3101,0.364,5.36,True,Contatto Planetario / Biofirme,1541.17,12.91,Collaborativa,108,0,1540,54.0,82,57,5,1,4,75,74,74,0,53,43,10,8872.67,111,1.6,1.59,-0.0098,False,1446,0,90,116,10000.02,monte_carlo_run_1559_seed_1601.log
1560,32,1,1,1,1,1,1602,3101,0.422,7.19,True,Incontro Flotta Deep-Space,976.73,14.23,Collaborativa,112,0,2013,25.39,101,74,10,3,3,83,50,50,0,29,25,4,8701.57,126,1.6,1.6,0.0,False,1912,0,55,86,10000.59,monte_carlo_run_1560_seed_1602.log
1561,32,1,1,1,1,1,1603,3101,0.297,7.08,True,Incontro Flotta Deep-Space,1664.3,0.0,Biosfera Primitiva,129,0,1757,41.09,86,63,8,2,3,74,70,70,0,50,33,17,8881.17,138,1.6,1.6,0.0,False,1669,0,114,138,10000.21,monte_carlo_run_1561_seed_1603.log
1562,32,1,1,1,1,1,1604,3101,0.537,6.84,True,Incontro Flotta Deep-Space,1476.06,12.13,Collaborativa,179,0,1883,35.36,80,52,11,1,10,66,0,0,0,0,0,0,8500.0,144,1.543,1.543,0.0,False,1801,0,81,89,10000.06,monte_carlo_run_1562_seed_1604.log
1563,32,1,1,1,1,1,1605,3101,0.367,7.16,True,Incontro Flotta Deep-Space,637.89,0.0,Collaborativa,33,0,2133,39.3,116,87,7,1,5,106,99,99,0,69,57,12,9037.1,189,1.589,1.6,0.0113,True,2013,0,145,196,10000.02,monte_carlo_run_1563_seed_1605.log
1564,32,1,1,1,1,1,1606,3101,0.434,7.21,True,Contatto Planetario / Biofirme,354.3,11.46,Diffidente,22,0,2101,33.17,109,78,10,1,6,95,93,93,0,65,49,16,8961.8,171,1.6,1.6,0.0,False,1989,0,137,159,10000.19,monte_carlo_run_1564_seed_1606.log
1565,32,1,1,1,1,1,1607,3101,0.267,6.34,True,Incontro Flotta Deep-Space,718.3,5.66,Biosfera Primitiva,21,0,1815,31.76,95,72,8,2,5,86,83,83,0,54,40,14,8886.22,136,1.6,1.6,0.0,False,1715,0,91,124,10000.06,monte_carlo_run_1565_seed_1607.log
1566,32,1,1,1,1,1,1608,3101,0.368,5.45,True,Incontro Flotta Deep-Space,655.97,14.1,Ostile,55,0,1883,40.3,100,77,10,6,2,85,51,51,0,38,32,6,8759.8,153,1.589,1.6,0.0105,True,1767,0,74,119,10000.33,monte_carlo_run_1566_seed_1608.log
1567,32,1,1,1,1,1,1609,3101,0.28,4.93,True,Incontro Flotta Deep-Space,4395.66,32.99,Collaborativa,537,0,1552,45.07,90,69,7,3,3,81,81,81,0,57,40,17,8906.83,143,1.6,1.6,0.0,False,1412,0,128,147,10000.04,monte_carlo_run_1567_seed_1609.log
1568,32,1,1,1,1,1,1610,3101,0.412,9.01,False,Solitudine / Nessun Contatto,,,Nessuna,1549,0,1549,41.11,83,58,5,1,4,74,64,64,0,38,31,7,8783.81,124,1.593,1.6,0.0072,True,1462,0,66,87,10000.2,monte_carlo_run_1568_seed_1610.log
1569,32,1,1,1,1,1,1611,3101,0.398,7.49,True,Incontro Flotta Deep-Space,3420.02,5.4,Biosfera Primitiva,345,0,2039,38.19,108,86,8,2,5,97,96,96,0,65,46,19,8950.31,163,1.6,1.6,0.0,False,1930,0,161,183,10000.24,monte_carlo_run_1569_seed_1611.log
1570,32,1,1,1,1,1,1612,3101,0.371,5.65,True,Incontro Flotta Deep-Space,1412.67,6.47,Collaborativa,126,0,1667,30.05,79,60,2,2,0,75,38,38,0,27,22,5,8682.22,145,1.6,1.6,0.0,False,1571,0,93,125,10000.11,monte_carlo_run_1570_seed_1612.log
1571,32,1,1,1,1,1,1613,3101,0.35,8.05,True,Incontro Flotta Deep-Space,763.35,13.15,Leale alla Madrepatria,88,0,2136,31.52,116,92,10,3,4,103,38,38,0,25,24,1,8671.39,198,1.592,1.6,0.0076,True,2018,0,108,161,10000.01,monte_carlo_run_1571_seed_1613.log
1572,32,1,1,1,1,1,1614,3101,0.438,10.56,True,Incontro Flotta Deep-Space,437.1,11.45,Diffidente,49,0,1056,15.55,51,41,5,2,2,43,11,11,0,7,7,0,8544.72,93,1.6,1.413,-0.1871,False,1004,0,39,58,10000.35,monte_carlo_run_1572_seed_1614.log
1573,32,1,1,1,1,1,1615,3101,0.277,5.73,True,Incontro Flotta Deep-Space,4765.45,26.13,Leale alla Madrepatria,214,0,934,28.66,41,35,5,1,4,33,26,26,0,19,17,2,8656.94,56,1.6,1.6,0.0,False,888,0,28,41,10000.52,monte_carlo_run_1573_seed_1615.log
1574,32,1,1,1,1,1,1616,3101,0.363,6.32,True,Incontro Flotta Deep-Space,1028.97,16.94,Biosfera Primitiva,80,0,1692,35.13,92,74,11,3,7,79,77,77,0,50,45,5,8874.32,117,1.6,1.6,0.0,False,1596,0,73,92,10000.13,monte_carlo_run_1574_seed_1616.log
1575,32,1,1,1,1,1,1617,3101,0.385,9.27,True,Incontro Flotta Deep-Space,1409.56,13.14,Biosfera Primitiva,126,1,1963,31.3,85,67,12,1,11,71,71,71,0,51,43,8,8895.96,129,1.6,1.6,0.0,False,1879,0,92,106,10000.01,monte_carlo_run_1575_seed_1617.log
1576,32,1,1,1,1,1,1618,3101,0.218,5.4,True,Incontro Flotta Deep-Space,1944.07,14.64,Biosfera Primitiva,91,0,1550,42.62,77,57,9,3,6,68,61,61,0,37,30,7,8768.71,124,1.6,1.6,0.0,False,1457,0,87,109,10000.15,monte_carlo_run_1576_seed_1618.log
1577,32,1,1,1,1,1,1619,3101,0.509,6.38,True,Incontro Flotta Deep-Space,9472.71,34.64,Biosfera Primitiva,2051,0,2145,39.36,107,81,6,2,4,95,95,95,0,59,44,15,8928.73,166,1.598,1.6,0.002,True,2034,0,138,154,10000.13,monte_carlo_run_1577_seed_1619.log
1578,32,1,1,1,1,1,1620,3101,0.448,10.4,True,Incontro Flotta Deep-Space,787.85,10.11,Biosfera Primitiva,58,2,2006,37.93,101,72,11,2,8,86,84,84,0,60,45,15,8881.77,144,1.6,1.6,0.0,False,1900,0,95,112,10000.0,monte_carlo_run_1578_seed_1620.log
1579,32,1,1,1,1,1,1621,3101,0.467,7.69,True,Incontro Flotta Deep-Space,677.83,12.02,Biosfera Primitiva,45,3,1852,37.87,92,62,3,1,2,83,83,83,0,53,47,6,8863.44,141,1.6,1.6,0.0,False,1757,0,103,118,10000.13,monte_carlo_run_1579_seed_1621.log
1580,32,1,1,1,1,1,1622,3101,0.411,5.97,True,Incontro Flotta Deep-Space,3917.2,18.57,Biosfera Primitiva,357,0,2150,35.11,104,79,7,1,6,93,93,93,0,60,47,13,8920.74,160,1.55,1.6,0.0498,True,2040,0,114,129,10000.03,monte_carlo_run_1580_seed_1622.log
1581,32,1,1,1,1,1,1623,3101,0.33,6.9,True,Incontro Flotta Deep-Space,1529.69,15.0,Ostile,158,0,1488,27.66,63,48,8,1,5,46,1,1,0,1,1,0,8503.03,114,1.516,0.1,-1.4155,False,1423,0,37,53,10000.67,monte_carlo_run_1581_seed_1623.log
1582,32,1,1,1,1,1,1624,3101,0.394,5.96,True,Contatto Planetario / Biofirme,2729.15,18.82,Cauta,224,1,1453,32.91,73,49,7,2,5,63,39,39,0,22,20,2,8652.23,91,1.6,1.6,0.0,False,1374,0,48,77,10000.04,monte_carlo_run_1582_seed_1624.log
1583,32,1,1,1,1,1,1625,3101,0.55,8.69,True,Incontro Flotta Deep-Space,2018.02,25.25,Biosfera Primitiva,129,0,1561,38.73,73,57,8,1,6,61,57,57,0,35,28,7,8715.92,91,1.6,1.6,0.0,False,1485,0,41,61,10000.05,monte_carlo_run_1583_seed_1625.log
1584,32,1,1,1,1,1,1626,3101,0.37,4.91,False,Solitudine / Nessun Contatto,,,Nessuna,837,0,837,53.02,33,25,3,2,1,28,28,28,0,19,16,3,8631.07,45,1.6,1.476,-0.1243,False,783,0,23,29,10000.77,monte_carlo_run_1584_seed_1626.log
1585,32,1,1,1,1,1,1627,3101,0.527,8.76,True,Incontro Flotta Deep-Space,3721.76,23.77,Biosfera Primitiva,613,2,2104,42.97,98,78,7,2,4,86,82,82,0,64,47,17,8947.98,178,1.6,1.6,0.0,False,2005,0,140,158,10000.07,monte_carlo_run_1585_seed_1627.log
1586,32,1,1,1,1,1,1628,3101,0.417,6.9,True,Incontro Flotta Deep-Space,674.09,4.93,Biosfera Primitiva,39,0,1614,28.7,71,51,4,1,2,65,64,64,0,38,35,3,8765.34,109,1.6,1.6,0.0,False,1541,0,51,60,10000.96,monte_carlo_run_1586_seed_1628.log
1587,32,1,1,1,1,1,1629,3101,0.378,4.58,True,Incontro Flotta Deep-Space,3953.45,31.81,Collaborativa,192,0,797,50.72,37,25,1,1,0,36,36,36,0,21,17,4,8659.88,56,1.582,1.586,0.0039,True,721,0,25,31,10000.14,monte_carlo_run_1587_seed_1629.log
1588,32,1,1,1,1,1,1630,3101,0.317,4.24,False,Solitudine / Nessun Contatto,,,Nessuna,45,1,45,25.8,4,1,1,1,0,2,2,2,0,2,1,1,8517.75,8,1.6,1.388,-0.212,False,37,0,1,3,5071.31,monte_carlo_run_1588_seed_1630.log
1589,32,1,1,1,1,1,1631,3101,0.585,14.29,True,Incontro Flotta Deep-Space,0.02,9.04,Predatoria,2,2,1577,39.56,80,57,10,1,7,65,65,65,0,44,31,13,8814.75,112,1.6,1.6,0.0,False,1494,0,71,87,10001.37,monte_carlo_run_1589_seed_1631.log
1590,32,1,1,1,1,1,1632,3101,0.334,8.22,True,Incontro Flotta Deep-Space,2515.66,6.43,Biosfera Primitiva,394,0,1794,32.16,93,66,9,1,7,81,34,34,0,31,25,6,8692.03,155,1.576,1.6,0.0238,True,1699,0,92,134,10000.17,monte_carlo_run_1590_seed_1632.log
1591,32,1,1,1,1,1,1633,3101,0.259,5.81,True,Incontro Flotta Deep-Space,1249.77,11.14,Collaborativa,68,1,1480,27.15,70,48,6,2,4,59,57,57,0,38,32,6,8777.15,99,1.6,1.6,0.0,False,1403,0,83,101,10000.05,monte_carlo_run_1591_seed_1633.log
1592,32,1,1,1,1,1,1634,3101,0.353,5.43,True,Contatto Planetario / Biofirme,643.93,16.65,Ostile,79,0,1015,20.74,53,31,2,1,1,42,0,0,0,0,0,0,8500.0,93,1.6,1.6,0.0,False,957,0,29,40,10000.17,monte_carlo_run_1592_seed_1634.log
1593,32,1,1,1,1,1,1635,3101,0.498,11.91,True,Contatto Planetario / Biofirme,133.34,16.35,Collaborativa,9,0,1946,37.35,84,63,3,2,0,77,68,68,0,49,39,10,8838.89,141,1.532,1.6,0.0675,True,1857,0,120,143,10000.1,monte_carlo_run_1593_seed_1635.log
1594,32,1,1,1,1,1,1636,3101,0.511,6.63,True,Incontro Flotta Deep-Space,1306.35,17.35,Collaborativa,76,0,1774,40.95,81,59,9,2,4,68,68,68,0,39,31,8,8772.6,122,1.6,1.6,0.0,False,1692,0,77,85,10000.27,monte_carlo_run_1594_seed_1636.log
1595,32,1,1,1,1,1,1637,3101,0.367,8.71,True,Incontro Flotta Deep-Space,821.36,0.0,Leale alla Madrepatria,113,1,2129,32.27,104,72,10,1,5,89,44,44,0,33,28,5,8690.45,168,1.6,1.6,0.0,False,2026,0,107,150,10000.02,monte_carlo_run_1595_seed_1637.log
1596,32,1,1,1,1,1,1638,3101,0.527,11.86,True,Incontro Flotta Deep-Space,627.74,8.22,Biosfera Primitiva,71,2,1440,33.59,76,58,8,2,5,63,60,60,0,38,27,11,8775.43,109,1.6,1.6,0.0,False,1364,0,75,92,10000.12,monte_carlo_run_1596_seed_1638.log
1597,32,1,1,1,1,1,1639,3101,0.558,6.82,True,Incontro Flotta Deep-Space,440.24,11.33,Collaborativa,38,0,1539,20.97,87,55,7,2,5,76,28,28,0,17,15,2,8627.12,153,1.6,1.586,-0.014,False,1452,0,116,135,10000.19,monte_carlo_run_1597_seed_1639.log
1598,32,1,1,1,1,1,1640,3101,0.473,10.94,True,Incontro Flotta Deep-Space,3885.04,17.56,Biosfera Primitiva,492,1,1784,42.77,90,73,9,2,7,80,77,77,0,50,41,9,8865.66,131,1.6,1.6,0.0,False,1691,0,89,111,10000.16,monte_carlo_run_1598_seed_1640.log
1599,32,1,1,1,1,1,1641,3101,0.298,3.73,False,Solitudine / Nessun Contatto,,,Nessuna,30,0,30,22.68,4,3,1,1,0,3,3,3,0,1,1,0,8506.0,8,1.535,1.236,-0.2988,False,22,0,0,1,4622.93,monte_carlo_run_1599_seed_1641.log
1600,32,1,1,1,1,1,1642,3101,0.459,10.98,True,Contatto Planetario / Biofirme,1711.81,17.11,Collaborativa,232,0,1806,31.2,79,52,12,1,10,63,31,31,0,21,21,0,8652.07,113,1.6,1.542,-0.0575,False,1727,0,43,57,10000.2,monte_carlo_run_1600_seed_1642.log
1601,33,0,0,0,0,0,1643,3101,0.178,3.86,False,Solitudine / Nessun Contatto,,,Nessuna,211,0,211,4.42,20,12,3,0,2,14,0,0,0,0,0,0,8500.0,33,0.583,0.583,0.0,False,168,0,16,26,10000.35,monte_carlo_run_1601_seed_1643.log
1602,33,0,0,0,0,0,1644,3101,0.133,3.31,False,Solitudine / Nessun Contatto,,,Nessuna,5,0,5,5.13,2,2,1,1,0,1,1,1,0,0,0,0,8500.09,2,1.006,0.794,-0.2119,False,2,0,0,0,262.1,monte_carlo_run_1602_seed_1644.log
1603,33,0,0,0,0,0,1645,3101,0.267,3.35,False,Solitudine / Nessun Contatto,,,Nessuna,11,0,11,6.37,4,4,2,2,0,2,1,1,0,0,0,0,8500.12,4,1.014,0.843,-0.1713,False,4,0,1,1,224.74,monte_carlo_run_1603_seed_1645.log
1604,33,0,0,0,0,0,1646,3101,0.268,6.06,True,Incontro Flotta Deep-Space,3789.59,18.07,Biosfera Primitiva,209,1,1470,25.54,126,87,6,1,3,113,101,101,0,62,51,11,8975.05,173,1.561,1.6,0.0391,True,1342,0,188,257,10000.18,monte_carlo_run_1604_seed_1646.log
1605,33,0,0,0,0,0,1647,3101,0.335,5.47,True,Incontro Flotta Deep-Space,1460.69,12.56,Biosfera Primitiva,54,1,2122,40.16,178,133,12,3,8,158,158,158,0,103,71,32,9269.6,259,1.6,1.6,0.0,False,1927,0,312,359,10000.42,monte_carlo_run_1605_seed_1647.log
1606,33,0,0,0,0,0,1648,3101,0.215,4.86,True,Incontro Flotta Deep-Space,4053.42,15.03,Biosfera Primitiva,163,0,1255,47.59,103,80,9,2,7,91,91,91,0,60,43,17,8931.71,135,1.6,1.6,0.0,False,1104,0,147,194,10000.01,monte_carlo_run_1606_seed_1648.log
1607,33,0,0,0,0,0,1649,3101,0.13,2.58,False,Solitudine / Nessun Contatto,,,Nessuna,1,0,1,0.0,1,1,1,1,0,0,0,0,0,0,0,0,8500.0,2,1.0,1.0,0.0,False,0,0,0,0,0.02,monte_carlo_run_1607_seed_1649.log
1608,33,0,0,0,0,0,1650,3101,0.311,7.72,True,Incontro Flotta Deep-Space,3955.72,0.0,Biosfera Primitiva,644,0,2371,32.46,183,143,11,2,7,168,159,159,0,99,68,31,9219.86,294,1.6,1.6,0.0,False,2187,0,309,356,10000.01,monte_carlo_run_1608_seed_1650.log
1609,33,0,0,0,0,0,1651,3101,0.244,4.16,False,Solitudine / Nessun Contatto,,,Nessuna,5,0,5,1.9,2,2,2,2,0,0,0,0,0,0,0,0,8500.0,4,1.006,1.006,0.0,False,1,0,1,1,129.31,monte_carlo_run_1609_seed_1651.log
1610,33,0,0,0,0,0,1652,3101,0.123,2.72,False,Solitudine / Nessun Contatto,,,Nessuna,3,0,3,0.0,2,2,2,2,0,0,0,0,0,0,0,0,8500.0,4,1.0,1.0,0.0,False,0,0,0,1,34.02,monte_carlo_run_1610_seed_1652.log
1611,33,0,0,0,0,0,1653,3101,0.279,6.2,True,Contatto Planetario / Biofirme,195.77,11.57,Collaborativa,16,0,2276,31.56,202,149,20,4,14,172,106,106,0,70,50,20,9014.7,274,1.558,1.6,0.0418,True,2070,0,291,389,10000.04,monte_carlo_run_1611_seed_1653.log
1612,33,0,0,0,0,0,1654,3101,0.21,4.39,True,Incontro Flotta Deep-Space,1384.27,10.38,Biosfera Primitiva,59,1,352,46.07,31,27,2,1,1,26,26,26,0,18,15,3,8627.47,45,1.6,1.6,0.0,False,300,0,23,29,10000.03,monte_carlo_run_1612_seed_1654.log
1613,33,0,0,0,0,0,1655,3101,0.245,5.8,True,Incontro Flotta Deep-Space,1422.63,0.0,Cauta,183,1,2186,20.85,170,118,11,1,9,152,57,57,0,40,35,5,8806.48,275,1.6,1.6,0.0,False,2014,0,305,396,10000.2,monte_carlo_run_1613_seed_1655.log
1614,33,0,0,0,0,0,1656,3101,0.133,1.63,False,Solitudine / Nessun Contatto,,,Nessuna,1,0,1,0.0,1,1,1,1,0,0,0,0,0,0,0,0,8500.0,2,1.0,1.0,0.0,False,0,0,0,0,0.02,monte_carlo_run_1614_seed_1656.log
1615,33,0,0,0,0,0,1657,3101,0.284,4.56,True,Contatto Planetario / Biofirme,12.95,3.68,Diffidente,2,0,1203,44.3,102,80,11,1,7,90,90,90,0,58,41,17,8942.9,146,1.6,1.6,0.0,False,1035,0,169,197,10000.03,monte_carlo_run_1615_seed_1657.log
1616,33,0,0,0,0,0,1658,3101,0.125,1.61,False,Solitudine / Nessun Contatto,,,Nessuna,1,0,1,0.0,2,2,2,1,1,0,0,0,0,0,0,0,8500.0,2,1.0,1.0,0.0,False,0,0,1,1,0.02,monte_carlo_run_1616_seed_1658.log
1617,33,0,0,0,0,0,1659,3101,0.294,5.3,True,Incontro Flotta Deep-Space,520.33,10.71,Ostile,48,0,2189,13.77,187,135,13,4,6,167,37,37,0,20,18,2,8661.07,272,1.6,1.559,-0.0413,False,1966,0,260,318,10000.17,monte_carlo_run_1617_seed_1659.log
1618,33,0,0,0,0,0,1660,3101,0.252,4.69,True,Contatto Planetario / Biofirme,304.58,13.15,Diffidente,24,0,1236,44.73,98,74,5,2,3,91,25,25,0,17,10,7,8614.65,156,1.402,1.6,0.1981,True,1084,0,163,201,10000.38,monte_carlo_run_1618_seed_1660.log
1619,33,0,0,0,0,0,1661,3101,0.161,2.91,False,Solitudine / Nessun Contatto,,,Nessuna,4,0,4,4.56,1,1,1,1,0,0,0,0,0,0,0,0,8500.0,2,1.007,1.007,0.0,False,3,0,0,0,244.82,monte_carlo_run_1619_seed_1661.log
1620,33,0,0,0,0,0,1662,3101,0.262,5.6,True,Incontro Flotta Deep-Space,7646.46,41.07,Collaborativa,1176,0,1796,41.07,122,85,8,3,4,106,106,106,0,71,56,15,9025.42,161,1.6,1.6,0.0,False,1660,0,166,201,10000.02,monte_carlo_run_1620_seed_1662.log
1621,33,0,0,0,0,0,1663,3101,0.341,4.71,True,Contatto Planetario / Biofirme,897.67,16.25,Collaborativa,29,2,914,51.7,79,52,9,3,4,64,62,62,0,42,26,16,8782.23,119,1.6,1.6,0.0002,True,781,0,118,123,10000.01,monte_carlo_run_1621_seed_1663.log
1622,33,0,0,0,0,0,1664,3101,0.251,3.12,False,Solitudine / Nessun Contatto,,,Nessuna,2,0,2,1.39,1,1,1,1,0,0,0,0,0,0,0,0,8500.0,2,1.0,1.0,0.0,False,0,0,0,0,22.12,monte_carlo_run_1622_seed_1664.log
1623,33,0,0,0,0,0,1665,3101,0.18,3.12,False,Solitudine / Nessun Contatto,,,Nessuna,3,0,3,3.61,2,2,2,1,1,0,0,0,0,0,0,0,8500.0,2,1.007,1.007,0.0,False,1,0,1,1,114.61,monte_carlo_run_1623_seed_1665.log
1624,33,0,0,0,0,0,1666,3101,0.276,4.77,True,Incontro Flotta Deep-Space,5726.01,25.33,Biosfera Primitiva,754,1,1155,51.3,85,67,6,2,4,77,70,70,0,40,28,12,8781.44,139,1.6,1.6,0.0,False,1014,0,107,123,10000.08,monte_carlo_run_1624_seed_1666.log
1625,33,0,0,0,0,0,1667,3101,0.132,2.03,False,Solitudine / Nessun Contatto,,,Nessuna,1,0,1,0.0,1,1,1,1,0,0,0,0,0,0,0,0,8500.0,2,1.0,1.0,0.0,False,0,0,0,0,0.02,monte_carlo_run_1625_seed_1667.log
1626,33,0,0,0,0,0,1668,3101,0.286,4.67,True,Contatto Planetario / Biofirme,146.53,9.62,Cauta,8,0,1543,48.89,110,80,13,2,11,91,91,91,0,63,44,19,8942.77,156,1.6,1.6,0.0,False,1344,0,134,153,10000.21,monte_carlo_run_1626_seed_1668.log
1627,33,0,0,0,0,0,1669,3101,0.232,2.96,False,Solitudine / Nessun Contatto,,,Nessuna,2,0,2,2.12,2,2,2,1,1,0,0,0,0,0,0,0,8500.0,2,1.002,1.002,0.0,False,0,0,1,1,36.49,monte_carlo_run_1627_seed_1669.log
1628,33,0,0,0,0,0,1670,3101,0.131,1.8,False,Solitudine / Nessun Contatto,,,Nessuna,4,0,4,0.0,3,3,3,3,0,0,0,0,0,0,0,0,8500.0,7,1.003,1.003,0.0,False,0,0,2,3,20.36,monte_carlo_run_1628_seed_1670.log
1629,33,0,0,0,0,0,1671,3101,0.347,5.69,True,Incontro Flotta Deep-Space,764.15,9.45,Biosfera Primitiva,29,1,2275,29.94,159,108,12,1,7,143,142,142,0,102,77,25,9209.94,253,1.561,1.6,0.039,True,2108,0,364,404,10000.09,monte_carlo_run_1629_seed_1671.log
1630,33,0,0,0,0,0,1672,3101,0.284,4.62,True,Incontro Flotta Deep-Space,1063.66,16.91,Biosfera Primitiva,36,0,712,44.69,64,48,9,5,3,53,51,51,0,38,24,14,8764.18,101,1.565,1.6,0.0349,True,601,0,143,166,10000.23,monte_carlo_run_1630_seed_1672.log
1631,33,0,0,0,0,0,1673,3101,0.272,3.46,False,Solitudine / Nessun Contatto,,,Nessuna,4,0,4,3.09,2,2,2,2,0,0,0,0,0,0,0,0,8500.0,4,1.002,1.002,0.0,False,0,0,1,1,45.38,monte_carlo_run_1631_seed_1673.log
1632,33,0,0,0,0,0,1674,3101,0.29,4.69,True,Incontro Flotta Deep-Space,834.48,9.08,Collaborativa,21,1,1019,43.29,101,70,10,3,5,87,87,87,0,52,36,16,8879.35,128,1.564,1.6,0.0362,True,863,0,145,195,10000.15,monte_carlo_run_1632_seed_1674.log
1633,33,0,0,0,0,0,1675,3101,0.333,6.45,True,Incontro Flotta Deep-Space,1181.36,14.13,Biosfera Primitiva,42,0,1931,43.21,155,117,12,4,5,133,92,92,0,59,54,5,8902.69,204,1.6,1.6,0.0,False,1771,0,142,237,10000.14,monte_carlo_run_1633_seed_1675.log
1634,33,0,0,0,0,0,1676,3101,0.231,3.4,False,Solitudine / Nessun Contatto,,,Nessuna,8,0,8,9.43,3,1,1,1,0,1,1,1,0,0,0,0,8503.12,3,1.064,0.79,-0.2741,False,5,0,1,1,723.83,monte_carlo_run_1634_seed_1676.log
1635,33,0,0,0,0,0,1677,3101,0.222,3.79,True,Contatto Planetario / Biofirme,12.25,2.72,Collaborativa,6,0,90,33.11,10,8,2,1,0,6,5,5,0,3,3,0,8517.89,21,1.6,1.468,-0.1316,False,72,0,4,7,10002.15,monte_carlo_run_1635_seed_1677.log
1636,33,0,0,0,0,0,1678,3101,0.218,3.28,False,Solitudine / Nessun Contatto,,,Nessuna,3,0,3,3.57,1,1,1,1,0,0,0,0,0,0,0,0,8500.0,2,1.002,1.002,0.0,False,1,0,0,0,123.32,monte_carlo_run_1636_seed_1678.log
1637,33,0,0,0,0,0,1679,3101,0.224,3.58,False,Solitudine / Nessun Contatto,,,Nessuna,3,0,3,4.34,2,2,1,1,0,1,1,1,0,0,0,0,8500.35,2,1.002,0.757,-0.2445,False,1,0,0,0,121.02,monte_carlo_run_1637_seed_1679.log
1638,33,0,0,0,0,0,1680,3101,0.271,5.57,True,Contatto Planetario / Biofirme,412.38,7.53,Collaborativa,13,0,1449,34.63,109,79,10,3,5,92,91,91,0,54,43,11,8890.34,139,1.6,1.6,0.0,False,1331,0,120,147,10000.02,monte_carlo_run_1638_seed_1680.log
1639,33,0,0,0,0,0,1681,3101,0.176,4.32,True,Incontro Flotta Deep-Space,4317.15,8.02,Biosfera Primitiva,87,0,189,28.97,16,11,2,1,1,14,14,14,0,10,7,3,8565.89,26,1.6,1.6,0.0,False,153,0,12,19,10000.22,monte_carlo_run_1639_seed_1681.log
1640,33,0,0,0,0,0,1682,3101,0.185,2.9,False,Solitudine / Nessun Contatto,,,Nessuna,3,0,3,2.54,1,1,1,1,0,0,0,0,0,0,0,0,8500.0,2,1.0,1.0,0.0,False,0,0,0,0,124.49,monte_carlo_run_1640_seed_1682.log
1641,33,0,0,0,0,0,1683,3101,0.17,3.52,False,Solitudine / Nessun Contatto,,,Nessuna,20,0,20,10.47,3,2,2,2,0,0,0,0,0,0,0,0,8500.0,4,1.131,1.131,0.0,False,11,0,1,1,1183.77,monte_carlo_run_1641_seed_1683.log
1642,33,0,0,0,0,0,1684,3101,0.159,3.38,False,Solitudine / Nessun Contatto,,,Nessuna,1,0,1,0.0,1,1,1,1,0,0,0,0,0,0,0,0,8500.0,2,1.0,1.0,0.0,False,0,0,0,0,0.02,monte_carlo_run_1642_seed_1684.log
1643,33,0,0,0,0,0,1685,3101,0.258,4.86,True,Incontro Flotta Deep-Space,2181.52,6.13,Biosfera Primitiva,58,0,1500,37.2,126,92,6,1,5,116,116,116,0,73,53,20,9051.79,180,1.573,1.6,0.0275,True,1322,0,209,241,10000.01,monte_carlo_run_1643_seed_1685.log
1644,33,0,0,0,0,0,1686,3101,0.3,5.88,True,Incontro Flotta Deep-Space,237.04,8.35,Collaborativa,18,0,2005,11.11,161,126,8,2,4,150,0,0,0,0,0,0,8500.0,282,1.118,1.118,0.0,False,1834,0,333,418,10000.04,monte_carlo_run_1644_seed_1686.log
1645,33,0,0,0,0,0,1687,3101,0.254,4.1,True,Contatto Planetario / Biofirme,89.19,4.4,Ostile,6,0,241,42.09,22,13,5,1,2,17,17,17,0,13,13,0,8575.34,32,1.545,1.6,0.0552,True,192,0,19,31,10000.87,monte_carlo_run_1645_seed_1687.log
1646,33,0,0,0,0,0,1688,3101,0.252,5.25,True,Incontro Flotta Deep-Space,2054.7,10.87,Biosfera Primitiva,129,0,2178,37.31,177,129,14,2,10,157,157,157,0,107,68,39,9271.23,285,1.498,1.6,0.1019,True,1957,0,364,401,10000.17,monte_carlo_run_1646_seed_1688.log
1647,33,0,0,0,0,0,1689,3101,0.298,5.39,True,Contatto Planetario / Biofirme,47.56,11.82,Ostile,4,2,1704,41.08,161,125,18,5,10,137,137,137,0,87,56,31,9081.79,249,1.6,1.6,0.0,False,1526,0,354,389,10000.13,monte_carlo_run_1647_seed_1689.log
1648,33,0,0,0,0,0,1690,3101,0.262,3.22,False,Solitudine / Nessun Contatto,,,Nessuna,4,0,4,0.0,2,2,2,2,0,0,0,0,0,0,0,0,8500.0,4,1.0,1.0,0.0,False,0,0,0,1,120.66,monte_carlo_run_1648_seed_1690.log
1649,33,0,0,0,0,0,1691,3101,0.248,3.93,False,Solitudine / Nessun Contatto,,,Nessuna,80,0,80,23.33,6,4,1,1,0,4,3,3,0,2,2,0,8521.09,11,1.388,1.197,-0.1904,False,61,0,1,6,6216.46,monte_carlo_run_1649_seed_1691.log
1650,33,0,0,0,0,0,1692,3101,0.293,4.36,True,Incontro Flotta Deep-Space,4255.96,19.8,Biosfera Primitiva,227,0,522,37.19,43,35,4,2,1,37,32,32,0,20,18,2,8647.32,57,1.571,1.565,-0.0053,False,438,0,34,53,10000.1,monte_carlo_run_1650_seed_1692.log
1651,34,0,0,0,0,0,1693,3101,0.138,2.84,False,Solitudine / Nessun Contatto,,,Nessuna,7,1,7,4.31,4,3,3,1,2,0,0,0,0,0,0,0,8500.0,4,0.98,0.98,0.0,False,0,0,1,3,143.39,monte_carlo_run_1651_seed_1693.log
1652,34,0,0,0,0,0,1694,3101,0.34,5.43,True,Incontro Flotta Deep-Space,1115.37,5.96,Leale alla Madrepatria,78,1,1588,27.14,110,85,6,1,4,100,63,63,0,45,39,6,8798.19,149,1.6,1.6,0.0,False,1460,0,163,233,10000.25,monte_carlo_run_1652_seed_1694.log
1653,34,0,0,0,0,0,1695,3101,0.174,2.14,False,Solitudine / Nessun Contatto,,,Nessuna,1,0,1,0.0,1,1,1,1,0,0,0,0,0,0,0,0,8500.0,2,1.0,1.0,0.0,False,0,0,0,0,0.02,monte_carlo_run_1653_seed_1695.log
1654,34,0,0,0,0,0,1696,3101,0.216,2.59,False,Solitudine / Nessun Contatto,,,Nessuna,2,0,2,0.0,3,3,3,1,2,0,0,0,0,0,0,0,8500.0,3,0.985,0.985,0.0,False,0,0,0,2,0.04,monte_carlo_run_1654_seed_1696.log
1655,34,0,0,0,0,0,1697,3101,0.18,3.12,False,Solitudine / Nessun Contatto,,,Nessuna,1,0,1,0.0,2,2,2,0,2,0,0,0,0,0,0,0,8500.0,1,0.985,0.985,0.0,False,0,0,0,1,0.02,monte_carlo_run_1655_seed_1697.log
1656,34,0,0,0,0,0,1698,3101,0.129,2.56,False,Solitudine / Nessun Contatto,,,Nessuna,1,0,1,0.0,1,1,1,1,0,0,0,0,0,0,0,0,8500.0,2,1.0,1.0,0.0,False,0,0,0,0,0.02,monte_carlo_run_1656_seed_1698.log
1657,34,0,0,0,0,0,1699,3101,0.322,7.35,True,Incontro Flotta Deep-Space,960.93,0.0,Biosfera Primitiva,60,0,2386,32.78,193,138,5,1,4,179,166,166,0,114,90,24,9278.93,307,1.6,1.6,0.0,False,2191,0,336,433,10000.01,monte_carlo_run_1657_seed_1699.log
1658,34,0,0,0,0,0,1700,3101,0.274,4.64,True,Incontro Flotta Deep-Space,2521.49,6.46,Collaborativa,216,0,1895,38.4,160,121,12,4,7,144,143,143,0,91,62,29,9104.04,254,1.6,1.6,0.0,False,1624,0,307,325,10000.06,monte_carlo_run_1658_seed_1700.log
1659,34,0,0,0,0,0,1701,3101,0.262,6.24,True,Contatto Planetario / Biofirme,2255.32,12.03,Cauta,128,1,2217,31.87,184,141,8,1,6,169,156,156,0,99,78,21,9233.75,297,1.6,1.6,0.0,False,2024,0,312,387,10000.12,monte_carlo_run_1659_seed_1701.log
1660,34,0,0,0,0,0,1702,3101,0.193,3.52,False,Solitudine / Nessun Contatto,,,Nessuna,19,0,19,11.07,1,1,1,1,0,0,0,0,0,0,0,0,8500.0,2,1.137,1.137,0.0,False,14,0,0,0,1344.38,monte_carlo_run_1660_seed_1702.log
1661,34,0,0,0,0,0,1703,3101,0.232,4.21,True,Incontro Flotta Deep-Space,1171.95,8.59,Cauta,99,0,223,22.17,16,10,4,1,3,10,1,1,0,1,1,0,8507.24,23,1.6,1.273,-0.3267,False,188,0,9,13,10001.35,monte_carlo_run_1661_seed_1703.log
1662,34,0,0,0,0,0,1704,3101,0.172,3.69,False,Solitudine / Nessun Contatto,,,Nessuna,5,0,5,8.95,1,1,1,1,0,0,0,0,0,0,0,0,8500.0,2,1.013,1.013,0.0,False,4,0,0,0,357.69,monte_carlo_run_1662_seed_1704.log
1663,34,0,0,0,0,0,1705,3101,0.202,4.71,True,Incontro Flotta Deep-Space,8389.26,30.04,Collaborativa,825,0,1213,46.49,107,75,7,1,2,97,97,97,0,59,41,18,8909.09,128,1.6,1.6,0.0,False,1061,0,136,170,10000.03,monte_carlo_run_1663_seed_1705.log
1664,34,0,0,0,0,0,1706,3101,0.128,2.9,False,Solitudine / Nessun Contatto,,,Nessuna,5,0,5,4.74,1,1,1,1,0,0,0,0,0,0,0,0,8500.0,2,1.012,1.012,0.0,False,4,0,0,0,332.18,monte_carlo_run_1664_seed_1706.log
1665,34,0,0,0,0,0,1707,3101,0.313,5.2,True,Contatto Planetario / Biofirme,1593.36,15.89,Ostile,116,0,2203,31.17,173,123,7,1,5,155,44,44,0,31,29,2,8718.77,272,1.6,1.552,-0.0479,False,1991,0,247,358,10000.03,monte_carlo_run_1665_seed_1707.log
1666,34,0,0,0,0,0,1708,3101,0.293,5.94,True,Incontro Flotta Deep-Space,5864.52,30.78,Biosfera Primitiva,773,0,1975,44.03,143,112,12,5,7,124,98,98,0,60,42,18,8942.83,204,1.6,1.6,0.0,False,1820,0,167,212,10000.02,monte_carlo_run_1666_seed_1708.log
1667,34,0,0,0,0,0,1709,3101,0.256,5.06,True,Incontro Flotta Deep-Space,5016.58,20.82,Collaborativa,536,0,1983,29.66,161,115,13,2,8,142,141,141,0,84,61,23,9062.32,214,1.6,1.6,0.0,False,1781,0,234,272,10000.0,monte_carlo_run_1667_seed_1709.log
1668,34,0,0,0,0,0,1710,3101,0.269,3.72,False,Solitudine / Nessun Contatto,,,Nessuna,25,0,25,7.06,5,4,3,2,1,1,1,1,0,1,1,0,8509.82,9,1.356,1.255,-0.1009,False,18,0,4,6,2401.44,monte_carlo_run_1668_seed_1710.log
1669,34,0,0,0,0,0,1711,3101,0.323,5.06,True,Incontro Flotta Deep-Space,2024.54,6.12,Collaborativa,116,0,2403,45.06,188,137,12,2,10,167,167,167,0,114,66,48,9303.78,320,1.499,1.6,0.1009,True,2144,0,396,424,10000.03,monte_carlo_run_1669_seed_1711.log
1670,34,0,0,0,0,0,1712,3101,0.199,2.4,False,Solitudine / Nessun Contatto,,,Nessuna,1,0,1,0.0,1,1,1,1,0,0,0,0,0,0,0,0,8500.0,2,1.0,1.0,0.0,False,0,0,0,0,0.02,monte_carlo_run_1670_seed_1712.log
1671,34,0,0,0,0,0,1713,3101,0.164,3.88,False,Solitudine / Nessun Contatto,,,Nessuna,3,0,3,3.57,1,1,1,1,0,0,0,0,0,0,0,0,8500.0,2,1.004,1.004,0.0,False,2,0,0,0,197.41,monte_carlo_run_1671_seed_1713.log
1672,34,0,0,0,0,0,1714,3101,0.183,4.52,True,Incontro Flotta Deep-Space,2526.84,8.08,Biosfera Primitiva,317,0,1340,35.95,112,84,7,2,3,97,68,68,0,53,42,11,8867.01,173,1.497,1.6,0.1027,True,1150,0,208,300,10000.0,monte_carlo_run_1672_seed_1714.log
1673,34,0,0,0,0,0,1715,3101,0.247,6.17,True,Incontro Flotta Deep-Space,631.3,10.92,Leale alla Madrepatria,57,0,1389,22.93,111,77,14,3,9,94,38,38,0,24,19,5,8665.41,156,1.597,1.6,0.0026,True,1277,0,148,209,10000.03,monte_carlo_run_1673_seed_1715.log
1674,34,0,0,0,0,0,1716,3101,0.148,2.88,False,Solitudine / Nessun Contatto,,,Nessuna,1,0,1,0.0,1,1,1,1,0,0,0,0,0,0,0,0,8500.0,2,1.0,1.0,0.0,False,0,0,0,0,0.02,monte_carlo_run_1674_seed_1716.log
1675,34,0,0,0,0,0,1717,3101,0.3,4.18,True,Contatto Planetario / Biofirme,20.4,5.85,Diffidente,3,0,304,46.51,34,29,3,1,1,31,31,31,0,23,21,2,8656.93,69,1.599,1.6,0.0014,True,247,0,88,96,10001.14,monte_carlo_run_1675_seed_1717.log
1676,34,0,0,0,0,0,1718,3101,0.326,8.02,True,Incontro Flotta Deep-Space,1653.55,5.83,Biosfera Primitiva,110,3,2501,42.65,200,149,10,2,6,181,180,180,0,117,71,46,9291.29,345,1.588,1.6,0.0122,True,2301,0,371,394,10000.18,monte_carlo_run_1676_seed_1718.log
1677,34,0,0,0,0,0,1719,3101,0.178,4.21,True,Incontro Flotta Deep-Space,7607.49,19.71,Collaborativa,331,0,372,28.39,32,23,5,2,3,24,24,24,0,16,14,2,8607.7,47,1.6,1.6,0.0,False,307,0,23,29,10000.39,monte_carlo_run_1677_seed_1719.log
1678,34,0,0,0,0,0,1720,3101,0.184,2.28,False,Solitudine / Nessun Contatto,,,Nessuna,1,0,1,0.0,1,1,1,1,0,0,0,0,0,0,0,0,8500.0,2,1.0,1.0,0.0,False,0,0,0,0,0.02,monte_carlo_run_1678_seed_1720.log
1679,34,0,0,0,0,0,1721,3101,0.201,4.74,True,Incontro Flotta Deep-Space,2040.24,12.63,Biosfera Primitiva,99,0,1833,40.41,159,116,13,2,10,142,142,142,0,89,62,27,9207.61,237,1.6,1.6,0.0,False,1598,0,271,318,10000.03,monte_carlo_run_1679_seed_1721.log
1680,34,0,0,0,0,0,1722,3101,0.278,4.26,False,Solitudine / Nessun Contatto,,,Nessuna,69,1,69,33.28,4,3,2,1,0,1,1,1,0,1,1,0,8503.29,5,1.582,0.1,-1.4821,False,59,0,0,1,8307.44,monte_carlo_run_1680_seed_1722.log
1681,34,0,0,0,0,0,1723,3101,0.229,3.35,False,Solitudine / Nessun Contatto,,,Nessuna,4,0,4,3.0,2,2,2,2,0,0,0,0,0,0,0,0,8500.0,4,1.005,1.005,0.0,False,0,0,1,1,93.82,monte_carlo_run_1681_seed_1723.log
1682,34,0,0,0,0,0,1724,3101,0.165,3.05,False,Solitudine / Nessun Contatto,,,Nessuna,4,0,4,4.34,1,1,1,1,0,0,0,0,0,0,0,0,8500.0,2,1.006,1.006,0.0,False,2,0,0,0,246.85,monte_carlo_run_1682_seed_1724.log
1683,34,0,0,0,0,0,1725,3101,0.278,6.43,True,Contatto Planetario / Biofirme,596.76,9.07,Collaborativa,55,1,2459,25.83,230,167,19,7,12,203,64,64,0,41,38,3,8815.78,338,1.582,1.6,0.0182,True,2224,0,419,563,10000.06,monte_carlo_run_1683_seed_1725.log
1684,34,0,0,0,0,0,1726,3101,0.148,3.26,False,Solitudine / Nessun Contatto,,,Nessuna,1,0,1,0.0,2,2,2,1,1,0,0,0,0,0,0,0,8500.0,2,1.0,1.0,0.0,False,0,0,1,1,0.02,monte_carlo_run_1684_seed_1726.log
1685,34,0,0,0,0,0,1727,3101,0.31,6.33,True,Incontro Flotta Deep-Space,766.1,6.01,Diffidente,61,0,2209,50.13,176,126,15,1,9,153,142,142,0,100,69,31,9238.35,313,1.6,1.6,0.0,False,2029,0,391,486,10000.15,monte_carlo_run_1685_seed_1727.log
1686,34,0,0,0,0,0,1728,3101,0.197,3.56,False,Solitudine / Nessun Contatto,,,Nessuna,10,0,10,0.0,2,2,2,2,0,0,0,0,0,0,0,0,8500.0,4,1.017,1.017,0.0,False,6,0,1,1,370.6,monte_carlo_run_1686_seed_1728.log
1687,34,0,0,0,0,0,1729,3101,0.306,6.9,True,Contatto Planetario / Biofirme,11.65,3.56,Predatoria,2,0,2333,39.89,181,129,17,1,14,154,154,154,0,96,72,24,9235.92,265,1.6,1.6,0.0,False,2151,0,274,308,10000.03,monte_carlo_run_1687_seed_1729.log
1688,34,0,0,0,0,0,1730,3101,0.192,3.18,False,Solitudine / Nessun Contatto,,,Nessuna,4,0,4,5.99,2,2,2,1,1,0,0,0,0,0,0,0,8500.0,2,1.011,1.011,0.0,False,2,0,1,1,167.78,monte_carlo_run_1688_seed_1730.log
1689,34,0,0,0,0,0,1731,3101,0.249,3.06,False,Solitudine / Nessun Contatto,,,Nessuna,10,0,10,8.32,1,1,1,1,0,0,0,0,0,0,0,0,8500.0,2,1.026,1.026,0.0,False,6,0,0,0,488.35,monte_carlo_run_1689_seed_1731.log
1690,34,0,0,0,0,0,1732,3101,0.209,3.35,False,Solitudine / Nessun Contatto,,,Nessuna,11,0,11,8.61,3,2,2,1,1,0,0,0,0,0,0,0,8500.0,5,0.881,0.881,0.0,False,8,0,0,2,792.92,monte_carlo_run_1690_seed_1732.log
1691,34,0,0,0,0,0,1733,3101,0.268,4.32,True,Contatto Planetario / Biofirme,568.83,18.98,Cauta,26,0,853,45.62,65,55,8,1,6,55,55,55,0,31,24,7,8742.54,86,1.6,1.6,0.0,False,723,0,48,57,10000.07,monte_carlo_run_1691_seed_1733.log
1692,34,0,0,0,0,0,1734,3101,0.163,3.83,False,Solitudine / Nessun Contatto,,,Nessuna,39,0,39,28.25,5,4,1,1,0,4,4,4,0,1,1,0,8511.33,8,1.593,1.109,-0.4843,False,26,0,0,0,4913.4,monte_carlo_run_1692_seed_1734.log
1693,34,0,0,0,0,0,1735,3101,0.218,5.1,True,Contatto Planetario / Biofirme,955.81,19.65,Predatoria,68,1,2370,49.54,199,154,19,3,11,173,165,165,0,103,67,36,9221.46,313,1.6,1.6,0.0,False,2114,0,315,370,10000.21,monte_carlo_run_1693_seed_1735.log
1694,34,0,0,0,0,0,1736,3101,0.212,3.63,False,Solitudine / Nessun Contatto,,,Nessuna,4,0,4,0.0,2,2,2,2,0,0,0,0,0,0,0,0,8500.0,4,1.007,1.007,0.0,False,2,0,1,1,148.52,monte_carlo_run_1694_seed_1736.log
1695,34,0,0,0,0,0,1737,3101,0.127,2.87,False,Solitudine / Nessun Contatto,,,Nessuna,1,0,1,0.0,1,1,1,1,0,0,0,0,0,0,0,0,8500.0,2,1.0,1.0,0.0,False,0,0,0,0,0.02,monte_carlo_run_1695_seed_1737.log
1696,34,0,0,0,0,0,1738,3101,0.163,2.16,False,Solitudine / Nessun Contatto,,,Nessuna,1,0,1,0.0,1,1,1,1,0,0,0,0,0,0,0,0,8500.0,2,1.0,1.0,0.0,False,0,0,0,0,0.02,monte_carlo_run_1696_seed_1738.log
1697,34,0,0,0,0,0,1739,3101,0.273,3.8,False,Solitudine / Nessun Contatto,,,Nessuna,4,0,4,3.39,1,1,1,1,0,0,0,0,0,0,0,0,8500.0,2,1.01,1.01,0.0,False,3,0,0,0,323.27,monte_carlo_run_1697_seed_1739.log
1698,34,0,0,0,0,0,1740,3101,0.347,7.45,True,Incontro Flotta Deep-Space,823.21,10.92,Biosfera Primitiva,52,0,2244,34.73,165,116,17,3,13,144,140,140,0,92,59,33,9127.19,256,1.6,1.6,0.0,False,2076,0,269,318,10000.01,monte_carlo_run_1698_seed_1740.log
1699,34,0,0,0,0,0,1741,3101,0.324,7.75,True,Incontro Flotta Deep-Space,2878.52,0.0,Collaborativa,418,0,2352,33.37,201,150,13,3,8,178,175,175,0,112,68,44,9285.82,328,1.529,1.6,0.0706,True,2149,0,418,452,10000.14,monte_carlo_run_1699_seed_1741.log
1700,34,0,0,0,0,0,1742,3101,0.338,6.87,True,Incontro Flotta Deep-Space,1488.6,3.55,Biosfera Primitiva,145,0,1989,31.83,147,107,13,2,8,129,113,113,0,72,55,17,8974.96,215,1.6,1.6,0.0,False,1838,0,189,237,10000.28,monte_carlo_run_1700_seed_1742.log
