run_id,treatment_id,factor_A,factor_B,factor_C,factor_D,factor_E,seed,num_stars,ship_speed_c,max_reach_ly,first_contact_occurred,contact_type,time_to_first_contact_years,contact_distance_ly,contact_disposition,systems_before_contact,archeological_relics_found,total_systems_explored,max_expansion_radius_ly,planets_habitable_surveyed,planets_with_life_surveyed,planets_with_intel_surveyed,planets_with_spacefaring_surveyed,prime_directive_encounters,colonies_founded,colonies_active,total_earth_colonies,colonies_collapsed,colonies_sovereign,colonies_secession_hostile,colonies_secession_loyal,total_human_pop_millions,total_fleets_activated,earth_final_lc,max_colony_lc,delta_lc_max,colony_surpassed_earth,total_starbases,fallen_starbases,total_trade_routes,total_wars,simulation_duration_years,log_filename
1,1,-1,-1,-1,-1,-1,43,3101,0.082,1.56,False,Solitudine / Nessun Contatto,,,Nessuna,2,0,2,1.48,2,2,2,1,1,0,0,0,0,0,0,0,8500.0,2,1.022,1.022,0.0,False,0,0,1,1,72.17,monte_carlo_run_1_seed_43.log
2,1,-1,-1,-1,-1,-1,44,3101,0.079,1.47,False,Solitudine / Nessun Contatto,,,Nessuna,1,0,1,0.0,1,1,1,1,0,0,0,0,0,0,0,0,8500.0,2,1.0,1.0,0.0,False,0,0,0,0,0.02,monte_carlo_run_2_seed_44.log
3,1,-1,-1,-1,-1,-1,45,3101,0.056,1.06,False,Solitudine / Nessun Contatto,,,Nessuna,1,0,1,0.0,2,2,2,1,1,0,0,0,0,0,0,0,8500.0,2,1.0,1.0,0.0,False,0,0,1,1,0.02,monte_carlo_run_3_seed_45.log
4,1,-1,-1,-1,-1,-1,46,3101,0.079,1.6,False,Solitudine / Nessun Contatto,,,Nessuna,1,0,1,0.0,1,1,1,1,0,0,0,0,0,0,0,0,8500.0,2,1.0,1.0,0.0,False,0,0,0,0,0.02,monte_carlo_run_4_seed_46.log
5,1,-1,-1,-1,-1,-1,47,3101,0.078,1.62,False,Solitudine / Nessun Contatto,,,Nessuna,1,0,1,0.0,2,2,2,1,1,0,0,0,0,0,0,0,8500.0,2,1.0,1.0,0.0,False,0,0,1,1,0.02,monte_carlo_run_5_seed_47.log
6,1,-1,-1,-1,-1,-1,48,3101,0.071,1.58,False,Solitudine / Nessun Contatto,,,Nessuna,1,0,1,0.0,3,3,3,0,3,0,0,0,0,0,0,0,8500.0,1,0.985,0.985,0.0,False,0,0,1,3,0.02,monte_carlo_run_6_seed_48.log
7,1,-1,-1,-1,-1,-1,49,3101,0.133,2.89,False,Solitudine / Nessun Contatto,,,Nessuna,1,0,1,0.0,1,1,1,1,0,0,0,0,0,0,0,0,8500.0,2,1.0,1.0,0.0,False,0,0,0,0,0.02,monte_carlo_run_7_seed_49.log
8,1,-1,-1,-1,-1,-1,50,3101,0.054,1.21,False,Solitudine / Nessun Contatto,,,Nessuna,1,0,1,0.0,1,1,1,1,0,0,0,0,0,0,0,0,8500.0,2,1.0,1.0,0.0,False,0,0,0,0,0.02,monte_carlo_run_8_seed_50.log
9,1,-1,-1,-1,-1,-1,51,3101,0.062,0.78,False,Solitudine / Nessun Contatto,,,Nessuna,1,0,1,0.0,2,2,2,1,1,0,0,0,0,0,0,0,8500.0,2,1.0,1.0,0.0,False,0,0,1,1,0.02,monte_carlo_run_9_seed_51.log
10,1,-1,-1,-1,-1,-1,52,3101,0.057,1.14,False,Solitudine / Nessun Contatto,,,Nessuna,1,0,1,0.0,1,1,1,1,0,0,0,0,0,0,0,0,8500.0,2,1.0,1.0,0.0,False,0,0,0,0,0.02,monte_carlo_run_10_seed_52.log
11,1,-1,-1,-1,-1,-1,53,3101,0.065,0.86,False,Solitudine / Nessun Contatto,,,Nessuna,1,0,1,0.0,3,3,3,1,2,0,0,0,0,0,0,0,8500.0,2,1.0,1.0,0.0,False,0,0,1,3,0.02,monte_carlo_run_11_seed_53.log
12,1,-1,-1,-1,-1,-1,54,3101,0.098,2.17,False,Solitudine / Nessun Contatto,,,Nessuna,2,0,2,2.12,2,2,1,1,0,1,1,1,0,0,0,0,8500.87,2,1.002,1.0,-0.002,False,0,0,0,0,86.71,monte_carlo_run_12_seed_54.log
13,1,-1,-1,-1,-1,-1,55,3101,0.148,2.21,False,Solitudine / Nessun Contatto,,,Nessuna,3,0,3,1.45,1,1,1,1,0,0,0,0,0,0,0,0,8500.0,2,1.014,1.014,0.0,False,2,0,0,0,104.57,monte_carlo_run_13_seed_55.log
14,1,-1,-1,-1,-1,-1,56,3101,0.064,1.52,False,Solitudine / Nessun Contatto,,,Nessuna,2,0,2,0.96,3,3,3,1,2,0,0,0,0,0,0,0,8500.0,2,1.031,1.031,0.0,False,0,0,2,3,60.14,monte_carlo_run_14_seed_56.log
15,1,-1,-1,-1,-1,-1,57,3101,0.094,1.46,False,Solitudine / Nessun Contatto,,,Nessuna,1,0,1,0.0,3,3,3,1,2,0,0,0,0,0,0,0,8500.0,2,1.0,1.0,0.0,False,0,0,2,3,0.02,monte_carlo_run_15_seed_57.log
16,1,-1,-1,-1,-1,-1,58,3101,0.141,2.29,False,Solitudine / Nessun Contatto,,,Nessuna,1,0,1,0.0,1,1,1,1,0,0,0,0,0,0,0,0,8500.0,2,1.0,1.0,0.0,False,0,0,0,0,0.02,monte_carlo_run_16_seed_58.log
17,1,-1,-1,-1,-1,-1,59,3101,0.145,3.42,False,Solitudine / Nessun Contatto,,,Nessuna,9,0,9,7.34,2,2,2,0,1,0,0,0,0,0,0,0,8500.0,1,0.643,0.643,0.0,False,7,0,0,1,738.06,monte_carlo_run_17_seed_59.log
18,1,-1,-1,-1,-1,-1,60,3101,0.136,3.06,False,Solitudine / Nessun Contatto,,,Nessuna,3,0,3,3.72,1,1,1,1,0,0,0,0,0,0,0,0,8500.0,2,1.01,1.01,0.0,False,1,0,0,0,126.28,monte_carlo_run_18_seed_60.log
19,1,-1,-1,-1,-1,-1,61,3101,0.127,1.54,False,Solitudine / Nessun Contatto,,,Nessuna,1,0,1,0.0,1,1,1,1,0,0,0,0,0,0,0,0,8500.0,2,1.0,1.0,0.0,False,0,0,0,0,0.02,monte_carlo_run_19_seed_61.log
20,1,-1,-1,-1,-1,-1,62,3101,0.122,1.6,False,Solitudine / Nessun Contatto,,,Nessuna,2,0,2,1.59,1,1,1,1,0,0,0,0,0,0,0,0,8500.0,2,1.002,1.002,0.0,False,0,0,0,0,55.53,monte_carlo_run_20_seed_62.log
21,1,-1,-1,-1,-1,-1,63,3101,0.077,0.93,False,Solitudine / Nessun Contatto,,,Nessuna,2,0,2,0.9,3,2,2,0,2,1,1,1,0,0,0,0,8501.3,2,0.888,0.965,0.0765,True,0,0,0,1,46.81,monte_carlo_run_21_seed_63.log
22,1,-1,-1,-1,-1,-1,64,3101,0.057,1.31,False,Solitudine / Nessun Contatto,,,Nessuna,1,0,1,0.0,2,2,2,1,1,0,0,0,0,0,0,0,8500.0,2,1.0,1.0,0.0,False,0,0,0,1,0.02,monte_carlo_run_22_seed_64.log
23,1,-1,-1,-1,-1,-1,65,3101,0.127,2.0,False,Solitudine / Nessun Contatto,,,Nessuna,1,0,1,0.0,1,1,1,1,0,0,0,0,0,0,0,0,8500.0,2,1.0,1.0,0.0,False,0,0,0,0,0.02,monte_carlo_run_23_seed_65.log
24,1,-1,-1,-1,-1,-1,66,3101,0.132,2.28,False,Solitudine / Nessun Contatto,,,Nessuna,1,0,1,0.0,3,3,3,0,3,0,0,0,0,0,0,0,8500.0,1,0.985,0.985,0.0,False,0,0,1,2,0.02,monte_carlo_run_24_seed_66.log
25,1,-1,-1,-1,-1,-1,67,3101,0.065,0.87,False,Solitudine / Nessun Contatto,,,Nessuna,1,0,1,0.0,2,2,2,1,1,0,0,0,0,0,0,0,8500.0,2,1.0,1.0,0.0,False,0,0,1,1,0.02,monte_carlo_run_25_seed_67.log
26,1,-1,-1,-1,-1,-1,68,3101,0.138,2.03,False,Solitudine / Nessun Contatto,,,Nessuna,1,0,1,0.0,3,3,3,0,3,0,0,0,0,0,0,0,8500.0,1,0.985,0.985,0.0,False,0,0,1,3,0.02,monte_carlo_run_26_seed_68.log
27,1,-1,-1,-1,-1,-1,69,3101,0.12,2.99,False,Solitudine / Nessun Contatto,,,Nessuna,1,0,1,0.0,2,2,2,1,1,0,0,0,0,0,0,0,8500.0,2,1.0,1.0,0.0,False,0,0,1,1,0.02,monte_carlo_run_27_seed_69.log
28,1,-1,-1,-1,-1,-1,70,3101,0.067,1.57,False,Solitudine / Nessun Contatto,,,Nessuna,2,0,2,1.29,2,2,2,1,1,0,0,0,0,0,0,0,8500.0,2,1.018,1.018,0.0,False,0,0,1,1,77.11,monte_carlo_run_28_seed_70.log
29,1,-1,-1,-1,-1,-1,71,3101,0.109,2.54,False,Solitudine / Nessun Contatto,,,Nessuna,1,0,1,0.0,2,2,2,0,2,0,0,0,0,0,0,0,8500.0,1,0.985,0.985,0.0,False,0,0,0,1,0.02,monte_carlo_run_29_seed_71.log
30,1,-1,-1,-1,-1,-1,72,3101,0.096,2.12,False,Solitudine / Nessun Contatto,,,Nessuna,2,0,2,2.05,2,2,1,1,0,1,1,1,0,0,0,0,8503.1,2,1.002,0.965,-0.0369,False,0,0,0,0,85.39,monte_carlo_run_30_seed_72.log
31,2,-1,-1,-1,-1,1,73,3101,0.138,3.39,False,Solitudine / Nessun Contatto,,,Nessuna,15,0,15,3.47,4,2,2,2,0,1,0,0,0,0,0,0,8500.0,14,1.434,1.434,0.0,False,8,0,3,4,958.95,monte_carlo_run_31_seed_73.log
32,2,-1,-1,-1,-1,1,74,3101,0.145,3.37,True,Incontro Flotta Deep-Space,953.21,11.63,Collaborativa,25,0,25,13.55,5,5,2,2,0,3,2,2,0,1,1,0,8510.69,9,1.417,0.949,-0.4675,False,17,0,1,3,1011.4,monte_carlo_run_32_seed_74.log
33,2,-1,-1,-1,-1,1,75,3101,0.065,1.2,False,Solitudine / Nessun Contatto,,,Nessuna,1,0,1,0.0,1,1,1,1,0,0,0,0,0,0,0,0,8500.0,2,1.0,1.0,0.0,False,0,0,0,0,0.02,monte_carlo_run_33_seed_75.log
34,2,-1,-1,-1,-1,1,76,3101,0.144,3.5,False,Solitudine / Nessun Contatto,,,Nessuna,2,0,2,3.18,1,1,1,1,0,0,0,0,0,0,0,0,8500.0,2,1.002,1.002,0.0,False,0,0,0,0,88.24,monte_carlo_run_34_seed_76.log
35,2,-1,-1,-1,-1,1,77,3101,0.071,1.35,False,Solitudine / Nessun Contatto,,,Nessuna,1,0,1,0.0,1,1,1,1,0,0,0,0,0,0,0,0,8500.0,2,1.0,1.0,0.0,False,0,0,0,0,0.02,monte_carlo_run_35_seed_77.log
36,2,-1,-1,-1,-1,1,78,3101,0.086,1.97,False,Solitudine / Nessun Contatto,,,Nessuna,1,0,1,0.0,1,1,1,1,0,0,0,0,0,0,0,0,8500.0,2,1.0,1.0,0.0,False,0,0,0,0,0.02,monte_carlo_run_36_seed_78.log
37,2,-1,-1,-1,-1,1,79,3101,0.144,3.27,False,Solitudine / Nessun Contatto,,,Nessuna,4,0,4,2.96,1,1,1,1,0,0,0,0,0,0,0,0,8500.0,2,1.004,1.004,0.0,False,0,0,0,0,178.29,monte_carlo_run_37_seed_79.log
38,2,-1,-1,-1,-1,1,80,3101,0.145,3.01,False,Solitudine / Nessun Contatto,,,Nessuna,2,0,2,2.99,2,1,1,1,0,1,1,1,0,0,0,0,8500.79,2,1.002,0.966,-0.0365,False,0,0,0,0,100.48,monte_carlo_run_38_seed_80.log
39,2,-1,-1,-1,-1,1,81,3101,0.144,2.16,False,Solitudine / Nessun Contatto,,,Nessuna,1,0,1,0.0,1,1,1,1,0,0,0,0,0,0,0,0,8500.0,2,1.0,1.0,0.0,False,0,0,0,0,0.02,monte_carlo_run_39_seed_81.log
40,2,-1,-1,-1,-1,1,82,3101,0.063,1.15,False,Solitudine / Nessun Contatto,,,Nessuna,3,0,3,0.0,3,3,3,3,0,0,0,0,0,0,0,0,8500.0,9,1.0,1.0,0.0,False,0,0,1,2,0.06,monte_carlo_run_40_seed_82.log
41,2,-1,-1,-1,-1,1,83,3101,0.058,0.8,False,Solitudine / Nessun Contatto,,,Nessuna,1,0,1,0.0,1,1,1,1,0,0,0,0,0,0,0,0,8500.0,2,1.0,1.0,0.0,False,0,0,0,0,0.02,monte_carlo_run_41_seed_83.log
42,2,-1,-1,-1,-1,1,84,3101,0.137,1.77,False,Solitudine / Nessun Contatto,,,Nessuna,1,0,1,0.0,1,1,1,1,0,0,0,0,0,0,0,0,8500.0,2,1.0,1.0,0.0,False,0,0,0,0,0.02,monte_carlo_run_42_seed_84.log
43,2,-1,-1,-1,-1,1,85,3101,0.057,0.93,False,Solitudine / Nessun Contatto,,,Nessuna,1,0,1,0.0,1,1,1,1,0,0,0,0,0,0,0,0,8500.0,2,1.0,1.0,0.0,False,0,0,0,0,0.02,monte_carlo_run_43_seed_85.log
44,2,-1,-1,-1,-1,1,86,3101,0.096,1.99,False,Solitudine / Nessun Contatto,,,Nessuna,2,0,2,0.0,2,2,2,2,0,0,0,0,0,0,0,0,8500.0,6,1.0,1.0,0.0,False,0,0,1,1,0.04,monte_carlo_run_44_seed_86.log
45,2,-1,-1,-1,-1,1,87,3101,0.125,2.93,False,Solitudine / Nessun Contatto,,,Nessuna,2,0,2,2.75,2,2,1,1,0,1,1,1,0,0,0,0,8500.66,2,1.002,0.991,-0.0113,False,0,0,0,0,95.37,monte_carlo_run_45_seed_87.log
46,2,-1,-1,-1,-1,1,88,3101,0.096,1.24,False,Solitudine / Nessun Contatto,,,Nessuna,1,0,1,0.0,1,1,1,1,0,0,0,0,0,0,0,0,8500.0,2,1.0,1.0,0.0,False,0,0,0,0,0.02,monte_carlo_run_46_seed_88.log
47,2,-1,-1,-1,-1,1,89,3101,0.144,3.14,False,Solitudine / Nessun Contatto,,,Nessuna,10,0,10,6.74,3,1,1,1,0,1,1,1,0,0,0,0,8501.17,6,1.274,0.928,-0.3465,False,6,0,0,1,893.31,monte_carlo_run_47_seed_89.log
48,2,-1,-1,-1,-1,1,90,3101,0.053,1.21,False,Solitudine / Nessun Contatto,,,Nessuna,1,0,1,0.0,1,1,1,1,0,0,0,0,0,0,0,0,8500.0,2,1.0,1.0,0.0,False,0,0,0,0,0.02,monte_carlo_run_48_seed_90.log
49,2,-1,-1,-1,-1,1,91,3101,0.136,1.81,False,Solitudine / Nessun Contatto,,,Nessuna,3,0,3,0.0,3,3,3,3,0,0,0,0,0,0,0,0,8500.0,10,1.001,1.001,0.0,False,0,0,2,2,0.06,monte_carlo_run_49_seed_91.log
50,2,-1,-1,-1,-1,1,92,3101,0.07,1.52,False,Solitudine / Nessun Contatto,,,Nessuna,3,0,3,0.0,3,3,3,3,0,0,0,0,0,0,0,0,8500.0,9,1.0,1.0,0.0,False,0,0,0,2,0.06,monte_carlo_run_50_seed_92.log
51,2,-1,-1,-1,-1,1,93,3101,0.057,0.73,False,Solitudine / Nessun Contatto,,,Nessuna,1,0,1,0.0,1,1,1,1,0,0,0,0,0,0,0,0,8500.0,2,1.0,1.0,0.0,False,0,0,0,0,0.02,monte_carlo_run_51_seed_93.log
52,2,-1,-1,-1,-1,1,94,3101,0.133,2.41,False,Solitudine / Nessun Contatto,,,Nessuna,2,0,2,1.83,1,1,1,1,0,0,0,0,0,0,0,0,8500.0,2,1.002,1.002,0.0,False,0,0,0,0,62.49,monte_carlo_run_52_seed_94.log
53,2,-1,-1,-1,-1,1,95,3101,0.112,2.15,False,Solitudine / Nessun Contatto,,,Nessuna,5,0,5,2.96,2,2,2,2,0,0,0,0,0,0,0,0,8500.0,5,1.032,1.032,0.0,False,1,0,1,1,107.09,monte_carlo_run_53_seed_95.log
54,2,-1,-1,-1,-1,1,96,3101,0.085,1.06,False,Solitudine / Nessun Contatto,,,Nessuna,2,0,2,0.0,2,2,2,2,0,0,0,0,0,0,0,0,8500.0,5,1.0,1.0,0.0,False,0,0,1,1,0.04,monte_carlo_run_54_seed_96.log
55,2,-1,-1,-1,-1,1,97,3101,0.093,2.2,False,Solitudine / Nessun Contatto,,,Nessuna,1,0,1,0.0,1,1,1,1,0,0,0,0,0,0,0,0,8500.0,2,1.0,1.0,0.0,False,0,0,0,0,0.02,monte_carlo_run_55_seed_97.log
56,2,-1,-1,-1,-1,1,98,3101,0.118,2.32,False,Solitudine / Nessun Contatto,,,Nessuna,1,0,1,0.0,1,1,1,1,0,0,0,0,0,0,0,0,8500.0,2,1.0,1.0,0.0,False,0,0,0,0,0.02,monte_carlo_run_56_seed_98.log
57,2,-1,-1,-1,-1,1,99,3101,0.115,2.57,False,Solitudine / Nessun Contatto,,,Nessuna,2,0,2,0.0,2,2,2,2,0,0,0,0,0,0,0,0,8500.0,6,1.0,1.0,0.0,False,0,0,0,1,0.04,monte_carlo_run_57_seed_99.log
58,2,-1,-1,-1,-1,1,100,3101,0.094,1.94,False,Solitudine / Nessun Contatto,,,Nessuna,8,0,8,4.28,3,3,3,3,0,0,0,0,0,0,0,0,8500.0,9,1.154,1.154,0.0,False,4,0,1,2,336.97,monte_carlo_run_58_seed_100.log
59,2,-1,-1,-1,-1,1,101,3101,0.114,2.22,False,Solitudine / Nessun Contatto,,,Nessuna,1,0,1,0.0,1,1,1,1,0,0,0,0,0,0,0,0,8500.0,2,1.0,1.0,0.0,False,0,0,0,0,0.02,monte_carlo_run_59_seed_101.log
60,2,-1,-1,-1,-1,1,102,3101,0.068,1.44,False,Solitudine / Nessun Contatto,,,Nessuna,2,0,2,0.0,2,2,2,2,0,0,0,0,0,0,0,0,8500.0,5,1.0,1.0,0.0,False,0,0,0,1,0.04,monte_carlo_run_60_seed_102.log
61,3,-1,-1,-1,1,-1,103,3101,0.083,1.73,False,Solitudine / Nessun Contatto,,,Nessuna,1,0,1,0.0,3,3,3,1,2,0,0,0,0,0,0,0,8500.0,2,1.0,1.0,0.0,False,0,0,1,3,0.02,monte_carlo_run_61_seed_103.log
62,3,-1,-1,-1,1,-1,104,3101,0.087,1.74,False,Solitudine / Nessun Contatto,,,Nessuna,1,0,1,0.0,1,1,1,1,0,0,0,0,0,0,0,0,8500.0,2,1.0,1.0,0.0,False,0,0,0,0,0.02,monte_carlo_run_62_seed_104.log
63,3,-1,-1,-1,1,-1,105,3101,0.096,1.33,False,Solitudine / Nessun Contatto,,,Nessuna,1,0,1,0.0,2,2,2,1,1,0,0,0,0,0,0,0,8500.0,2,1.0,1.0,0.0,False,0,0,0,1,0.02,monte_carlo_run_63_seed_105.log
64,3,-1,-1,-1,1,-1,106,3101,0.072,1.38,False,Solitudine / Nessun Contatto,,,Nessuna,1,0,1,0.0,1,1,1,1,0,0,0,0,0,0,0,0,8500.0,2,1.0,1.0,0.0,False,0,0,0,0,0.02,monte_carlo_run_64_seed_106.log
65,3,-1,-1,-1,1,-1,107,3101,0.092,1.67,False,Solitudine / Nessun Contatto,,,Nessuna,1,0,1,0.0,2,2,2,1,1,0,0,0,0,0,0,0,8500.0,2,1.0,1.0,0.0,False,0,0,0,1,0.02,monte_carlo_run_65_seed_107.log
66,3,-1,-1,-1,1,-1,108,3101,0.092,2.3,False,Solitudine / Nessun Contatto,,,Nessuna,1,0,1,0.0,2,2,2,1,1,0,0,0,0,0,0,0,8500.0,2,1.0,1.0,0.0,False,0,0,1,1,0.02,monte_carlo_run_66_seed_108.log
67,3,-1,-1,-1,1,-1,109,3101,0.137,2.32,False,Solitudine / Nessun Contatto,,,Nessuna,2,0,2,1.98,1,1,1,1,0,0,0,0,0,0,0,0,8500.0,2,1.002,1.002,0.0,False,0,0,0,0,67.37,monte_carlo_run_67_seed_109.log
68,3,-1,-1,-1,1,-1,110,3101,0.101,2.02,False,Solitudine / Nessun Contatto,,,Nessuna,1,0,1,0.0,1,1,1,1,0,0,0,0,0,0,0,0,8500.0,2,1.0,1.0,0.0,False,0,0,0,0,0.02,monte_carlo_run_68_seed_110.log
69,3,-1,-1,-1,1,-1,111,3101,0.056,0.95,False,Solitudine / Nessun Contatto,,,Nessuna,1,0,1,0.0,1,1,1,1,0,0,0,0,0,0,0,0,8500.0,2,1.0,1.0,0.0,False,0,0,0,0,0.02,monte_carlo_run_69_seed_111.log
70,3,-1,-1,-1,1,-1,112,3101,0.062,1.45,False,Solitudine / Nessun Contatto,,,Nessuna,1,0,1,0.0,1,1,1,1,0,0,0,0,0,0,0,0,8500.0,2,1.0,1.0,0.0,False,0,0,0,0,0.02,monte_carlo_run_70_seed_112.log
71,3,-1,-1,-1,1,-1,113,3101,0.106,2.2,False,Solitudine / Nessun Contatto,,,Nessuna,1,0,1,0.0,1,1,1,1,0,0,0,0,0,0,0,0,8500.0,2,1.0,1.0,0.0,False,0,0,0,0,0.02,monte_carlo_run_71_seed_113.log
72,3,-1,-1,-1,1,-1,114,3101,0.149,2.14,False,Solitudine / Nessun Contatto,,,Nessuna,1,0,1,0.0,3,3,3,1,2,0,0,0,0,0,0,0,8500.0,2,1.0,1.0,0.0,False,0,0,0,3,0.02,monte_carlo_run_72_seed_114.log
73,3,-1,-1,-1,1,-1,115,3101,0.145,2.92,False,Solitudine / Nessun Contatto,,,Nessuna,2,0,2,2.05,1,1,1,1,0,0,0,0,0,0,0,0,8500.0,2,1.002,1.002,0.0,False,0,0,0,0,68.78,monte_carlo_run_73_seed_115.log
74,3,-1,-1,-1,1,-1,116,3101,0.093,1.66,False,Solitudine / Nessun Contatto,,,Nessuna,1,0,1,0.0,2,2,2,1,1,0,0,0,0,0,0,0,8500.0,2,1.0,1.0,0.0,False,0,0,0,1,0.02,monte_carlo_run_74_seed_116.log
75,3,-1,-1,-1,1,-1,117,3101,0.123,2.19,False,Solitudine / Nessun Contatto,,,Nessuna,1,0,1,0.0,2,2,2,1,1,0,0,0,0,0,0,0,8500.0,2,1.0,1.0,0.0,False,0,0,1,1,0.02,monte_carlo_run_75_seed_117.log
76,3,-1,-1,-1,1,-1,118,3101,0.119,2.24,False,Solitudine / Nessun Contatto,,,Nessuna,1,0,1,0.0,3,3,3,1,2,0,0,0,0,0,0,0,8500.0,2,1.0,1.0,0.0,False,0,0,1,3,0.02,monte_carlo_run_76_seed_118.log
77,3,-1,-1,-1,1,-1,119,3101,0.107,2.4,False,Solitudine / Nessun Contatto,,,Nessuna,2,0,2,2.21,1,1,1,1,0,0,0,0,0,0,0,0,8500.0,2,1.002,1.002,0.0,False,0,0,0,0,82.61,monte_carlo_run_77_seed_119.log
78,3,-1,-1,-1,1,-1,120,3101,0.055,1.06,False,Solitudine / Nessun Contatto,,,Nessuna,1,0,1,0.0,3,3,3,0,3,0,0,0,0,0,0,0,8500.0,1,0.985,0.985,0.0,False,0,0,1,3,0.02,monte_carlo_run_78_seed_120.log
79,3,-1,-1,-1,1,-1,121,3101,0.068,1.62,False,Solitudine / Nessun Contatto,,,Nessuna,1,0,1,0.0,1,1,1,1,0,0,0,0,0,0,0,0,8500.0,2,1.0,1.0,0.0,False,0,0,0,0,0.02,monte_carlo_run_79_seed_121.log
80,3,-1,-1,-1,1,-1,122,3101,0.103,2.54,False,Solitudine / Nessun Contatto,,,Nessuna,1,0,1,0.0,1,1,1,1,0,0,0,0,0,0,0,0,8500.0,2,1.0,1.0,0.0,False,0,0,0,0,0.02,monte_carlo_run_80_seed_122.log
81,3,-1,-1,-1,1,-1,123,3101,0.118,2.02,False,Solitudine / Nessun Contatto,,,Nessuna,1,0,1,0.0,1,1,1,1,0,0,0,0,0,0,0,0,8500.0,2,1.0,1.0,0.0,False,0,0,0,0,0.02,monte_carlo_run_81_seed_123.log
82,3,-1,-1,-1,1,-1,124,3101,0.116,2.14,False,Solitudine / Nessun Contatto,,,Nessuna,1,0,1,0.0,2,2,2,1,1,0,0,0,0,0,0,0,8500.0,2,1.0,1.0,0.0,False,0,0,1,1,0.02,monte_carlo_run_82_seed_124.log
83,3,-1,-1,-1,1,-1,125,3101,0.08,1.5,False,Solitudine / Nessun Contatto,,,Nessuna,1,0,1,0.0,1,1,1,1,0,0,0,0,0,0,0,0,8500.0,2,1.0,1.0,0.0,False,0,0,0,0,0.02,monte_carlo_run_83_seed_125.log
84,3,-1,-1,-1,1,-1,126,3101,0.119,2.51,False,Solitudine / Nessun Contatto,,,Nessuna,3,0,3,2.42,1,1,1,1,0,0,0,0,0,0,0,0,8500.0,2,1.026,1.026,0.0,False,2,0,0,0,207.79,monte_carlo_run_84_seed_126.log
85,3,-1,-1,-1,1,-1,127,3101,0.087,1.29,False,Solitudine / Nessun Contatto,,,Nessuna,1,0,1,0.0,3,3,3,1,2,0,0,0,0,0,0,0,8500.0,2,1.0,1.0,0.0,False,0,0,2,3,0.02,monte_carlo_run_85_seed_127.log
86,3,-1,-1,-1,1,-1,128,3101,0.09,2.02,False,Solitudine / Nessun Contatto,,,Nessuna,1,0,1,0.0,1,1,1,1,0,0,0,0,0,0,0,0,8500.0,2,1.0,1.0,0.0,False,0,0,0,0,0.02,monte_carlo_run_86_seed_128.log
87,3,-1,-1,-1,1,-1,129,3101,0.074,1.54,False,Solitudine / Nessun Contatto,,,Nessuna,1,0,1,0.0,2,2,2,1,1,0,0,0,0,0,0,0,8500.0,2,1.0,1.0,0.0,False,0,0,0,1,0.02,monte_carlo_run_87_seed_129.log
88,3,-1,-1,-1,1,-1,130,3101,0.103,1.66,False,Solitudine / Nessun Contatto,,,Nessuna,1,0,1,0.0,1,1,1,1,0,0,0,0,0,0,0,0,8500.0,2,1.0,1.0,0.0,False,0,0,0,0,0.02,monte_carlo_run_88_seed_130.log
89,3,-1,-1,-1,1,-1,131,3101,0.139,2.21,False,Solitudine / Nessun Contatto,,,Nessuna,1,0,1,0.0,2,2,2,1,1,0,0,0,0,0,0,0,8500.0,2,1.0,1.0,0.0,False,0,0,1,1,0.02,monte_carlo_run_89_seed_131.log
90,3,-1,-1,-1,1,-1,132,3101,0.121,1.6,False,Solitudine / Nessun Contatto,,,Nessuna,1,0,1,0.0,1,1,1,1,0,0,0,0,0,0,0,0,8500.0,2,1.0,1.0,0.0,False,0,0,0,0,0.02,monte_carlo_run_90_seed_132.log
91,4,-1,-1,-1,1,1,133,3101,0.122,3.02,False,Solitudine / Nessun Contatto,,,Nessuna,1,0,1,0.0,1,1,1,1,0,0,0,0,0,0,0,0,8500.0,2,1.0,1.0,0.0,False,0,0,0,0,0.02,monte_carlo_run_91_seed_133.log
92,4,-1,-1,-1,1,1,134,3101,0.141,3.26,False,Solitudine / Nessun Contatto,,,Nessuna,12,0,12,3.93,3,3,3,3,0,0,0,0,0,0,0,0,8500.0,12,1.467,1.467,0.0,False,8,0,1,2,1004.24,monte_carlo_run_92_seed_134.log
93,4,-1,-1,-1,1,1,135,3101,0.095,1.45,False,Solitudine / Nessun Contatto,,,Nessuna,1,0,1,0.0,1,1,1,1,0,0,0,0,0,0,0,0,8500.0,2,1.0,1.0,0.0,False,0,0,0,0,0.02,monte_carlo_run_93_seed_135.log
94,4,-1,-1,-1,1,1,136,3101,0.143,2.34,False,Solitudine / Nessun Contatto,,,Nessuna,1,0,1,0.0,1,1,1,1,0,0,0,0,0,0,0,0,8500.0,2,1.0,1.0,0.0,False,0,0,0,0,0.02,monte_carlo_run_94_seed_136.log
95,4,-1,-1,-1,1,1,137,3101,0.083,1.31,False,Solitudine / Nessun Contatto,,,Nessuna,2,0,2,0.0,2,2,2,2,0,0,0,0,0,0,0,0,8500.0,6,1.0,1.0,0.0,False,0,0,0,1,0.04,monte_carlo_run_95_seed_137.log
96,4,-1,-1,-1,1,1,138,3101,0.092,1.82,False,Solitudine / Nessun Contatto,,,Nessuna,2,0,2,1.41,1,1,1,1,0,0,0,0,0,0,0,0,8500.0,2,1.001,1.001,0.0,False,0,0,0,0,61.34,monte_carlo_run_96_seed_138.log
97,4,-1,-1,-1,1,1,139,3101,0.095,2.12,False,Solitudine / Nessun Contatto,,,Nessuna,2,0,2,1.45,1,1,1,1,0,0,0,0,0,0,0,0,8500.0,2,1.001,1.001,0.0,False,0,0,0,0,60.97,monte_carlo_run_97_seed_139.log
98,4,-1,-1,-1,1,1,140,3101,0.094,1.31,False,Solitudine / Nessun Contatto,,,Nessuna,2,0,2,0.0,2,2,2,2,0,0,0,0,0,0,0,0,8500.0,5,1.0,1.0,0.0,False,0,0,0,1,0.04,monte_carlo_run_98_seed_140.log
99,4,-1,-1,-1,1,1,141,3101,0.132,1.66,False,Solitudine / Nessun Contatto,,,Nessuna,1,0,1,0.0,1,1,1,1,0,0,0,0,0,0,0,0,8500.0,2,1.0,1.0,0.0,False,0,0,0,0,0.02,monte_carlo_run_99_seed_141.log
100,4,-1,-1,-1,1,1,142,3101,0.11,1.84,False,Solitudine / Nessun Contatto,,,Nessuna,1,0,1,0.0,1,1,1,1,0,0,0,0,0,0,0,0,8500.0,2,1.0,1.0,0.0,False,0,0,0,0,0.02,monte_carlo_run_100_seed_142.log
101,4,-1,-1,-1,1,1,143,3101,0.137,2.81,False,Solitudine / Nessun Contatto,,,Nessuna,6,0,6,6.76,1,1,1,1,0,0,0,0,0,0,0,0,8500.0,2,1.081,1.081,0.0,False,4,0,0,0,366.11,monte_carlo_run_101_seed_143.log
102,4,-1,-1,-1,1,1,144,3101,0.061,1.48,False,Solitudine / Nessun Contatto,,,Nessuna,1,0,1,0.0,1,1,1,1,0,0,0,0,0,0,0,0,8500.0,2,1.0,1.0,0.0,False,0,0,0,0,0.02,monte_carlo_run_102_seed_144.log
103,4,-1,-1,-1,1,1,145,3101,0.082,1.29,False,Solitudine / Nessun Contatto,,,Nessuna,2,0,2,0.0,2,2,2,2,0,0,0,0,0,0,0,0,8500.0,5,1.0,1.0,0.0,False,0,0,0,1,0.04,monte_carlo_run_103_seed_145.log
104,4,-1,-1,-1,1,1,146,3101,0.123,3.05,False,Solitudine / Nessun Contatto,,,Nessuna,3,0,3,0.0,3,3,3,3,0,0,0,0,0,0,0,0,8500.0,8,1.0,1.0,0.0,False,0,0,0,3,0.06,monte_carlo_run_104_seed_146.log
105,4,-1,-1,-1,1,1,147,3101,0.089,1.82,False,Solitudine / Nessun Contatto,,,Nessuna,1,0,1,0.0,1,1,1,1,0,0,0,0,0,0,0,0,8500.0,2,1.0,1.0,0.0,False,0,0,0,0,0.02,monte_carlo_run_105_seed_147.log
106,4,-1,-1,-1,1,1,148,3101,0.084,2.02,False,Solitudine / Nessun Contatto,,,Nessuna,4,0,4,1.7,2,2,2,2,0,0,0,0,0,0,0,0,8500.0,6,1.025,1.025,0.0,False,0,0,1,1,80.92,monte_carlo_run_106_seed_148.log
107,4,-1,-1,-1,1,1,149,3101,0.114,2.68,False,Solitudine / Nessun Contatto,,,Nessuna,3,0,3,0.0,2,2,2,2,0,0,0,0,0,0,0,0,8500.0,6,1.016,1.016,0.0,False,0,0,1,1,64.46,monte_carlo_run_107_seed_149.log
108,4,-1,-1,-1,1,1,150,3101,0.095,2.08,False,Solitudine / Nessun Contatto,,,Nessuna,1,0,1,0.0,1,1,1,1,0,0,0,0,0,0,0,0,8500.0,2,1.0,1.0,0.0,False,0,0,0,0,0.02,monte_carlo_run_108_seed_150.log
109,4,-1,-1,-1,1,1,151,3101,0.103,1.86,False,Solitudine / Nessun Contatto,,,Nessuna,1,0,1,0.0,1,1,1,1,0,0,0,0,0,0,0,0,8500.0,2,1.0,1.0,0.0,False,0,0,0,0,0.02,monte_carlo_run_109_seed_151.log
110,4,-1,-1,-1,1,1,152,3101,0.073,1.57,False,Solitudine / Nessun Contatto,,,Nessuna,1,0,1,0.0,1,1,1,1,0,0,0,0,0,0,0,0,8500.0,2,1.0,1.0,0.0,False,0,0,0,0,0.02,monte_carlo_run_110_seed_152.log
111,4,-1,-1,-1,1,1,153,3101,0.147,2.62,False,Solitudine / Nessun Contatto,,,Nessuna,1,0,1,0.0,1,1,1,1,0,0,0,0,0,0,0,0,8500.0,2,1.0,1.0,0.0,False,0,0,0,0,0.02,monte_carlo_run_111_seed_153.log
112,4,-1,-1,-1,1,1,154,3101,0.081,1.56,False,Solitudine / Nessun Contatto,,,Nessuna,2,0,2,0.0,2,2,2,2,0,0,0,0,0,0,0,0,8500.0,5,1.0,1.0,0.0,False,0,0,0,1,0.04,monte_carlo_run_112_seed_154.log
113,4,-1,-1,-1,1,1,155,3101,0.101,2.4,False,Solitudine / Nessun Contatto,,,Nessuna,2,0,2,0.0,2,2,2,2,0,0,0,0,0,0,0,0,8500.0,5,1.0,1.0,0.0,False,0,0,1,1,0.04,monte_carlo_run_113_seed_155.log
114,4,-1,-1,-1,1,1,156,3101,0.097,1.92,False,Solitudine / Nessun Contatto,,,Nessuna,2,0,2,0.0,2,2,2,2,0,0,0,0,0,0,0,0,8500.0,6,1.0,1.0,0.0,False,0,0,1,1,0.04,monte_carlo_run_114_seed_156.log
115,4,-1,-1,-1,1,1,157,3101,0.115,1.81,False,Solitudine / Nessun Contatto,,,Nessuna,2,0,2,1.44,1,1,1,1,0,0,0,0,0,0,0,0,8500.0,2,1.001,1.001,0.0,False,0,0,0,0,50.83,monte_carlo_run_115_seed_157.log
116,4,-1,-1,-1,1,1,158,3101,0.097,1.9,False,Solitudine / Nessun Contatto,,,Nessuna,4,0,4,0.0,3,3,3,3,0,0,0,0,0,0,0,0,8500.0,8,1.024,1.024,0.0,False,0,0,2,2,39.86,monte_carlo_run_116_seed_158.log
117,4,-1,-1,-1,1,1,159,3101,0.06,1.48,False,Solitudine / Nessun Contatto,,,Nessuna,1,0,1,0.0,1,1,1,1,0,0,0,0,0,0,0,0,8500.0,2,1.0,1.0,0.0,False,0,0,0,0,0.02,monte_carlo_run_117_seed_159.log
118,4,-1,-1,-1,1,1,160,3101,0.089,1.48,False,Solitudine / Nessun Contatto,,,Nessuna,1,0,1,0.0,1,1,1,1,0,0,0,0,0,0,0,0,8500.0,2,1.0,1.0,0.0,False,0,0,0,0,0.02,monte_carlo_run_118_seed_160.log
119,4,-1,-1,-1,1,1,161,3101,0.066,1.49,False,Solitudine / Nessun Contatto,,,Nessuna,4,0,4,0.0,3,3,3,3,0,0,0,0,0,0,0,0,8500.0,10,1.015,1.015,0.0,False,0,0,3,3,39.44,monte_carlo_run_119_seed_161.log
120,4,-1,-1,-1,1,1,162,3101,0.069,1.16,False,Solitudine / Nessun Contatto,,,Nessuna,2,0,2,1.01,1,1,1,1,0,0,0,0,0,0,0,0,8500.0,2,1.002,1.002,0.0,False,0,0,0,0,58.35,monte_carlo_run_120_seed_162.log
121,5,-1,-1,1,-1,-1,163,3101,0.454,11.02,True,Contatto Planetario / Biofirme,58.29,8.95,Collaborativa,4,0,276,30.89,61,48,7,1,3,52,17,17,0,10,6,4,8569.16,111,1.242,1.6,0.3582,True,212,0,139,209,1000.16,monte_carlo_run_121_seed_163.log
122,5,-1,-1,1,-1,-1,164,3101,0.453,8.7,True,Incontro Flotta Deep-Space,93.89,0.0,Collaborativa,6,3,197,22.13,44,32,3,1,1,38,10,10,0,6,4,2,8543.99,79,1.385,1.6,0.2153,True,147,0,98,140,1000.13,monte_carlo_run_122_seed_164.log
123,5,-1,-1,1,-1,-1,165,3101,0.39,9.45,True,Incontro Flotta Deep-Space,117.54,1.13,Neutrale,7,0,110,15.88,29,21,1,0,1,27,15,15,0,11,4,6,8578.06,51,0.981,1.6,0.619,True,79,0,68,83,1000.11,monte_carlo_run_123_seed_165.log
124,5,-1,-1,1,-1,-1,166,3101,0.441,5.4,True,Incontro Flotta Deep-Space,812.74,12.29,Diffidente,31,1,43,17.95,9,5,1,1,0,7,6,6,0,1,1,0,8507.61,6,1.593,1.298,-0.2947,False,33,0,1,1,1001.38,monte_carlo_run_124_seed_166.log
125,5,-1,-1,1,-1,-1,167,3101,0.445,9.12,True,Incontro Flotta Deep-Space,114.4,7.94,Diffidente,8,2,83,23.2,18,12,2,2,0,13,7,7,0,4,4,0,8533.4,32,1.542,1.6,0.0578,True,63,0,20,32,1000.1,monte_carlo_run_125_seed_167.log
126,5,-1,-1,1,-1,-1,168,3101,0.3,7.05,True,Contatto Planetario / Biofirme,15.99,4.8,Collaborativa,2,0,50,14.94,7,5,3,3,0,4,4,4,0,2,0,1,8516.77,11,1.6,1.43,-0.1703,False,42,0,6,6,1000.89,monte_carlo_run_126_seed_168.log
127,5,-1,-1,1,-1,-1,169,3101,0.599,10.64,True,Incontro Flotta Deep-Space,219.6,10.08,Collaborativa,19,3,229,25.27,42,33,2,1,1,37,20,20,0,11,10,1,8587.51,56,1.233,1.6,0.3671,True,182,0,61,110,1000.26,monte_carlo_run_127_seed_169.log
128,5,-1,-1,1,-1,-1,170,3101,0.573,13.02,True,Incontro Flotta Deep-Space,131.48,8.89,Ostile,11,0,133,13.24,25,17,3,2,1,22,7,7,0,6,6,0,8542.43,53,1.088,1.583,0.495,True,104,0,65,113,1000.16,monte_carlo_run_128_seed_170.log
129,5,-1,-1,1,-1,-1,171,3101,0.504,7.28,True,Contatto Planetario / Biofirme,40.79,6.89,Collaborativa,4,1,125,18.7,32,23,4,2,1,27,13,13,0,10,6,2,8569.66,58,1.322,1.6,0.2781,True,91,0,92,123,1000.12,monte_carlo_run_129_seed_171.log
130,5,-1,-1,1,-1,-1,172,3101,0.59,12.63,True,Incontro Flotta Deep-Space,93.33,0.0,Neutrale,5,0,209,28.5,39,32,5,2,2,34,23,23,0,16,7,8,8600.77,72,1.211,1.6,0.3892,True,166,0,123,157,1000.16,monte_carlo_run_130_seed_172.log
131,5,-1,-1,1,-1,-1,173,3101,0.49,7.07,True,Incontro Flotta Deep-Space,319.49,13.59,Collaborativa,28,0,184,24.09,41,30,3,1,2,37,12,12,0,8,4,4,8563.99,82,1.436,1.6,0.1637,True,141,0,110,160,1000.25,monte_carlo_run_131_seed_173.log
132,5,-1,-1,1,-1,-1,174,3101,0.479,10.46,True,Contatto Planetario / Biofirme,136.09,12.45,Diffidente,14,1,171,17.91,30,25,2,1,1,25,15,15,0,9,7,0,8574.64,48,1.6,1.511,-0.0886,False,138,0,34,62,1000.34,monte_carlo_run_132_seed_174.log
133,5,-1,-1,1,-1,-1,175,3101,0.223,4.21,True,Incontro Flotta Deep-Space,325.59,3.02,Diffidente,11,0,39,14.13,6,4,3,2,1,3,2,2,0,2,1,0,8512.29,12,1.6,1.503,-0.0966,False,28,0,6,6,1001.78,monte_carlo_run_133_seed_175.log
134,5,-1,-1,1,-1,-1,176,3101,0.495,6.55,True,Contatto Planetario / Biofirme,24.16,4.0,Collaborativa,3,0,144,21.37,24,18,5,2,2,18,4,4,0,4,3,0,8536.79,45,1.45,1.6,0.15,True,116,0,34,54,1000.16,monte_carlo_run_134_seed_176.log
135,5,-1,-1,1,-1,-1,177,3101,0.466,7.18,True,Incontro Flotta Deep-Space,277.82,0.0,Biosfera Primitiva,26,0,192,15.29,41,33,4,3,1,37,6,6,0,6,5,1,8533.75,89,1.159,1.6,0.4414,True,146,0,118,166,1000.21,monte_carlo_run_135_seed_177.log
136,5,-1,-1,1,-1,-1,178,3101,0.462,9.31,True,Contatto Planetario / Biofirme,269.39,13.69,Ostile,13,1,73,25.89,22,15,6,1,3,14,12,12,0,5,5,0,8539.27,11,1.178,1.246,0.0686,True,49,0,13,22,1001.66,monte_carlo_run_136_seed_178.log
137,5,-1,-1,1,-1,-1,179,3101,0.211,4.08,False,Solitudine / Nessun Contatto,,,Nessuna,23,0,23,10.63,3,3,2,0,1,1,1,1,0,0,0,0,8500.6,2,0.941,0.884,-0.0567,False,20,0,0,1,1006.17,monte_carlo_run_137_seed_179.log
138,5,-1,-1,1,-1,-1,180,3101,0.439,5.55,True,Incontro Flotta Deep-Space,91.67,0.0,Diffidente,7,0,31,18.71,4,2,1,1,0,3,3,3,0,2,1,1,8515.03,7,1.6,1.307,-0.2927,False,26,0,3,3,1000.71,monte_carlo_run_138_seed_180.log
139,5,-1,-1,1,-1,-1,181,3101,0.265,4.38,False,Solitudine / Nessun Contatto,,,Nessuna,2,0,2,3.28,1,1,1,1,0,0,0,0,0,0,0,0,8500.0,2,1.002,1.002,0.0,False,0,0,0,0,57.63,monte_carlo_run_139_seed_181.log
140,5,-1,-1,1,-1,-1,182,3101,0.375,5.65,True,Contatto Planetario / Biofirme,11.21,4.2,Collaborativa,2,0,65,16.18,15,13,2,1,1,13,8,8,0,5,5,0,8544.55,30,1.169,1.6,0.431,True,50,0,26,43,1002.09,monte_carlo_run_140_seed_182.log
141,5,-1,-1,1,-1,-1,183,3101,0.447,6.67,True,Incontro Flotta Deep-Space,440.96,19.33,Diffidente,28,0,86,23.29,18,10,2,2,0,14,4,4,0,1,1,0,8507.07,27,1.6,0.937,-0.663,False,67,0,22,35,1000.76,monte_carlo_run_141_seed_183.log
142,5,-1,-1,1,-1,-1,184,3101,0.565,10.27,True,Contatto Planetario / Biofirme,19.47,4.48,Diffidente,3,2,166,24.0,39,26,2,0,1,33,22,22,0,12,8,3,8599.3,49,0.978,1.6,0.6222,True,122,0,59,78,1000.0,monte_carlo_run_142_seed_184.log
143,5,-1,-1,1,-1,-1,185,3101,0.483,8.08,True,Contatto Planetario / Biofirme,80.16,10.11,Cauta,6,2,215,25.38,47,36,5,3,2,39,7,7,0,5,3,2,8530.15,96,1.6,1.6,0.0,False,166,0,146,215,1000.29,monte_carlo_run_143_seed_185.log
144,5,-1,-1,1,-1,-1,186,3101,0.471,9.01,True,Contatto Planetario / Biofirme,18.02,3.45,Cauta,3,1,212,24.0,45,33,5,1,4,39,16,16,0,14,8,3,8591.1,78,0.935,1.6,0.6645,True,163,0,115,165,1000.48,monte_carlo_run_144_seed_186.log
145,5,-1,-1,1,-1,-1,187,3101,0.593,8.65,True,Contatto Planetario / Biofirme,242.27,15.83,Diffidente,20,2,126,32.82,26,19,5,2,3,19,9,9,0,7,6,1,8544.95,30,1.389,1.6,0.2112,True,100,0,37,56,1002.18,monte_carlo_run_145_seed_187.log
146,5,-1,-1,1,-1,-1,188,3101,0.591,13.36,True,Incontro Flotta Deep-Space,147.29,11.82,Diffidente,14,0,207,27.38,37,30,2,1,1,34,22,22,0,17,6,9,8619.44,79,1.455,1.6,0.1453,True,166,0,149,167,1000.8,monte_carlo_run_146_seed_188.log
147,5,-1,-1,1,-1,-1,189,3101,0.289,4.88,True,Incontro Flotta Deep-Space,581.12,11.57,Neutrale,30,0,71,15.34,17,13,4,2,1,12,4,4,0,3,2,1,8521.43,24,1.261,1.253,-0.0082,False,55,0,25,37,1000.01,monte_carlo_run_147_seed_189.log
148,5,-1,-1,1,-1,-1,190,3101,0.472,6.66,True,Contatto Planetario / Biofirme,163.26,11.31,Ostile,15,0,58,16.46,7,5,2,1,1,5,5,5,0,3,2,0,8516.99,13,1.6,1.6,0.0,False,49,0,6,6,1008.16,monte_carlo_run_148_seed_190.log
149,5,-1,-1,1,-1,-1,191,3101,0.24,5.31,False,Solitudine / Nessun Contatto,,,Nessuna,43,0,43,11.98,8,5,1,1,0,7,6,6,0,1,0,1,8511.04,6,1.585,1.317,-0.2688,False,35,0,1,1,1000.13,monte_carlo_run_149_seed_191.log
150,5,-1,-1,1,-1,-1,192,3101,0.406,6.15,True,Incontro Flotta Deep-Space,141.81,4.95,Neutrale,7,1,56,19.56,11,8,1,1,0,9,9,9,0,5,1,2,8530.78,16,1.456,1.523,0.0666,True,43,0,9,11,1006.43,monte_carlo_run_150_seed_192.log
151,6,-1,-1,1,-1,1,193,3101,0.557,11.78,True,Incontro Flotta Deep-Space,49.2,8.34,Cauta,12,1,299,36.36,68,52,10,3,4,55,13,13,0,9,8,1,8564.75,124,1.316,1.6,0.2841,True,224,0,145,249,1000.14,monte_carlo_run_151_seed_193.log
152,6,-1,-1,1,-1,1,194,3101,0.313,6.39,True,Incontro Flotta Deep-Space,393.0,9.73,Diffidente,23,0,86,15.73,17,15,2,1,1,15,5,5,0,4,4,0,8521.66,37,1.331,1.511,0.1794,True,67,0,24,48,1000.35,monte_carlo_run_152_seed_194.log
153,6,-1,-1,1,-1,1,195,3101,0.259,3.92,False,Solitudine / Nessun Contatto,,,Nessuna,30,0,30,3.42,3,3,2,2,0,1,0,0,0,0,0,0,8500.0,7,1.368,1.368,0.0,False,21,0,1,1,1000.4,monte_carlo_run_153_seed_195.log
154,6,-1,-1,1,-1,1,196,3101,0.291,7.1,True,Incontro Flotta Deep-Space,126.0,7.07,Collaborativa,7,0,150,20.59,28,19,2,1,1,25,8,8,0,7,7,0,8544.33,52,1.248,1.6,0.3523,True,117,0,66,101,1000.25,monte_carlo_run_154_seed_196.log
155,6,-1,-1,1,-1,1,197,3101,0.549,10.64,True,Contatto Planetario / Biofirme,38.76,7.41,Diffidente,6,0,196,37.4,39,28,3,1,2,34,24,24,0,16,5,10,8602.42,76,1.6,1.6,0.0,False,149,0,104,129,1000.31,monte_carlo_run_155_seed_197.log
156,6,-1,-1,1,-1,1,198,3101,0.383,4.87,True,Incontro Flotta Deep-Space,130.25,5.06,Collaborativa,16,0,91,14.96,14,13,2,2,0,12,5,5,0,4,2,2,8520.47,37,1.6,1.6,0.0,False,76,0,41,45,1001.05,monte_carlo_run_156_seed_198.log
157,6,-1,-1,1,-1,1,199,3101,0.563,7.05,True,Incontro Flotta Deep-Space,103.28,6.45,Collaborativa,8,0,74,17.12,14,12,1,1,0,13,9,9,0,6,3,2,8535.91,24,1.197,1.6,0.4034,True,58,0,22,30,1000.08,monte_carlo_run_157_seed_199.log
158,6,-1,-1,1,-1,1,200,3101,0.4,5.21,False,Solitudine / Nessun Contatto,,,Nessuna,41,0,41,22.01,5,3,1,1,0,4,4,4,0,0,0,0,8503.88,4,1.6,0.93,-0.67,False,36,0,0,0,1002.84,monte_carlo_run_158_seed_200.log
159,6,-1,-1,1,-1,1,201,3101,0.403,8.09,True,Incontro Flotta Deep-Space,169.94,2.33,Neutrale,8,1,134,24.79,38,29,4,3,1,33,10,10,0,8,6,2,8555.37,65,1.022,1.6,0.5776,True,95,0,71,130,1000.09,monte_carlo_run_159_seed_201.log
160,6,-1,-1,1,-1,1,202,3101,0.564,8.56,True,Incontro Flotta Deep-Space,42.19,3.76,Predatoria,9,0,139,20.39,28,20,3,1,1,24,13,13,0,10,9,1,8577.05,49,1.454,1.6,0.1458,True,106,0,62,109,1001.82,monte_carlo_run_160_seed_202.log
161,6,-1,-1,1,-1,1,203,3101,0.356,6.27,True,Contatto Planetario / Biofirme,9.42,3.35,Diffidente,2,0,73,13.1,19,16,4,2,2,15,4,4,0,2,1,1,8512.34,35,1.173,1.6,0.427,True,52,0,37,57,1000.8,monte_carlo_run_161_seed_203.log
162,6,-1,-1,1,-1,1,204,3101,0.37,8.93,True,Incontro Flotta Deep-Space,160.6,8.29,Neutrale,33,1,449,21.6,88,61,9,3,5,76,9,9,0,7,6,1,8552.6,192,1.478,1.6,0.1218,True,354,0,316,465,1000.05,monte_carlo_run_162_seed_204.log
163,6,-1,-1,1,-1,1,205,3101,0.42,7.46,True,Incontro Flotta Deep-Space,0.04,7.15,Predatoria,4,0,77,10.66,11,8,4,2,0,6,1,1,0,1,1,0,8509.59,27,1.522,1.101,-0.4216,False,65,0,7,23,1007.08,monte_carlo_run_163_seed_205.log
164,6,-1,-1,1,-1,1,206,3101,0.575,12.38,True,Contatto Planetario / Biofirme,24.46,10.97,Collaborativa,10,0,185,24.57,40,33,6,2,2,32,9,9,0,5,4,0,8530.17,73,1.317,1.6,0.2835,True,144,0,80,133,1000.18,monte_carlo_run_164_seed_206.log
165,6,-1,-1,1,-1,1,207,3101,0.342,5.36,True,Incontro Flotta Deep-Space,310.46,5.5,Collaborativa,34,0,167,18.75,28,20,5,2,1,22,6,6,0,5,3,1,8529.56,52,1.403,1.6,0.1972,True,136,0,50,69,1000.35,monte_carlo_run_165_seed_207.log
166,6,-1,-1,1,-1,1,208,3101,0.49,8.79,True,Incontro Flotta Deep-Space,30.8,5.46,Collaborativa,4,1,160,22.98,37,25,5,3,2,29,11,11,0,6,3,1,8535.18,57,1.6,1.6,0.0,False,121,0,58,91,1000.0,monte_carlo_run_166_seed_208.log
167,6,-1,-1,1,-1,1,209,3101,0.494,10.75,True,Contatto Planetario / Biofirme,41.1,7.39,Collaborativa,12,0,438,25.09,106,77,11,4,7,91,12,12,0,9,5,4,8558.52,232,1.59,1.6,0.0098,True,319,0,424,667,1000.02,monte_carlo_run_167_seed_209.log
168,6,-1,-1,1,-1,1,210,3101,0.562,13.73,True,Contatto Planetario / Biofirme,121.27,10.81,Cauta,21,0,294,23.9,56,39,8,3,4,47,15,15,0,13,8,5,8572.46,107,1.228,1.6,0.372,True,230,0,85,154,1000.15,monte_carlo_run_168_seed_210.log
169,6,-1,-1,1,-1,1,211,3101,0.397,9.86,True,Incontro Flotta Deep-Space,372.87,5.69,Neutrale,40,0,156,18.7,20,14,3,1,1,17,6,6,0,4,2,1,8523.64,46,1.597,1.6,0.0034,True,134,0,30,51,1000.47,monte_carlo_run_169_seed_211.log
170,6,-1,-1,1,-1,1,212,3101,0.376,8.98,True,Contatto Planetario / Biofirme,33.3,9.84,Cauta,9,0,285,19.18,59,45,10,5,3,48,15,15,0,8,5,3,8567.84,110,1.387,1.6,0.2135,True,221,0,156,209,1000.04,monte_carlo_run_170_seed_212.log
171,6,-1,-1,1,-1,1,213,3101,0.408,9.64,True,Incontro Flotta Deep-Space,99.31,2.41,Diffidente,5,0,193,20.43,38,33,5,1,2,31,7,7,0,7,7,0,8565.29,73,1.6,1.6,0.0,False,150,0,54,88,1000.28,monte_carlo_run_171_seed_213.log
172,6,-1,-1,1,-1,1,214,3101,0.529,10.61,True,Incontro Flotta Deep-Space,95.26,0.0,Collaborativa,9,0,233,26.86,50,32,2,1,1,46,15,15,0,10,4,6,8547.06,92,1.367,1.6,0.2325,True,178,0,111,153,1000.78,monte_carlo_run_172_seed_214.log
173,6,-1,-1,1,-1,1,215,3101,0.527,11.29,True,Incontro Flotta Deep-Space,183.25,0.0,Collaborativa,17,1,279,27.49,50,38,1,1,0,48,22,22,0,13,8,5,8581.76,103,1.6,1.6,0.0,False,223,0,137,193,1000.32,monte_carlo_run_173_seed_215.log
174,6,-1,-1,1,-1,1,216,3101,0.241,4.26,True,Incontro Flotta Deep-Space,226.17,5.89,Neutrale,9,0,34,10.12,6,5,1,1,0,5,1,1,0,1,0,1,8504.36,18,1.38,1.6,0.2201,True,23,0,12,14,1000.07,monte_carlo_run_174_seed_216.log
175,6,-1,-1,1,-1,1,217,3101,0.436,10.57,True,Incontro Flotta Deep-Space,80.27,7.15,Diffidente,19,0,354,18.39,68,53,6,3,3,60,8,8,0,5,5,0,8544.07,142,1.6,1.6,0.0,False,276,0,153,243,1000.13,monte_carlo_run_175_seed_217.log
176,6,-1,-1,1,-1,1,218,3101,0.305,4.22,False,Solitudine / Nessun Contatto,,,Nessuna,2,0,2,3.04,1,1,1,1,0,0,0,0,0,0,0,0,8500.0,2,1.001,1.001,0.0,False,0,0,0,0,51.86,monte_carlo_run_176_seed_218.log
177,6,-1,-1,1,-1,1,219,3101,0.426,6.69,True,Incontro Flotta Deep-Space,119.15,4.86,Ostile,16,0,186,14.67,38,28,3,1,1,35,5,5,0,3,2,1,8515.6,86,1.6,1.6,0.0,False,147,0,80,134,1000.2,monte_carlo_run_177_seed_219.log
178,6,-1,-1,1,-1,1,220,3101,0.307,7.54,True,Incontro Flotta Deep-Space,97.97,0.0,Collaborativa,5,0,106,15.7,22,18,2,1,1,20,7,7,0,3,2,1,8526.84,27,1.466,1.357,-0.1097,False,81,0,22,36,1000.12,monte_carlo_run_178_seed_220.log
179,6,-1,-1,1,-1,1,221,3101,0.32,6.0,True,Incontro Flotta Deep-Space,110.67,3.4,Diffidente,5,0,59,9.48,14,11,2,1,0,12,5,5,0,4,1,3,8529.25,28,1.6,1.6,0.0,False,44,0,20,29,1000.25,monte_carlo_run_179_seed_221.log
180,6,-1,-1,1,-1,1,222,3101,0.287,4.28,True,Incontro Flotta Deep-Space,77.37,0.0,Diffidente,13,0,71,6.71,12,8,3,3,0,9,1,1,0,1,1,0,8513.33,36,1.6,1.6,0.0,False,53,0,34,40,1003.26,monte_carlo_run_180_seed_222.log
181,7,-1,-1,1,1,-1,223,3101,0.416,7.98,True,Incontro Flotta Deep-Space,773.39,5.65,Biosfera Primitiva,59,0,99,13.49,9,6,1,1,0,8,7,7,0,3,3,0,8515.27,14,1.55,1.574,0.0239,True,88,0,6,7,1001.88,monte_carlo_run_181_seed_223.log
182,7,-1,-1,1,1,-1,224,3101,0.584,11.57,True,Contatto Planetario / Biofirme,6.96,4.06,Cauta,2,1,212,28.91,27,20,8,2,4,18,13,13,0,9,4,3,8559.65,40,1.6,1.6,0.0,False,183,0,24,32,1000.8,monte_carlo_run_182_seed_224.log
183,7,-1,-1,1,1,-1,225,3101,0.532,9.2,True,Contatto Planetario / Biofirme,126.5,9.35,Ostile,9,0,62,16.01,6,4,2,1,0,4,3,3,0,3,3,0,8512.87,7,1.372,1.03,-0.3416,False,55,0,6,10,1002.0,monte_carlo_run_183_seed_225.log
184,7,-1,-1,1,1,-1,226,3101,0.308,6.64,True,Contatto Planetario / Biofirme,36.15,9.11,Ostile,3,0,44,9.41,5,5,3,1,0,2,2,2,0,2,2,0,8511.91,5,1.01,1.243,0.2324,True,40,0,4,9,1006.09,monte_carlo_run_184_seed_226.log
185,7,-1,-1,1,1,-1,227,3101,0.362,5.77,True,Incontro Flotta Deep-Space,82.83,0.0,Collaborativa,5,0,56,18.24,3,1,1,1,0,2,2,2,0,2,0,1,8512.73,9,1.6,1.521,-0.0786,False,52,0,3,3,1002.62,monte_carlo_run_185_seed_227.log
186,7,-1,-1,1,1,-1,228,3101,0.555,9.76,True,Contatto Planetario / Biofirme,22.17,8.06,Predatoria,3,0,106,12.41,11,10,2,0,1,9,5,5,0,3,3,0,8520.97,13,0.569,1.296,0.728,True,95,0,8,17,1000.68,monte_carlo_run_186_seed_228.log
187,7,-1,-1,1,1,-1,229,3101,0.334,4.06,False,Solitudine / Nessun Contatto,,,Nessuna,26,0,26,11.02,3,3,2,2,0,1,1,1,0,0,0,0,8501.05,6,1.492,0.989,-0.5033,False,17,0,1,1,1002.17,monte_carlo_run_187_seed_229.log
188,7,-1,-1,1,1,-1,230,3101,0.216,4.68,False,Solitudine / Nessun Contatto,,,Nessuna,30,0,30,9.73,4,4,3,2,0,1,1,1,0,0,0,0,8501.07,4,1.232,0.858,-0.3735,False,26,0,1,2,1000.56,monte_carlo_run_188_seed_230.log
189,7,-1,-1,1,1,-1,231,3101,0.338,5.52,True,Incontro Flotta Deep-Space,813.0,10.02,Collaborativa,35,0,45,12.84,5,5,2,1,1,3,3,3,0,2,1,1,8512.63,9,1.6,1.464,-0.1358,False,39,0,4,4,1000.93,monte_carlo_run_189_seed_231.log
190,7,-1,-1,1,1,-1,232,3101,0.532,12.01,True,Contatto Planetario / Biofirme,9.44,5.02,Ostile,2,0,107,27.07,10,10,2,1,1,8,4,4,0,3,3,0,8520.06,15,1.568,1.6,0.0319,True,97,0,4,8,1001.43,monte_carlo_run_190_seed_232.log
191,7,-1,-1,1,1,-1,233,3101,0.305,6.84,True,Incontro Flotta Deep-Space,373.29,9.94,Diffidente,21,0,55,20.44,6,5,2,2,0,3,3,3,0,2,1,1,8514.01,10,1.6,1.467,-0.1326,False,47,0,3,3,1003.19,monte_carlo_run_191_seed_233.log
192,7,-1,-1,1,1,-1,234,3101,0.549,7.4,True,Incontro Flotta Deep-Space,537.52,17.24,Diffidente,41,0,79,23.66,11,11,2,2,0,9,7,7,0,3,1,2,8528.49,15,1.6,1.423,-0.1765,False,66,0,7,10,1001.25,monte_carlo_run_192_seed_234.log
193,7,-1,-1,1,1,-1,235,3101,0.423,10.12,True,Contatto Planetario / Biofirme,19.82,8.38,Ostile,2,0,49,25.78,9,7,4,1,1,5,5,5,0,5,5,0,8525.88,10,1.065,1.233,0.168,True,40,0,11,21,1003.8,monte_carlo_run_193_seed_235.log
194,7,-1,-1,1,1,-1,236,3101,0.3,5.5,False,Solitudine / Nessun Contatto,,,Nessuna,41,0,41,18.33,3,3,1,1,0,2,2,2,0,1,0,0,8508.04,5,1.6,1.148,-0.4519,False,36,0,1,1,1001.69,monte_carlo_run_194_seed_236.log
195,7,-1,-1,1,1,-1,237,3101,0.477,11.44,True,Incontro Flotta Deep-Space,102.87,9.8,Diffidente,11,0,103,20.31,14,11,1,1,0,13,7,7,0,6,4,2,8541.52,35,1.201,1.6,0.3994,True,88,0,28,44,1000.71,monte_carlo_run_195_seed_237.log
196,7,-1,-1,1,1,-1,238,3101,0.284,4.25,False,Solitudine / Nessun Contatto,,,Nessuna,28,0,28,16.92,3,3,1,1,0,2,2,2,0,1,1,0,8508.79,5,1.483,1.118,-0.3651,False,23,0,1,1,1003.81,monte_carlo_run_196_seed_238.log
197,7,-1,-1,1,1,-1,239,3101,0.382,5.24,True,Incontro Flotta Deep-Space,92.33,0.0,Diffidente,7,0,29,14.25,2,2,1,1,0,1,1,1,0,1,1,0,8506.46,7,1.6,1.426,-0.1739,False,27,0,1,1,1003.79,monte_carlo_run_197_seed_239.log
198,7,-1,-1,1,1,-1,240,3101,0.434,6.82,True,Incontro Flotta Deep-Space,208.34,6.77,Diffidente,14,0,76,23.79,7,6,1,1,0,5,3,3,0,3,1,0,8524.61,15,1.6,1.6,0.0,False,67,0,5,8,1000.46,monte_carlo_run_198_seed_240.log
199,7,-1,-1,1,1,-1,241,3101,0.286,6.45,True,Contatto Planetario / Biofirme,365.3,10.24,Collaborativa,23,0,96,14.66,15,13,4,3,1,10,1,1,0,0,0,0,8501.1,25,1.6,0.898,-0.702,False,78,0,29,38,1000.84,monte_carlo_run_199_seed_241.log
200,7,-1,-1,1,1,-1,242,3101,0.547,11.76,True,Contatto Planetario / Biofirme,14.04,7.68,Predatoria,2,0,302,40.43,31,22,4,2,2,26,16,16,0,13,12,1,8598.05,68,1.565,1.6,0.0355,True,268,0,55,105,1000.36,monte_carlo_run_200_seed_242.log
201,7,-1,-1,1,1,-1,243,3101,0.353,8.57,True,Contatto Planetario / Biofirme,35.84,8.98,Diffidente,5,0,40,14.75,6,2,2,2,0,3,3,3,0,1,0,1,8505.94,9,1.6,1.593,-0.0066,False,34,0,3,3,1001.9,monte_carlo_run_201_seed_243.log
202,7,-1,-1,1,1,-1,244,3101,0.287,5.07,True,Incontro Flotta Deep-Space,293.28,8.5,Ostile,14,0,31,12.64,3,3,1,1,0,2,2,2,0,2,2,0,8508.24,8,1.6,1.394,-0.2061,False,27,0,2,3,1002.83,monte_carlo_run_202_seed_244.log
203,7,-1,-1,1,1,-1,245,3101,0.341,4.82,True,Incontro Flotta Deep-Space,228.92,0.0,Collaborativa,11,0,41,10.75,5,4,2,2,0,3,2,2,0,2,0,2,8510.12,14,1.6,1.6,0.0,False,35,0,7,8,1000.17,monte_carlo_run_203_seed_245.log
204,7,-1,-1,1,1,-1,246,3101,0.469,6.92,True,Incontro Flotta Deep-Space,899.12,20.25,Neutrale,63,0,73,30.32,6,4,1,1,0,5,4,4,0,2,1,0,8523.39,7,1.6,1.329,-0.2712,False,66,0,0,2,1002.07,monte_carlo_run_204_seed_246.log
205,7,-1,-1,1,1,-1,247,3101,0.275,6.11,False,Solitudine / Nessun Contatto,,,Nessuna,25,0,25,13.32,3,3,1,1,0,2,2,2,0,0,0,0,8500.96,4,1.47,0.996,-0.4741,False,22,0,0,0,1004.14,monte_carlo_run_205_seed_247.log
206,7,-1,-1,1,1,-1,248,3101,0.572,11.34,True,Incontro Flotta Deep-Space,113.48,7.81,Collaborativa,9,2,150,26.14,22,16,3,1,2,17,14,14,0,9,7,2,8561.3,34,1.6,1.6,0.0,False,125,0,31,39,1000.01,monte_carlo_run_206_seed_248.log
207,7,-1,-1,1,1,-1,249,3101,0.391,6.28,False,Solitudine / Nessun Contatto,,,Nessuna,36,0,36,21.15,4,3,1,1,0,3,3,3,0,0,0,0,8502.33,4,1.6,0.985,-0.615,False,32,0,0,0,1001.84,monte_carlo_run_207_seed_249.log
208,7,-1,-1,1,1,-1,250,3101,0.464,6.78,True,Incontro Flotta Deep-Space,251.06,6.81,Neutrale,17,0,44,15.99,4,4,1,1,0,3,3,3,0,3,1,1,8528.68,11,1.6,1.406,-0.1938,False,40,0,5,5,1000.27,monte_carlo_run_208_seed_250.log
209,7,-1,-1,1,1,-1,251,3101,0.467,8.7,True,Incontro Flotta Deep-Space,105.05,7.13,Diffidente,8,0,40,18.75,8,5,2,1,0,6,6,6,0,2,2,0,8514.72,6,1.211,0.927,-0.2832,False,33,0,3,6,1000.5,monte_carlo_run_209_seed_251.log
210,7,-1,-1,1,1,-1,252,3101,0.246,3.89,True,Incontro Flotta Deep-Space,456.63,9.43,Diffidente,18,0,36,13.02,3,3,2,2,0,1,1,1,0,1,1,0,8506.68,9,1.6,1.417,-0.1825,False,31,0,3,3,1000.31,monte_carlo_run_210_seed_252.log
211,8,-1,-1,1,1,1,253,3101,0.522,9.94,True,Incontro Flotta Deep-Space,8.86,4.63,Cauta,5,0,115,13.3,12,11,3,3,0,9,4,4,0,2,2,0,8509.86,31,1.363,1.6,0.2365,True,101,0,16,27,1000.31,monte_carlo_run_211_seed_253.log
212,8,-1,-1,1,1,1,254,3101,0.572,12.13,True,Incontro Flotta Deep-Space,79.25,5.61,Neutrale,10,0,227,26.91,27,18,3,1,2,23,9,9,0,7,2,2,8545.77,61,1.087,1.6,0.513,True,197,0,49,79,1000.34,monte_carlo_run_212_seed_254.log
213,8,-1,-1,1,1,1,255,3101,0.576,14.02,True,Contatto Planetario / Biofirme,127.2,16.18,Diffidente,11,2,202,29.23,29,21,2,1,0,25,22,22,0,13,5,6,8587.52,47,1.6,1.6,0.0,False,172,0,37,53,1000.24,monte_carlo_run_213_seed_255.log
214,8,-1,-1,1,1,1,256,3101,0.273,3.97,False,Solitudine / Nessun Contatto,,,Nessuna,10,0,10,8.47,1,1,1,1,0,0,0,0,0,0,0,0,8500.0,2,1.129,1.129,0.0,False,5,0,0,0,506.76,monte_carlo_run_214_seed_256.log
215,8,-1,-1,1,1,1,257,3101,0.475,7.1,True,Incontro Flotta Deep-Space,230.83,0.0,Neutrale,15,0,77,30.91,5,4,2,1,1,3,3,3,0,3,0,2,8521.2,11,1.6,1.464,-0.1358,False,71,0,6,6,1001.27,monte_carlo_run_215_seed_257.log
216,8,-1,-1,1,1,1,258,3101,0.387,4.65,True,Incontro Flotta Deep-Space,863.02,28.17,Diffidente,34,0,35,30.47,2,2,1,1,0,1,1,1,0,1,1,0,8509.15,6,1.6,1.266,-0.3345,False,33,0,0,1,1004.24,monte_carlo_run_216_seed_258.log
217,8,-1,-1,1,1,1,259,3101,0.34,5.04,True,Contatto Planetario / Biofirme,269.03,11.08,Predatoria,23,0,56,32.05,4,4,3,3,0,1,1,1,0,1,1,0,8508.78,10,1.6,1.224,-0.3761,False,52,0,1,2,1002.53,monte_carlo_run_217_seed_259.log
218,8,-1,-1,1,1,1,260,3101,0.36,8.16,True,Incontro Flotta Deep-Space,42.53,7.14,Collaborativa,10,0,171,16.22,17,15,3,2,0,14,2,2,0,2,1,1,8517.88,42,1.6,1.6,0.0,False,153,0,19,37,1002.81,monte_carlo_run_218_seed_260.log
219,8,-1,-1,1,1,1,261,3101,0.306,5.15,True,Incontro Flotta Deep-Space,390.99,8.22,Diffidente,24,0,38,15.67,4,3,2,2,0,2,2,2,0,1,1,0,8517.59,10,1.6,1.38,-0.2196,False,34,0,3,3,1000.24,monte_carlo_run_219_seed_261.log
220,8,-1,-1,1,1,1,262,3101,0.49,9.07,True,Incontro Flotta Deep-Space,281.94,10.91,Neutrale,17,0,62,19.52,8,7,1,1,0,7,7,7,0,4,2,1,8537.54,11,1.287,1.542,0.2546,True,53,0,5,7,1000.94,monte_carlo_run_220_seed_262.log
221,8,-1,-1,1,1,1,263,3101,0.293,4.05,False,Solitudine / Nessun Contatto,,,Nessuna,21,0,21,17.49,1,1,1,1,0,0,0,0,0,0,0,0,8500.0,4,1.498,1.498,0.0,False,16,0,0,0,1001.95,monte_carlo_run_221_seed_263.log
222,8,-1,-1,1,1,1,264,3101,0.333,7.53,True,Incontro Flotta Deep-Space,284.37,6.24,Collaborativa,46,0,130,18.45,18,15,4,3,1,13,0,0,0,0,0,0,8500.0,48,1.6,1.6,0.0,False,113,0,36,62,1003.93,monte_carlo_run_222_seed_264.log
223,8,-1,-1,1,1,1,265,3101,0.334,5.66,False,Solitudine / Nessun Contatto,,,Nessuna,53,0,53,21.3,2,2,1,1,0,1,1,1,0,0,0,0,8500.8,4,1.6,0.984,-0.616,False,51,0,0,0,1000.18,monte_carlo_run_223_seed_265.log
224,8,-1,-1,1,1,1,266,3101,0.345,8.49,True,Incontro Flotta Deep-Space,377.6,0.0,Biosfera Primitiva,30,0,64,17.73,4,4,1,1,0,3,3,3,0,2,1,1,8515.1,10,1.6,1.6,0.0,False,60,0,3,3,1003.23,monte_carlo_run_224_seed_266.log
225,8,-1,-1,1,1,1,267,3101,0.223,3.52,False,Solitudine / Nessun Contatto,,,Nessuna,1,0,1,0.0,1,1,1,1,0,0,0,0,0,0,0,0,8500.0,2,1.0,1.0,0.0,False,0,0,0,0,0.02,monte_carlo_run_225_seed_267.log
226,8,-1,-1,1,1,1,268,3101,0.552,13.15,True,Incontro Flotta Deep-Space,29.85,10.87,Diffidente,5,0,83,16.88,5,4,2,2,0,3,2,2,0,2,1,0,8513.2,17,1.48,1.6,0.1195,True,77,0,4,8,1003.3,monte_carlo_run_226_seed_268.log
227,8,-1,-1,1,1,1,269,3101,0.346,5.01,False,Solitudine / Nessun Contatto,,,Nessuna,69,0,69,14.65,5,4,2,2,0,3,0,0,0,0,0,0,8500.0,14,1.6,1.6,0.0,False,63,0,3,6,1000.3,monte_carlo_run_227_seed_269.log
228,8,-1,-1,1,1,1,270,3101,0.403,7.53,True,Contatto Planetario / Biofirme,23.31,5.58,Ostile,3,0,95,16.01,11,9,3,2,0,8,4,4,0,3,0,3,8527.6,16,1.6,1.6,0.0,False,82,0,10,10,1000.18,monte_carlo_run_228_seed_270.log
229,8,-1,-1,1,1,1,271,3101,0.227,3.2,False,Solitudine / Nessun Contatto,,,Nessuna,7,0,7,7.09,2,2,1,1,0,1,1,1,0,0,0,0,8501.06,2,1.076,0.938,-0.1377,False,4,0,0,0,362.86,monte_carlo_run_229_seed_271.log
230,8,-1,-1,1,1,1,272,3101,0.413,9.82,True,Incontro Flotta Deep-Space,973.98,10.41,Ostile,56,0,57,14.6,2,2,1,1,0,1,1,1,0,1,1,0,8510.64,6,1.06,0.493,-0.5664,False,55,0,0,1,1001.14,monte_carlo_run_230_seed_272.log
231,8,-1,-1,1,1,1,273,3101,0.302,4.37,True,Contatto Planetario / Biofirme,76.56,7.34,Diffidente,4,0,32,21.77,6,5,2,1,1,4,4,4,0,3,1,1,8515.65,12,1.6,1.464,-0.1362,False,23,0,3,4,1001.4,monte_carlo_run_231_seed_273.log
232,8,-1,-1,1,1,1,274,3101,0.57,13.97,True,Incontro Flotta Deep-Space,246.63,6.37,Collaborativa,46,0,242,31.78,15,11,2,2,0,11,9,9,0,6,2,3,8536.45,28,1.6,1.6,0.0,False,225,0,8,14,1000.29,monte_carlo_run_232_seed_274.log
233,8,-1,-1,1,1,1,275,3101,0.477,6.02,True,Incontro Flotta Deep-Space,311.01,8.37,Collaborativa,17,1,63,24.57,7,5,2,1,1,4,3,3,0,2,1,1,8512.69,12,1.6,1.568,-0.0323,False,56,0,4,5,1000.24,monte_carlo_run_233_seed_275.log
234,8,-1,-1,1,1,1,276,3101,0.223,5.37,True,Incontro Flotta Deep-Space,116.66,0.0,Neutrale,5,0,50,20.85,3,3,1,1,0,2,2,2,0,1,0,0,8506.42,7,1.6,1.6,0.0,False,46,0,1,1,1001.07,monte_carlo_run_234_seed_276.log
235,8,-1,-1,1,1,1,277,3101,0.587,13.57,True,Incontro Flotta Deep-Space,190.04,10.14,Ostile,23,0,241,37.1,27,24,2,1,1,25,13,13,0,8,4,2,8553.52,49,1.118,1.6,0.4818,True,210,0,23,43,1000.29,monte_carlo_run_235_seed_277.log
236,8,-1,-1,1,1,1,278,3101,0.38,6.25,True,Contatto Planetario / Biofirme,174.09,9.82,Cauta,13,1,69,16.15,7,4,2,2,0,3,2,2,0,2,0,2,8517.36,13,1.6,1.6,0.0,False,62,0,5,5,1001.09,monte_carlo_run_236_seed_278.log
237,8,-1,-1,1,1,1,279,3101,0.41,9.2,True,Incontro Flotta Deep-Space,320.68,11.61,Collaborativa,16,1,64,21.33,7,4,1,1,0,5,5,5,0,2,1,1,8511.74,8,1.266,1.429,0.1635,True,58,0,1,2,1001.77,monte_carlo_run_237_seed_279.log
238,8,-1,-1,1,1,1,280,3101,0.386,9.06,False,Solitudine / Nessun Contatto,,,Nessuna,86,0,86,15.76,7,6,1,1,0,6,5,5,0,2,2,0,8513.64,9,1.6,1.583,-0.0167,False,77,0,1,2,1002.78,monte_carlo_run_238_seed_280.log
239,8,-1,-1,1,1,1,281,3101,0.575,7.45,True,Incontro Flotta Deep-Space,353.88,10.72,Neutrale,29,0,85,22.18,6,5,1,1,0,5,5,5,0,3,1,1,8527.93,10,1.6,1.372,-0.2284,False,79,0,4,4,1003.07,monte_carlo_run_239_seed_281.log
240,8,-1,-1,1,1,1,282,3101,0.302,5.61,False,Solitudine / Nessun Contatto,,,Nessuna,40,1,40,9.7,4,2,1,1,0,2,2,2,0,1,1,0,8507.11,5,1.6,1.085,-0.5148,False,35,0,0,1,1005.95,monte_carlo_run_240_seed_282.log
241,9,-1,1,-1,-1,-1,283,3101,0.131,1.76,False,Solitudine / Nessun Contatto,,,Nessuna,1,0,1,0.0,1,1,1,1,0,0,0,0,0,0,0,0,8500.0,2,1.0,1.0,0.0,False,0,0,0,0,0.02,monte_carlo_run_241_seed_283.log
242,9,-1,1,-1,-1,-1,284,3101,0.141,3.4,True,Incontro Flotta Deep-Space,229.39,5.63,Collaborativa,5,0,11,9.94,2,2,1,1,0,1,1,1,0,1,0,1,8509.46,5,1.39,1.347,-0.0422,False,8,0,1,1,906.0,monte_carlo_run_242_seed_284.log
243,9,-1,1,-1,-1,-1,285,3101,0.141,1.95,False,Solitudine / Nessun Contatto,,,Nessuna,1,0,1,0.0,2,2,2,1,1,0,0,0,0,0,0,0,8500.0,2,1.0,1.0,0.0,False,0,0,1,1,0.02,monte_carlo_run_243_seed_285.log
244,9,-1,1,-1,-1,-1,286,3101,0.056,0.72,False,Solitudine / Nessun Contatto,,,Nessuna,1,0,1,0.0,2,2,2,1,1,0,0,0,0,0,0,0,8500.0,2,1.0,1.0,0.0,False,0,0,1,1,0.02,monte_carlo_run_244_seed_286.log
245,9,-1,1,-1,-1,-1,287,3101,0.15,2.54,False,Solitudine / Nessun Contatto,,,Nessuna,1,0,1,0.0,3,3,3,1,2,0,0,0,0,0,0,0,8500.0,2,1.0,1.0,0.0,False,0,0,0,2,0.02,monte_carlo_run_245_seed_287.log
246,9,-1,1,-1,-1,-1,288,3101,0.064,1.04,False,Solitudine / Nessun Contatto,,,Nessuna,1,0,1,0.0,2,2,2,1,1,0,0,0,0,0,0,0,8500.0,2,1.0,1.0,0.0,False,0,0,0,1,0.02,monte_carlo_run_246_seed_288.log
247,9,-1,1,-1,-1,-1,289,3101,0.064,0.91,False,Solitudine / Nessun Contatto,,,Nessuna,1,0,1,0.0,1,1,1,1,0,0,0,0,0,0,0,0,8500.0,2,1.0,1.0,0.0,False,0,0,0,0,0.02,monte_carlo_run_247_seed_289.log
248,9,-1,1,-1,-1,-1,290,3101,0.074,1.08,False,Solitudine / Nessun Contatto,,,Nessuna,1,0,1,0.0,2,2,2,1,1,0,0,0,0,0,0,0,8500.0,2,1.0,1.0,0.0,False,0,0,0,1,0.02,monte_carlo_run_248_seed_290.log
249,9,-1,1,-1,-1,-1,291,3101,0.082,1.09,False,Solitudine / Nessun Contatto,,,Nessuna,1,0,1,0.0,1,1,1,1,0,0,0,0,0,0,0,0,8500.0,2,1.0,1.0,0.0,False,0,0,0,0,0.02,monte_carlo_run_249_seed_291.log
250,9,-1,1,-1,-1,-1,292,3101,0.121,2.03,False,Solitudine / Nessun Contatto,,,Nessuna,1,0,1,0.0,2,2,2,1,1,0,0,0,0,0,0,0,8500.0,2,1.0,1.0,0.0,False,0,0,1,1,0.02,monte_carlo_run_250_seed_292.log
251,9,-1,1,-1,-1,-1,293,3101,0.111,1.66,False,Solitudine / Nessun Contatto,,,Nessuna,1,0,1,0.0,3,3,3,0,3,0,0,0,0,0,0,0,8500.0,1,0.985,0.985,0.0,False,0,0,0,3,0.02,monte_carlo_run_251_seed_293.log
252,9,-1,1,-1,-1,-1,294,3101,0.149,2.52,False,Solitudine / Nessun Contatto,,,Nessuna,2,0,2,1.94,3,3,3,1,2,0,0,0,0,0,0,0,8500.0,2,1.024,1.024,0.0,False,0,0,2,2,64.84,monte_carlo_run_252_seed_294.log
253,9,-1,1,-1,-1,-1,295,3101,0.09,1.97,False,Solitudine / Nessun Contatto,,,Nessuna,1,0,1,0.0,1,1,1,1,0,0,0,0,0,0,0,0,8500.0,2,1.0,1.0,0.0,False,0,0,0,0,0.02,monte_carlo_run_253_seed_295.log
254,9,-1,1,-1,-1,-1,296,3101,0.131,2.29,False,Solitudine / Nessun Contatto,,,Nessuna,2,0,2,1.74,2,2,2,0,2,0,0,0,0,0,0,0,8500.0,2,0.857,0.857,0.0,False,0,0,0,1,59.74,monte_carlo_run_254_seed_296.log
255,9,-1,1,-1,-1,-1,297,3101,0.053,0.84,False,Solitudine / Nessun Contatto,,,Nessuna,1,0,1,0.0,1,1,1,1,0,0,0,0,0,0,0,0,8500.0,2,1.0,1.0,0.0,False,0,0,0,0,0.02,monte_carlo_run_255_seed_297.log
256,9,-1,1,-1,-1,-1,298,3101,0.137,2.17,False,Solitudine / Nessun Contatto,,,Nessuna,1,0,1,0.0,2,2,2,1,1,0,0,0,0,0,0,0,8500.0,2,1.0,1.0,0.0,False,0,0,1,1,0.02,monte_carlo_run_256_seed_298.log
257,9,-1,1,-1,-1,-1,299,3101,0.119,1.92,False,Solitudine / Nessun Contatto,,,Nessuna,3,0,3,3.17,2,2,2,1,1,0,0,0,0,0,0,0,8500.0,2,1.039,1.039,0.0,False,1,0,1,1,109.62,monte_carlo_run_257_seed_299.log
258,9,-1,1,-1,-1,-1,300,3101,0.067,1.3,False,Solitudine / Nessun Contatto,,,Nessuna,1,0,1,0.0,2,2,2,0,2,0,0,0,0,0,0,0,8500.0,1,0.985,0.985,0.0,False,0,0,0,1,0.02,monte_carlo_run_258_seed_300.log
259,9,-1,1,-1,-1,-1,301,3101,0.124,3.09,False,Solitudine / Nessun Contatto,,,Nessuna,4,0,4,4.55,3,3,2,0,2,1,1,1,0,0,0,0,8500.75,1,0.55,0.898,0.3477,True,1,0,0,1,248.83,monte_carlo_run_259_seed_301.log
260,9,-1,1,-1,-1,-1,302,3101,0.135,3.19,False,Solitudine / Nessun Contatto,,,Nessuna,2,0,2,1.0,1,1,1,1,0,0,0,0,0,0,0,0,8500.0,2,1.001,1.001,0.0,False,0,0,0,0,34.19,monte_carlo_run_260_seed_302.log
261,9,-1,1,-1,-1,-1,303,3101,0.097,2.09,False,Solitudine / Nessun Contatto,,,Nessuna,1,0,1,0.0,1,1,1,1,0,0,0,0,0,0,0,0,8500.0,2,1.0,1.0,0.0,False,0,0,0,0,0.02,monte_carlo_run_261_seed_303.log
262,9,-1,1,-1,-1,-1,304,3101,0.055,0.9,False,Solitudine / Nessun Contatto,,,Nessuna,1,0,1,0.0,2,2,2,1,1,0,0,0,0,0,0,0,8500.0,2,1.0,1.0,0.0,False,0,0,0,1,0.02,monte_carlo_run_262_seed_304.log
263,9,-1,1,-1,-1,-1,305,3101,0.06,1.41,False,Solitudine / Nessun Contatto,,,Nessuna,1,0,1,0.0,1,1,1,1,0,0,0,0,0,0,0,0,8500.0,2,1.0,1.0,0.0,False,0,0,0,0,0.02,monte_carlo_run_263_seed_305.log
264,9,-1,1,-1,-1,-1,306,3101,0.06,1.19,False,Solitudine / Nessun Contatto,,,Nessuna,1,0,1,0.0,2,2,2,1,1,0,0,0,0,0,0,0,8500.0,2,1.0,1.0,0.0,False,0,0,1,1,0.02,monte_carlo_run_264_seed_306.log
265,9,-1,1,-1,-1,-1,307,3101,0.103,1.98,False,Solitudine / Nessun Contatto,,,Nessuna,1,0,1,0.0,2,2,2,1,1,0,0,0,0,0,0,0,8500.0,2,1.0,1.0,0.0,False,0,0,1,1,0.02,monte_carlo_run_265_seed_307.log
266,9,-1,1,-1,-1,-1,308,3101,0.072,1.18,False,Solitudine / Nessun Contatto,,,Nessuna,1,0,1,0.0,1,1,1,1,0,0,0,0,0,0,0,0,8500.0,2,1.0,1.0,0.0,False,0,0,0,0,0.02,monte_carlo_run_266_seed_308.log
267,9,-1,1,-1,-1,-1,309,3101,0.145,2.77,False,Solitudine / Nessun Contatto,,,Nessuna,1,0,1,0.0,1,1,1,1,0,0,0,0,0,0,0,0,8500.0,2,1.0,1.0,0.0,False,0,0,0,0,0.02,monte_carlo_run_267_seed_309.log
268,9,-1,1,-1,-1,-1,310,3101,0.087,1.75,False,Solitudine / Nessun Contatto,,,Nessuna,1,0,1,0.0,1,1,1,1,0,0,0,0,0,0,0,0,8500.0,2,1.0,1.0,0.0,False,0,0,0,0,0.02,monte_carlo_run_268_seed_310.log
269,9,-1,1,-1,-1,-1,311,3101,0.13,3.16,False,Solitudine / Nessun Contatto,,,Nessuna,3,0,3,1.78,1,1,1,1,0,0,0,0,0,0,0,0,8500.0,2,1.016,1.016,0.0,False,2,0,0,0,126.94,monte_carlo_run_269_seed_311.log
270,9,-1,1,-1,-1,-1,312,3101,0.118,1.77,False,Solitudine / Nessun Contatto,,,Nessuna,1,0,1,0.0,1,1,1,1,0,0,0,0,0,0,0,0,8500.0,2,1.0,1.0,0.0,False,0,0,0,0,0.02,monte_carlo_run_270_seed_312.log
271,10,-1,1,-1,-1,1,313,3101,0.1,1.78,False,Solitudine / Nessun Contatto,,,Nessuna,2,0,2,1.36,1,1,1,1,0,0,0,0,0,0,0,0,8500.0,2,1.001,1.001,0.0,False,0,0,0,0,54.3,monte_carlo_run_271_seed_313.log
272,10,-1,1,-1,-1,1,314,3101,0.148,2.21,False,Solitudine / Nessun Contatto,,,Nessuna,3,0,3,0.71,2,2,2,2,0,0,0,0,0,0,0,0,8500.0,6,1.009,1.009,0.0,False,0,0,1,1,28.59,monte_carlo_run_272_seed_314.log
273,10,-1,1,-1,-1,1,315,3101,0.136,3.31,False,Solitudine / Nessun Contatto,,,Nessuna,7,0,7,0.0,2,2,2,2,0,0,0,0,0,0,0,0,8500.0,6,1.177,1.177,0.0,False,4,0,1,1,655.11,monte_carlo_run_273_seed_315.log
274,10,-1,1,-1,-1,1,316,3101,0.101,2.04,False,Solitudine / Nessun Contatto,,,Nessuna,1,0,1,0.0,1,1,1,1,0,0,0,0,0,0,0,0,8500.0,2,1.0,1.0,0.0,False,0,0,0,0,0.02,monte_carlo_run_274_seed_316.log
275,10,-1,1,-1,-1,1,317,3101,0.095,1.82,False,Solitudine / Nessun Contatto,,,Nessuna,2,0,2,0.9,2,2,1,1,0,1,1,1,0,0,0,0,8500.28,2,1.001,0.794,-0.2067,False,0,0,0,0,37.74,monte_carlo_run_275_seed_317.log
276,10,-1,1,-1,-1,1,318,3101,0.11,2.39,False,Solitudine / Nessun Contatto,,,Nessuna,2,0,2,0.0,2,2,2,2,0,0,0,0,0,0,0,0,8500.0,6,1.0,1.0,0.0,False,0,0,1,1,0.04,monte_carlo_run_276_seed_318.log
277,10,-1,1,-1,-1,1,319,3101,0.083,1.21,False,Solitudine / Nessun Contatto,,,Nessuna,1,0,1,0.0,1,1,1,1,0,0,0,0,0,0,0,0,8500.0,2,1.0,1.0,0.0,False,0,0,0,0,0.02,monte_carlo_run_277_seed_319.log
278,10,-1,1,-1,-1,1,320,3101,0.081,1.38,False,Solitudine / Nessun Contatto,,,Nessuna,1,0,1,0.0,1,1,1,1,0,0,0,0,0,0,0,0,8500.0,2,1.0,1.0,0.0,False,0,0,0,0,0.02,monte_carlo_run_278_seed_320.log
279,10,-1,1,-1,-1,1,321,3101,0.15,1.93,False,Solitudine / Nessun Contatto,,,Nessuna,2,0,2,0.0,2,2,2,2,0,0,0,0,0,0,0,0,8500.0,5,1.0,1.0,0.0,False,0,0,1,1,0.04,monte_carlo_run_279_seed_321.log
280,10,-1,1,-1,-1,1,322,3101,0.107,1.32,False,Solitudine / Nessun Contatto,,,Nessuna,1,0,1,0.0,1,1,1,1,0,0,0,0,0,0,0,0,8500.0,2,1.0,1.0,0.0,False,0,0,0,0,0.02,monte_carlo_run_280_seed_322.log
281,10,-1,1,-1,-1,1,323,3101,0.087,1.56,False,Solitudine / Nessun Contatto,,,Nessuna,2,0,2,0.0,2,2,2,2,0,0,0,0,0,0,0,0,8500.0,5,1.0,1.0,0.0,False,0,0,1,1,0.04,monte_carlo_run_281_seed_323.log
282,10,-1,1,-1,-1,1,324,3101,0.105,2.0,False,Solitudine / Nessun Contatto,,,Nessuna,4,0,4,1.99,2,2,2,2,0,0,0,0,0,0,0,0,8500.0,5,1.043,1.043,0.0,False,0,0,1,1,143.06,monte_carlo_run_282_seed_324.log
283,10,-1,1,-1,-1,1,325,3101,0.053,0.67,False,Solitudine / Nessun Contatto,,,Nessuna,2,0,2,0.0,2,2,2,2,0,0,0,0,0,0,0,0,8500.0,6,1.0,1.0,0.0,False,0,0,1,1,0.04,monte_carlo_run_283_seed_325.log
284,10,-1,1,-1,-1,1,326,3101,0.132,2.57,False,Solitudine / Nessun Contatto,,,Nessuna,1,0,1,0.0,1,1,1,1,0,0,0,0,0,0,0,0,8500.0,2,1.0,1.0,0.0,False,0,0,0,0,0.02,monte_carlo_run_284_seed_326.log
285,10,-1,1,-1,-1,1,327,3101,0.108,2.36,False,Solitudine / Nessun Contatto,,,Nessuna,3,0,3,0.0,2,2,2,2,0,0,0,0,0,0,0,0,8500.0,6,1.016,1.016,0.0,False,0,0,1,1,51.13,monte_carlo_run_285_seed_327.log
286,10,-1,1,-1,-1,1,328,3101,0.114,2.39,False,Solitudine / Nessun Contatto,,,Nessuna,2,0,2,1.94,1,1,1,1,0,0,0,0,0,0,0,0,8500.0,2,1.002,1.002,0.0,False,0,0,0,0,68.68,monte_carlo_run_286_seed_328.log
287,10,-1,1,-1,-1,1,329,3101,0.125,1.99,False,Solitudine / Nessun Contatto,,,Nessuna,7,0,7,0.0,3,3,3,3,0,0,0,0,0,0,0,0,8500.0,9,1.053,1.053,0.0,False,3,0,1,2,187.95,monte_carlo_run_287_seed_329.log
288,10,-1,1,-1,-1,1,330,3101,0.094,2.07,False,Solitudine / Nessun Contatto,,,Nessuna,1,0,1,0.0,1,1,1,1,0,0,0,0,0,0,0,0,8500.0,2,1.0,1.0,0.0,False,0,0,0,0,0.02,monte_carlo_run_288_seed_330.log
289,10,-1,1,-1,-1,1,331,3101,0.12,2.42,False,Solitudine / Nessun Contatto,,,Nessuna,1,0,1,0.0,1,1,1,1,0,0,0,0,0,0,0,0,8500.0,2,1.0,1.0,0.0,False,0,0,0,0,0.02,monte_carlo_run_289_seed_331.log
290,10,-1,1,-1,-1,1,332,3101,0.129,1.57,False,Solitudine / Nessun Contatto,,,Nessuna,1,0,1,0.0,1,1,1,1,0,0,0,0,0,0,0,0,8500.0,2,1.0,1.0,0.0,False,0,0,0,0,0.02,monte_carlo_run_290_seed_332.log
291,10,-1,1,-1,-1,1,333,3101,0.107,2.08,False,Solitudine / Nessun Contatto,,,Nessuna,2,0,2,0.0,2,2,2,2,0,0,0,0,0,0,0,0,8500.0,6,1.0,1.0,0.0,False,0,0,1,1,0.04,monte_carlo_run_291_seed_333.log
292,10,-1,1,-1,-1,1,334,3101,0.104,2.14,False,Solitudine / Nessun Contatto,,,Nessuna,1,0,1,0.0,1,1,1,1,0,0,0,0,0,0,0,0,8500.0,2,1.0,1.0,0.0,False,0,0,0,0,0.02,monte_carlo_run_292_seed_334.log
293,10,-1,1,-1,-1,1,335,3101,0.121,2.05,False,Solitudine / Nessun Contatto,,,Nessuna,3,0,3,0.0,3,3,3,3,0,0,0,0,0,0,0,0,8500.0,10,1.0,1.0,0.0,False,0,0,0,3,0.06,monte_carlo_run_293_seed_335.log
294,10,-1,1,-1,-1,1,336,3101,0.082,1.15,False,Solitudine / Nessun Contatto,,,Nessuna,2,0,2,0.0,2,2,2,2,0,0,0,0,0,0,0,0,8500.0,5,1.0,1.0,0.0,False,0,0,1,1,0.04,monte_carlo_run_294_seed_336.log
295,10,-1,1,-1,-1,1,337,3101,0.076,0.96,False,Solitudine / Nessun Contatto,,,Nessuna,2,0,2,0.0,2,2,2,2,0,0,0,0,0,0,0,0,8500.0,6,1.0,1.0,0.0,False,0,0,1,1,0.04,monte_carlo_run_295_seed_337.log
296,10,-1,1,-1,-1,1,338,3101,0.059,1.25,False,Solitudine / Nessun Contatto,,,Nessuna,2,0,2,0.0,2,2,2,2,0,0,0,0,0,0,0,0,8500.0,6,1.0,1.0,0.0,False,0,0,1,1,0.04,monte_carlo_run_296_seed_338.log
297,10,-1,1,-1,-1,1,339,3101,0.107,2.0,False,Solitudine / Nessun Contatto,,,Nessuna,2,0,2,0.0,2,2,2,2,0,0,0,0,0,0,0,0,8500.0,6,1.0,1.0,0.0,False,0,0,0,1,0.04,monte_carlo_run_297_seed_339.log
298,10,-1,1,-1,-1,1,340,3101,0.092,1.85,False,Solitudine / Nessun Contatto,,,Nessuna,4,0,4,1.53,3,3,3,3,0,0,0,0,0,0,0,0,8500.0,9,1.03,1.03,0.0,False,0,0,2,2,66.7,monte_carlo_run_298_seed_340.log
299,10,-1,1,-1,-1,1,341,3101,0.127,2.49,False,Solitudine / Nessun Contatto,,,Nessuna,2,0,2,0.0,2,2,2,2,0,0,0,0,0,0,0,0,8500.0,6,1.0,1.0,0.0,False,0,0,1,1,0.04,monte_carlo_run_299_seed_341.log
300,10,-1,1,-1,-1,1,342,3101,0.07,0.98,False,Solitudine / Nessun Contatto,,,Nessuna,2,0,2,0.0,2,2,2,2,0,0,0,0,0,0,0,0,8500.0,6,1.0,1.0,0.0,False,0,0,0,1,0.04,monte_carlo_run_300_seed_342.log
301,11,-1,1,-1,1,-1,343,3101,0.055,1.37,False,Solitudine / Nessun Contatto,,,Nessuna,1,0,1,0.0,2,2,2,1,1,0,0,0,0,0,0,0,8500.0,2,1.0,1.0,0.0,False,0,0,0,1,0.02,monte_carlo_run_301_seed_343.log
302,11,-1,1,-1,1,-1,344,3101,0.145,2.5,False,Solitudine / Nessun Contatto,,,Nessuna,1,0,1,0.0,2,2,2,1,1,0,0,0,0,0,0,0,8500.0,2,1.0,1.0,0.0,False,0,0,1,1,0.02,monte_carlo_run_302_seed_344.log
303,11,-1,1,-1,1,-1,345,3101,0.143,2.98,False,Solitudine / Nessun Contatto,,,Nessuna,1,0,1,0.0,1,1,1,1,0,0,0,0,0,0,0,0,8500.0,2,1.0,1.0,0.0,False,0,0,0,0,0.02,monte_carlo_run_303_seed_345.log
304,11,-1,1,-1,1,-1,346,3101,0.084,2.01,False,Solitudine / Nessun Contatto,,,Nessuna,1,0,1,0.0,1,1,1,1,0,0,0,0,0,0,0,0,8500.0,2,1.0,1.0,0.0,False,0,0,0,0,0.02,monte_carlo_run_304_seed_346.log
305,11,-1,1,-1,1,-1,347,3101,0.111,2.48,False,Solitudine / Nessun Contatto,,,Nessuna,2,0,2,1.99,1,1,1,1,0,0,0,0,0,0,0,0,8500.0,2,1.002,1.002,0.0,False,0,0,0,0,71.54,monte_carlo_run_305_seed_347.log
306,11,-1,1,-1,1,-1,348,3101,0.127,2.38,False,Solitudine / Nessun Contatto,,,Nessuna,2,0,2,2.16,1,1,1,1,0,0,0,0,0,0,0,0,8500.0,2,1.002,1.002,0.0,False,0,0,0,0,74.68,monte_carlo_run_306_seed_348.log
307,11,-1,1,-1,1,-1,349,3101,0.064,1.04,False,Solitudine / Nessun Contatto,,,Nessuna,1,0,1,0.0,1,1,1,1,0,0,0,0,0,0,0,0,8500.0,2,1.0,1.0,0.0,False,0,0,0,0,0.02,monte_carlo_run_307_seed_349.log
308,11,-1,1,-1,1,-1,350,3101,0.092,1.83,False,Solitudine / Nessun Contatto,,,Nessuna,1,0,1,0.0,2,2,2,0,2,0,0,0,0,0,0,0,8500.0,1,0.985,0.985,0.0,False,0,0,0,1,0.02,monte_carlo_run_308_seed_350.log
309,11,-1,1,-1,1,-1,351,3101,0.086,1.22,False,Solitudine / Nessun Contatto,,,Nessuna,2,0,2,0.96,1,1,1,1,0,0,0,0,0,0,0,0,8500.0,2,1.001,1.001,0.0,False,0,0,0,0,44.66,monte_carlo_run_309_seed_351.log
310,11,-1,1,-1,1,-1,352,3101,0.095,1.78,False,Solitudine / Nessun Contatto,,,Nessuna,1,0,1,0.0,1,1,1,1,0,0,0,0,0,0,0,0,8500.0,2,1.0,1.0,0.0,False,0,0,0,0,0.02,monte_carlo_run_310_seed_352.log
311,11,-1,1,-1,1,-1,353,3101,0.108,1.93,False,Solitudine / Nessun Contatto,,,Nessuna,5,0,5,3.79,3,2,1,1,0,1,1,1,0,0,0,0,8501.17,2,1.126,0.854,-0.272,False,3,0,1,1,300.45,monte_carlo_run_311_seed_353.log
312,11,-1,1,-1,1,-1,354,3101,0.086,1.65,False,Solitudine / Nessun Contatto,,,Nessuna,1,0,1,0.0,1,1,1,1,0,0,0,0,0,0,0,0,8500.0,2,1.0,1.0,0.0,False,0,0,0,0,0.02,monte_carlo_run_312_seed_354.log
313,11,-1,1,-1,1,-1,355,3101,0.101,2.03,False,Solitudine / Nessun Contatto,,,Nessuna,1,0,1,0.0,3,3,3,1,2,0,0,0,0,0,0,0,8500.0,2,1.001,1.001,0.0,False,0,0,3,3,0.02,monte_carlo_run_313_seed_355.log
314,11,-1,1,-1,1,-1,356,3101,0.121,2.21,False,Solitudine / Nessun Contatto,,,Nessuna,2,0,2,2.11,1,1,1,1,0,0,0,0,0,0,0,0,8500.0,2,1.002,1.002,0.0,False,0,0,0,0,73.75,monte_carlo_run_314_seed_356.log
315,11,-1,1,-1,1,-1,357,3101,0.076,1.68,False,Solitudine / Nessun Contatto,,,Nessuna,1,0,1,0.0,1,1,1,1,0,0,0,0,0,0,0,0,8500.0,2,1.0,1.0,0.0,False,0,0,0,0,0.02,monte_carlo_run_315_seed_357.log
316,11,-1,1,-1,1,-1,358,3101,0.083,1.23,False,Solitudine / Nessun Contatto,,,Nessuna,1,0,1,0.0,1,1,1,1,0,0,0,0,0,0,0,0,8500.0,2,1.0,1.0,0.0,False,0,0,0,0,0.02,monte_carlo_run_316_seed_358.log
317,11,-1,1,-1,1,-1,359,3101,0.112,1.78,False,Solitudine / Nessun Contatto,,,Nessuna,1,0,1,0.0,1,1,1,1,0,0,0,0,0,0,0,0,8500.0,2,1.0,1.0,0.0,False,0,0,0,0,0.02,monte_carlo_run_317_seed_359.log
318,11,-1,1,-1,1,-1,360,3101,0.15,2.11,False,Solitudine / Nessun Contatto,,,Nessuna,1,0,1,0.0,1,1,1,1,0,0,0,0,0,0,0,0,8500.0,2,1.0,1.0,0.0,False,0,0,0,0,0.02,monte_carlo_run_318_seed_360.log
319,11,-1,1,-1,1,-1,361,3101,0.104,1.27,False,Solitudine / Nessun Contatto,,,Nessuna,1,0,1,0.0,3,3,3,1,2,0,0,0,0,0,0,0,8500.0,2,1.0,1.0,0.0,False,0,0,1,2,0.02,monte_carlo_run_319_seed_361.log
320,11,-1,1,-1,1,-1,362,3101,0.073,1.11,False,Solitudine / Nessun Contatto,,,Nessuna,1,0,1,0.0,2,2,2,1,1,0,0,0,0,0,0,0,8500.0,2,1.0,1.0,0.0,False,0,0,1,1,0.02,monte_carlo_run_320_seed_362.log
321,11,-1,1,-1,1,-1,363,3101,0.075,1.79,False,Solitudine / Nessun Contatto,,,Nessuna,2,0,2,1.3,1,1,1,1,0,0,0,0,0,0,0,0,8500.0,2,1.002,1.002,0.0,False,0,0,0,0,69.59,monte_carlo_run_321_seed_363.log
322,11,-1,1,-1,1,-1,364,3101,0.094,1.75,False,Solitudine / Nessun Contatto,,,Nessuna,1,0,1,0.0,1,1,1,1,0,0,0,0,0,0,0,0,8500.0,2,1.0,1.0,0.0,False,0,0,0,0,0.02,monte_carlo_run_322_seed_364.log
323,11,-1,1,-1,1,-1,365,3101,0.12,2.42,False,Solitudine / Nessun Contatto,,,Nessuna,1,0,1,0.0,1,1,1,1,0,0,0,0,0,0,0,0,8500.0,2,1.0,1.0,0.0,False,0,0,0,0,0.02,monte_carlo_run_323_seed_365.log
324,11,-1,1,-1,1,-1,366,3101,0.055,0.95,False,Solitudine / Nessun Contatto,,,Nessuna,1,0,1,0.0,1,1,1,1,0,0,0,0,0,0,0,0,8500.0,2,1.0,1.0,0.0,False,0,0,0,0,0.02,monte_carlo_run_324_seed_366.log
325,11,-1,1,-1,1,-1,367,3101,0.112,2.52,False,Solitudine / Nessun Contatto,,,Nessuna,1,0,1,0.0,2,2,2,1,1,0,0,0,0,0,0,0,8500.0,2,1.0,1.0,0.0,False,0,0,0,1,0.02,monte_carlo_run_325_seed_367.log
326,11,-1,1,-1,1,-1,368,3101,0.13,2.83,False,Solitudine / Nessun Contatto,,,Nessuna,1,0,1,0.0,1,1,1,1,0,0,0,0,0,0,0,0,8500.0,2,1.0,1.0,0.0,False,0,0,0,0,0.02,monte_carlo_run_326_seed_368.log
327,11,-1,1,-1,1,-1,369,3101,0.057,1.25,False,Solitudine / Nessun Contatto,,,Nessuna,1,0,1,0.0,1,1,1,1,0,0,0,0,0,0,0,0,8500.0,2,1.0,1.0,0.0,False,0,0,0,0,0.02,monte_carlo_run_327_seed_369.log
328,11,-1,1,-1,1,-1,370,3101,0.109,1.32,False,Solitudine / Nessun Contatto,,,Nessuna,1,0,1,0.0,3,3,3,1,2,0,0,0,0,0,0,0,8500.0,2,1.001,1.001,0.0,False,0,0,2,3,0.02,monte_carlo_run_328_seed_370.log
329,11,-1,1,-1,1,-1,371,3101,0.094,1.31,False,Solitudine / Nessun Contatto,,,Nessuna,1,0,1,0.0,3,3,3,1,2,0,0,0,0,0,0,0,8500.0,2,1.001,1.001,0.0,False,0,0,3,3,0.02,monte_carlo_run_329_seed_371.log
330,11,-1,1,-1,1,-1,372,3101,0.131,2.63,False,Solitudine / Nessun Contatto,,,Nessuna,2,0,2,2.4,2,2,2,0,2,0,0,0,0,0,0,0,8500.0,1,0.832,0.832,0.0,False,0,0,0,1,73.13,monte_carlo_run_330_seed_372.log
331,12,-1,1,-1,1,1,373,3101,0.081,0.97,False,Solitudine / Nessun Contatto,,,Nessuna,1,0,1,0.0,1,1,1,1,0,0,0,0,0,0,0,0,8500.0,2,1.0,1.0,0.0,False,0,0,0,0,0.02,monte_carlo_run_331_seed_373.log
332,12,-1,1,-1,1,1,374,3101,0.118,1.97,False,Solitudine / Nessun Contatto,,,Nessuna,2,0,2,1.65,1,1,1,1,0,0,0,0,0,0,0,0,8500.0,2,1.001,1.001,0.0,False,0,0,0,0,58.13,monte_carlo_run_332_seed_374.log
333,12,-1,1,-1,1,1,375,3101,0.063,1.19,False,Solitudine / Nessun Contatto,,,Nessuna,2,0,2,0.0,2,2,2,2,0,0,0,0,0,0,0,0,8500.0,6,1.0,1.0,0.0,False,0,0,1,1,0.04,monte_carlo_run_333_seed_375.log
334,12,-1,1,-1,1,1,376,3101,0.084,2.09,False,Solitudine / Nessun Contatto,,,Nessuna,2,0,2,0.0,2,2,2,2,0,0,0,0,0,0,0,0,8500.0,5,1.0,1.0,0.0,False,0,0,0,1,0.04,monte_carlo_run_334_seed_376.log
335,12,-1,1,-1,1,1,377,3101,0.124,2.32,False,Solitudine / Nessun Contatto,,,Nessuna,1,0,1,0.0,1,1,1,1,0,0,0,0,0,0,0,0,8500.0,2,1.0,1.0,0.0,False,0,0,0,0,0.02,monte_carlo_run_335_seed_377.log
336,12,-1,1,-1,1,1,378,3101,0.105,2.18,False,Solitudine / Nessun Contatto,,,Nessuna,1,0,1,0.0,1,1,1,1,0,0,0,0,0,0,0,0,8500.0,2,1.0,1.0,0.0,False,0,0,0,0,0.02,monte_carlo_run_336_seed_378.log
337,12,-1,1,-1,1,1,379,3101,0.102,1.78,False,Solitudine / Nessun Contatto,,,Nessuna,4,0,4,0.0,4,4,4,3,1,0,0,0,0,0,0,0,8500.0,8,1.009,1.009,0.0,False,0,0,1,2,32.39,monte_carlo_run_337_seed_379.log
338,12,-1,1,-1,1,1,380,3101,0.096,1.57,False,Solitudine / Nessun Contatto,,,Nessuna,1,0,1,0.0,1,1,1,1,0,0,0,0,0,0,0,0,8500.0,2,1.0,1.0,0.0,False,0,0,0,0,0.02,monte_carlo_run_338_seed_380.log
339,12,-1,1,-1,1,1,381,3101,0.056,0.93,False,Solitudine / Nessun Contatto,,,Nessuna,1,0,1,0.0,1,1,1,1,0,0,0,0,0,0,0,0,8500.0,2,1.0,1.0,0.0,False,0,0,0,0,0.02,monte_carlo_run_339_seed_381.log
340,12,-1,1,-1,1,1,382,3101,0.08,1.66,False,Solitudine / Nessun Contatto,,,Nessuna,1,0,1,0.0,1,1,1,1,0,0,0,0,0,0,0,0,8500.0,2,1.0,1.0,0.0,False,0,0,0,0,0.02,monte_carlo_run_340_seed_382.log
341,12,-1,1,-1,1,1,383,3101,0.132,2.78,False,Solitudine / Nessun Contatto,,,Nessuna,3,0,3,2.73,1,1,1,1,0,0,0,0,0,0,0,0,8500.0,2,1.004,1.004,0.0,False,0,0,0,0,152.39,monte_carlo_run_341_seed_383.log
342,12,-1,1,-1,1,1,384,3101,0.076,1.28,False,Solitudine / Nessun Contatto,,,Nessuna,1,0,1,0.0,1,1,1,1,0,0,0,0,0,0,0,0,8500.0,2,1.0,1.0,0.0,False,0,0,0,0,0.02,monte_carlo_run_342_seed_384.log
343,12,-1,1,-1,1,1,385,3101,0.107,2.54,False,Solitudine / Nessun Contatto,,,Nessuna,3,0,3,0.0,3,3,3,3,0,0,0,0,0,0,0,0,8500.0,10,1.0,1.0,0.0,False,0,0,2,3,0.06,monte_carlo_run_343_seed_385.log
344,12,-1,1,-1,1,1,386,3101,0.108,2.29,False,Solitudine / Nessun Contatto,,,Nessuna,3,0,3,0.0,2,2,2,2,0,0,0,0,0,0,0,0,8500.0,6,1.02,1.02,0.0,False,0,0,1,1,66.19,monte_carlo_run_344_seed_386.log
345,12,-1,1,-1,1,1,387,3101,0.103,2.32,False,Solitudine / Nessun Contatto,,,Nessuna,2,0,2,2.13,1,1,1,1,0,0,0,0,0,0,0,0,8500.0,2,1.002,1.002,0.0,False,0,0,0,0,82.75,monte_carlo_run_345_seed_387.log
346,12,-1,1,-1,1,1,388,3101,0.074,1.07,False,Solitudine / Nessun Contatto,,,Nessuna,2,0,2,0.0,2,2,2,2,0,0,0,0,0,0,0,0,8500.0,6,1.0,1.0,0.0,False,0,0,1,1,0.04,monte_carlo_run_346_seed_388.log
347,12,-1,1,-1,1,1,389,3101,0.098,2.33,False,Solitudine / Nessun Contatto,,,Nessuna,3,0,3,0.0,2,2,2,2,0,0,0,0,0,0,0,0,8500.0,6,1.024,1.024,0.0,False,0,0,1,1,77.58,monte_carlo_run_347_seed_389.log
348,12,-1,1,-1,1,1,390,3101,0.112,1.71,False,Solitudine / Nessun Contatto,,,Nessuna,1,0,1,0.0,1,1,1,1,0,0,0,0,0,0,0,0,8500.0,2,1.0,1.0,0.0,False,0,0,0,0,0.02,monte_carlo_run_348_seed_390.log
349,12,-1,1,-1,1,1,391,3101,0.065,1.21,False,Solitudine / Nessun Contatto,,,Nessuna,1,0,1,0.0,1,1,1,1,0,0,0,0,0,0,0,0,8500.0,2,1.0,1.0,0.0,False,0,0,0,0,0.02,monte_carlo_run_349_seed_391.log
350,12,-1,1,-1,1,1,392,3101,0.108,2.5,False,Solitudine / Nessun Contatto,,,Nessuna,2,0,2,2.43,1,1,1,1,0,0,0,0,0,0,0,0,8500.0,2,1.002,1.002,0.0,False,0,0,0,0,89.93,monte_carlo_run_350_seed_392.log
351,12,-1,1,-1,1,1,393,3101,0.082,1.02,False,Solitudine / Nessun Contatto,,,Nessuna,1,0,1,0.0,1,1,1,1,0,0,0,0,0,0,0,0,8500.0,2,1.0,1.0,0.0,False,0,0,0,0,0.02,monte_carlo_run_351_seed_393.log
352,12,-1,1,-1,1,1,394,3101,0.089,2.17,False,Solitudine / Nessun Contatto,,,Nessuna,1,0,1,0.0,1,1,1,1,0,0,0,0,0,0,0,0,8500.0,2,1.0,1.0,0.0,False,0,0,0,0,0.02,monte_carlo_run_352_seed_394.log
353,12,-1,1,-1,1,1,395,3101,0.098,2.34,False,Solitudine / Nessun Contatto,,,Nessuna,3,0,3,1.83,3,3,2,2,0,1,1,1,0,0,0,0,8503.85,6,1.023,0.878,-0.1447,False,0,0,1,1,74.64,monte_carlo_run_353_seed_395.log
354,12,-1,1,-1,1,1,396,3101,0.129,2.0,False,Solitudine / Nessun Contatto,,,Nessuna,4,0,4,0.0,2,2,2,2,0,0,0,0,0,0,0,0,8500.0,5,1.034,1.034,0.0,False,0,0,1,1,113.88,monte_carlo_run_354_seed_396.log
355,12,-1,1,-1,1,1,397,3101,0.117,2.77,False,Solitudine / Nessun Contatto,,,Nessuna,1,0,1,0.0,1,1,1,1,0,0,0,0,0,0,0,0,8500.0,2,1.0,1.0,0.0,False,0,0,0,0,0.02,monte_carlo_run_355_seed_397.log
356,12,-1,1,-1,1,1,398,3101,0.15,3.39,False,Solitudine / Nessun Contatto,,,Nessuna,12,0,12,10.58,1,1,1,1,0,0,0,0,0,0,0,0,8500.0,3,1.345,1.345,0.0,False,9,0,0,0,1005.56,monte_carlo_run_356_seed_398.log
357,12,-1,1,-1,1,1,399,3101,0.075,1.8,False,Solitudine / Nessun Contatto,,,Nessuna,1,0,1,0.0,1,1,1,1,0,0,0,0,0,0,0,0,8500.0,2,1.0,1.0,0.0,False,0,0,0,0,0.02,monte_carlo_run_357_seed_399.log
358,12,-1,1,-1,1,1,400,3101,0.116,1.65,False,Solitudine / Nessun Contatto,,,Nessuna,2,0,2,0.0,2,2,2,2,0,0,0,0,0,0,0,0,8500.0,5,1.0,1.0,0.0,False,0,0,1,1,0.04,monte_carlo_run_358_seed_400.log
359,12,-1,1,-1,1,1,401,3101,0.075,1.61,False,Solitudine / Nessun Contatto,,,Nessuna,1,0,1,0.0,1,1,1,1,0,0,0,0,0,0,0,0,8500.0,2,1.0,1.0,0.0,False,0,0,0,0,0.02,monte_carlo_run_359_seed_401.log
360,12,-1,1,-1,1,1,402,3101,0.073,0.93,False,Solitudine / Nessun Contatto,,,Nessuna,1,0,1,0.0,1,1,1,1,0,0,0,0,0,0,0,0,8500.0,2,1.0,1.0,0.0,False,0,0,0,0,0.02,monte_carlo_run_360_seed_402.log
361,13,-1,1,1,-1,-1,403,3101,0.397,5.44,True,Incontro Flotta Deep-Space,118.94,5.54,Collaborativa,8,0,14,10.11,3,2,1,1,0,2,2,2,0,1,1,0,8506.77,4,1.11,1.358,0.2483,True,11,0,0,1,484.52,monte_carlo_run_361_seed_403.log
362,13,-1,1,1,-1,-1,404,3101,0.452,9.97,True,Incontro Flotta Deep-Space,351.26,0.0,Biosfera Primitiva,26,0,57,14.11,11,7,2,1,1,6,3,3,0,1,0,1,8507.67,13,1.6,1.6,0.0,False,43,0,7,8,1004.41,monte_carlo_run_362_seed_404.log
363,13,-1,1,1,-1,-1,405,3101,0.521,7.0,True,Incontro Flotta Deep-Space,249.67,12.72,Ostile,20,0,90,17.28,16,13,1,0,1,14,9,9,0,7,6,1,8553.32,35,0.778,1.6,0.8219,True,73,0,23,42,1000.54,monte_carlo_run_363_seed_405.log
364,13,-1,1,1,-1,-1,406,3101,0.437,7.0,True,Incontro Flotta Deep-Space,84.95,4.12,Diffidente,6,0,55,14.35,8,6,2,1,1,6,4,4,0,3,1,1,8514.76,18,1.11,1.525,0.4149,True,46,0,10,15,1000.91,monte_carlo_run_364_seed_406.log
365,13,-1,1,1,-1,-1,407,3101,0.451,10.71,True,Incontro Flotta Deep-Space,118.34,6.22,Collaborativa,8,2,144,28.54,36,27,2,1,1,31,25,25,0,17,5,10,8615.81,50,1.055,1.6,0.5448,True,103,0,89,99,1000.65,monte_carlo_run_365_seed_407.log
366,13,-1,1,1,-1,-1,408,3101,0.273,5.31,True,Incontro Flotta Deep-Space,588.04,6.69,Biosfera Primitiva,41,0,78,16.03,10,8,3,1,1,6,4,4,0,3,3,0,8513.65,17,1.6,1.442,-0.1577,False,68,0,4,9,1000.24,monte_carlo_run_366_seed_408.log
367,13,-1,1,1,-1,-1,409,3101,0.262,5.92,True,Incontro Flotta Deep-Space,336.43,7.77,Diffidente,13,0,33,18.72,8,4,1,0,1,6,4,4,0,4,3,1,8524.48,14,0.702,1.562,0.8602,True,25,0,13,15,1002.34,monte_carlo_run_367_seed_409.log
368,13,-1,1,1,-1,-1,410,3101,0.382,7.37,True,Incontro Flotta Deep-Space,122.3,9.13,Ostile,6,0,149,17.35,46,35,3,1,1,40,6,6,0,4,2,1,8528.46,82,1.434,1.6,0.1658,True,100,0,127,159,1000.13,monte_carlo_run_368_seed_410.log
369,13,-1,1,1,-1,-1,411,3101,0.364,5.59,True,Incontro Flotta Deep-Space,279.35,9.87,Diffidente,13,0,48,15.05,7,6,1,1,0,6,6,6,0,3,3,0,8517.01,12,1.6,1.548,-0.0523,False,39,0,6,6,1001.91,monte_carlo_run_369_seed_411.log
370,13,-1,1,1,-1,-1,412,3101,0.474,7.82,True,Contatto Planetario / Biofirme,54.44,10.3,Ostile,5,0,31,12.11,13,9,4,0,3,8,3,3,0,1,1,0,8509.05,8,0.954,0.946,-0.0084,False,18,0,10,22,1007.7,monte_carlo_run_370_seed_412.log
371,13,-1,1,1,-1,-1,413,3101,0.407,8.34,True,Incontro Flotta Deep-Space,295.16,19.04,Collaborativa,20,0,99,19.79,25,16,4,1,3,21,8,8,0,5,5,0,8540.3,30,1.142,1.062,-0.0799,False,75,0,29,65,1001.0,monte_carlo_run_371_seed_413.log
372,13,-1,1,1,-1,-1,414,3101,0.397,9.91,True,Incontro Flotta Deep-Space,156.09,7.71,Biosfera Primitiva,16,0,218,25.92,36,26,3,2,1,31,15,15,0,12,10,2,8564.28,67,1.209,1.6,0.3913,True,181,0,78,130,1000.1,monte_carlo_run_372_seed_414.log
373,13,-1,1,1,-1,-1,415,3101,0.425,6.44,True,Incontro Flotta Deep-Space,92.23,8.72,Neutrale,7,1,103,17.47,18,11,3,1,1,13,6,6,0,5,2,1,8530.72,32,1.393,1.6,0.2069,True,83,0,29,37,1000.32,monte_carlo_run_373_seed_415.log
374,13,-1,1,1,-1,-1,416,3101,0.56,9.68,True,Contatto Planetario / Biofirme,221.21,16.58,Cauta,23,0,258,24.91,52,41,5,3,0,45,14,14,0,9,5,3,8553.16,99,1.229,1.6,0.3711,True,200,0,102,148,1000.28,monte_carlo_run_374_seed_416.log
375,13,-1,1,1,-1,-1,417,3101,0.393,9.12,True,Incontro Flotta Deep-Space,191.39,7.18,Neutrale,10,0,156,17.17,33,22,2,1,1,29,8,8,0,5,3,2,8534.62,55,1.6,1.6,0.0,False,119,0,55,80,1000.23,monte_carlo_run_375_seed_417.log
376,13,-1,1,1,-1,-1,418,3101,0.472,5.82,True,Incontro Flotta Deep-Space,230.8,5.57,Neutrale,14,1,91,21.98,20,14,3,2,1,16,8,8,0,5,5,0,8526.47,30,1.317,1.6,0.2835,True,69,0,16,31,1000.12,monte_carlo_run_376_seed_418.log
377,13,-1,1,1,-1,-1,419,3101,0.431,7.53,True,Incontro Flotta Deep-Space,85.44,0.0,Diffidente,6,0,137,23.85,33,30,3,2,1,30,16,16,0,8,6,2,8560.97,60,1.265,1.6,0.3347,True,101,0,107,147,1000.33,monte_carlo_run_377_seed_419.log
378,13,-1,1,1,-1,-1,420,3101,0.374,8.61,True,Incontro Flotta Deep-Space,107.09,3.9,Diffidente,5,2,95,25.45,21,14,3,1,1,16,9,9,0,5,4,1,8531.63,35,1.6,1.6,0.0,False,72,0,19,31,1000.42,monte_carlo_run_378_seed_420.log
379,13,-1,1,1,-1,-1,421,3101,0.229,5.07,True,Incontro Flotta Deep-Space,352.79,8.85,Collaborativa,14,0,42,18.66,6,5,2,1,0,4,3,3,0,3,1,2,8519.34,12,1.115,1.51,0.3941,True,36,0,6,8,1001.77,monte_carlo_run_379_seed_421.log
380,13,-1,1,1,-1,-1,422,3101,0.259,5.45,True,Incontro Flotta Deep-Space,276.27,8.94,Diffidente,12,0,30,17.2,4,4,1,1,0,3,3,3,0,3,2,1,8525.54,11,1.6,1.416,-0.1836,False,26,0,5,5,1002.14,monte_carlo_run_380_seed_422.log
381,13,-1,1,1,-1,-1,423,3101,0.319,5.34,True,Incontro Flotta Deep-Space,253.07,8.39,Collaborativa,13,0,60,15.66,10,9,1,1,0,8,4,4,0,4,1,2,8524.86,20,1.384,1.6,0.2163,True,50,0,19,22,1000.27,monte_carlo_run_381_seed_423.log
382,13,-1,1,1,-1,-1,424,3101,0.423,5.94,True,Incontro Flotta Deep-Space,315.76,9.72,Neutrale,18,0,62,14.15,10,9,2,2,0,8,4,4,0,2,1,0,8510.83,15,1.6,1.55,-0.0505,False,51,0,9,9,1002.27,monte_carlo_run_382_seed_424.log
383,13,-1,1,1,-1,-1,425,3101,0.467,6.52,True,Incontro Flotta Deep-Space,328.56,7.71,Biosfera Primitiva,25,0,76,18.99,13,12,2,2,0,10,5,5,0,5,3,1,8536.82,21,1.245,1.564,0.319,True,62,0,12,23,1003.3,monte_carlo_run_383_seed_425.log
384,13,-1,1,1,-1,-1,426,3101,0.511,12.74,True,Incontro Flotta Deep-Space,132.62,9.31,Diffidente,14,1,184,26.85,40,30,4,1,3,35,14,14,0,10,4,5,8581.45,75,0.944,1.6,0.6562,True,141,0,102,135,1000.13,monte_carlo_run_384_seed_426.log
385,13,-1,1,1,-1,-1,427,3101,0.263,5.69,False,Solitudine / Nessun Contatto,,,Nessuna,32,0,32,15.1,4,2,1,1,0,2,2,2,0,0,0,0,8501.19,4,1.561,0.984,-0.5766,False,28,0,0,0,1001.82,monte_carlo_run_385_seed_427.log
386,13,-1,1,1,-1,-1,428,3101,0.513,8.75,True,Contatto Planetario / Biofirme,42.45,16.39,Collaborativa,6,0,186,22.68,39,30,5,2,3,32,12,12,0,9,6,2,8567.65,72,1.6,1.6,0.0,False,145,0,62,98,1000.27,monte_carlo_run_386_seed_428.log
387,13,-1,1,1,-1,-1,429,3101,0.252,3.58,False,Solitudine / Nessun Contatto,,,Nessuna,9,0,9,7.44,1,1,1,1,0,0,0,0,0,0,0,0,8500.0,2,1.125,1.125,0.0,False,5,0,0,0,440.76,monte_carlo_run_387_seed_429.log
388,13,-1,1,1,-1,-1,430,3101,0.51,7.8,True,Incontro Flotta Deep-Space,117.39,8.21,Biosfera Primitiva,11,0,165,15.76,31,23,2,2,0,26,9,9,0,7,5,2,8559.91,65,1.6,1.6,0.0,False,132,0,80,117,1001.08,monte_carlo_run_388_seed_430.log
389,13,-1,1,1,-1,-1,431,3101,0.352,6.0,True,Contatto Planetario / Biofirme,185.02,14.91,Diffidente,10,0,33,15.55,7,4,2,1,1,3,3,3,0,2,1,0,8510.46,7,1.237,1.391,0.154,True,28,0,3,6,1000.82,monte_carlo_run_389_seed_431.log
390,13,-1,1,1,-1,-1,432,3101,0.292,5.78,False,Solitudine / Nessun Contatto,,,Nessuna,35,1,35,21.5,7,4,1,1,0,5,5,5,0,1,1,0,8508.11,6,1.576,1.226,-0.3495,False,27,0,1,1,1000.74,monte_carlo_run_390_seed_432.log
391,14,-1,1,1,-1,1,433,3101,0.462,7.41,True,Incontro Flotta Deep-Space,125.38,5.65,Collaborativa,10,2,200,24.03,46,36,3,2,1,41,15,15,0,15,11,3,8611.14,90,1.575,1.6,0.0253,True,145,0,141,205,1000.02,monte_carlo_run_391_seed_433.log
392,14,-1,1,1,-1,1,434,3101,0.408,6.26,True,Incontro Flotta Deep-Space,306.26,13.65,Neutrale,58,0,204,18.68,39,32,5,2,3,32,3,3,0,2,2,0,8520.12,81,1.393,0.936,-0.4566,False,164,0,62,113,1000.24,monte_carlo_run_392_seed_434.log
393,14,-1,1,1,-1,1,435,3101,0.523,11.1,True,Contatto Planetario / Biofirme,7.89,4.13,Cauta,2,2,237,21.49,45,31,3,2,1,37,16,16,0,11,8,2,8576.88,81,1.26,1.6,0.3399,True,189,0,127,172,1000.28,monte_carlo_run_393_seed_435.log
394,14,-1,1,1,-1,1,436,3101,0.363,8.62,True,Contatto Planetario / Biofirme,39.52,10.57,Diffidente,7,1,220,16.18,55,39,8,3,3,44,11,11,0,8,6,0,8553.76,94,1.394,1.6,0.2057,True,162,0,83,164,1000.01,monte_carlo_run_394_seed_436.log
395,14,-1,1,1,-1,1,437,3101,0.222,4.79,True,Incontro Flotta Deep-Space,99.04,3.36,Neutrale,11,0,119,19.28,18,12,3,2,1,13,3,3,0,3,3,0,8518.51,37,1.467,1.598,0.1302,True,100,0,31,46,1000.28,monte_carlo_run_395_seed_437.log
396,14,-1,1,1,-1,1,438,3101,0.437,5.94,True,Incontro Flotta Deep-Space,75.43,2.84,Diffidente,12,0,80,14.01,20,16,5,2,3,15,6,6,0,4,4,0,8529.61,38,1.213,1.6,0.3874,True,58,0,44,61,1002.53,monte_carlo_run_396_seed_438.log
397,14,-1,1,1,-1,1,439,3101,0.476,7.71,True,Contatto Planetario / Biofirme,11.81,5.62,Ostile,4,0,228,14.53,42,30,5,1,3,35,4,4,0,3,2,1,8521.24,77,1.6,1.6,0.0,False,184,0,83,125,1000.17,monte_carlo_run_397_seed_439.log
398,14,-1,1,1,-1,1,440,3101,0.492,7.36,True,Incontro Flotta Deep-Space,95.6,5.17,Diffidente,14,0,66,14.73,24,18,2,0,1,21,8,8,0,6,6,0,8538.36,39,0.832,1.501,0.6689,True,39,0,42,89,1000.45,monte_carlo_run_398_seed_440.log
399,14,-1,1,1,-1,1,441,3101,0.212,2.72,False,Solitudine / Nessun Contatto,,,Nessuna,3,0,3,0.0,3,3,3,3,0,0,0,0,0,0,0,0,8500.0,8,1.0,1.0,0.0,False,0,0,1,2,0.06,monte_carlo_run_399_seed_441.log
400,14,-1,1,1,-1,1,442,3101,0.319,7.65,True,Incontro Flotta Deep-Space,159.19,7.44,Neutrale,9,0,73,19.9,19,13,1,1,0,17,10,10,0,6,6,0,8546.18,25,1.136,1.239,0.1029,True,52,0,24,37,1000.09,monte_carlo_run_400_seed_442.log
401,14,-1,1,1,-1,1,443,3101,0.251,3.4,False,Solitudine / Nessun Contatto,,,Nessuna,4,0,4,3.86,1,1,1,1,0,0,0,0,0,0,0,0,8500.0,2,1.023,1.023,0.0,False,2,0,0,0,161.08,monte_carlo_run_401_seed_443.log
402,14,-1,1,1,-1,1,444,3101,0.233,5.48,True,Incontro Flotta Deep-Space,193.36,8.14,Diffidente,40,0,143,16.05,32,25,5,2,2,25,5,5,0,3,3,0,8524.6,64,1.6,1.6,0.0,False,109,0,94,113,1000.37,monte_carlo_run_402_seed_444.log
403,14,-1,1,1,-1,1,445,3101,0.378,8.15,True,Incontro Flotta Deep-Space,94.77,0.0,Ostile,8,1,105,8.98,20,14,1,1,0,17,1,1,0,1,0,1,8504.66,53,1.6,1.6,0.0,False,81,0,61,84,1001.02,monte_carlo_run_403_seed_445.log
404,14,-1,1,1,-1,1,446,3101,0.431,7.45,True,Incontro Flotta Deep-Space,98.71,0.0,Collaborativa,13,1,177,16.12,30,21,1,1,0,27,9,9,0,4,2,1,8537.38,56,1.6,1.6,0.0,False,142,0,34,62,1000.7,monte_carlo_run_404_seed_446.log
405,14,-1,1,1,-1,1,447,3101,0.455,9.53,True,Incontro Flotta Deep-Space,165.83,0.0,Collaborativa,16,1,210,20.89,44,33,7,2,4,36,20,20,0,14,5,8,8591.1,79,1.218,1.6,0.3825,True,164,0,106,132,1000.0,monte_carlo_run_405_seed_447.log
406,14,-1,1,1,-1,1,448,3101,0.302,5.01,True,Incontro Flotta Deep-Space,718.51,14.39,Diffidente,47,0,69,16.24,12,9,3,1,1,9,5,5,0,3,3,0,8530.58,25,1.6,1.479,-0.1213,False,57,0,10,19,1000.82,monte_carlo_run_406_seed_448.log
407,14,-1,1,1,-1,1,449,3101,0.421,6.12,True,Incontro Flotta Deep-Space,106.26,5.67,Neutrale,8,0,49,13.59,5,5,1,1,0,4,4,4,0,3,1,0,8538.15,13,1.6,1.53,-0.0703,False,43,0,5,5,1001.15,monte_carlo_run_407_seed_449.log
408,14,-1,1,1,-1,1,450,3101,0.587,12.04,True,Contatto Planetario / Biofirme,7.22,4.24,Collaborativa,2,0,144,25.85,33,26,3,0,2,29,21,21,0,16,12,2,8613.22,59,0.966,1.6,0.6341,True,109,0,121,171,1000.57,monte_carlo_run_408_seed_450.log
409,14,-1,1,1,-1,1,451,3101,0.465,10.57,True,Incontro Flotta Deep-Space,12.77,5.94,Cauta,5,0,325,23.44,69,50,6,3,2,60,11,11,0,7,6,1,8543.72,147,1.6,1.6,0.0,False,247,0,238,372,1000.07,monte_carlo_run_409_seed_451.log
410,14,-1,1,1,-1,1,452,3101,0.36,6.23,True,Incontro Flotta Deep-Space,284.64,11.16,Diffidente,35,0,91,16.88,14,6,2,2,0,11,6,6,0,3,2,0,8521.41,32,1.6,1.536,-0.0635,False,76,0,16,29,1000.69,monte_carlo_run_410_seed_452.log
411,14,-1,1,1,-1,1,453,3101,0.255,5.36,True,Incontro Flotta Deep-Space,441.85,8.62,Diffidente,22,0,36,15.41,2,1,1,1,0,1,1,1,0,1,0,1,8505.04,7,1.6,1.431,-0.1687,False,33,0,1,1,1001.71,monte_carlo_run_411_seed_453.log
412,14,-1,1,1,-1,1,454,3101,0.392,4.91,True,Incontro Flotta Deep-Space,187.35,6.08,Collaborativa,13,0,41,13.62,10,7,1,1,0,9,8,8,0,4,2,2,8525.84,17,1.6,1.6,0.0,False,30,0,14,15,1001.33,monte_carlo_run_412_seed_454.log
413,14,-1,1,1,-1,1,455,3101,0.407,8.06,True,Incontro Flotta Deep-Space,0.04,3.43,Cauta,4,1,111,7.32,18,13,4,2,2,12,0,0,0,0,0,0,8500.0,45,1.581,1.581,0.0,False,91,0,31,52,1001.74,monte_carlo_run_413_seed_455.log
414,14,-1,1,1,-1,1,456,3101,0.356,7.05,True,Incontro Flotta Deep-Space,144.1,5.22,Ostile,10,0,80,11.58,19,14,3,1,2,15,5,5,0,4,4,0,8539.01,40,1.444,1.6,0.1565,True,61,0,40,68,1000.25,monte_carlo_run_414_seed_456.log
415,14,-1,1,1,-1,1,457,3101,0.296,6.71,True,Incontro Flotta Deep-Space,496.02,0.0,Predatoria,57,0,156,18.22,20,16,2,1,0,17,5,5,0,5,5,0,8528.48,42,1.113,1.321,0.2086,True,133,0,27,49,1000.15,monte_carlo_run_415_seed_457.log
416,14,-1,1,1,-1,1,458,3101,0.388,5.28,True,Incontro Flotta Deep-Space,202.37,2.73,Diffidente,13,0,59,18.27,11,7,3,2,1,7,7,7,0,4,1,1,8526.83,15,1.6,1.599,-0.0009,False,47,0,9,9,1000.64,monte_carlo_run_416_seed_458.log
417,14,-1,1,1,-1,1,459,3101,0.589,10.67,True,Incontro Flotta Deep-Space,104.9,0.0,Collaborativa,9,2,109,14.82,26,14,2,1,1,19,12,12,0,6,3,2,8551.36,27,0.804,1.6,0.7962,True,83,0,28,39,1000.39,monte_carlo_run_417_seed_459.log
418,14,-1,1,1,-1,1,460,3101,0.433,10.05,True,Incontro Flotta Deep-Space,79.67,10.0,Cauta,17,0,189,20.28,33,25,4,2,2,27,4,4,0,4,3,1,8533.56,77,1.6,1.6,0.0,False,151,0,110,149,1000.1,monte_carlo_run_418_seed_460.log
419,14,-1,1,1,-1,1,461,3101,0.215,4.12,True,Incontro Flotta Deep-Space,258.4,4.82,Collaborativa,10,0,31,15.0,3,3,1,1,0,2,2,2,0,2,0,2,8514.93,9,1.6,1.411,-0.1891,False,24,0,3,3,1002.82,monte_carlo_run_419_seed_461.log
420,14,-1,1,1,-1,1,462,3101,0.376,7.36,True,Incontro Flotta Deep-Space,564.63,13.91,Biosfera Primitiva,25,0,40,23.05,4,3,1,1,0,3,3,3,0,3,2,1,8530.57,9,1.129,1.405,0.2758,True,34,0,3,6,1002.92,monte_carlo_run_420_seed_462.log
421,15,-1,1,1,1,-1,463,3101,0.276,4.83,True,Incontro Flotta Deep-Space,988.37,20.4,Collaborativa,35,0,36,26.16,4,4,2,1,1,2,2,2,0,1,0,1,8506.82,5,1.6,1.073,-0.5265,False,31,0,1,2,1002.76,monte_carlo_run_421_seed_463.log
422,15,-1,1,1,1,-1,464,3101,0.503,11.54,True,Contatto Planetario / Biofirme,44.61,8.62,Cauta,5,1,110,32.95,18,13,6,1,4,10,6,6,0,4,4,0,8536.06,15,1.236,1.546,0.3093,True,91,0,3,9,1004.68,monte_carlo_run_422_seed_464.log
423,15,-1,1,1,1,-1,465,3101,0.42,8.7,True,Incontro Flotta Deep-Space,228.69,4.9,Collaborativa,11,0,27,9.08,5,3,1,1,0,3,3,3,0,1,0,1,8507.95,6,1.6,1.356,-0.244,False,23,0,2,2,1000.28,monte_carlo_run_423_seed_465.log
424,15,-1,1,1,1,-1,466,3101,0.411,9.46,True,Incontro Flotta Deep-Space,153.48,5.18,Diffidente,11,0,91,18.22,9,6,2,2,0,6,2,2,0,2,1,0,8515.34,22,1.6,1.6,0.0,False,81,0,9,12,1002.65,monte_carlo_run_424_seed_466.log
425,15,-1,1,1,1,-1,467,3101,0.267,3.46,False,Solitudine / Nessun Contatto,,,Nessuna,4,0,4,4.22,2,2,2,1,1,0,0,0,0,0,0,0,8500.0,2,1.063,1.063,0.0,False,3,0,1,1,143.09,monte_carlo_run_425_seed_467.log
426,15,-1,1,1,1,-1,468,3101,0.267,5.63,True,Incontro Flotta Deep-Space,257.95,6.68,Neutrale,7,0,67,20.84,8,8,1,1,0,7,2,2,0,1,1,0,8506.72,16,1.558,1.352,-0.2065,False,58,0,6,9,1000.75,monte_carlo_run_426_seed_468.log
427,15,-1,1,1,1,-1,469,3101,0.296,5.36,True,Incontro Flotta Deep-Space,90.59,2.66,Diffidente,5,0,38,12.78,5,3,1,1,0,3,3,3,0,2,2,0,8516.25,10,1.6,1.539,-0.0607,False,32,0,5,5,1000.46,monte_carlo_run_427_seed_469.log
428,15,-1,1,1,1,-1,470,3101,0.344,7.19,False,Solitudine / Nessun Contatto,,,Nessuna,37,0,37,13.42,5,4,1,1,0,4,4,4,0,0,0,0,8501.91,4,1.585,0.94,-0.6454,False,32,0,0,0,1001.04,monte_carlo_run_428_seed_470.log
429,15,-1,1,1,1,-1,471,3101,0.468,10.88,True,Contatto Planetario / Biofirme,25.04,8.6,Diffidente,4,0,32,11.08,4,1,1,1,0,2,2,2,0,1,1,0,8506.07,7,1.6,1.567,-0.0326,False,28,0,3,3,1004.35,monte_carlo_run_429_seed_471.log
430,15,-1,1,1,1,-1,472,3101,0.374,6.53,True,Incontro Flotta Deep-Space,911.4,16.35,Neutrale,74,1,81,24.6,8,7,1,1,0,6,6,6,0,4,1,1,8529.64,12,1.516,1.51,-0.0057,False,72,0,3,5,1000.43,monte_carlo_run_430_seed_472.log
431,15,-1,1,1,1,-1,473,3101,0.439,5.35,True,Incontro Flotta Deep-Space,86.04,2.22,Diffidente,7,0,66,12.85,10,9,3,3,0,6,4,4,0,3,3,0,8529.29,17,1.433,1.399,-0.0342,False,55,0,13,18,1001.19,monte_carlo_run_431_seed_473.log
432,15,-1,1,1,1,-1,474,3101,0.443,9.22,True,Incontro Flotta Deep-Space,481.49,12.6,Collaborativa,33,2,75,19.74,11,6,1,1,0,7,7,7,0,3,1,2,8520.67,11,1.6,1.459,-0.1411,False,64,0,4,5,1000.48,monte_carlo_run_432_seed_474.log
433,15,-1,1,1,1,-1,475,3101,0.527,9.98,True,Incontro Flotta Deep-Space,96.08,10.55,Diffidente,10,1,84,17.06,9,5,1,1,0,7,5,5,0,3,2,0,8524.88,18,1.6,1.6,0.0,False,72,0,5,8,1000.37,monte_carlo_run_433_seed_475.log
434,15,-1,1,1,1,-1,476,3101,0.214,5.03,True,Contatto Planetario / Biofirme,249.32,9.17,Collaborativa,7,0,25,17.19,4,4,3,1,0,1,1,1,0,0,0,0,8500.55,2,1.04,0.94,-0.1004,False,21,0,1,3,1009.74,monte_carlo_run_434_seed_476.log
435,15,-1,1,1,1,-1,477,3101,0.362,8.96,True,Contatto Planetario / Biofirme,17.77,6.43,Cauta,2,0,47,13.23,4,3,2,1,0,2,2,2,0,1,1,0,8505.39,6,1.6,1.357,-0.2433,False,42,0,1,1,1001.49,monte_carlo_run_435_seed_477.log
436,15,-1,1,1,1,-1,478,3101,0.462,7.89,True,Incontro Flotta Deep-Space,782.68,10.22,Collaborativa,54,1,72,22.22,8,5,2,2,0,4,3,3,0,1,0,1,8504.8,7,1.6,1.204,-0.3956,False,64,0,3,3,1004.4,monte_carlo_run_436_seed_478.log
437,15,-1,1,1,1,-1,479,3101,0.264,3.72,False,Solitudine / Nessun Contatto,,,Nessuna,2,0,2,3.45,2,2,2,0,2,0,0,0,0,0,0,0,8500.0,1,0.878,0.878,0.0,False,0,0,0,1,52.27,monte_carlo_run_437_seed_479.log
438,15,-1,1,1,1,-1,480,3101,0.537,11.87,True,Incontro Flotta Deep-Space,226.5,5.38,Collaborativa,19,1,157,20.84,15,10,2,1,1,12,6,6,0,4,1,2,8524.27,33,1.6,1.6,0.0,False,139,0,19,27,1000.03,monte_carlo_run_438_seed_480.log
439,15,-1,1,1,1,-1,481,3101,0.576,9.61,True,Incontro Flotta Deep-Space,232.15,11.94,Collaborativa,17,1,120,20.41,13,7,1,1,0,10,8,8,0,5,2,2,8537.31,20,1.317,1.6,0.2831,True,107,0,11,14,1000.27,monte_carlo_run_439_seed_481.log
440,15,-1,1,1,1,-1,482,3101,0.328,5.29,True,Contatto Planetario / Biofirme,82.37,5.57,Diffidente,6,0,40,20.9,6,5,2,2,0,3,3,3,0,3,2,1,8530.07,11,1.6,1.444,-0.1562,False,35,0,7,9,1001.04,monte_carlo_run_440_seed_482.log
441,15,-1,1,1,1,-1,483,3101,0.452,9.47,True,Incontro Flotta Deep-Space,364.01,10.4,Neutrale,24,0,75,20.92,6,2,1,1,0,3,3,3,0,2,0,1,8511.91,10,1.6,1.555,-0.0454,False,70,0,4,4,1001.98,monte_carlo_run_441_seed_483.log
442,15,-1,1,1,1,-1,484,3101,0.507,6.35,True,Incontro Flotta Deep-Space,280.34,14.1,Neutrale,18,0,36,20.61,4,4,2,1,0,2,2,2,0,2,1,0,8506.08,7,1.148,1.48,0.3314,True,32,0,2,4,1000.36,monte_carlo_run_442_seed_484.log
443,15,-1,1,1,1,-1,485,3101,0.252,4.83,True,Incontro Flotta Deep-Space,106.85,0.0,Biosfera Primitiva,4,0,50,18.4,4,3,1,1,0,3,2,2,0,2,0,2,8516.54,10,1.6,1.6,0.0,False,46,0,3,3,1000.12,monte_carlo_run_443_seed_485.log
444,15,-1,1,1,1,-1,486,3101,0.258,6.06,True,Incontro Flotta Deep-Space,132.28,4.8,Neutrale,5,0,73,15.04,10,7,1,1,0,8,5,5,0,4,4,0,8528.59,20,1.39,1.508,0.1187,True,61,0,14,19,1000.09,monte_carlo_run_444_seed_486.log
445,15,-1,1,1,1,-1,487,3101,0.473,5.7,True,Incontro Flotta Deep-Space,109.38,8.5,Ostile,7,0,39,22.06,2,2,1,1,0,1,1,1,0,1,1,0,8508.32,5,1.6,1.094,-0.5064,False,36,0,0,1,1000.81,monte_carlo_run_445_seed_487.log
446,15,-1,1,1,1,-1,488,3101,0.585,13.64,True,Contatto Planetario / Biofirme,15.39,9.0,Collaborativa,2,0,84,27.42,11,7,3,1,1,7,6,6,0,3,2,0,8529.93,14,1.244,1.6,0.3555,True,73,0,3,9,1000.36,monte_carlo_run_446_seed_488.log
447,15,-1,1,1,1,-1,489,3101,0.467,10.2,True,Incontro Flotta Deep-Space,141.81,8.27,Diffidente,15,0,177,21.22,15,10,2,2,0,13,9,9,0,8,3,5,8548.36,37,1.6,1.6,0.0,False,160,0,40,44,1000.4,monte_carlo_run_447_seed_489.log
448,15,-1,1,1,1,-1,490,3101,0.318,6.08,True,Incontro Flotta Deep-Space,757.13,14.6,Biosfera Primitiva,39,1,60,23.97,7,4,3,1,1,3,3,3,0,3,2,0,8522.49,8,1.337,1.507,0.1695,True,51,0,3,6,1004.25,monte_carlo_run_448_seed_490.log
449,15,-1,1,1,1,-1,491,3101,0.348,4.35,False,Solitudine / Nessun Contatto,,,Nessuna,1,0,1,0.0,2,2,2,0,2,0,0,0,0,0,0,0,8500.0,1,0.985,0.985,0.0,False,0,0,0,1,0.02,monte_carlo_run_449_seed_491.log
450,15,-1,1,1,1,-1,492,3101,0.395,6.57,True,Incontro Flotta Deep-Space,120.67,0.0,Diffidente,8,0,69,14.0,3,2,1,1,0,1,1,1,0,1,1,0,8506.15,7,1.6,1.6,0.0,False,65,0,3,3,1002.11,monte_carlo_run_450_seed_492.log
451,16,-1,1,1,1,1,493,3101,0.316,5.36,True,Incontro Flotta Deep-Space,568.81,8.3,Biosfera Primitiva,35,0,61,14.13,9,7,1,1,0,7,4,4,0,2,1,0,8508.95,14,1.6,1.547,-0.0529,False,52,0,4,6,1000.62,monte_carlo_run_451_seed_493.log
452,16,-1,1,1,1,1,494,3101,0.35,7.8,True,Incontro Flotta Deep-Space,618.23,12.32,Collaborativa,31,0,57,18.88,4,3,1,1,0,3,3,3,0,1,0,1,8508.62,6,1.6,1.361,-0.2392,False,52,0,1,1,1001.07,monte_carlo_run_452_seed_494.log
453,16,-1,1,1,1,1,495,3101,0.594,10.3,True,Incontro Flotta Deep-Space,4.76,2.83,Cauta,5,0,188,16.94,17,13,2,2,0,14,5,5,0,3,3,0,8522.74,45,1.177,1.6,0.4232,True,166,0,29,47,1000.93,monte_carlo_run_453_seed_495.log
454,16,-1,1,1,1,1,496,3101,0.554,7.37,True,Incontro Flotta Deep-Space,0.02,3.1,Ostile,2,0,60,17.26,5,5,2,1,0,3,3,3,0,1,1,0,8522.4,9,1.6,0.907,-0.693,False,55,0,1,3,1000.76,monte_carlo_run_454_seed_496.log
455,16,-1,1,1,1,1,497,3101,0.355,6.22,True,Incontro Flotta Deep-Space,106.75,3.88,Neutrale,7,0,38,12.1,4,3,1,1,0,3,3,3,0,2,0,1,8510.38,10,1.6,1.43,-0.1699,False,34,0,3,3,1003.88,monte_carlo_run_455_seed_497.log
456,16,-1,1,1,1,1,498,3101,0.545,7.82,True,Incontro Flotta Deep-Space,867.26,18.33,Ostile,97,0,118,23.49,8,8,3,2,1,5,2,2,0,2,2,0,8517.34,17,1.472,1.21,-0.2613,False,107,0,5,10,1000.92,monte_carlo_run_456_seed_498.log
457,16,-1,1,1,1,1,499,3101,0.235,5.74,True,Incontro Flotta Deep-Space,932.24,10.58,Ostile,36,0,38,14.16,4,3,1,1,0,2,2,2,0,1,1,0,8508.14,6,1.171,0.913,-0.2576,False,34,0,0,1,1000.51,monte_carlo_run_457_seed_499.log
458,16,-1,1,1,1,1,500,3101,0.37,5.15,True,Incontro Flotta Deep-Space,357.14,9.76,Neutrale,21,0,45,18.04,4,3,1,1,0,3,2,2,0,2,1,0,8516.34,8,1.311,1.524,0.2138,True,41,0,4,6,1000.73,monte_carlo_run_458_seed_500.log
459,16,-1,1,1,1,1,501,3101,0.417,6.56,True,Incontro Flotta Deep-Space,265.24,12.56,Neutrale,31,0,129,24.14,14,10,2,2,0,12,4,4,0,2,0,0,8516.08,32,1.6,1.516,-0.0835,False,112,0,13,22,1000.03,monte_carlo_run_459_seed_501.log
460,16,-1,1,1,1,1,502,3101,0.476,7.03,True,Incontro Flotta Deep-Space,95.12,6.86,Neutrale,6,1,83,21.6,8,7,1,1,0,6,5,5,0,4,3,1,8530.03,18,1.6,1.6,0.0,False,75,0,11,13,1001.57,monte_carlo_run_460_seed_502.log
461,16,-1,1,1,1,1,503,3101,0.213,3.74,True,Incontro Flotta Deep-Space,224.73,7.46,Collaborativa,9,0,13,10.08,2,2,1,1,0,1,1,1,0,1,0,1,8506.04,6,1.467,1.284,-0.1824,False,9,0,1,1,1001.74,monte_carlo_run_461_seed_503.log
462,16,-1,1,1,1,1,504,3101,0.308,5.65,True,Incontro Flotta Deep-Space,123.29,5.05,Collaborativa,7,0,30,22.29,4,2,1,1,0,2,1,1,0,1,0,1,8510.12,7,1.411,1.58,0.1683,True,26,0,1,1,1000.17,monte_carlo_run_462_seed_504.log
463,16,-1,1,1,1,1,505,3101,0.506,6.15,True,Incontro Flotta Deep-Space,727.83,13.23,Diffidente,56,0,74,19.62,7,5,1,1,0,5,2,2,0,1,1,0,8507.6,18,1.6,1.277,-0.3233,False,65,0,7,10,1001.13,monte_carlo_run_463_seed_505.log
464,16,-1,1,1,1,1,506,3101,0.587,7.67,True,Incontro Flotta Deep-Space,322.28,12.89,Neutrale,57,0,141,30.19,8,7,4,3,1,4,1,1,0,1,0,1,8503.39,21,1.6,1.514,-0.0856,False,132,0,6,9,1000.51,monte_carlo_run_464_seed_506.log
465,16,-1,1,1,1,1,507,3101,0.496,10.61,True,Incontro Flotta Deep-Space,99.2,10.15,Cauta,14,0,114,10.69,10,9,2,2,0,8,3,3,0,3,3,0,8522.77,22,1.6,1.6,0.0,False,104,0,9,14,1000.76,monte_carlo_run_465_seed_507.log
466,16,-1,1,1,1,1,508,3101,0.481,6.23,True,Incontro Flotta Deep-Space,83.18,0.0,Neutrale,6,0,98,26.73,16,13,1,1,0,15,10,10,0,5,2,2,8531.99,22,1.375,1.516,0.1412,True,79,0,13,18,1000.8,monte_carlo_run_466_seed_508.log
467,16,-1,1,1,1,1,509,3101,0.448,6.32,True,Contatto Planetario / Biofirme,12.56,5.63,Diffidente,2,0,45,17.84,3,3,2,1,1,1,1,1,0,0,0,0,8500.43,4,1.6,0.999,-0.601,False,41,0,0,0,1000.36,monte_carlo_run_467_seed_509.log
468,16,-1,1,1,1,1,510,3101,0.485,7.05,True,Incontro Flotta Deep-Space,86.33,6.35,Collaborativa,8,0,79,26.57,6,6,1,1,0,5,5,5,0,2,0,2,8514.87,9,1.6,1.6,0.0,False,73,0,3,3,1001.12,monte_carlo_run_468_seed_510.log
469,16,-1,1,1,1,1,511,3101,0.291,4.23,True,Incontro Flotta Deep-Space,954.25,19.56,Ostile,55,0,56,21.93,4,2,2,2,0,2,1,1,0,1,1,0,8506.81,12,1.6,1.168,-0.4319,False,46,0,2,4,1000.75,monte_carlo_run_469_seed_511.log
470,16,-1,1,1,1,1,512,3101,0.413,6.65,True,Incontro Flotta Deep-Space,733.72,22.09,Diffidente,86,0,106,30.89,12,8,3,2,1,9,3,3,0,3,3,0,8522.12,24,1.6,1.23,-0.3698,False,94,0,14,21,1000.57,monte_carlo_run_470_seed_512.log
471,16,-1,1,1,1,1,513,3101,0.295,5.27,True,Incontro Flotta Deep-Space,104.26,0.0,Diffidente,6,0,52,25.6,4,3,1,1,0,3,3,3,0,3,2,0,8514.63,9,1.6,1.429,-0.171,False,48,0,2,4,1000.74,monte_carlo_run_471_seed_513.log
472,16,-1,1,1,1,1,514,3101,0.219,5.25,False,Solitudine / Nessun Contatto,,,Nessuna,33,0,33,16.78,2,2,1,1,0,1,1,1,0,0,0,0,8501.0,4,1.6,0.936,-0.664,False,31,0,0,0,1000.83,monte_carlo_run_472_seed_514.log
473,16,-1,1,1,1,1,515,3101,0.447,9.3,True,Incontro Flotta Deep-Space,97.13,0.0,Neutrale,6,1,75,17.39,10,7,2,1,1,7,5,5,0,4,1,2,8522.37,16,1.276,1.6,0.3243,True,64,0,12,14,1004.92,monte_carlo_run_473_seed_515.log
474,16,-1,1,1,1,1,516,3101,0.413,9.79,True,Contatto Planetario / Biofirme,11.54,4.76,Collaborativa,2,0,106,16.3,14,12,3,1,2,11,7,7,0,4,1,1,8522.58,25,1.6,1.6,0.0,False,90,0,13,16,1001.0,monte_carlo_run_474_seed_516.log
475,16,-1,1,1,1,1,517,3101,0.499,8.52,False,Solitudine / Nessun Contatto,,,Nessuna,49,0,49,22.09,2,2,1,1,0,1,1,1,0,0,0,0,8500.87,4,1.6,0.981,-0.619,False,47,0,0,0,1000.33,monte_carlo_run_475_seed_517.log
476,16,-1,1,1,1,1,518,3101,0.238,5.89,True,Incontro Flotta Deep-Space,197.91,7.11,Collaborativa,9,0,77,11.83,7,5,2,2,0,5,3,3,0,3,1,2,8515.77,13,1.011,1.598,0.5875,True,70,0,6,9,1000.44,monte_carlo_run_476_seed_518.log
477,16,-1,1,1,1,1,519,3101,0.478,7.55,True,Incontro Flotta Deep-Space,344.72,8.78,Ostile,27,0,91,16.85,7,5,1,1,0,6,3,3,0,3,3,0,8525.45,21,1.6,1.6,0.0,False,84,0,8,15,1001.08,monte_carlo_run_477_seed_519.log
478,16,-1,1,1,1,1,520,3101,0.475,11.79,True,Incontro Flotta Deep-Space,99.08,10.57,Neutrale,15,0,206,22.29,16,10,2,2,0,14,9,9,0,8,3,5,8549.35,45,1.518,1.6,0.0818,True,189,0,43,57,1000.22,monte_carlo_run_478_seed_520.log
479,16,-1,1,1,1,1,521,3101,0.488,7.53,True,Incontro Flotta Deep-Space,87.32,0.0,Diffidente,12,0,120,11.06,14,9,2,1,1,11,3,3,0,2,1,1,8509.91,33,1.6,1.6,0.0,False,106,0,20,30,1000.0,monte_carlo_run_479_seed_521.log
480,16,-1,1,1,1,1,522,3101,0.316,5.71,True,Incontro Flotta Deep-Space,102.95,5.31,Collaborativa,5,0,115,20.17,15,9,1,1,0,13,4,4,0,3,2,1,8527.88,27,1.295,1.6,0.305,True,98,0,24,32,1000.04,monte_carlo_run_480_seed_522.log
481,17,1,-1,-1,-1,-1,523,3101,0.115,1.89,False,Solitudine / Nessun Contatto,,,Nessuna,1,0,1,0.0,2,2,2,1,1,0,0,0,0,0,0,0,8500.0,2,1.0,1.0,0.0,False,0,0,0,1,0.02,monte_carlo_run_481_seed_523.log
482,17,1,-1,-1,-1,-1,524,3101,0.08,1.9,False,Solitudine / Nessun Contatto,,,Nessuna,3,0,3,3.42,3,3,3,1,2,0,0,0,0,0,0,0,8500.0,2,1.099,1.099,0.0,False,1,0,3,3,171.65,monte_carlo_run_482_seed_524.log
483,17,1,-1,-1,-1,-1,525,3101,0.145,2.39,False,Solitudine / Nessun Contatto,,,Nessuna,4,0,4,3.13,1,1,1,1,0,0,0,0,0,0,0,0,8500.0,2,1.03,1.03,0.0,False,2,0,0,0,221.57,monte_carlo_run_483_seed_525.log
484,17,1,-1,-1,-1,-1,526,3101,0.081,1.54,False,Solitudine / Nessun Contatto,,,Nessuna,1,0,1,0.0,1,1,1,1,0,0,0,0,0,0,0,0,8500.0,2,1.0,1.0,0.0,False,0,0,0,0,0.02,monte_carlo_run_484_seed_526.log
485,17,1,-1,-1,-1,-1,527,3101,0.071,1.76,False,Solitudine / Nessun Contatto,,,Nessuna,1,0,1,0.0,1,1,1,1,0,0,0,0,0,0,0,0,8500.0,2,1.0,1.0,0.0,False,0,0,0,0,0.02,monte_carlo_run_485_seed_527.log
486,17,1,-1,-1,-1,-1,528,3101,0.137,1.94,False,Solitudine / Nessun Contatto,,,Nessuna,1,0,1,0.0,3,3,3,0,3,0,0,0,0,0,0,0,8500.0,1,0.985,0.985,0.0,False,0,0,1,2,0.02,monte_carlo_run_486_seed_528.log
487,17,1,-1,-1,-1,-1,529,3101,0.113,1.86,False,Solitudine / Nessun Contatto,,,Nessuna,1,0,1,0.0,1,1,1,1,0,0,0,0,0,0,0,0,8500.0,2,1.0,1.0,0.0,False,0,0,0,0,0.02,monte_carlo_run_487_seed_529.log
488,17,1,-1,-1,-1,-1,530,3101,0.078,1.23,False,Solitudine / Nessun Contatto,,,Nessuna,4,0,4,1.7,2,1,1,1,0,1,1,1,0,0,0,0,8500.46,2,1.021,0.856,-0.1654,False,2,0,0,0,148.2,monte_carlo_run_488_seed_530.log
489,17,1,-1,-1,-1,-1,531,3101,0.092,1.95,False,Solitudine / Nessun Contatto,,,Nessuna,1,0,1,0.0,1,1,1,1,0,0,0,0,0,0,0,0,8500.0,2,1.0,1.0,0.0,False,0,0,0,0,0.02,monte_carlo_run_489_seed_531.log
490,17,1,-1,-1,-1,-1,532,3101,0.081,1.42,False,Solitudine / Nessun Contatto,,,Nessuna,1,0,1,0.0,1,1,1,1,0,0,0,0,0,0,0,0,8500.0,2,1.0,1.0,0.0,False,0,0,0,0,0.02,monte_carlo_run_490_seed_532.log
491,17,1,-1,-1,-1,-1,533,3101,0.104,1.86,False,Solitudine / Nessun Contatto,,,Nessuna,1,0,1,0.0,1,1,1,1,0,0,0,0,0,0,0,0,8500.0,2,1.0,1.0,0.0,False,0,0,0,0,0.02,monte_carlo_run_491_seed_533.log
492,17,1,-1,-1,-1,-1,534,3101,0.057,1.3,False,Solitudine / Nessun Contatto,,,Nessuna,2,0,2,0.99,2,2,2,1,1,0,0,0,0,0,0,0,8500.0,2,1.021,1.021,0.0,False,0,0,1,1,69.22,monte_carlo_run_492_seed_534.log
493,17,1,-1,-1,-1,-1,535,3101,0.069,0.89,False,Solitudine / Nessun Contatto,,,Nessuna,1,0,1,0.0,1,1,1,1,0,0,0,0,0,0,0,0,8500.0,2,1.0,1.0,0.0,False,0,0,0,0,0.02,monte_carlo_run_493_seed_535.log
494,17,1,-1,-1,-1,-1,536,3101,0.139,2.01,False,Solitudine / Nessun Contatto,,,Nessuna,1,0,1,0.0,1,1,1,1,0,0,0,0,0,0,0,0,8500.0,2,1.0,1.0,0.0,False,0,0,0,0,0.02,monte_carlo_run_494_seed_536.log
495,17,1,-1,-1,-1,-1,537,3101,0.132,2.07,False,Solitudine / Nessun Contatto,,,Nessuna,1,0,1,0.0,2,2,2,0,2,0,0,0,0,0,0,0,8500.0,1,0.985,0.985,0.0,False,0,0,0,1,0.02,monte_carlo_run_495_seed_537.log
496,17,1,-1,-1,-1,-1,538,3101,0.058,1.28,False,Solitudine / Nessun Contatto,,,Nessuna,1,0,1,0.0,2,2,2,1,1,0,0,0,0,0,0,0,8500.0,2,1.0,1.0,0.0,False,0,0,0,1,0.02,monte_carlo_run_496_seed_538.log
497,17,1,-1,-1,-1,-1,539,3101,0.117,2.57,False,Solitudine / Nessun Contatto,,,Nessuna,2,0,2,1.86,1,1,1,1,0,0,0,0,0,0,0,0,8500.0,2,1.002,1.002,0.0,False,0,0,0,0,65.36,monte_carlo_run_497_seed_539.log
498,17,1,-1,-1,-1,-1,540,3101,0.123,2.41,False,Solitudine / Nessun Contatto,,,Nessuna,2,0,2,2.07,1,1,1,1,0,0,0,0,0,0,0,0,8500.0,2,1.002,1.002,0.0,False,0,0,0,0,71.88,monte_carlo_run_498_seed_540.log
499,17,1,-1,-1,-1,-1,541,3101,0.135,2.96,False,Solitudine / Nessun Contatto,,,Nessuna,1,0,1,0.0,3,3,3,0,3,0,0,0,0,0,0,0,8500.0,1,0.985,0.985,0.0,False,0,0,0,2,0.02,monte_carlo_run_499_seed_541.log
500,17,1,-1,-1,-1,-1,542,3101,0.073,1.39,False,Solitudine / Nessun Contatto,,,Nessuna,1,0,1,0.0,3,3,3,0,3,0,0,0,0,0,0,0,8500.0,1,0.985,0.985,0.0,False,0,0,1,2,0.02,monte_carlo_run_500_seed_542.log
501,17,1,-1,-1,-1,-1,543,3101,0.147,2.06,False,Solitudine / Nessun Contatto,,,Nessuna,2,0,2,1.77,2,2,2,0,2,0,0,0,0,0,0,0,8500.0,1,0.884,0.884,0.0,False,0,0,0,1,48.03,monte_carlo_run_501_seed_543.log
502,17,1,-1,-1,-1,-1,544,3101,0.08,1.74,False,Solitudine / Nessun Contatto,,,Nessuna,1,0,1,0.0,3,3,3,1,2,0,0,0,0,0,0,0,8500.0,2,1.001,1.001,0.0,False,0,0,2,2,0.02,monte_carlo_run_502_seed_544.log
503,17,1,-1,-1,-1,-1,545,3101,0.137,2.98,False,Solitudine / Nessun Contatto,,,Nessuna,3,0,3,2.89,2,2,2,1,1,0,0,0,0,0,0,0,8500.0,2,1.047,1.047,0.0,False,0,0,1,1,175.11,monte_carlo_run_503_seed_545.log
504,17,1,-1,-1,-1,-1,546,3101,0.096,1.33,False,Solitudine / Nessun Contatto,,,Nessuna,1,0,1,0.0,3,3,3,1,2,0,0,0,0,0,0,0,8500.0,2,1.0,1.0,0.0,False,0,0,1,2,0.02,monte_carlo_run_504_seed_546.log
505,17,1,-1,-1,-1,-1,547,3101,0.067,1.29,False,Solitudine / Nessun Contatto,,,Nessuna,1,0,1,0.0,1,1,1,1,0,0,0,0,0,0,0,0,8500.0,2,1.0,1.0,0.0,False,0,0,0,0,0.02,monte_carlo_run_505_seed_547.log
506,17,1,-1,-1,-1,-1,548,3101,0.056,0.8,False,Solitudine / Nessun Contatto,,,Nessuna,1,0,1,0.0,1,1,1,1,0,0,0,0,0,0,0,0,8500.0,2,1.0,1.0,0.0,False,0,0,0,0,0.02,monte_carlo_run_506_seed_548.log
507,17,1,-1,-1,-1,-1,549,3101,0.068,1.15,False,Solitudine / Nessun Contatto,,,Nessuna,1,0,1,0.0,1,1,1,1,0,0,0,0,0,0,0,0,8500.0,2,1.0,1.0,0.0,False,0,0,0,0,0.02,monte_carlo_run_507_seed_549.log
508,17,1,-1,-1,-1,-1,550,3101,0.116,1.44,False,Solitudine / Nessun Contatto,,,Nessuna,1,0,1,0.0,2,2,2,1,1,0,0,0,0,0,0,0,8500.0,2,1.0,1.0,0.0,False,0,0,0,1,0.02,monte_carlo_run_508_seed_550.log
509,17,1,-1,-1,-1,-1,551,3101,0.071,1.21,False,Solitudine / Nessun Contatto,,,Nessuna,1,0,1,0.0,2,2,2,1,1,0,0,0,0,0,0,0,8500.0,2,1.0,1.0,0.0,False,0,0,0,1,0.02,monte_carlo_run_509_seed_551.log
510,17,1,-1,-1,-1,-1,552,3101,0.078,0.95,False,Solitudine / Nessun Contatto,,,Nessuna,1,0,1,0.0,1,1,1,1,0,0,0,0,0,0,0,0,8500.0,2,1.0,1.0,0.0,False,0,0,0,0,0.02,monte_carlo_run_510_seed_552.log
511,18,1,-1,-1,-1,1,553,3101,0.054,1.22,False,Solitudine / Nessun Contatto,,,Nessuna,3,0,3,0.99,2,2,2,2,0,0,0,0,0,0,0,0,8500.0,5,1.022,1.022,0.0,False,0,0,1,1,73.49,monte_carlo_run_511_seed_553.log
512,18,1,-1,-1,-1,1,554,3101,0.138,3.07,False,Solitudine / Nessun Contatto,,,Nessuna,10,0,10,8.31,2,2,2,2,0,0,0,0,0,0,0,0,8500.0,7,1.353,1.353,0.0,False,6,0,1,1,734.62,monte_carlo_run_512_seed_554.log
513,18,1,-1,-1,-1,1,555,3101,0.065,0.85,False,Solitudine / Nessun Contatto,,,Nessuna,2,0,2,0.0,2,2,2,2,0,0,0,0,0,0,0,0,8500.0,6,1.0,1.0,0.0,False,0,0,1,1,0.04,monte_carlo_run_513_seed_555.log
514,18,1,-1,-1,-1,1,556,3101,0.15,1.91,False,Solitudine / Nessun Contatto,,,Nessuna,2,0,2,1.0,1,1,1,1,0,0,0,0,0,0,0,0,8500.0,2,1.001,1.001,0.0,False,0,0,0,0,33.37,monte_carlo_run_514_seed_556.log
515,18,1,-1,-1,-1,1,557,3101,0.106,1.38,False,Solitudine / Nessun Contatto,,,Nessuna,1,0,1,0.0,1,1,1,1,0,0,0,0,0,0,0,0,8500.0,2,1.0,1.0,0.0,False,0,0,0,0,0.02,monte_carlo_run_515_seed_557.log
516,18,1,-1,-1,-1,1,558,3101,0.147,2.73,False,Solitudine / Nessun Contatto,,,Nessuna,1,0,1,0.0,1,1,1,1,0,0,0,0,0,0,0,0,8500.0,2,1.0,1.0,0.0,False,0,0,0,0,0.02,monte_carlo_run_516_seed_558.log
517,18,1,-1,-1,-1,1,559,3101,0.093,1.46,False,Solitudine / Nessun Contatto,,,Nessuna,4,0,4,1.08,3,3,2,2,0,1,1,1,0,0,0,0,8500.87,5,1.045,0.997,-0.048,False,1,0,1,1,128.21,monte_carlo_run_517_seed_559.log
518,18,1,-1,-1,-1,1,560,3101,0.146,2.26,False,Solitudine / Nessun Contatto,,,Nessuna,4,0,4,0.0,3,3,3,3,0,0,0,0,0,0,0,0,8500.0,10,1.002,1.002,0.0,False,0,0,0,3,60.26,monte_carlo_run_518_seed_560.log
519,18,1,-1,-1,-1,1,561,3101,0.095,1.67,False,Solitudine / Nessun Contatto,,,Nessuna,3,0,3,1.58,2,2,1,1,0,1,1,1,0,0,0,0,8500.84,2,1.003,0.962,-0.0409,False,0,0,0,0,120.49,monte_carlo_run_519_seed_561.log
520,18,1,-1,-1,-1,1,562,3101,0.086,1.96,False,Solitudine / Nessun Contatto,,,Nessuna,1,0,1,0.0,1,1,1,1,0,0,0,0,0,0,0,0,8500.0,2,1.0,1.0,0.0,False,0,0,0,0,0.02,monte_carlo_run_520_seed_562.log
521,18,1,-1,-1,-1,1,563,3101,0.08,1.51,False,Solitudine / Nessun Contatto,,,Nessuna,3,0,3,0.0,3,3,3,3,0,0,0,0,0,0,0,0,8500.0,8,1.0,1.0,0.0,False,0,0,0,3,0.06,monte_carlo_run_521_seed_563.log
522,18,1,-1,-1,-1,1,564,3101,0.056,0.74,False,Solitudine / Nessun Contatto,,,Nessuna,1,0,1,0.0,1,1,1,1,0,0,0,0,0,0,0,0,8500.0,2,1.0,1.0,0.0,False,0,0,0,0,0.02,monte_carlo_run_522_seed_564.log
523,18,1,-1,-1,-1,1,565,3101,0.097,1.74,False,Solitudine / Nessun Contatto,,,Nessuna,1,0,1,0.0,1,1,1,1,0,0,0,0,0,0,0,0,8500.0,2,1.0,1.0,0.0,False,0,0,0,0,0.02,monte_carlo_run_523_seed_565.log
524,18,1,-1,-1,-1,1,566,3101,0.146,2.13,False,Solitudine / Nessun Contatto,,,Nessuna,4,0,4,1.87,2,2,2,2,0,0,0,0,0,0,0,0,8500.0,6,1.014,1.014,0.0,False,0,0,1,1,68.9,monte_carlo_run_524_seed_566.log
525,18,1,-1,-1,-1,1,567,3101,0.087,1.57,False,Solitudine / Nessun Contatto,,,Nessuna,3,0,3,0.0,2,2,2,2,0,0,0,0,0,0,0,0,8500.0,6,1.012,1.012,0.0,False,0,0,1,1,37.58,monte_carlo_run_525_seed_567.log
526,18,1,-1,-1,-1,1,568,3101,0.078,1.83,False,Solitudine / Nessun Contatto,,,Nessuna,1,0,1,0.0,1,1,1,1,0,0,0,0,0,0,0,0,8500.0,2,1.0,1.0,0.0,False,0,0,0,0,0.02,monte_carlo_run_526_seed_568.log
527,18,1,-1,-1,-1,1,569,3101,0.091,1.28,False,Solitudine / Nessun Contatto,,,Nessuna,1,0,1,0.0,1,1,1,1,0,0,0,0,0,0,0,0,8500.0,2,1.0,1.0,0.0,False,0,0,0,0,0.02,monte_carlo_run_527_seed_569.log
528,18,1,-1,-1,-1,1,570,3101,0.105,1.59,False,Solitudine / Nessun Contatto,,,Nessuna,1,0,1,0.0,1,1,1,1,0,0,0,0,0,0,0,0,8500.0,2,1.0,1.0,0.0,False,0,0,0,0,0.02,monte_carlo_run_528_seed_570.log
529,18,1,-1,-1,-1,1,571,3101,0.135,2.97,False,Solitudine / Nessun Contatto,,,Nessuna,1,0,1,0.0,1,1,1,1,0,0,0,0,0,0,0,0,8500.0,2,1.0,1.0,0.0,False,0,0,0,0,0.02,monte_carlo_run_529_seed_571.log
530,18,1,-1,-1,-1,1,572,3101,0.137,2.5,True,Incontro Flotta Deep-Space,87.85,0.0,Collaborativa,6,0,6,2.41,4,4,3,3,0,1,1,1,0,1,0,1,8505.97,14,1.367,1.456,0.0893,True,1,0,5,5,553.19,monte_carlo_run_530_seed_572.log
531,18,1,-1,-1,-1,1,573,3101,0.083,1.83,False,Solitudine / Nessun Contatto,,,Nessuna,2,0,2,1.19,1,1,1,1,0,0,0,0,0,0,0,0,8500.0,2,1.001,1.001,0.0,False,0,0,0,0,57.37,monte_carlo_run_531_seed_573.log
532,18,1,-1,-1,-1,1,574,3101,0.134,2.03,False,Solitudine / Nessun Contatto,,,Nessuna,1,0,1,0.0,1,1,1,1,0,0,0,0,0,0,0,0,8500.0,2,1.0,1.0,0.0,False,0,0,0,0,0.02,monte_carlo_run_532_seed_574.log
533,18,1,-1,-1,-1,1,575,3101,0.124,2.22,False,Solitudine / Nessun Contatto,,,Nessuna,3,0,3,0.0,2,2,2,2,0,0,0,0,0,0,0,0,8500.0,6,1.012,1.012,0.0,False,0,0,1,1,60.75,monte_carlo_run_533_seed_575.log
534,18,1,-1,-1,-1,1,576,3101,0.071,0.92,False,Solitudine / Nessun Contatto,,,Nessuna,1,0,1,0.0,1,1,1,1,0,0,0,0,0,0,0,0,8500.0,2,1.0,1.0,0.0,False,0,0,0,0,0.02,monte_carlo_run_534_seed_576.log
535,18,1,-1,-1,-1,1,577,3101,0.057,0.85,False,Solitudine / Nessun Contatto,,,Nessuna,2,0,2,0.0,2,2,2,2,0,0,0,0,0,0,0,0,8500.0,6,1.0,1.0,0.0,False,0,0,1,1,0.04,monte_carlo_run_535_seed_577.log
536,18,1,-1,-1,-1,1,578,3101,0.105,1.73,False,Solitudine / Nessun Contatto,,,Nessuna,1,0,1,0.0,1,1,1,1,0,0,0,0,0,0,0,0,8500.0,2,1.0,1.0,0.0,False,0,0,0,0,0.02,monte_carlo_run_536_seed_578.log
537,18,1,-1,-1,-1,1,579,3101,0.138,2.66,False,Solitudine / Nessun Contatto,,,Nessuna,3,0,3,4.2,1,1,1,1,0,0,0,0,0,0,0,0,8500.0,2,1.011,1.011,0.0,False,1,0,0,0,138.1,monte_carlo_run_537_seed_579.log
538,18,1,-1,-1,-1,1,580,3101,0.103,2.0,False,Solitudine / Nessun Contatto,,,Nessuna,2,0,2,0.0,2,2,2,2,0,0,0,0,0,0,0,0,8500.0,6,1.0,1.0,0.0,False,0,0,1,1,0.04,monte_carlo_run_538_seed_580.log
539,18,1,-1,-1,-1,1,581,3101,0.085,1.51,False,Solitudine / Nessun Contatto,,,Nessuna,4,0,4,0.0,2,2,2,2,0,0,0,0,0,0,0,0,8500.0,6,1.021,1.021,0.0,False,0,0,1,1,76.56,monte_carlo_run_539_seed_581.log
540,18,1,-1,-1,-1,1,582,3101,0.089,1.65,False,Solitudine / Nessun Contatto,,,Nessuna,2,0,2,0.0,2,2,2,2,0,0,0,0,0,0,0,0,8500.0,5,1.0,1.0,0.0,False,0,0,1,1,0.04,monte_carlo_run_540_seed_582.log
541,19,1,-1,-1,1,-1,583,3101,0.063,1.15,False,Solitudine / Nessun Contatto,,,Nessuna,1,0,1,0.0,1,1,1,1,0,0,0,0,0,0,0,0,8500.0,2,1.0,1.0,0.0,False,0,0,0,0,0.02,monte_carlo_run_541_seed_583.log
542,19,1,-1,-1,1,-1,584,3101,0.132,2.42,False,Solitudine / Nessun Contatto,,,Nessuna,1,0,1,0.0,3,3,3,0,3,0,0,0,0,0,0,0,8500.0,1,0.97,0.97,0.0,False,0,0,0,3,0.02,monte_carlo_run_542_seed_584.log
543,19,1,-1,-1,1,-1,585,3101,0.066,1.59,False,Solitudine / Nessun Contatto,,,Nessuna,1,0,1,0.0,1,1,1,1,0,0,0,0,0,0,0,0,8500.0,2,1.0,1.0,0.0,False,0,0,0,0,0.02,monte_carlo_run_543_seed_585.log
544,19,1,-1,-1,1,-1,586,3101,0.058,1.24,False,Solitudine / Nessun Contatto,,,Nessuna,1,0,1,0.0,1,1,1,1,0,0,0,0,0,0,0,0,8500.0,2,1.0,1.0,0.0,False,0,0,0,0,0.02,monte_carlo_run_544_seed_586.log
545,19,1,-1,-1,1,-1,587,3101,0.106,2.17,False,Solitudine / Nessun Contatto,,,Nessuna,1,0,1,0.0,1,1,1,1,0,0,0,0,0,0,0,0,8500.0,2,1.0,1.0,0.0,False,0,0,0,0,0.02,monte_carlo_run_545_seed_587.log
546,19,1,-1,-1,1,-1,588,3101,0.133,2.15,False,Solitudine / Nessun Contatto,,,Nessuna,2,0,2,1.37,2,2,2,0,2,0,0,0,0,0,0,0,8500.0,1,0.864,0.864,0.0,False,0,0,0,1,41.29,monte_carlo_run_546_seed_588.log
547,19,1,-1,-1,1,-1,589,3101,0.119,2.57,False,Solitudine / Nessun Contatto,,,Nessuna,1,0,1,0.0,2,2,2,1,1,0,0,0,0,0,0,0,8500.0,2,1.0,1.0,0.0,False,0,0,0,1,0.02,monte_carlo_run_547_seed_589.log
548,19,1,-1,-1,1,-1,590,3101,0.146,2.98,False,Solitudine / Nessun Contatto,,,Nessuna,7,0,7,5.67,2,2,1,1,0,1,1,1,0,0,0,0,8501.0,2,1.104,0.917,-0.1873,False,4,0,0,0,488.54,monte_carlo_run_548_seed_590.log
549,19,1,-1,-1,1,-1,591,3101,0.082,1.15,False,Solitudine / Nessun Contatto,,,Nessuna,1,0,1,0.0,2,2,2,1,1,0,0,0,0,0,0,0,8500.0,2,1.0,1.0,0.0,False,0,0,1,1,0.02,monte_carlo_run_549_seed_591.log
550,19,1,-1,-1,1,-1,592,3101,0.094,1.53,False,Solitudine / Nessun Contatto,,,Nessuna,2,0,2,1.33,1,1,1,1,0,0,0,0,0,0,0,0,8500.0,2,1.001,1.001,0.0,False,0,0,0,0,56.55,monte_carlo_run_550_seed_592.log
551,19,1,-1,-1,1,-1,593,3101,0.131,3.06,False,Solitudine / Nessun Contatto,,,Nessuna,5,0,5,3.57,1,1,1,1,0,0,0,0,0,0,0,0,8500.0,2,1.07,1.07,0.0,False,3,0,0,0,397.59,monte_carlo_run_551_seed_593.log
552,19,1,-1,-1,1,-1,594,3101,0.135,2.42,False,Solitudine / Nessun Contatto,,,Nessuna,1,0,1,0.0,1,1,1,1,0,0,0,0,0,0,0,0,8500.0,2,1.0,1.0,0.0,False,0,0,0,0,0.02,monte_carlo_run_552_seed_594.log
553,19,1,-1,-1,1,-1,595,3101,0.123,2.48,False,Solitudine / Nessun Contatto,,,Nessuna,1,0,1,0.0,2,2,2,1,1,0,0,0,0,0,0,0,8500.0,2,1.0,1.0,0.0,False,0,0,1,1,0.02,monte_carlo_run_553_seed_595.log
554,19,1,-1,-1,1,-1,596,3101,0.131,3.16,False,Solitudine / Nessun Contatto,,,Nessuna,1,0,1,0.0,2,2,2,0,2,0,0,0,0,0,0,0,8500.0,1,0.985,0.985,0.0,False,0,0,0,1,0.02,monte_carlo_run_554_seed_596.log
555,19,1,-1,-1,1,-1,597,3101,0.096,1.59,False,Solitudine / Nessun Contatto,,,Nessuna,2,0,2,0.72,1,1,1,1,0,0,0,0,0,0,0,0,8500.0,2,1.001,1.001,0.0,False,0,0,0,0,30.17,monte_carlo_run_555_seed_597.log
556,19,1,-1,-1,1,-1,598,3101,0.132,3.21,False,Solitudine / Nessun Contatto,,,Nessuna,2,0,2,1.96,1,1,1,1,0,0,0,0,0,0,0,0,8500.0,2,1.002,1.002,0.0,False,0,0,0,0,67.1,monte_carlo_run_556_seed_598.log
557,19,1,-1,-1,1,-1,599,3101,0.107,2.43,False,Solitudine / Nessun Contatto,,,Nessuna,4,0,4,2.59,1,1,1,1,0,0,0,0,0,0,0,0,8500.0,2,1.02,1.02,0.0,False,1,0,0,0,251.17,monte_carlo_run_557_seed_599.log
558,19,1,-1,-1,1,-1,600,3101,0.144,2.39,False,Solitudine / Nessun Contatto,,,Nessuna,3,0,3,3.53,2,2,2,1,1,0,0,0,0,0,0,0,8500.0,2,1.036,1.036,0.0,False,1,0,1,1,117.07,monte_carlo_run_558_seed_600.log
559,19,1,-1,-1,1,-1,601,3101,0.075,1.58,False,Solitudine / Nessun Contatto,,,Nessuna,1,0,1,0.0,1,1,1,1,0,0,0,0,0,0,0,0,8500.0,2,1.0,1.0,0.0,False,0,0,0,0,0.02,monte_carlo_run_559_seed_601.log
560,19,1,-1,-1,1,-1,602,3101,0.125,3.05,False,Solitudine / Nessun Contatto,,,Nessuna,2,0,2,2.61,1,1,1,1,0,0,0,0,0,0,0,0,8500.0,2,1.002,1.002,0.0,False,0,0,0,0,90.57,monte_carlo_run_560_seed_602.log
561,19,1,-1,-1,1,-1,603,3101,0.053,1.3,False,Solitudine / Nessun Contatto,,,Nessuna,1,0,1,0.0,1,1,1,1,0,0,0,0,0,0,0,0,8500.0,2,1.0,1.0,0.0,False,0,0,0,0,0.02,monte_carlo_run_561_seed_603.log
562,19,1,-1,-1,1,-1,604,3101,0.143,2.84,False,Solitudine / Nessun Contatto,,,Nessuna,2,0,2,2.37,2,2,2,0,2,0,0,0,0,0,0,0,8500.0,1,0.827,0.827,0.0,False,0,0,0,1,66.43,monte_carlo_run_562_seed_604.log
563,19,1,-1,-1,1,-1,605,3101,0.12,2.35,False,Solitudine / Nessun Contatto,,,Nessuna,1,0,1,0.0,3,3,3,0,3,0,0,0,0,0,0,0,8500.0,1,0.97,0.97,0.0,False,0,0,0,3,0.02,monte_carlo_run_563_seed_605.log
564,19,1,-1,-1,1,-1,606,3101,0.146,2.29,False,Solitudine / Nessun Contatto,,,Nessuna,1,0,1,0.0,1,1,1,1,0,0,0,0,0,0,0,0,8500.0,2,1.0,1.0,0.0,False,0,0,0,0,0.02,monte_carlo_run_564_seed_606.log
565,19,1,-1,-1,1,-1,607,3101,0.108,1.55,False,Solitudine / Nessun Contatto,,,Nessuna,1,0,1,0.0,2,2,2,1,1,0,0,0,0,0,0,0,8500.0,2,1.0,1.0,0.0,False,0,0,0,1,0.02,monte_carlo_run_565_seed_607.log
566,19,1,-1,-1,1,-1,608,3101,0.091,2.17,False,Solitudine / Nessun Contatto,,,Nessuna,2,0,2,1.1,2,2,2,1,1,0,0,0,0,0,0,0,8500.0,2,1.015,1.015,0.0,False,0,0,1,1,48.19,monte_carlo_run_566_seed_608.log
567,19,1,-1,-1,1,-1,609,3101,0.054,0.66,False,Solitudine / Nessun Contatto,,,Nessuna,1,0,1,0.0,1,1,1,1,0,0,0,0,0,0,0,0,8500.0,2,1.0,1.0,0.0,False,0,0,0,0,0.02,monte_carlo_run_567_seed_609.log
568,19,1,-1,-1,1,-1,610,3101,0.063,1.08,False,Solitudine / Nessun Contatto,,,Nessuna,1,0,1,0.0,1,1,1,1,0,0,0,0,0,0,0,0,8500.0,2,1.0,1.0,0.0,False,0,0,0,0,0.02,monte_carlo_run_568_seed_610.log
569,19,1,-1,-1,1,-1,611,3101,0.123,1.51,False,Solitudine / Nessun Contatto,,,Nessuna,1,0,1,0.0,1,1,1,1,0,0,0,0,0,0,0,0,8500.0,2,1.0,1.0,0.0,False,0,0,0,0,0.02,monte_carlo_run_569_seed_611.log
570,19,1,-1,-1,1,-1,612,3101,0.142,2.14,False,Solitudine / Nessun Contatto,,,Nessuna,1,0,1,0.0,1,1,1,1,0,0,0,0,0,0,0,0,8500.0,2,1.0,1.0,0.0,False,0,0,0,0,0.02,monte_carlo_run_570_seed_612.log
571,20,1,-1,-1,1,1,613,3101,0.096,1.57,False,Solitudine / Nessun Contatto,,,Nessuna,1,0,1,0.0,1,1,1,1,0,0,0,0,0,0,0,0,8500.0,2,1.0,1.0,0.0,False,0,0,0,0,0.02,monte_carlo_run_571_seed_613.log
572,20,1,-1,-1,1,1,614,3101,0.072,0.98,False,Solitudine / Nessun Contatto,,,Nessuna,2,0,2,0.0,2,2,2,2,0,0,0,0,0,0,0,0,8500.0,6,1.0,1.0,0.0,False,0,0,1,1,0.04,monte_carlo_run_572_seed_614.log
573,20,1,-1,-1,1,1,615,3101,0.099,1.44,False,Solitudine / Nessun Contatto,,,Nessuna,1,0,1,0.0,1,1,1,1,0,0,0,0,0,0,0,0,8500.0,2,1.0,1.0,0.0,False,0,0,0,0,0.02,monte_carlo_run_573_seed_615.log
574,20,1,-1,-1,1,1,616,3101,0.114,1.61,False,Solitudine / Nessun Contatto,,,Nessuna,1,0,1,0.0,1,1,1,1,0,0,0,0,0,0,0,0,8500.0,2,1.0,1.0,0.0,False,0,0,0,0,0.02,monte_carlo_run_574_seed_616.log
575,20,1,-1,-1,1,1,617,3101,0.123,1.48,False,Solitudine / Nessun Contatto,,,Nessuna,2,0,2,1.22,1,1,1,1,0,0,0,0,0,0,0,0,8500.0,2,1.001,1.001,0.0,False,0,0,0,0,42.52,monte_carlo_run_575_seed_617.log
576,20,1,-1,-1,1,1,618,3101,0.108,2.49,False,Solitudine / Nessun Contatto,,,Nessuna,1,0,1,0.0,1,1,1,1,0,0,0,0,0,0,0,0,8500.0,2,1.0,1.0,0.0,False,0,0,0,0,0.02,monte_carlo_run_576_seed_618.log
577,20,1,-1,-1,1,1,619,3101,0.14,3.09,False,Solitudine / Nessun Contatto,,,Nessuna,3,0,3,3.25,1,1,1,1,0,0,0,0,0,0,0,0,8500.0,2,1.011,1.011,0.0,False,1,0,0,0,146.04,monte_carlo_run_577_seed_619.log
578,20,1,-1,-1,1,1,620,3101,0.069,1.6,False,Solitudine / Nessun Contatto,,,Nessuna,4,0,4,1.06,3,3,3,3,0,0,0,0,0,0,0,0,8500.0,9,1.002,1.002,0.0,False,0,0,0,2,61.73,monte_carlo_run_578_seed_620.log
579,20,1,-1,-1,1,1,621,3101,0.055,0.69,False,Solitudine / Nessun Contatto,,,Nessuna,1,0,1,0.0,1,1,1,1,0,0,0,0,0,0,0,0,8500.0,2,1.0,1.0,0.0,False,0,0,0,0,0.02,monte_carlo_run_579_seed_621.log
580,20,1,-1,-1,1,1,622,3101,0.062,1.49,False,Solitudine / Nessun Contatto,,,Nessuna,2,0,2,0.0,2,2,2,2,0,0,0,0,0,0,0,0,8500.0,6,1.0,1.0,0.0,False,0,0,0,1,0.04,monte_carlo_run_580_seed_622.log
581,20,1,-1,-1,1,1,623,3101,0.086,1.81,False,Solitudine / Nessun Contatto,,,Nessuna,1,0,1,0.0,1,1,1,1,0,0,0,0,0,0,0,0,8500.0,2,1.0,1.0,0.0,False,0,0,0,0,0.02,monte_carlo_run_581_seed_623.log
582,20,1,-1,-1,1,1,624,3101,0.14,2.01,False,Solitudine / Nessun Contatto,,,Nessuna,2,0,2,1.96,1,1,1,1,0,0,0,0,0,0,0,0,8500.0,2,1.002,1.002,0.0,False,0,0,0,0,66.33,monte_carlo_run_582_seed_624.log
583,20,1,-1,-1,1,1,625,3101,0.058,1.1,False,Solitudine / Nessun Contatto,,,Nessuna,2,0,2,0.0,2,2,2,2,0,0,0,0,0,0,0,0,8500.0,6,1.0,1.0,0.0,False,0,0,0,1,0.04,monte_carlo_run_583_seed_625.log
584,20,1,-1,-1,1,1,626,3101,0.093,1.74,False,Solitudine / Nessun Contatto,,,Nessuna,2,0,2,0.0,2,2,2,2,0,0,0,0,0,0,0,0,8500.0,6,1.0,1.0,0.0,False,0,0,0,1,0.04,monte_carlo_run_584_seed_626.log
585,20,1,-1,-1,1,1,627,3101,0.061,1.27,False,Solitudine / Nessun Contatto,,,Nessuna,1,0,1,0.0,1,1,1,1,0,0,0,0,0,0,0,0,8500.0,2,1.0,1.0,0.0,False,0,0,0,0,0.02,monte_carlo_run_585_seed_627.log
586,20,1,-1,-1,1,1,628,3101,0.071,1.68,False,Solitudine / Nessun Contatto,,,Nessuna,3,0,3,1.22,1,1,1,1,0,0,0,0,0,0,0,0,8500.0,2,1.003,1.003,0.0,False,0,0,0,0,118.89,monte_carlo_run_586_seed_628.log
587,20,1,-1,-1,1,1,629,3101,0.075,1.51,False,Solitudine / Nessun Contatto,,,Nessuna,3,0,3,0.0,3,3,3,3,0,0,0,0,0,0,0,0,8500.0,10,1.001,1.001,0.0,False,0,0,2,2,0.06,monte_carlo_run_587_seed_629.log
588,20,1,-1,-1,1,1,630,3101,0.137,3.27,False,Solitudine / Nessun Contatto,,,Nessuna,2,0,2,2.85,1,1,1,1,0,0,0,0,0,0,0,0,8500.0,2,1.002,1.002,0.0,False,0,0,0,0,96.81,monte_carlo_run_588_seed_630.log
589,20,1,-1,-1,1,1,631,3101,0.092,1.8,False,Solitudine / Nessun Contatto,,,Nessuna,1,0,1,0.0,1,1,1,1,0,0,0,0,0,0,0,0,8500.0,2,1.0,1.0,0.0,False,0,0,0,0,0.02,monte_carlo_run_589_seed_631.log
590,20,1,-1,-1,1,1,632,3101,0.115,2.18,False,Solitudine / Nessun Contatto,,,Nessuna,4,0,4,0.0,3,3,3,3,0,0,0,0,0,0,0,0,8500.0,8,1.017,1.017,0.0,False,0,0,2,2,39.29,monte_carlo_run_590_seed_632.log
591,20,1,-1,-1,1,1,633,3101,0.063,1.35,False,Solitudine / Nessun Contatto,,,Nessuna,1,0,1,0.0,1,1,1,1,0,0,0,0,0,0,0,0,8500.0,2,1.0,1.0,0.0,False,0,0,0,0,0.02,monte_carlo_run_591_seed_633.log
592,20,1,-1,-1,1,1,634,3101,0.076,1.12,False,Solitudine / Nessun Contatto,,,Nessuna,2,0,2,0.99,1,1,1,1,0,0,0,0,0,0,0,0,8500.0,2,1.001,1.001,0.0,False,0,0,0,0,52.26,monte_carlo_run_592_seed_634.log
593,20,1,-1,-1,1,1,635,3101,0.133,2.29,False,Solitudine / Nessun Contatto,,,Nessuna,4,0,4,1.52,2,2,2,2,0,0,0,0,0,0,0,0,8500.0,6,1.022,1.022,0.0,False,0,0,1,1,71.54,monte_carlo_run_593_seed_635.log
594,20,1,-1,-1,1,1,636,3101,0.1,2.09,False,Solitudine / Nessun Contatto,,,Nessuna,1,0,1,0.0,1,1,1,1,0,0,0,0,0,0,0,0,8500.0,2,1.0,1.0,0.0,False,0,0,0,0,0.02,monte_carlo_run_594_seed_636.log
595,20,1,-1,-1,1,1,637,3101,0.059,1.06,False,Solitudine / Nessun Contatto,,,Nessuna,1,0,1,0.0,1,1,1,1,0,0,0,0,0,0,0,0,8500.0,2,1.0,1.0,0.0,False,0,0,0,0,0.02,monte_carlo_run_595_seed_637.log
596,20,1,-1,-1,1,1,638,3101,0.124,2.52,False,Solitudine / Nessun Contatto,,,Nessuna,6,0,6,2.71,2,2,2,2,0,0,0,0,0,0,0,0,8500.0,6,1.169,1.169,0.0,False,3,0,1,1,402.9,monte_carlo_run_596_seed_638.log
597,20,1,-1,-1,1,1,639,3101,0.076,1.24,False,Solitudine / Nessun Contatto,,,Nessuna,1,0,1,0.0,1,1,1,1,0,0,0,0,0,0,0,0,8500.0,2,1.0,1.0,0.0,False,0,0,0,0,0.02,monte_carlo_run_597_seed_639.log
598,20,1,-1,-1,1,1,640,3101,0.138,1.67,False,Solitudine / Nessun Contatto,,,Nessuna,2,0,2,1.6,1,1,1,1,0,0,0,0,0,0,0,0,8500.0,2,1.002,1.002,0.0,False,0,0,0,0,54.2,monte_carlo_run_598_seed_640.log
599,20,1,-1,-1,1,1,641,3101,0.092,1.21,False,Solitudine / Nessun Contatto,,,Nessuna,1,0,1,0.0,1,1,1,1,0,0,0,0,0,0,0,0,8500.0,2,1.0,1.0,0.0,False,0,0,0,0,0.02,monte_carlo_run_599_seed_641.log
600,20,1,-1,-1,1,1,642,3101,0.101,1.44,False,Solitudine / Nessun Contatto,,,Nessuna,1,0,1,0.0,1,1,1,1,0,0,0,0,0,0,0,0,8500.0,2,1.0,1.0,0.0,False,0,0,0,0,0.02,monte_carlo_run_600_seed_642.log
601,21,1,-1,1,-1,-1,643,3101,0.437,9.96,True,Incontro Flotta Deep-Space,152.02,0.0,Neutrale,12,0,123,33.15,23,19,3,1,2,20,13,13,0,10,5,2,8573.65,37,1.6,1.6,0.0,False,100,0,43,47,1000.81,monte_carlo_run_601_seed_643.log
602,21,1,-1,1,-1,-1,644,3101,0.242,5.5,True,Incontro Flotta Deep-Space,111.71,0.0,Collaborativa,5,0,42,14.33,11,8,3,2,0,8,2,2,0,2,1,1,8512.73,15,1.093,1.479,0.386,True,32,0,12,16,1005.5,monte_carlo_run_602_seed_644.log
603,21,1,-1,1,-1,-1,645,3101,0.31,7.17,True,Incontro Flotta Deep-Space,117.77,0.0,Diffidente,10,0,94,11.78,28,20,4,1,1,22,5,5,0,5,4,1,8534.93,50,1.233,1.6,0.3668,True,65,0,60,100,1001.2,monte_carlo_run_603_seed_645.log
604,21,1,-1,1,-1,-1,646,3101,0.446,8.59,True,Contatto Planetario / Biofirme,106.8,13.67,Collaborativa,8,0,152,18.61,37,33,5,3,2,31,12,12,0,5,1,4,8540.03,59,1.253,1.6,0.3469,True,115,0,77,97,1000.03,monte_carlo_run_604_seed_646.log
605,21,1,-1,1,-1,-1,647,3101,0.508,9.67,True,Contatto Planetario / Biofirme,196.52,14.83,Diffidente,27,0,177,27.52,27,20,2,2,0,25,13,13,0,9,7,1,8563.6,45,1.382,1.6,0.2179,True,148,0,37,53,1001.63,monte_carlo_run_605_seed_647.log
606,21,1,-1,1,-1,-1,648,3101,0.593,14.01,True,Contatto Planetario / Biofirme,12.11,7.18,Diffidente,2,0,250,29.73,52,38,5,3,2,46,20,20,0,13,11,1,8583.5,92,1.6,1.6,0.0,False,190,0,78,139,1000.03,monte_carlo_run_606_seed_648.log
607,21,1,-1,1,-1,-1,649,3101,0.366,6.76,True,Incontro Flotta Deep-Space,149.07,6.44,Collaborativa,10,1,138,22.83,39,31,6,2,3,32,11,11,0,8,6,1,8544.54,47,1.407,1.463,0.0561,True,99,0,38,93,1000.12,monte_carlo_run_607_seed_649.log
608,21,1,-1,1,-1,-1,650,3101,0.322,5.13,True,Incontro Flotta Deep-Space,233.51,6.89,Ostile,15,0,101,16.76,14,11,4,3,1,9,2,2,0,2,2,0,8511.78,27,1.171,1.45,0.279,True,84,0,13,29,1000.08,monte_carlo_run_608_seed_650.log
609,21,1,-1,1,-1,-1,651,3101,0.542,11.24,True,Incontro Flotta Deep-Space,90.77,0.0,Diffidente,7,1,185,31.83,43,33,2,1,1,40,22,22,0,16,8,6,8598.24,77,1.145,1.6,0.455,True,138,0,131,176,1000.38,monte_carlo_run_609_seed_651.log
610,21,1,-1,1,-1,-1,652,3101,0.485,10.66,True,Contatto Planetario / Biofirme,180.21,16.37,Cauta,26,2,268,32.02,64,46,6,2,3,55,29,29,0,16,7,8,8625.64,100,1.127,1.6,0.4734,True,194,0,165,217,1000.73,monte_carlo_run_610_seed_652.log
611,21,1,-1,1,-1,-1,653,3101,0.589,11.54,True,Incontro Flotta Deep-Space,92.39,0.0,Collaborativa,6,1,148,22.62,33,20,8,2,5,23,11,11,0,6,6,0,8546.59,52,1.6,1.583,-0.017,False,113,0,56,72,1000.09,monte_carlo_run_611_seed_653.log
612,21,1,-1,1,-1,-1,654,3101,0.516,10.12,True,Contatto Planetario / Biofirme,202.23,13.43,Ostile,14,1,160,24.05,47,35,5,1,4,41,13,13,0,5,1,3,8546.77,63,1.6,1.6,0.0,False,109,0,66,90,1000.78,monte_carlo_run_612_seed_654.log
613,21,1,-1,1,-1,-1,655,3101,0.529,8.67,True,Incontro Flotta Deep-Space,117.61,10.73,Diffidente,10,1,188,33.1,59,47,10,2,6,46,23,23,0,13,6,6,8608.23,88,1.44,1.6,0.1597,True,127,0,166,210,1000.57,monte_carlo_run_613_seed_655.log
614,21,1,-1,1,-1,-1,656,3101,0.316,6.5,True,Incontro Flotta Deep-Space,196.1,9.9,Diffidente,11,0,115,17.3,19,16,3,1,1,16,9,9,0,6,4,1,8535.77,34,1.326,1.6,0.2738,True,95,0,46,52,1000.41,monte_carlo_run_614_seed_656.log
615,21,1,-1,1,-1,-1,657,3101,0.509,11.67,True,Incontro Flotta Deep-Space,96.15,6.71,Collaborativa,10,0,189,32.09,43,33,5,1,4,38,18,18,0,11,8,3,8573.0,71,0.89,1.6,0.7101,True,139,0,80,115,1000.02,monte_carlo_run_615_seed_657.log
616,21,1,-1,1,-1,-1,658,3101,0.364,4.85,True,Incontro Flotta Deep-Space,457.62,3.23,Neutrale,20,0,47,17.77,11,8,2,1,1,9,9,9,0,4,2,2,8523.12,10,1.143,1.377,0.2333,True,35,0,7,8,1003.27,monte_carlo_run_616_seed_658.log
617,21,1,-1,1,-1,-1,659,3101,0.54,10.45,True,Incontro Flotta Deep-Space,122.89,12.88,Collaborativa,11,0,150,24.85,31,27,3,1,2,28,22,22,0,17,5,10,8616.94,64,1.087,1.6,0.5134,True,115,0,121,141,1000.49,monte_carlo_run_617_seed_659.log
618,21,1,-1,1,-1,-1,660,3101,0.539,10.45,True,Contatto Planetario / Biofirme,16.15,5.79,Collaborativa,4,1,27,10.55,6,5,5,2,3,0,0,0,0,0,0,0,8500.0,4,1.461,1.461,0.0,False,20,0,0,0,1003.68,monte_carlo_run_618_seed_660.log
619,21,1,-1,1,-1,-1,661,3101,0.21,3.3,False,Solitudine / Nessun Contatto,,,Nessuna,1,0,1,0.0,1,1,1,1,0,0,0,0,0,0,0,0,8500.0,2,1.0,1.0,0.0,False,0,0,0,0,0.02,monte_carlo_run_619_seed_661.log
620,21,1,-1,1,-1,-1,662,3101,0.212,3.3,True,Contatto Planetario / Biofirme,4.9,1.04,Cauta,2,0,3,1.59,2,2,2,2,0,0,0,0,0,0,0,0,8500.0,2,1.006,1.006,0.0,False,1,0,0,0,80.12,monte_carlo_run_620_seed_662.log
621,21,1,-1,1,-1,-1,663,3101,0.361,7.05,True,Contatto Planetario / Biofirme,966.87,9.08,Cauta,25,0,29,14.36,5,4,2,1,1,3,3,3,0,0,0,0,8500.89,4,1.551,0.913,-0.6377,False,23,0,0,0,1003.43,monte_carlo_run_621_seed_663.log
622,21,1,-1,1,-1,-1,664,3101,0.534,10.47,True,Contatto Planetario / Biofirme,18.1,5.53,Ostile,3,2,195,27.56,32,22,5,2,2,23,18,18,0,15,12,3,8600.33,58,1.147,1.6,0.453,True,157,0,93,120,1000.83,monte_carlo_run_622_seed_664.log
623,21,1,-1,1,-1,-1,665,3101,0.31,7.38,True,Incontro Flotta Deep-Space,233.45,10.63,Ostile,27,0,170,14.49,39,32,5,3,2,34,14,14,0,12,11,1,8566.81,84,1.6,1.6,0.0,False,129,0,192,253,1000.04,monte_carlo_run_623_seed_665.log
624,21,1,-1,1,-1,-1,666,3101,0.57,11.59,True,Contatto Planetario / Biofirme,120.61,16.69,Collaborativa,8,0,276,30.09,53,38,6,1,2,47,26,26,0,17,13,3,8630.64,86,1.6,1.6,0.0,False,215,0,86,135,1000.04,monte_carlo_run_624_seed_666.log
625,21,1,-1,1,-1,-1,667,3101,0.508,9.52,True,Incontro Flotta Deep-Space,129.02,0.0,Collaborativa,8,1,290,25.92,65,58,4,3,0,59,18,18,0,13,6,5,8572.93,119,1.472,1.6,0.1279,True,216,0,119,215,1000.28,monte_carlo_run_625_seed_667.log
626,21,1,-1,1,-1,-1,668,3101,0.507,8.26,True,Incontro Flotta Deep-Space,96.51,0.0,Neutrale,10,1,149,27.91,27,21,3,1,2,23,16,16,0,9,3,5,8555.36,43,1.176,1.6,0.4237,True,118,0,57,70,1000.71,monte_carlo_run_626_seed_668.log
627,21,1,-1,1,-1,-1,669,3101,0.575,9.88,True,Contatto Planetario / Biofirme,19.23,6.58,Ostile,3,0,179,20.28,46,40,6,0,2,40,12,12,0,9,9,0,8550.07,83,0.845,1.6,0.755,True,133,0,91,180,1000.33,monte_carlo_run_627_seed_669.log
628,21,1,-1,1,-1,-1,670,3101,0.548,9.67,True,Contatto Planetario / Biofirme,24.79,12.2,Cauta,4,1,330,22.06,69,52,8,2,5,59,18,18,0,15,10,5,8605.57,134,1.353,1.6,0.2466,True,255,0,186,301,1000.1,monte_carlo_run_628_seed_670.log
629,21,1,-1,1,-1,-1,671,3101,0.479,5.84,True,Incontro Flotta Deep-Space,934.39,21.9,Ostile,78,0,85,25.67,14,11,1,1,0,13,10,10,0,3,2,0,8524.13,14,1.483,1.444,-0.0385,False,71,0,3,6,1000.65,monte_carlo_run_629_seed_671.log
630,21,1,-1,1,-1,-1,672,3101,0.389,4.97,True,Contatto Planetario / Biofirme,8.67,3.37,Collaborativa,2,0,49,14.81,12,12,3,1,2,9,6,6,0,3,1,2,8514.75,16,1.6,1.591,-0.0093,False,35,0,10,10,1000.99,monte_carlo_run_630_seed_672.log
631,22,1,-1,1,-1,1,673,3101,0.436,7.07,True,Incontro Flotta Deep-Space,792.6,14.21,Collaborativa,150,1,207,18.26,42,33,6,2,3,35,3,3,0,2,2,0,8514.63,89,1.129,1.055,-0.0745,False,161,0,93,167,1000.01,monte_carlo_run_631_seed_673.log
632,22,1,-1,1,-1,1,674,3101,0.511,12.31,True,Contatto Planetario / Biofirme,13.2,4.83,Diffidente,8,0,501,32.53,118,84,8,2,4,104,8,8,0,7,7,0,8536.03,254,1.519,1.6,0.0807,True,377,0,388,643,1000.0,monte_carlo_run_632_seed_674.log
633,22,1,-1,1,-1,1,675,3101,0.361,8.26,True,Incontro Flotta Deep-Space,132.24,0.0,Diffidente,7,0,331,17.67,84,62,4,1,2,79,7,7,0,5,4,0,8537.31,196,1.499,1.6,0.1009,True,237,0,322,535,1000.06,monte_carlo_run_633_seed_675.log
634,22,1,-1,1,-1,1,676,3101,0.552,8.72,True,Incontro Flotta Deep-Space,224.77,14.71,Diffidente,23,1,211,23.06,43,33,3,2,1,37,11,11,0,8,4,3,8552.84,68,1.001,1.6,0.5987,True,157,0,67,103,1000.4,monte_carlo_run_634_seed_676.log
635,22,1,-1,1,-1,1,677,3101,0.357,7.63,True,Incontro Flotta Deep-Space,245.26,5.88,Biosfera Primitiva,16,0,141,23.06,39,30,2,1,1,37,8,8,0,3,2,0,8516.42,75,1.266,1.584,0.318,True,93,0,51,142,1000.18,monte_carlo_run_635_seed_677.log
636,22,1,-1,1,-1,1,678,3101,0.534,7.27,True,Incontro Flotta Deep-Space,128.05,4.83,Neutrale,21,0,371,10.09,71,55,3,3,0,68,4,4,0,3,1,1,8519.52,197,1.6,1.6,0.0,False,292,0,356,483,1000.08,monte_carlo_run_636_seed_678.log
637,22,1,-1,1,-1,1,679,3101,0.214,5.07,True,Incontro Flotta Deep-Space,596.49,12.56,Diffidente,19,0,26,19.22,4,3,1,1,0,3,3,3,0,2,1,1,8513.66,8,1.571,1.396,-0.1742,False,19,0,3,3,1005.3,monte_carlo_run_637_seed_679.log
638,22,1,-1,1,-1,1,680,3101,0.357,6.16,True,Incontro Flotta Deep-Space,95.1,1.96,Diffidente,6,0,57,14.22,10,7,2,1,1,8,6,6,0,4,2,1,8524.22,19,1.6,1.59,-0.0098,False,46,0,15,15,1000.82,monte_carlo_run_638_seed_680.log
639,22,1,-1,1,-1,1,681,3101,0.468,6.09,True,Incontro Flotta Deep-Space,268.74,7.91,Ostile,74,0,256,18.78,52,39,6,4,2,45,4,4,0,3,3,0,8526.48,124,1.45,0.991,-0.4585,False,200,0,191,261,1000.37,monte_carlo_run_639_seed_681.log
640,22,1,-1,1,-1,1,682,3101,0.545,10.85,True,Incontro Flotta Deep-Space,101.71,8.71,Neutrale,10,0,267,22.62,54,45,4,1,3,50,14,14,0,9,6,2,8567.51,104,1.468,1.6,0.1322,True,205,0,143,198,1000.21,monte_carlo_run_640_seed_682.log
641,22,1,-1,1,-1,1,683,3101,0.33,7.83,True,Contatto Planetario / Biofirme,20.44,6.75,Predatoria,2,0,178,22.35,36,27,5,2,3,30,10,10,0,7,7,0,8545.64,61,1.434,1.484,0.0496,True,138,0,79,127,1000.34,monte_carlo_run_641_seed_683.log
642,22,1,-1,1,-1,1,684,3101,0.566,11.69,True,Incontro Flotta Deep-Space,118.48,7.8,Diffidente,10,0,103,13.68,16,13,2,1,1,14,6,6,0,5,3,2,8532.16,34,1.6,1.6,0.0,False,84,0,32,38,1000.33,monte_carlo_run_642_seed_684.log
643,22,1,-1,1,-1,1,685,3101,0.214,3.94,False,Solitudine / Nessun Contatto,,,Nessuna,2,0,2,0.48,1,1,1,1,0,0,0,0,0,0,0,0,8500.0,2,1.0,1.0,0.0,False,0,0,0,0,13.31,monte_carlo_run_643_seed_685.log
644,22,1,-1,1,-1,1,686,3101,0.593,9.42,True,Contatto Planetario / Biofirme,238.37,15.18,Cauta,23,0,221,18.39,42,28,5,1,4,36,10,10,0,4,1,2,8540.1,73,1.6,1.6,0.0,False,174,0,52,97,1000.08,monte_carlo_run_644_seed_686.log
645,22,1,-1,1,-1,1,687,3101,0.598,14.18,True,Incontro Flotta Deep-Space,96.23,0.0,Collaborativa,9,0,470,28.69,107,84,12,3,8,95,21,21,0,17,13,4,8603.13,218,1.6,1.6,0.0,False,354,0,272,496,1000.04,monte_carlo_run_645_seed_687.log
646,22,1,-1,1,-1,1,688,3101,0.349,7.23,True,Contatto Planetario / Biofirme,56.88,7.21,Ostile,4,0,79,13.21,18,14,4,1,2,11,2,2,0,2,2,0,8510.81,28,1.378,1.6,0.2221,True,58,0,23,37,1000.47,monte_carlo_run_646_seed_688.log
647,22,1,-1,1,-1,1,689,3101,0.375,5.76,True,Incontro Flotta Deep-Space,115.9,4.31,Diffidente,7,0,71,15.94,15,13,3,2,1,12,8,8,0,4,2,2,8530.0,21,1.6,1.6,0.0,False,55,0,7,15,1009.15,monte_carlo_run_647_seed_689.log
648,22,1,-1,1,-1,1,690,3101,0.307,6.41,True,Incontro Flotta Deep-Space,87.4,4.72,Biosfera Primitiva,10,0,131,15.26,24,18,7,2,2,17,7,7,0,7,7,0,8548.41,40,1.152,1.6,0.4483,True,105,0,59,79,1000.34,monte_carlo_run_648_seed_690.log
649,22,1,-1,1,-1,1,691,3101,0.533,13.14,True,Incontro Flotta Deep-Space,87.88,0.0,Collaborativa,7,1,279,32.28,52,42,4,2,2,47,12,12,0,9,8,1,8571.48,106,1.015,1.6,0.5849,True,219,0,127,209,1000.05,monte_carlo_run_649_seed_691.log
650,22,1,-1,1,-1,1,692,3101,0.239,4.63,False,Solitudine / Nessun Contatto,,,Nessuna,1,0,1,0.0,1,1,1,1,0,0,0,0,0,0,0,0,8500.0,2,1.0,1.0,0.0,False,0,0,0,0,0.02,monte_carlo_run_650_seed_692.log
651,22,1,-1,1,-1,1,693,3101,0.46,5.66,True,Incontro Flotta Deep-Space,335.91,10.27,Collaborativa,19,0,76,18.74,21,14,2,1,1,19,16,16,0,10,5,5,8581.86,32,1.101,1.481,0.3805,True,52,0,28,36,1000.39,monte_carlo_run_651_seed_693.log
652,22,1,-1,1,-1,1,694,3101,0.542,13.27,True,Incontro Flotta Deep-Space,89.51,12.26,Ostile,15,0,291,33.29,59,50,4,0,2,55,24,24,0,15,6,8,8589.12,103,0.855,1.6,0.7449,True,222,0,111,175,1000.07,monte_carlo_run_652_seed_694.log
653,22,1,-1,1,-1,1,695,3101,0.409,7.76,True,Incontro Flotta Deep-Space,9.85,4.03,Diffidente,5,0,216,11.61,41,30,4,3,1,35,2,2,0,1,1,0,8510.94,80,1.6,1.323,-0.2772,False,171,0,89,122,1000.03,monte_carlo_run_653_seed_695.log
654,22,1,-1,1,-1,1,696,3101,0.371,8.07,True,Incontro Flotta Deep-Space,203.29,8.15,Ostile,32,0,258,17.51,51,44,6,3,2,44,8,8,0,5,4,1,8539.12,97,1.49,1.6,0.1101,True,203,0,65,135,1000.43,monte_carlo_run_654_seed_696.log
655,22,1,-1,1,-1,1,697,3101,0.512,8.4,True,Incontro Flotta Deep-Space,79.92,5.91,Diffidente,12,0,292,21.44,69,47,6,3,3,59,12,12,0,7,7,0,8539.91,125,1.585,1.534,-0.0505,False,223,0,192,263,1000.37,monte_carlo_run_655_seed_697.log
656,22,1,-1,1,-1,1,698,3101,0.579,10.65,True,Incontro Flotta Deep-Space,130.73,9.57,Neutrale,43,0,279,24.89,54,39,8,3,4,44,11,11,0,8,6,2,8554.53,105,1.6,1.6,0.0,False,223,0,115,183,1000.92,monte_carlo_run_656_seed_698.log
657,22,1,-1,1,-1,1,699,3101,0.34,5.67,True,Incontro Flotta Deep-Space,99.98,0.0,Diffidente,6,0,105,15.24,16,11,1,1,0,15,5,5,0,5,5,0,8535.09,33,1.419,1.526,0.1069,True,88,0,31,44,1001.22,monte_carlo_run_657_seed_699.log
658,22,1,-1,1,-1,1,700,3101,0.339,5.41,True,Incontro Flotta Deep-Space,571.57,7.61,Collaborativa,60,0,68,14.23,10,9,2,2,0,7,0,0,0,0,0,0,8500.0,29,1.6,1.6,0.0,False,57,0,27,35,1000.57,monte_carlo_run_658_seed_700.log
659,22,1,-1,1,-1,1,701,3101,0.523,8.66,True,Incontro Flotta Deep-Space,80.55,3.97,Biosfera Primitiva,11,0,215,13.08,45,32,4,2,2,39,6,6,0,3,1,2,8527.16,93,1.508,1.6,0.0918,True,164,0,113,187,1000.07,monte_carlo_run_659_seed_701.log
660,22,1,-1,1,-1,1,702,3101,0.278,3.79,False,Solitudine / Nessun Contatto,,,Nessuna,4,0,4,4.02,2,1,1,1,0,1,1,1,0,0,0,0,8500.79,2,1.003,0.999,-0.0036,False,0,0,0,0,95.73,monte_carlo_run_660_seed_702.log
661,23,1,-1,1,1,-1,703,3101,0.348,8.48,True,Incontro Flotta Deep-Space,822.03,10.94,Diffidente,40,1,51,15.22,4,3,1,1,0,2,2,2,0,1,1,0,8506.43,5,1.6,1.163,-0.437,False,46,0,1,1,1003.4,monte_carlo_run_661_seed_703.log
662,23,1,-1,1,1,-1,704,3101,0.236,4.02,False,Solitudine / Nessun Contatto,,,Nessuna,28,0,28,15.27,2,2,2,1,1,0,0,0,0,0,0,0,8500.0,4,1.6,1.6,0.0,False,26,0,1,1,1000.68,monte_carlo_run_662_seed_704.log
663,23,1,-1,1,1,-1,705,3101,0.413,6.62,True,Incontro Flotta Deep-Space,352.42,9.09,Diffidente,20,0,88,20.5,7,5,1,1,0,6,6,6,0,4,1,2,8541.84,14,1.6,1.552,-0.0475,False,78,0,8,8,1000.01,monte_carlo_run_663_seed_705.log
664,23,1,-1,1,1,-1,706,3101,0.431,8.93,True,Contatto Planetario / Biofirme,680.05,10.94,Diffidente,40,0,78,22.64,10,7,3,2,1,7,6,6,0,3,0,2,8513.98,16,1.6,1.455,-0.145,False,68,0,12,14,1001.32,monte_carlo_run_664_seed_706.log
665,23,1,-1,1,1,-1,707,3101,0.448,7.3,True,Contatto Planetario / Biofirme,503.33,12.22,Collaborativa,25,0,61,16.24,4,4,3,3,0,1,1,1,0,0,0,0,8502.91,6,1.6,0.967,-0.633,False,54,0,1,1,1001.32,monte_carlo_run_665_seed_707.log
666,23,1,-1,1,1,-1,708,3101,0.522,7.75,True,Incontro Flotta Deep-Space,82.46,6.49,Collaborativa,6,0,69,19.1,6,5,3,2,0,3,1,1,0,1,1,0,8508.5,9,1.333,0.752,-0.5811,False,62,0,6,12,1002.27,monte_carlo_run_666_seed_708.log
667,23,1,-1,1,1,-1,709,3101,0.443,6.6,True,Contatto Planetario / Biofirme,285.77,21.16,Diffidente,16,0,70,26.27,6,6,4,4,0,2,2,2,0,2,2,0,8513.65,10,1.6,1.384,-0.2157,False,64,0,2,4,1001.26,monte_carlo_run_667_seed_709.log
668,23,1,-1,1,1,-1,710,3101,0.511,8.4,True,Incontro Flotta Deep-Space,544.3,12.22,Diffidente,29,1,53,16.13,4,2,1,1,0,2,2,2,0,1,1,0,8504.03,6,1.6,1.25,-0.3505,False,48,0,1,1,1004.77,monte_carlo_run_668_seed_710.log
669,23,1,-1,1,1,-1,711,3101,0.3,5.73,True,Incontro Flotta Deep-Space,414.0,9.67,Ostile,19,0,20,13.84,3,2,1,1,0,1,1,1,0,1,1,0,8506.3,4,1.135,0.21,-0.9253,False,17,0,1,2,1000.62,monte_carlo_run_669_seed_711.log
670,23,1,-1,1,1,-1,712,3101,0.375,5.61,True,Contatto Planetario / Biofirme,115.58,16.21,Predatoria,7,0,72,31.65,6,6,2,1,1,4,3,3,0,3,3,0,8518.15,14,1.6,1.585,-0.015,False,66,0,3,7,1001.73,monte_carlo_run_670_seed_712.log
671,23,1,-1,1,1,-1,713,3101,0.565,10.49,True,Incontro Flotta Deep-Space,177.42,7.54,Biosfera Primitiva,19,0,86,16.74,5,5,1,1,0,4,4,4,0,4,3,1,8527.56,16,1.563,1.6,0.0365,True,79,0,7,9,1001.05,monte_carlo_run_671_seed_713.log
672,23,1,-1,1,1,-1,714,3101,0.254,5.42,True,Incontro Flotta Deep-Space,491.04,14.18,Diffidente,24,0,28,21.59,2,2,2,2,0,0,0,0,0,0,0,0,8500.0,6,1.6,1.6,0.0,False,26,0,1,1,1003.22,monte_carlo_run_672_seed_714.log
673,23,1,-1,1,1,-1,715,3101,0.572,14.26,True,Contatto Planetario / Biofirme,76.68,16.7,Ostile,5,1,163,28.18,19,13,3,0,1,14,11,11,0,7,5,1,8545.39,22,0.72,1.6,0.88,True,144,0,14,22,1000.04,monte_carlo_run_673_seed_715.log
674,23,1,-1,1,1,-1,716,3101,0.429,9.78,True,Incontro Flotta Deep-Space,82.37,0.0,Neutrale,7,1,90,16.96,12,8,2,2,0,9,5,5,0,4,1,2,8522.53,21,1.306,1.6,0.2943,True,77,0,19,23,1000.46,monte_carlo_run_674_seed_716.log
675,23,1,-1,1,1,-1,717,3101,0.351,6.18,True,Incontro Flotta Deep-Space,369.86,6.9,Collaborativa,23,0,97,18.29,10,8,1,1,0,9,6,6,0,3,0,3,8518.09,15,1.6,1.6,0.0,False,84,0,7,7,1000.23,monte_carlo_run_675_seed_717.log
676,23,1,-1,1,1,-1,718,3101,0.28,4.33,True,Incontro Flotta Deep-Space,89.83,0.0,Neutrale,4,0,27,8.05,3,3,1,1,0,2,1,1,0,1,0,0,8505.42,9,1.426,0.983,-0.4437,False,21,0,2,3,1001.56,monte_carlo_run_676_seed_718.log
677,23,1,-1,1,1,-1,719,3101,0.533,7.1,True,Incontro Flotta Deep-Space,471.19,10.38,Diffidente,28,0,98,17.88,5,5,2,1,1,3,2,2,0,1,1,0,8506.47,8,1.6,1.323,-0.2771,False,91,0,4,5,1001.9,monte_carlo_run_677_seed_719.log
678,23,1,-1,1,1,-1,720,3101,0.589,14.39,True,Contatto Planetario / Biofirme,81.85,10.83,Ostile,4,0,234,24.86,28,17,4,1,3,24,16,16,0,11,7,3,8561.53,46,0.839,1.6,0.761,True,202,0,36,56,1000.62,monte_carlo_run_678_seed_720.log
679,23,1,-1,1,1,-1,721,3101,0.42,9.42,True,Incontro Flotta Deep-Space,647.8,12.49,Diffidente,64,0,115,25.97,10,9,3,3,0,7,5,5,0,2,1,1,8511.17,15,1.6,1.293,-0.3071,False,103,0,5,8,1000.16,monte_carlo_run_679_seed_721.log
680,23,1,-1,1,1,-1,722,3101,0.221,3.69,False,Solitudine / Nessun Contatto,,,Nessuna,6,0,6,5.0,1,1,1,1,0,0,0,0,0,0,0,0,8500.0,2,1.132,1.132,0.0,False,5,0,0,0,466.0,monte_carlo_run_680_seed_722.log
681,23,1,-1,1,1,-1,723,3101,0.459,8.5,True,Contatto Planetario / Biofirme,15.0,6.89,Ostile,2,0,91,18.62,13,9,3,1,1,10,9,9,0,5,5,0,8530.48,10,1.276,1.077,-0.199,False,78,0,12,24,1003.89,monte_carlo_run_681_seed_723.log
682,23,1,-1,1,1,-1,724,3101,0.501,12.23,True,Contatto Planetario / Biofirme,129.69,11.76,Cauta,12,0,235,29.72,26,22,4,2,2,21,15,15,0,9,3,6,8557.01,41,0.967,1.6,0.6328,True,203,0,29,47,1000.56,monte_carlo_run_682_seed_724.log
683,23,1,-1,1,1,-1,725,3101,0.326,5.07,False,Solitudine / Nessun Contatto,,,Nessuna,50,0,50,13.4,3,3,3,3,0,0,0,0,0,0,0,0,8500.0,8,1.6,1.6,0.0,False,44,0,3,3,1001.22,monte_carlo_run_683_seed_725.log
684,23,1,-1,1,1,-1,726,3101,0.584,8.6,True,Contatto Planetario / Biofirme,310.17,12.42,Diffidente,24,0,85,18.38,6,4,2,1,1,4,3,3,0,3,3,0,8513.83,12,1.6,1.518,-0.0825,False,79,0,6,10,1001.78,monte_carlo_run_684_seed_726.log
685,23,1,-1,1,1,-1,727,3101,0.275,5.04,True,Incontro Flotta Deep-Space,706.97,14.27,Neutrale,21,0,34,22.63,4,3,1,1,0,3,3,3,0,1,0,0,8518.54,6,1.55,1.302,-0.2476,False,27,0,1,1,1002.47,monte_carlo_run_685_seed_727.log
686,23,1,-1,1,1,-1,728,3101,0.579,14.0,True,Incontro Flotta Deep-Space,207.72,11.83,Diffidente,23,1,91,20.22,10,6,1,1,0,8,8,8,0,5,2,3,8536.98,19,1.6,1.6,0.0,False,80,0,10,11,1000.38,monte_carlo_run_686_seed_728.log
687,23,1,-1,1,1,-1,729,3101,0.422,7.46,True,Incontro Flotta Deep-Space,130.9,3.59,Collaborativa,9,0,32,14.36,5,4,2,2,0,3,3,3,0,2,1,1,8510.51,10,1.6,1.591,-0.009,False,27,0,3,3,1003.7,monte_carlo_run_687_seed_729.log
688,23,1,-1,1,1,-1,730,3101,0.512,11.1,True,Contatto Planetario / Biofirme,40.72,9.72,Collaborativa,3,0,99,18.28,10,9,4,2,2,6,4,4,0,4,2,2,8529.89,18,1.6,1.6,0.0,False,88,0,11,17,1001.96,monte_carlo_run_688_seed_730.log
689,23,1,-1,1,1,-1,731,3101,0.551,9.48,True,Incontro Flotta Deep-Space,392.59,4.35,Biosfera Primitiva,42,0,77,18.75,6,5,2,2,0,4,4,4,0,3,0,1,8517.99,12,1.6,1.6,0.0,False,71,0,4,5,1002.93,monte_carlo_run_689_seed_731.log
690,23,1,-1,1,1,-1,732,3101,0.592,13.83,True,Incontro Flotta Deep-Space,573.49,20.44,Diffidente,38,0,117,40.16,13,12,3,1,2,10,9,9,0,5,2,3,8543.08,20,1.6,1.492,-0.108,False,101,0,11,17,1000.6,monte_carlo_run_690_seed_732.log
691,24,1,-1,1,1,1,733,3101,0.306,4.32,False,Solitudine / Nessun Contatto,,,Nessuna,6,0,6,6.71,1,1,1,1,0,0,0,0,0,0,0,0,8500.0,2,1.036,1.036,0.0,False,3,0,0,0,228.73,monte_carlo_run_691_seed_733.log
692,24,1,-1,1,1,1,734,3101,0.215,4.52,False,Solitudine / Nessun Contatto,,,Nessuna,28,0,28,0.0,4,4,2,2,0,2,0,0,0,0,0,0,8500.0,10,1.254,1.254,0.0,False,24,0,2,3,1003.87,monte_carlo_run_692_seed_734.log
693,24,1,-1,1,1,1,735,3101,0.396,8.56,True,Contatto Planetario / Biofirme,652.29,16.92,Collaborativa,34,0,74,19.41,6,6,2,1,1,4,4,4,0,3,2,1,8516.6,10,0.994,1.449,0.4551,True,66,0,4,6,1000.32,monte_carlo_run_693_seed_735.log
694,24,1,-1,1,1,1,736,3101,0.575,12.84,True,Incontro Flotta Deep-Space,563.48,15.33,Collaborativa,70,0,116,22.01,6,4,2,2,0,4,0,0,0,0,0,0,8500.0,20,1.6,1.6,0.0,False,109,0,8,11,1001.64,monte_carlo_run_694_seed_736.log
695,24,1,-1,1,1,1,737,3101,0.242,5.23,False,Solitudine / Nessun Contatto,,,Nessuna,28,0,28,18.22,1,1,1,1,0,0,0,0,0,0,0,0,8500.0,4,1.573,1.573,0.0,False,26,0,0,0,1002.49,monte_carlo_run_695_seed_737.log
696,24,1,-1,1,1,1,738,3101,0.528,6.39,True,Incontro Flotta Deep-Space,264.19,2.58,Cauta,24,0,99,23.35,5,5,4,2,2,1,0,0,0,0,0,0,8500.0,8,1.6,1.6,0.0,False,93,0,1,1,1001.35,monte_carlo_run_696_seed_738.log
697,24,1,-1,1,1,1,739,3101,0.359,4.35,False,Solitudine / Nessun Contatto,,,Nessuna,17,0,17,12.58,1,1,1,1,0,0,0,0,0,0,0,0,8500.0,4,1.471,1.471,0.0,False,14,0,0,0,1000.41,monte_carlo_run_697_seed_739.log
698,24,1,-1,1,1,1,740,3101,0.5,12.05,True,Incontro Flotta Deep-Space,74.91,10.73,Collaborativa,18,0,189,14.54,19,16,4,2,1,14,3,3,0,3,2,1,8518.1,42,1.6,1.6,0.0,False,167,0,22,35,1000.67,monte_carlo_run_698_seed_740.log
699,24,1,-1,1,1,1,741,3101,0.541,11.31,True,Incontro Flotta Deep-Space,119.03,6.93,Ostile,23,0,136,13.01,10,7,2,1,0,8,5,5,0,3,2,1,8531.07,25,1.6,1.6,0.0,False,123,0,8,14,1000.13,monte_carlo_run_699_seed_741.log
700,24,1,-1,1,1,1,742,3101,0.573,11.7,True,Incontro Flotta Deep-Space,203.84,10.75,Collaborativa,28,1,204,28.43,20,18,1,1,0,18,12,12,0,11,6,5,8575.73,52,1.456,1.6,0.1435,True,182,0,34,57,1000.08,monte_carlo_run_700_seed_742.log
701,24,1,-1,1,1,1,743,3101,0.551,13.38,True,Contatto Planetario / Biofirme,455.9,20.14,Ostile,30,0,112,27.03,12,9,2,1,0,10,10,10,0,7,4,3,8538.3,22,1.542,1.485,-0.0569,False,97,0,9,14,1000.1,monte_carlo_run_701_seed_743.log
702,24,1,-1,1,1,1,744,3101,0.228,3.95,False,Solitudine / Nessun Contatto,,,Nessuna,60,0,60,10.44,5,3,2,1,0,2,0,0,0,0,0,0,8500.0,18,1.6,1.6,0.0,False,47,0,2,6,1000.39,monte_carlo_run_702_seed_744.log
703,24,1,-1,1,1,1,745,3101,0.566,11.1,True,Incontro Flotta Deep-Space,465.84,8.68,Neutrale,52,0,121,18.29,13,10,1,1,0,12,8,8,0,3,2,0,8523.18,17,1.229,1.574,0.3442,True,105,0,2,10,1001.61,monte_carlo_run_703_seed_745.log
704,24,1,-1,1,1,1,746,3101,0.462,11.37,True,Incontro Flotta Deep-Space,23.99,11.0,Diffidente,9,0,132,11.0,14,10,6,3,3,7,1,1,0,1,0,1,8509.32,33,1.6,1.6,0.0,False,115,0,16,24,1001.04,monte_carlo_run_704_seed_746.log
705,24,1,-1,1,1,1,747,3101,0.523,11.48,True,Contatto Planetario / Biofirme,38.19,9.49,Cauta,3,0,85,15.76,11,10,4,2,1,7,5,5,0,2,1,0,8515.65,16,1.6,1.6,0.0,False,73,0,5,9,1000.31,monte_carlo_run_705_seed_747.log
706,24,1,-1,1,1,1,748,3101,0.391,5.33,True,Incontro Flotta Deep-Space,423.5,19.25,Diffidente,24,0,48,24.18,3,2,1,1,0,2,2,2,0,1,1,0,8504.62,6,1.6,1.296,-0.3038,False,44,0,0,1,1002.62,monte_carlo_run_706_seed_748.log
707,24,1,-1,1,1,1,749,3101,0.274,5.28,True,Incontro Flotta Deep-Space,117.42,0.0,Diffidente,11,0,73,6.21,6,5,2,2,0,3,2,2,0,1,1,0,8508.33,14,1.504,1.6,0.096,True,65,0,3,4,1005.83,monte_carlo_run_707_seed_749.log
708,24,1,-1,1,1,1,750,3101,0.31,7.16,True,Contatto Planetario / Biofirme,9.71,3.01,Cauta,2,0,42,13.76,4,2,2,1,1,2,2,2,0,1,0,1,8509.52,6,1.6,1.35,-0.2503,False,38,0,1,1,1001.06,monte_carlo_run_708_seed_750.log
709,24,1,-1,1,1,1,751,3101,0.416,6.04,True,Incontro Flotta Deep-Space,261.07,7.7,Collaborativa,33,0,70,13.95,6,4,2,2,0,4,2,2,0,2,2,0,8509.47,18,1.6,1.501,-0.099,False,64,0,9,12,1000.71,monte_carlo_run_709_seed_751.log
710,24,1,-1,1,1,1,752,3101,0.543,9.65,True,Contatto Planetario / Biofirme,264.12,13.67,Diffidente,16,0,61,16.12,7,7,3,1,1,4,4,4,0,2,1,1,8522.04,8,1.6,1.259,-0.3407,False,51,0,3,3,1000.22,monte_carlo_run_710_seed_752.log
711,24,1,-1,1,1,1,753,3101,0.496,7.55,True,Incontro Flotta Deep-Space,189.67,0.0,Diffidente,16,0,53,13.41,5,3,1,1,0,4,3,3,0,1,1,0,8505.69,10,1.6,1.58,-0.0201,False,48,0,3,3,1000.18,monte_carlo_run_711_seed_753.log
712,24,1,-1,1,1,1,754,3101,0.495,6.16,True,Incontro Flotta Deep-Space,732.52,17.75,Biosfera Primitiva,89,0,119,21.08,9,8,3,2,0,6,3,3,0,2,2,0,8513.08,24,1.411,0.925,-0.4864,False,109,0,5,15,1000.66,monte_carlo_run_712_seed_754.log
713,24,1,-1,1,1,1,755,3101,0.272,3.27,False,Solitudine / Nessun Contatto,,,Nessuna,11,0,11,3.6,2,2,2,2,0,0,0,0,0,0,0,0,8500.0,6,1.078,1.078,0.0,False,6,0,1,1,174.44,monte_carlo_run_713_seed_755.log
714,24,1,-1,1,1,1,756,3101,0.383,7.29,True,Contatto Planetario / Biofirme,49.49,6.61,Diffidente,10,0,108,20.09,9,7,4,2,2,4,2,2,0,1,1,0,8504.35,14,1.6,1.484,-0.1157,False,98,0,1,5,1000.42,monte_carlo_run_714_seed_756.log
715,24,1,-1,1,1,1,757,3101,0.461,10.19,True,Incontro Flotta Deep-Space,109.03,0.0,Diffidente,7,0,71,11.28,3,3,1,1,0,2,1,1,0,1,1,0,8505.89,9,1.545,1.515,-0.03,False,67,0,1,3,1001.22,monte_carlo_run_715_seed_757.log
716,24,1,-1,1,1,1,758,3101,0.43,6.76,True,Incontro Flotta Deep-Space,234.24,7.31,Diffidente,29,0,97,16.06,9,9,2,2,0,7,4,4,0,1,1,0,8507.18,20,1.6,1.475,-0.125,False,85,0,8,14,1002.19,monte_carlo_run_716_seed_758.log
717,24,1,-1,1,1,1,759,3101,0.381,9.23,True,Contatto Planetario / Biofirme,206.46,9.65,Cauta,11,0,34,14.43,4,4,3,1,1,1,1,1,0,0,0,0,8501.17,4,1.6,0.902,-0.698,False,30,0,0,0,1001.92,monte_carlo_run_717_seed_759.log
718,24,1,-1,1,1,1,760,3101,0.423,10.29,True,Incontro Flotta Deep-Space,457.76,12.94,Ostile,88,0,202,13.69,14,11,5,5,0,9,2,2,0,1,1,0,8504.9,33,1.348,0.911,-0.4373,False,188,0,8,20,1001.48,monte_carlo_run_718_seed_760.log
719,24,1,-1,1,1,1,761,3101,0.534,12.98,True,Incontro Flotta Deep-Space,126.65,0.0,Diffidente,9,0,108,17.63,12,9,2,1,1,10,8,8,0,5,3,0,8531.74,19,1.6,1.6,0.0,False,93,0,10,12,1000.79,monte_carlo_run_719_seed_761.log
720,24,1,-1,1,1,1,762,3101,0.282,6.23,False,Solitudine / Nessun Contatto,,,Nessuna,63,0,63,14.92,4,3,2,2,0,2,0,0,0,0,0,0,8500.0,14,1.571,1.571,0.0,False,58,0,3,6,1002.07,monte_carlo_run_720_seed_762.log
721,25,1,1,-1,-1,-1,763,3101,0.125,2.18,False,Solitudine / Nessun Contatto,,,Nessuna,1,0,1,0.0,2,2,2,0,2,0,0,0,0,0,0,0,8500.0,1,0.985,0.985,0.0,False,0,0,0,1,0.02,monte_carlo_run_721_seed_763.log
722,25,1,1,-1,-1,-1,764,3101,0.091,1.72,False,Solitudine / Nessun Contatto,,,Nessuna,1,0,1,0.0,2,2,2,1,1,0,0,0,0,0,0,0,8500.0,2,1.0,1.0,0.0,False,0,0,1,1,0.02,monte_carlo_run_722_seed_764.log
723,25,1,1,-1,-1,-1,765,3101,0.148,3.2,False,Solitudine / Nessun Contatto,,,Nessuna,2,0,2,3.12,1,1,1,1,0,0,0,0,0,0,0,0,8500.0,2,1.002,1.002,0.0,False,0,0,0,0,104.26,monte_carlo_run_723_seed_765.log
724,25,1,1,-1,-1,-1,766,3101,0.13,2.85,False,Solitudine / Nessun Contatto,,,Nessuna,1,0,1,0.0,1,1,1,1,0,0,0,0,0,0,0,0,8500.0,2,1.0,1.0,0.0,False,0,0,0,0,0.02,monte_carlo_run_724_seed_766.log
725,25,1,1,-1,-1,-1,767,3101,0.076,1.07,False,Solitudine / Nessun Contatto,,,Nessuna,1,0,1,0.0,2,2,2,1,1,0,0,0,0,0,0,0,8500.0,2,1.0,1.0,0.0,False,0,0,0,1,0.02,monte_carlo_run_725_seed_767.log
726,25,1,1,-1,-1,-1,768,3101,0.124,1.62,False,Solitudine / Nessun Contatto,,,Nessuna,1,0,1,0.0,1,1,1,1,0,0,0,0,0,0,0,0,8500.0,2,1.0,1.0,0.0,False,0,0,0,0,0.02,monte_carlo_run_726_seed_768.log
727,25,1,1,-1,-1,-1,769,3101,0.078,1.51,False,Solitudine / Nessun Contatto,,,Nessuna,1,0,1,0.0,1,1,1,1,0,0,0,0,0,0,0,0,8500.0,2,1.0,1.0,0.0,False,0,0,0,0,0.02,monte_carlo_run_727_seed_769.log
728,25,1,1,-1,-1,-1,770,3101,0.066,1.6,False,Solitudine / Nessun Contatto,,,Nessuna,1,0,1,0.0,2,2,2,1,1,0,0,0,0,0,0,0,8500.0,2,1.0,1.0,0.0,False,0,0,1,1,0.02,monte_carlo_run_728_seed_770.log
729,25,1,1,-1,-1,-1,771,3101,0.095,1.67,False,Solitudine / Nessun Contatto,,,Nessuna,1,0,1,0.0,1,1,1,1,0,0,0,0,0,0,0,0,8500.0,2,1.0,1.0,0.0,False,0,0,0,0,0.02,monte_carlo_run_729_seed_771.log
730,25,1,1,-1,-1,-1,772,3101,0.067,1.35,False,Solitudine / Nessun Contatto,,,Nessuna,1,0,1,0.0,1,1,1,1,0,0,0,0,0,0,0,0,8500.0,2,1.0,1.0,0.0,False,0,0,0,0,0.02,monte_carlo_run_730_seed_772.log
731,25,1,1,-1,-1,-1,773,3101,0.107,2.26,False,Solitudine / Nessun Contatto,,,Nessuna,1,0,1,0.0,1,1,1,1,0,0,0,0,0,0,0,0,8500.0,2,1.0,1.0,0.0,False,0,0,0,0,0.02,monte_carlo_run_731_seed_773.log
732,25,1,1,-1,-1,-1,774,3101,0.117,2.1,False,Solitudine / Nessun Contatto,,,Nessuna,1,0,1,0.0,1,1,1,1,0,0,0,0,0,0,0,0,8500.0,2,1.0,1.0,0.0,False,0,0,0,0,0.02,monte_carlo_run_732_seed_774.log
733,25,1,1,-1,-1,-1,775,3101,0.134,2.18,False,Solitudine / Nessun Contatto,,,Nessuna,3,0,3,1.86,1,1,1,1,0,0,0,0,0,0,0,0,8500.0,2,1.002,1.002,0.0,False,0,0,0,0,110.84,monte_carlo_run_733_seed_775.log
734,25,1,1,-1,-1,-1,776,3101,0.125,2.89,False,Solitudine / Nessun Contatto,,,Nessuna,9,0,9,5.24,2,1,1,1,0,0,0,0,0,0,0,0,8500.0,3,1.337,1.337,0.0,False,7,0,1,1,645.76,monte_carlo_run_734_seed_776.log
735,25,1,1,-1,-1,-1,777,3101,0.071,1.36,False,Solitudine / Nessun Contatto,,,Nessuna,1,0,1,0.0,2,2,2,0,2,0,0,0,0,0,0,0,8500.0,1,0.985,0.985,0.0,False,0,0,0,1,0.02,monte_carlo_run_735_seed_777.log
736,25,1,1,-1,-1,-1,778,3101,0.057,1.32,False,Solitudine / Nessun Contatto,,,Nessuna,1,0,1,0.0,2,2,2,1,1,0,0,0,0,0,0,0,8500.0,2,1.0,1.0,0.0,False,0,0,0,1,0.02,monte_carlo_run_736_seed_778.log
737,25,1,1,-1,-1,-1,779,3101,0.122,1.96,False,Solitudine / Nessun Contatto,,,Nessuna,2,0,2,1.4,2,2,2,1,1,0,0,0,0,0,0,0,8500.0,2,1.015,1.015,0.0,False,0,0,1,1,48.74,monte_carlo_run_737_seed_779.log
738,25,1,1,-1,-1,-1,780,3101,0.142,3.29,False,Solitudine / Nessun Contatto,,,Nessuna,1,0,1,0.0,3,3,3,0,3,0,0,0,0,0,0,0,8500.0,1,0.985,0.985,0.0,False,0,0,1,3,0.02,monte_carlo_run_738_seed_780.log
739,25,1,1,-1,-1,-1,781,3101,0.055,1.04,False,Solitudine / Nessun Contatto,,,Nessuna,1,0,1,0.0,2,2,2,1,1,0,0,0,0,0,0,0,8500.0,2,1.0,1.0,0.0,False,0,0,1,1,0.02,monte_carlo_run_739_seed_781.log
740,25,1,1,-1,-1,-1,782,3101,0.075,1.21,False,Solitudine / Nessun Contatto,,,Nessuna,1,0,1,0.0,1,1,1,1,0,0,0,0,0,0,0,0,8500.0,2,1.0,1.0,0.0,False,0,0,0,0,0.02,monte_carlo_run_740_seed_782.log
741,25,1,1,-1,-1,-1,783,3101,0.102,2.17,False,Solitudine / Nessun Contatto,,,Nessuna,4,0,4,4.8,1,1,1,1,0,0,0,0,0,0,0,0,8500.0,2,1.028,1.028,0.0,False,2,0,0,0,226.07,monte_carlo_run_741_seed_783.log
742,25,1,1,-1,-1,-1,784,3101,0.125,2.32,False,Solitudine / Nessun Contatto,,,Nessuna,1,0,1,0.0,2,2,2,1,1,0,0,0,0,0,0,0,8500.0,2,1.0,1.0,0.0,False,0,0,0,1,0.02,monte_carlo_run_742_seed_784.log
743,25,1,1,-1,-1,-1,785,3101,0.071,1.66,False,Solitudine / Nessun Contatto,,,Nessuna,1,0,1,0.0,1,1,1,1,0,0,0,0,0,0,0,0,8500.0,2,1.0,1.0,0.0,False,0,0,0,0,0.02,monte_carlo_run_743_seed_785.log
744,25,1,1,-1,-1,-1,786,3101,0.121,2.44,False,Solitudine / Nessun Contatto,,,Nessuna,2,0,2,2.12,2,2,2,1,1,0,0,0,0,0,0,0,8500.0,2,1.023,1.023,0.0,False,0,0,1,1,73.99,monte_carlo_run_744_seed_786.log
745,25,1,1,-1,-1,-1,787,3101,0.138,1.94,False,Solitudine / Nessun Contatto,,,Nessuna,1,0,1,0.0,1,1,1,1,0,0,0,0,0,0,0,0,8500.0,2,1.0,1.0,0.0,False,0,0,0,0,0.02,monte_carlo_run_745_seed_787.log
746,25,1,1,-1,-1,-1,788,3101,0.14,3.12,False,Solitudine / Nessun Contatto,,,Nessuna,3,0,3,3.57,1,1,1,1,0,0,0,0,0,0,0,0,8500.0,2,1.01,1.01,0.0,False,1,0,0,0,125.43,monte_carlo_run_746_seed_788.log
747,25,1,1,-1,-1,-1,789,3101,0.063,1.56,False,Solitudine / Nessun Contatto,,,Nessuna,1,0,1,0.0,1,1,1,1,0,0,0,0,0,0,0,0,8500.0,2,1.0,1.0,0.0,False,0,0,0,0,0.02,monte_carlo_run_747_seed_789.log
748,25,1,1,-1,-1,-1,790,3101,0.145,3.15,False,Solitudine / Nessun Contatto,,,Nessuna,7,0,7,4.96,1,1,1,1,0,0,0,0,0,0,0,0,8500.0,2,1.1,1.1,0.0,False,4,0,0,0,443.67,monte_carlo_run_748_seed_790.log
749,25,1,1,-1,-1,-1,791,3101,0.103,1.74,False,Solitudine / Nessun Contatto,,,Nessuna,1,0,1,0.0,1,1,1,1,0,0,0,0,0,0,0,0,8500.0,2,1.0,1.0,0.0,False,0,0,0,0,0.02,monte_carlo_run_749_seed_791.log
750,25,1,1,-1,-1,-1,792,3101,0.074,1.19,False,Solitudine / Nessun Contatto,,,Nessuna,1,0,1,0.0,2,2,2,1,1,0,0,0,0,0,0,0,8500.0,2,1.0,1.0,0.0,False,0,0,1,1,0.02,monte_carlo_run_750_seed_792.log
751,26,1,1,-1,-1,1,793,3101,0.116,2.22,False,Solitudine / Nessun Contatto,,,Nessuna,3,0,3,0.0,3,3,3,3,0,0,0,0,0,0,0,0,8500.0,10,1.0,1.0,0.0,False,0,0,0,3,0.06,monte_carlo_run_751_seed_793.log
752,26,1,1,-1,-1,1,794,3101,0.072,1.41,False,Solitudine / Nessun Contatto,,,Nessuna,1,0,1,0.0,1,1,1,1,0,0,0,0,0,0,0,0,8500.0,2,1.0,1.0,0.0,False,0,0,0,0,0.02,monte_carlo_run_752_seed_794.log
753,26,1,1,-1,-1,1,795,3101,0.068,1.69,False,Solitudine / Nessun Contatto,,,Nessuna,3,0,3,1.87,1,1,1,1,0,0,0,0,0,0,0,0,8500.0,2,1.012,1.012,0.0,False,1,0,0,0,148.03,monte_carlo_run_753_seed_795.log
754,26,1,1,-1,-1,1,796,3101,0.135,2.83,True,Incontro Flotta Deep-Space,78.24,0.0,Diffidente,6,0,6,2.18,5,4,1,1,0,3,2,2,0,2,2,0,8510.73,17,1.474,1.562,0.0877,True,0,0,10,10,680.06,monte_carlo_run_754_seed_796.log
755,26,1,1,-1,-1,1,797,3101,0.141,2.3,False,Solitudine / Nessun Contatto,,,Nessuna,5,0,5,0.0,3,3,3,3,0,0,0,0,0,0,0,0,8500.0,9,1.019,1.019,0.0,False,0,0,1,2,62.24,monte_carlo_run_755_seed_797.log
756,26,1,1,-1,-1,1,798,3101,0.103,2.37,False,Solitudine / Nessun Contatto,,,Nessuna,1,0,1,0.0,1,1,1,1,0,0,0,0,0,0,0,0,8500.0,2,1.0,1.0,0.0,False,0,0,0,0,0.02,monte_carlo_run_756_seed_798.log
757,26,1,1,-1,-1,1,799,3101,0.079,1.61,False,Solitudine / Nessun Contatto,,,Nessuna,3,0,3,1.4,2,2,2,2,0,0,0,0,0,0,0,0,8500.0,6,1.017,1.017,0.0,False,0,0,1,1,70.87,monte_carlo_run_757_seed_799.log
758,26,1,1,-1,-1,1,800,3101,0.145,3.44,False,Solitudine / Nessun Contatto,,,Nessuna,1,0,1,0.0,1,1,1,1,0,0,0,0,0,0,0,0,8500.0,2,1.0,1.0,0.0,False,0,0,0,0,0.02,monte_carlo_run_758_seed_800.log
759,26,1,1,-1,-1,1,801,3101,0.064,0.86,False,Solitudine / Nessun Contatto,,,Nessuna,1,0,1,0.0,1,1,1,1,0,0,0,0,0,0,0,0,8500.0,2,1.0,1.0,0.0,False,0,0,0,0,0.02,monte_carlo_run_759_seed_801.log
760,26,1,1,-1,-1,1,802,3101,0.095,1.22,False,Solitudine / Nessun Contatto,,,Nessuna,1,0,1,0.0,1,1,1,1,0,0,0,0,0,0,0,0,8500.0,2,1.0,1.0,0.0,False,0,0,0,0,0.02,monte_carlo_run_760_seed_802.log
761,26,1,1,-1,-1,1,803,3101,0.098,2.12,False,Solitudine / Nessun Contatto,,,Nessuna,3,0,3,0.0,3,3,3,3,0,0,0,0,0,0,0,0,8500.0,10,1.0,1.0,0.0,False,0,0,2,3,0.06,monte_carlo_run_761_seed_803.log
762,26,1,1,-1,-1,1,804,3101,0.119,2.84,False,Solitudine / Nessun Contatto,,,Nessuna,4,0,4,1.19,3,3,3,3,0,0,0,0,0,0,0,0,8500.0,10,1.025,1.025,0.0,False,0,0,3,3,41.81,monte_carlo_run_762_seed_804.log
763,26,1,1,-1,-1,1,805,3101,0.053,0.72,False,Solitudine / Nessun Contatto,,,Nessuna,2,0,2,0.0,2,2,2,2,0,0,0,0,0,0,0,0,8500.0,5,1.0,1.0,0.0,False,0,0,1,1,0.04,monte_carlo_run_763_seed_805.log
764,26,1,1,-1,-1,1,806,3101,0.138,1.8,False,Solitudine / Nessun Contatto,,,Nessuna,1,0,1,0.0,1,1,1,1,0,0,0,0,0,0,0,0,8500.0,2,1.0,1.0,0.0,False,0,0,0,0,0.02,monte_carlo_run_764_seed_806.log
765,26,1,1,-1,-1,1,807,3101,0.134,2.09,False,Solitudine / Nessun Contatto,,,Nessuna,1,0,1,0.0,1,1,1,1,0,0,0,0,0,0,0,0,8500.0,2,1.0,1.0,0.0,False,0,0,0,0,0.02,monte_carlo_run_765_seed_807.log
766,26,1,1,-1,-1,1,808,3101,0.119,2.26,False,Solitudine / Nessun Contatto,,,Nessuna,1,0,1,0.0,1,1,1,1,0,0,0,0,0,0,0,0,8500.0,2,1.0,1.0,0.0,False,0,0,0,0,0.02,monte_carlo_run_766_seed_808.log
767,26,1,1,-1,-1,1,809,3101,0.081,1.49,False,Solitudine / Nessun Contatto,,,Nessuna,2,0,2,0.0,2,2,2,2,0,0,0,0,0,0,0,0,8500.0,6,1.0,1.0,0.0,False,0,0,0,1,0.04,monte_carlo_run_767_seed_809.log
768,26,1,1,-1,-1,1,810,3101,0.079,1.47,False,Solitudine / Nessun Contatto,,,Nessuna,3,0,3,0.0,2,2,2,2,0,0,0,0,0,0,0,0,8500.0,5,1.008,1.008,0.0,False,0,0,1,1,31.81,monte_carlo_run_768_seed_810.log
769,26,1,1,-1,-1,1,811,3101,0.101,1.98,False,Solitudine / Nessun Contatto,,,Nessuna,1,0,1,0.0,1,1,1,1,0,0,0,0,0,0,0,0,8500.0,2,1.0,1.0,0.0,False,0,0,0,0,0.02,monte_carlo_run_769_seed_811.log
770,26,1,1,-1,-1,1,812,3101,0.068,1.25,False,Solitudine / Nessun Contatto,,,Nessuna,2,0,2,0.0,2,2,2,2,0,0,0,0,0,0,0,0,8500.0,6,1.0,1.0,0.0,False,0,0,0,1,0.04,monte_carlo_run_770_seed_812.log
771,26,1,1,-1,-1,1,813,3101,0.145,3.54,False,Solitudine / Nessun Contatto,,,Nessuna,3,0,3,4.57,1,1,1,1,0,0,0,0,0,0,0,0,8500.0,2,1.012,1.012,0.0,False,1,0,0,0,155.15,monte_carlo_run_771_seed_813.log
772,26,1,1,-1,-1,1,814,3101,0.062,1.34,False,Solitudine / Nessun Contatto,,,Nessuna,3,0,3,1.34,2,2,2,2,0,0,0,0,0,0,0,0,8500.0,6,1.002,1.002,0.0,False,0,0,0,1,86.41,monte_carlo_run_772_seed_814.log
773,26,1,1,-1,-1,1,815,3101,0.062,0.97,False,Solitudine / Nessun Contatto,,,Nessuna,3,0,3,0.0,3,3,3,3,0,0,0,0,0,0,0,0,8500.0,10,1.0,1.0,0.0,False,0,0,0,2,0.06,monte_carlo_run_773_seed_815.log
774,26,1,1,-1,-1,1,816,3101,0.081,1.94,False,Solitudine / Nessun Contatto,,,Nessuna,1,0,1,0.0,1,1,1,1,0,0,0,0,0,0,0,0,8500.0,2,1.0,1.0,0.0,False,0,0,0,0,0.02,monte_carlo_run_774_seed_816.log
775,26,1,1,-1,-1,1,817,3101,0.129,2.12,False,Solitudine / Nessun Contatto,,,Nessuna,4,0,4,0.0,3,3,3,3,0,0,0,0,0,0,0,0,8500.0,10,1.013,1.013,0.0,False,0,0,3,3,24.31,monte_carlo_run_775_seed_817.log
776,26,1,1,-1,-1,1,818,3101,0.121,2.27,False,Solitudine / Nessun Contatto,,,Nessuna,10,0,10,3.68,3,3,3,3,0,0,0,0,0,0,0,0,8500.0,11,1.325,1.325,0.0,False,3,0,3,3,606.1,monte_carlo_run_776_seed_818.log
777,26,1,1,-1,-1,1,819,3101,0.098,1.34,False,Solitudine / Nessun Contatto,,,Nessuna,1,0,1,0.0,1,1,1,1,0,0,0,0,0,0,0,0,8500.0,2,1.0,1.0,0.0,False,0,0,0,0,0.02,monte_carlo_run_777_seed_819.log
778,26,1,1,-1,-1,1,820,3101,0.074,1.06,False,Solitudine / Nessun Contatto,,,Nessuna,2,0,2,0.0,2,2,2,2,0,0,0,0,0,0,0,0,8500.0,6,1.0,1.0,0.0,False,0,0,0,1,0.04,monte_carlo_run_778_seed_820.log
779,26,1,1,-1,-1,1,821,3101,0.107,1.65,False,Solitudine / Nessun Contatto,,,Nessuna,1,0,1,0.0,1,1,1,1,0,0,0,0,0,0,0,0,8500.0,2,1.0,1.0,0.0,False,0,0,0,0,0.02,monte_carlo_run_779_seed_821.log
780,26,1,1,-1,-1,1,822,3101,0.056,1.03,False,Solitudine / Nessun Contatto,,,Nessuna,1,0,1,0.0,1,1,1,1,0,0,0,0,0,0,0,0,8500.0,2,1.0,1.0,0.0,False,0,0,0,0,0.02,monte_carlo_run_780_seed_822.log
781,27,1,1,-1,1,-1,823,3101,0.061,1.36,False,Solitudine / Nessun Contatto,,,Nessuna,1,0,1,0.0,1,1,1,1,0,0,0,0,0,0,0,0,8500.0,2,1.0,1.0,0.0,False,0,0,0,0,0.02,monte_carlo_run_781_seed_823.log
782,27,1,1,-1,1,-1,824,3101,0.123,1.71,False,Solitudine / Nessun Contatto,,,Nessuna,1,0,1,0.0,1,1,1,1,0,0,0,0,0,0,0,0,8500.0,2,1.0,1.0,0.0,False,0,0,0,0,0.02,monte_carlo_run_782_seed_824.log
783,27,1,1,-1,1,-1,825,3101,0.103,1.41,False,Solitudine / Nessun Contatto,,,Nessuna,1,0,1,0.0,3,3,3,0,3,0,0,0,0,0,0,0,8500.0,1,0.985,0.985,0.0,False,0,0,0,3,0.02,monte_carlo_run_783_seed_825.log
784,27,1,1,-1,1,-1,826,3101,0.076,1.19,False,Solitudine / Nessun Contatto,,,Nessuna,1,0,1,0.0,1,1,1,1,0,0,0,0,0,0,0,0,8500.0,2,1.0,1.0,0.0,False,0,0,0,0,0.02,monte_carlo_run_784_seed_826.log
785,27,1,1,-1,1,-1,827,3101,0.069,0.84,False,Solitudine / Nessun Contatto,,,Nessuna,1,0,1,0.0,1,1,1,1,0,0,0,0,0,0,0,0,8500.0,2,1.0,1.0,0.0,False,0,0,0,0,0.02,monte_carlo_run_785_seed_827.log
786,27,1,1,-1,1,-1,828,3101,0.117,1.67,False,Solitudine / Nessun Contatto,,,Nessuna,1,0,1,0.0,1,1,1,1,0,0,0,0,0,0,0,0,8500.0,2,1.0,1.0,0.0,False,0,0,0,0,0.02,monte_carlo_run_786_seed_828.log
787,27,1,1,-1,1,-1,829,3101,0.072,1.59,False,Solitudine / Nessun Contatto,,,Nessuna,1,0,1,0.0,1,1,1,1,0,0,0,0,0,0,0,0,8500.0,2,1.0,1.0,0.0,False,0,0,0,0,0.02,monte_carlo_run_787_seed_829.log
788,27,1,1,-1,1,-1,830,3101,0.112,1.86,False,Solitudine / Nessun Contatto,,,Nessuna,1,0,1,0.0,2,2,2,1,1,0,0,0,0,0,0,0,8500.0,2,1.0,1.0,0.0,False,0,0,0,1,0.02,monte_carlo_run_788_seed_830.log
789,27,1,1,-1,1,-1,831,3101,0.075,1.44,False,Solitudine / Nessun Contatto,,,Nessuna,1,0,1,0.0,1,1,1,1,0,0,0,0,0,0,0,0,8500.0,2,1.0,1.0,0.0,False,0,0,0,0,0.02,monte_carlo_run_789_seed_831.log
790,27,1,1,-1,1,-1,832,3101,0.139,2.61,False,Solitudine / Nessun Contatto,,,Nessuna,1,0,1,0.0,2,2,2,1,1,0,0,0,0,0,0,0,8500.0,2,1.0,1.0,0.0,False,0,0,0,1,0.02,monte_carlo_run_790_seed_832.log
791,27,1,1,-1,1,-1,833,3101,0.113,2.15,False,Solitudine / Nessun Contatto,,,Nessuna,1,0,1,0.0,1,1,1,1,0,0,0,0,0,0,0,0,8500.0,2,1.0,1.0,0.0,False,0,0,0,0,0.02,monte_carlo_run_791_seed_833.log
792,27,1,1,-1,1,-1,834,3101,0.073,1.18,False,Solitudine / Nessun Contatto,,,Nessuna,1,0,1,0.0,1,1,1,1,0,0,0,0,0,0,0,0,8500.0,2,1.0,1.0,0.0,False,0,0,0,0,0.02,monte_carlo_run_792_seed_834.log
793,27,1,1,-1,1,-1,835,3101,0.101,2.0,False,Solitudine / Nessun Contatto,,,Nessuna,1,0,1,0.0,3,3,3,0,3,0,0,0,0,0,0,0,8500.0,1,0.97,0.97,0.0,False,0,0,0,2,0.02,monte_carlo_run_793_seed_835.log
794,27,1,1,-1,1,-1,836,3101,0.066,1.55,False,Solitudine / Nessun Contatto,,,Nessuna,1,0,1,0.0,1,1,1,1,0,0,0,0,0,0,0,0,8500.0,2,1.0,1.0,0.0,False,0,0,0,0,0.02,monte_carlo_run_794_seed_836.log
795,27,1,1,-1,1,-1,837,3101,0.073,1.68,False,Solitudine / Nessun Contatto,,,Nessuna,1,0,1,0.0,1,1,1,1,0,0,0,0,0,0,0,0,8500.0,2,1.0,1.0,0.0,False,0,0,0,0,0.02,monte_carlo_run_795_seed_837.log
796,27,1,1,-1,1,-1,838,3101,0.133,2.14,False,Solitudine / Nessun Contatto,,,Nessuna,1,0,1,0.0,1,1,1,1,0,0,0,0,0,0,0,0,8500.0,2,1.0,1.0,0.0,False,0,0,0,0,0.02,monte_carlo_run_796_seed_838.log
797,27,1,1,-1,1,-1,839,3101,0.087,1.15,False,Solitudine / Nessun Contatto,,,Nessuna,1,0,1,0.0,1,1,1,1,0,0,0,0,0,0,0,0,8500.0,2,1.0,1.0,0.0,False,0,0,0,0,0.02,monte_carlo_run_797_seed_839.log
798,27,1,1,-1,1,-1,840,3101,0.107,1.45,False,Solitudine / Nessun Contatto,,,Nessuna,1,0,1,0.0,2,2,2,1,1,0,0,0,0,0,0,0,8500.0,2,1.0,1.0,0.0,False,0,0,0,1,0.02,monte_carlo_run_798_seed_840.log
799,27,1,1,-1,1,-1,841,3101,0.144,3.36,True,Incontro Flotta Deep-Space,101.28,0.0,Neutrale,3,0,3,2.9,3,3,1,1,0,2,2,2,0,1,0,0,8506.81,4,1.022,1.317,0.2948,True,0,0,1,1,144.17,monte_carlo_run_799_seed_841.log
800,27,1,1,-1,1,-1,842,3101,0.149,2.82,False,Solitudine / Nessun Contatto,,,Nessuna,3,0,3,2.55,3,3,3,1,2,0,0,0,0,0,0,0,8500.0,2,1.063,1.063,0.0,False,0,0,2,2,110.15,monte_carlo_run_800_seed_842.log
801,27,1,1,-1,1,-1,843,3101,0.123,2.04,False,Solitudine / Nessun Contatto,,,Nessuna,1,0,1,0.0,2,2,2,0,2,0,0,0,0,0,0,0,8500.0,1,0.985,0.985,0.0,False,0,0,0,1,0.02,monte_carlo_run_801_seed_843.log
802,27,1,1,-1,1,-1,844,3101,0.115,2.05,False,Solitudine / Nessun Contatto,,,Nessuna,1,0,1,0.0,3,3,3,1,2,0,0,0,0,0,0,0,8500.0,2,1.001,1.001,0.0,False,0,0,3,3,0.02,monte_carlo_run_802_seed_844.log
803,27,1,1,-1,1,-1,845,3101,0.072,1.48,False,Solitudine / Nessun Contatto,,,Nessuna,1,0,1,0.0,1,1,1,1,0,0,0,0,0,0,0,0,8500.0,2,1.0,1.0,0.0,False,0,0,0,0,0.02,monte_carlo_run_803_seed_845.log
804,27,1,1,-1,1,-1,846,3101,0.095,1.52,False,Solitudine / Nessun Contatto,,,Nessuna,1,0,1,0.0,1,1,1,1,0,0,0,0,0,0,0,0,8500.0,2,1.0,1.0,0.0,False,0,0,0,0,0.02,monte_carlo_run_804_seed_846.log
805,27,1,1,-1,1,-1,847,3101,0.122,2.9,False,Solitudine / Nessun Contatto,,,Nessuna,6,0,6,4.59,1,1,1,1,0,0,0,0,0,0,0,0,8500.0,2,1.118,1.118,0.0,False,4,0,0,0,514.07,monte_carlo_run_805_seed_847.log
806,27,1,1,-1,1,-1,848,3101,0.069,1.66,False,Solitudine / Nessun Contatto,,,Nessuna,1,0,1,0.0,3,3,3,1,2,0,0,0,0,0,0,0,8500.0,2,1.0,1.0,0.0,False,0,0,1,2,0.02,monte_carlo_run_806_seed_848.log
807,27,1,1,-1,1,-1,849,3101,0.087,1.08,False,Solitudine / Nessun Contatto,,,Nessuna,1,0,1,0.0,1,1,1,1,0,0,0,0,0,0,0,0,8500.0,2,1.0,1.0,0.0,False,0,0,0,0,0.02,monte_carlo_run_807_seed_849.log
808,27,1,1,-1,1,-1,850,3101,0.138,2.7,False,Solitudine / Nessun Contatto,,,Nessuna,2,0,2,1.93,3,2,2,0,2,0,0,0,0,0,0,0,8500.0,1,0.919,0.919,0.0,False,0,0,1,3,55.97,monte_carlo_run_808_seed_850.log
809,27,1,1,-1,1,-1,851,3101,0.102,1.46,False,Solitudine / Nessun Contatto,,,Nessuna,2,0,2,1.25,3,3,3,1,2,0,0,0,0,0,0,0,8500.0,2,1.021,1.021,0.0,False,0,0,2,3,48.88,monte_carlo_run_809_seed_851.log
810,27,1,1,-1,1,-1,852,3101,0.124,1.75,False,Solitudine / Nessun Contatto,,,Nessuna,1,0,1,0.0,2,2,2,1,1,0,0,0,0,0,0,0,8500.0,2,1.0,1.0,0.0,False,0,0,0,1,0.02,monte_carlo_run_810_seed_852.log
811,28,1,1,-1,1,1,853,3101,0.114,1.94,False,Solitudine / Nessun Contatto,,,Nessuna,2,0,2,0.0,2,2,2,2,0,0,0,0,0,0,0,0,8500.0,5,1.0,1.0,0.0,False,0,0,1,1,0.04,monte_carlo_run_811_seed_853.log
812,28,1,1,-1,1,1,854,3101,0.113,1.74,False,Solitudine / Nessun Contatto,,,Nessuna,1,0,1,0.0,1,1,1,1,0,0,0,0,0,0,0,0,8500.0,2,1.0,1.0,0.0,False,0,0,0,0,0.02,monte_carlo_run_812_seed_854.log
813,28,1,1,-1,1,1,855,3101,0.119,2.87,False,Solitudine / Nessun Contatto,,,Nessuna,7,0,7,5.11,1,1,1,1,0,0,0,0,0,0,0,0,8500.0,2,1.081,1.081,0.0,False,4,0,0,0,356.88,monte_carlo_run_813_seed_855.log
814,28,1,1,-1,1,1,856,3101,0.084,1.76,False,Solitudine / Nessun Contatto,,,Nessuna,2,0,2,1.18,1,1,1,1,0,0,0,0,0,0,0,0,8500.0,2,1.001,1.001,0.0,False,0,0,0,0,56.33,monte_carlo_run_814_seed_856.log
815,28,1,1,-1,1,1,857,3101,0.055,0.66,False,Solitudine / Nessun Contatto,,,Nessuna,3,0,3,0.0,3,3,3,3,0,0,0,0,0,0,0,0,8500.0,10,1.0,1.0,0.0,False,0,0,1,2,0.06,monte_carlo_run_815_seed_857.log
816,28,1,1,-1,1,1,858,3101,0.15,3.06,False,Solitudine / Nessun Contatto,,,Nessuna,8,0,8,0.0,3,2,2,2,0,0,0,0,0,0,0,0,8500.0,9,1.169,1.169,0.0,False,3,0,3,3,332.68,monte_carlo_run_816_seed_858.log
817,28,1,1,-1,1,1,859,3101,0.085,1.82,False,Solitudine / Nessun Contatto,,,Nessuna,1,0,1,0.0,1,1,1,1,0,0,0,0,0,0,0,0,8500.0,2,1.0,1.0,0.0,False,0,0,0,0,0.02,monte_carlo_run_817_seed_859.log
818,28,1,1,-1,1,1,860,3101,0.121,2.3,False,Solitudine / Nessun Contatto,,,Nessuna,1,0,1,0.0,1,1,1,1,0,0,0,0,0,0,0,0,8500.0,2,1.0,1.0,0.0,False,0,0,0,0,0.02,monte_carlo_run_818_seed_860.log
819,28,1,1,-1,1,1,861,3101,0.114,1.53,False,Solitudine / Nessun Contatto,,,Nessuna,1,0,1,0.0,1,1,1,1,0,0,0,0,0,0,0,0,8500.0,2,1.0,1.0,0.0,False,0,0,0,0,0.02,monte_carlo_run_819_seed_861.log
820,28,1,1,-1,1,1,862,3101,0.119,2.34,False,Solitudine / Nessun Contatto,,,Nessuna,1,0,1,0.0,1,1,1,1,0,0,0,0,0,0,0,0,8500.0,2,1.0,1.0,0.0,False,0,0,0,0,0.02,monte_carlo_run_820_seed_862.log
821,28,1,1,-1,1,1,863,3101,0.055,0.82,False,Solitudine / Nessun Contatto,,,Nessuna,2,0,2,0.0,2,2,2,2,0,0,0,0,0,0,0,0,8500.0,6,1.0,1.0,0.0,False,0,0,1,1,0.04,monte_carlo_run_821_seed_863.log
822,28,1,1,-1,1,1,864,3101,0.09,1.88,False,Solitudine / Nessun Contatto,,,Nessuna,2,0,2,0.0,2,2,2,2,0,0,0,0,0,0,0,0,8500.0,5,1.0,1.0,0.0,False,0,0,1,1,0.04,monte_carlo_run_822_seed_864.log
823,28,1,1,-1,1,1,865,3101,0.094,1.84,False,Solitudine / Nessun Contatto,,,Nessuna,1,0,1,0.0,1,1,1,1,0,0,0,0,0,0,0,0,8500.0,2,1.0,1.0,0.0,False,0,0,0,0,0.02,monte_carlo_run_823_seed_865.log
824,28,1,1,-1,1,1,866,3101,0.115,2.3,False,Solitudine / Nessun Contatto,,,Nessuna,6,0,6,3.03,2,2,2,2,0,0,0,0,0,0,0,0,8500.0,5,1.012,1.012,0.0,False,1,0,0,1,165.59,monte_carlo_run_824_seed_866.log
825,28,1,1,-1,1,1,867,3101,0.07,1.63,False,Solitudine / Nessun Contatto,,,Nessuna,2,0,2,0.0,2,2,2,2,0,0,0,0,0,0,0,0,8500.0,6,1.0,1.0,0.0,False,0,0,1,1,0.04,monte_carlo_run_825_seed_867.log
826,28,1,1,-1,1,1,868,3101,0.112,2.75,False,Solitudine / Nessun Contatto,,,Nessuna,2,0,2,1.83,1,1,1,1,0,0,0,0,0,0,0,0,8500.0,2,1.002,1.002,0.0,False,0,0,0,0,65.47,monte_carlo_run_826_seed_868.log
827,28,1,1,-1,1,1,869,3101,0.105,2.08,False,Solitudine / Nessun Contatto,,,Nessuna,1,0,1,0.0,1,1,1,1,0,0,0,0,0,0,0,0,8500.0,2,1.0,1.0,0.0,False,0,0,0,0,0.02,monte_carlo_run_827_seed_869.log
828,28,1,1,-1,1,1,870,3101,0.121,2.24,False,Solitudine / Nessun Contatto,,,Nessuna,3,0,3,3.18,1,1,1,1,0,0,0,0,0,0,0,0,8500.0,2,1.009,1.009,0.0,False,1,0,0,0,109.13,monte_carlo_run_828_seed_870.log
829,28,1,1,-1,1,1,871,3101,0.059,1.44,False,Solitudine / Nessun Contatto,,,Nessuna,1,0,1,0.0,1,1,1,1,0,0,0,0,0,0,0,0,8500.0,2,1.0,1.0,0.0,False,0,0,0,0,0.02,monte_carlo_run_829_seed_871.log
830,28,1,1,-1,1,1,872,3101,0.123,1.67,False,Solitudine / Nessun Contatto,,,Nessuna,2,0,2,0.0,2,2,2,2,0,0,0,0,0,0,0,0,8500.0,6,1.0,1.0,0.0,False,0,0,0,1,0.04,monte_carlo_run_830_seed_872.log
831,28,1,1,-1,1,1,873,3101,0.096,1.32,False,Solitudine / Nessun Contatto,,,Nessuna,2,0,2,0.0,2,2,2,2,0,0,0,0,0,0,0,0,8500.0,5,1.0,1.0,0.0,False,0,0,1,1,0.04,monte_carlo_run_831_seed_873.log
832,28,1,1,-1,1,1,874,3101,0.12,2.59,False,Solitudine / Nessun Contatto,,,Nessuna,1,0,1,0.0,1,1,1,1,0,0,0,0,0,0,0,0,8500.0,2,1.0,1.0,0.0,False,0,0,0,0,0.02,monte_carlo_run_832_seed_874.log
833,28,1,1,-1,1,1,875,3101,0.068,1.28,False,Solitudine / Nessun Contatto,,,Nessuna,1,0,1,0.0,1,1,1,1,0,0,0,0,0,0,0,0,8500.0,2,1.0,1.0,0.0,False,0,0,0,0,0.02,monte_carlo_run_833_seed_875.log
834,28,1,1,-1,1,1,876,3101,0.115,1.47,False,Solitudine / Nessun Contatto,,,Nessuna,1,0,1,0.0,1,1,1,1,0,0,0,0,0,0,0,0,8500.0,2,1.0,1.0,0.0,False,0,0,0,0,0.02,monte_carlo_run_834_seed_876.log
835,28,1,1,-1,1,1,877,3101,0.073,1.12,False,Solitudine / Nessun Contatto,,,Nessuna,2,0,2,0.82,1,1,1,1,0,0,0,0,0,0,0,0,8500.0,2,1.001,1.001,0.0,False,0,0,0,0,44.75,monte_carlo_run_835_seed_877.log
836,28,1,1,-1,1,1,878,3101,0.084,2.0,False,Solitudine / Nessun Contatto,,,Nessuna,3,0,3,0.0,3,3,3,3,0,0,0,0,0,0,0,0,8500.0,8,1.0,1.0,0.0,False,0,0,1,2,0.06,monte_carlo_run_836_seed_878.log
837,28,1,1,-1,1,1,879,3101,0.128,2.59,False,Solitudine / Nessun Contatto,,,Nessuna,1,0,1,0.0,1,1,1,1,0,0,0,0,0,0,0,0,8500.0,2,1.0,1.0,0.0,False,0,0,0,0,0.02,monte_carlo_run_837_seed_879.log
838,28,1,1,-1,1,1,880,3101,0.081,1.37,False,Solitudine / Nessun Contatto,,,Nessuna,1,0,1,0.0,1,1,1,1,0,0,0,0,0,0,0,0,8500.0,2,1.0,1.0,0.0,False,0,0,0,0,0.02,monte_carlo_run_838_seed_880.log
839,28,1,1,-1,1,1,881,3101,0.093,1.95,False,Solitudine / Nessun Contatto,,,Nessuna,5,0,5,1.45,2,2,2,2,0,0,0,0,0,0,0,0,8500.0,5,1.023,1.023,0.0,False,2,0,0,1,163.48,monte_carlo_run_839_seed_881.log
840,28,1,1,-1,1,1,882,3101,0.14,2.54,False,Solitudine / Nessun Contatto,,,Nessuna,3,0,3,0.0,2,2,2,2,0,0,0,0,0,0,0,0,8500.0,5,1.002,1.002,0.0,False,0,0,0,1,75.77,monte_carlo_run_840_seed_882.log
841,29,1,1,1,-1,-1,883,3101,0.314,5.77,True,Incontro Flotta Deep-Space,101.63,0.0,Diffidente,5,0,108,20.56,25,15,2,1,0,22,8,8,0,5,1,4,8540.28,44,1.163,1.456,0.2923,True,82,0,42,77,1000.0,monte_carlo_run_841_seed_883.log
842,29,1,1,1,-1,-1,884,3101,0.375,8.74,True,Incontro Flotta Deep-Space,95.38,0.0,Collaborativa,5,0,38,16.09,9,5,1,1,0,7,7,7,0,4,4,0,8545.31,8,1.251,1.288,0.0371,True,30,0,10,15,1001.15,monte_carlo_run_842_seed_884.log
843,29,1,1,1,-1,-1,885,3101,0.261,4.14,True,Incontro Flotta Deep-Space,162.58,7.65,Neutrale,9,0,11,10.39,3,2,1,1,0,2,2,2,0,2,1,0,8508.91,10,1.554,1.463,-0.0907,False,8,0,3,3,1003.91,monte_carlo_run_843_seed_885.log
844,29,1,1,1,-1,-1,886,3101,0.537,11.13,True,Incontro Flotta Deep-Space,171.23,8.49,Ostile,17,0,128,16.23,27,24,1,1,0,26,11,11,0,6,3,2,8549.62,45,1.6,1.6,0.0,False,92,0,47,60,1000.08,monte_carlo_run_844_seed_886.log
845,29,1,1,1,-1,-1,887,3101,0.528,12.72,True,Incontro Flotta Deep-Space,121.12,13.61,Ostile,9,1,237,24.63,45,28,1,1,0,42,28,28,0,15,7,6,8603.31,62,1.053,1.6,0.5468,True,186,0,56,88,1000.06,monte_carlo_run_845_seed_887.log
846,29,1,1,1,-1,-1,888,3101,0.595,8.92,True,Contatto Planetario / Biofirme,102.83,18.66,Ostile,13,0,143,20.75,27,20,5,1,3,21,13,13,0,9,5,3,8555.55,42,1.015,1.6,0.5852,True,111,0,46,55,1000.6,monte_carlo_run_846_seed_888.log
847,29,1,1,1,-1,-1,889,3101,0.289,5.01,True,Incontro Flotta Deep-Space,330.71,6.43,Neutrale,29,0,151,15.59,28,20,3,1,2,24,5,5,0,4,3,1,8534.44,57,1.537,1.6,0.0626,True,120,0,72,105,1000.19,monte_carlo_run_847_seed_889.log
848,29,1,1,1,-1,-1,890,3101,0.227,5.25,True,Incontro Flotta Deep-Space,203.28,8.19,Neutrale,10,0,32,16.63,4,3,1,1,0,3,3,3,0,1,0,0,8505.63,6,1.6,1.343,-0.2572,False,28,0,1,1,1003.28,monte_carlo_run_848_seed_890.log
849,29,1,1,1,-1,-1,891,3101,0.268,4.68,True,Incontro Flotta Deep-Space,83.32,4.14,Neutrale,4,0,67,23.97,12,7,1,1,0,10,3,3,0,3,1,0,8512.4,19,1.6,1.59,-0.0099,False,56,0,12,16,1001.11,monte_carlo_run_849_seed_891.log
850,29,1,1,1,-1,-1,892,3101,0.399,6.3,True,Incontro Flotta Deep-Space,250.21,9.3,Collaborativa,17,0,26,13.31,9,5,1,0,1,7,3,3,0,1,1,0,8516.19,8,0.654,0.921,0.2665,True,18,0,3,10,1001.64,monte_carlo_run_850_seed_892.log
851,29,1,1,1,-1,-1,893,3101,0.434,7.2,True,Contatto Planetario / Biofirme,68.43,7.53,Cauta,5,0,66,20.43,17,14,6,1,4,11,9,9,0,6,5,1,8534.55,17,1.44,1.6,0.1601,True,50,0,10,15,1002.72,monte_carlo_run_851_seed_893.log
852,29,1,1,1,-1,-1,894,3101,0.311,6.69,True,Incontro Flotta Deep-Space,88.99,0.0,Diffidente,4,0,134,19.57,26,20,1,1,0,25,2,2,0,2,2,0,8508.83,60,1.6,1.352,-0.2479,False,105,0,47,81,1000.0,monte_carlo_run_852_seed_894.log
853,29,1,1,1,-1,-1,895,3101,0.556,8.43,True,Incontro Flotta Deep-Space,114.23,7.75,Diffidente,9,1,283,17.3,62,45,2,1,1,56,13,13,0,11,7,4,8579.51,116,1.257,1.6,0.3426,True,214,0,144,204,1000.83,monte_carlo_run_853_seed_895.log
854,29,1,1,1,-1,-1,896,3101,0.455,9.07,True,Contatto Planetario / Biofirme,12.27,5.58,Diffidente,2,3,113,23.61,19,9,1,1,0,11,6,6,0,5,2,3,8534.2,25,1.6,1.6,0.0,False,91,0,19,26,1000.49,monte_carlo_run_854_seed_896.log
855,29,1,1,1,-1,-1,897,3101,0.388,6.24,True,Incontro Flotta Deep-Space,190.0,4.31,Collaborativa,11,0,176,13.21,39,28,2,2,0,34,12,12,0,10,8,2,8563.85,71,1.036,1.6,0.5636,True,134,0,121,152,1000.16,monte_carlo_run_855_seed_897.log
856,29,1,1,1,-1,-1,898,3101,0.243,6.0,True,Incontro Flotta Deep-Space,107.3,0.0,Collaborativa,7,1,32,10.29,7,4,1,1,0,4,4,4,0,3,0,1,8515.74,11,1.163,1.59,0.4263,True,25,0,5,6,1000.94,monte_carlo_run_856_seed_898.log
857,29,1,1,1,-1,-1,899,3101,0.544,6.63,True,Incontro Flotta Deep-Space,137.59,7.7,Collaborativa,9,0,79,21.17,20,15,2,0,2,18,10,10,0,6,3,2,8541.19,26,0.85,1.6,0.7498,True,58,0,17,22,1000.48,monte_carlo_run_857_seed_899.log
858,29,1,1,1,-1,-1,900,3101,0.553,11.59,True,Contatto Planetario / Biofirme,5.97,3.3,Diffidente,2,0,224,28.59,54,42,4,1,3,48,27,27,0,17,9,7,8650.38,92,1.6,1.6,0.0,False,167,0,130,177,1000.12,monte_carlo_run_858_seed_900.log
859,29,1,1,1,-1,-1,901,3101,0.314,6.57,True,Incontro Flotta Deep-Space,95.41,0.0,Neutrale,6,0,81,18.47,15,11,3,1,2,11,7,7,0,6,4,2,8530.79,26,1.376,1.565,0.1897,True,65,0,27,31,1001.11,monte_carlo_run_859_seed_901.log
860,29,1,1,1,-1,-1,902,3101,0.246,5.96,True,Incontro Flotta Deep-Space,189.93,8.09,Diffidente,8,0,33,9.55,8,5,2,1,1,4,1,1,0,1,1,0,8514.3,12,1.566,1.081,-0.4849,False,25,0,6,10,1002.02,monte_carlo_run_860_seed_902.log
861,29,1,1,1,-1,-1,903,3101,0.437,8.62,True,Incontro Flotta Deep-Space,129.47,16.57,Ostile,14,0,227,26.88,41,25,3,1,2,35,15,15,0,12,7,4,8575.44,72,1.6,1.6,0.0,False,181,0,87,123,1000.25,monte_carlo_run_861_seed_903.log
862,29,1,1,1,-1,-1,904,3101,0.516,11.85,True,Incontro Flotta Deep-Space,190.28,22.24,Diffidente,22,2,254,41.63,46,32,4,2,1,39,18,18,0,11,9,2,8590.7,72,1.453,1.6,0.1473,True,201,0,58,100,1000.15,monte_carlo_run_862_seed_904.log
863,29,1,1,1,-1,-1,905,3101,0.481,7.69,True,Incontro Flotta Deep-Space,95.8,7.51,Diffidente,6,1,222,15.73,56,41,2,2,0,52,6,6,0,6,6,0,8536.46,122,1.482,1.6,0.1183,True,161,0,154,286,1000.24,monte_carlo_run_863_seed_905.log
864,29,1,1,1,-1,-1,906,3101,0.339,8.2,True,Incontro Flotta Deep-Space,125.44,6.86,Diffidente,6,0,103,15.11,21,19,2,0,2,18,5,5,0,3,3,0,8519.01,35,0.573,1.6,1.0275,True,78,0,19,48,1000.02,monte_carlo_run_864_seed_906.log
865,29,1,1,1,-1,-1,907,3101,0.402,8.34,True,Contatto Planetario / Biofirme,9.23,3.71,Collaborativa,2,0,74,18.3,18,15,2,2,0,15,12,12,0,8,5,2,8561.29,29,1.101,1.6,0.4993,True,55,0,18,30,1000.68,monte_carlo_run_865_seed_907.log
866,29,1,1,1,-1,-1,908,3101,0.578,8.05,True,Incontro Flotta Deep-Space,192.43,12.51,Diffidente,9,0,144,24.67,34,25,4,2,1,29,12,12,0,7,6,1,8542.88,47,1.483,1.6,0.1174,True,106,0,49,64,1000.55,monte_carlo_run_866_seed_908.log
867,29,1,1,1,-1,-1,909,3101,0.52,8.39,True,Incontro Flotta Deep-Space,95.04,5.31,Collaborativa,5,1,224,22.68,47,33,2,1,1,39,13,13,0,9,7,2,8553.28,77,1.6,1.6,0.0,False,171,0,68,132,1000.18,monte_carlo_run_867_seed_909.log
868,29,1,1,1,-1,-1,910,3101,0.497,10.48,True,Incontro Flotta Deep-Space,95.56,9.14,Diffidente,8,0,117,38.98,28,23,3,2,1,25,21,21,0,13,9,3,8597.47,43,1.47,1.6,0.1301,True,84,0,56,75,1000.46,monte_carlo_run_868_seed_910.log
869,29,1,1,1,-1,-1,911,3101,0.413,7.7,True,Incontro Flotta Deep-Space,95.03,3.75,Neutrale,7,0,116,14.19,24,18,3,1,1,19,6,6,0,4,4,0,8532.8,46,1.6,1.6,0.0,False,86,0,46,59,1000.14,monte_carlo_run_869_seed_911.log
870,29,1,1,1,-1,-1,912,3101,0.43,6.46,True,Incontro Flotta Deep-Space,255.0,9.17,Diffidente,15,1,82,27.16,20,15,3,1,2,16,15,15,0,11,5,6,8593.85,29,1.128,1.6,0.4721,True,61,0,38,45,1002.05,monte_carlo_run_870_seed_912.log
871,30,1,1,1,-1,1,913,3101,0.311,7.11,True,Incontro Flotta Deep-Space,83.89,5.96,Neutrale,11,0,163,21.11,25,18,1,1,0,23,1,1,0,1,1,0,8505.01,63,1.385,0.729,-0.656,False,135,0,42,78,1000.45,monte_carlo_run_871_seed_913.log
872,30,1,1,1,-1,1,914,3101,0.228,4.61,True,Incontro Flotta Deep-Space,86.91,0.0,Diffidente,11,0,80,17.85,10,8,2,2,0,7,5,5,0,3,3,0,8522.55,20,1.176,1.6,0.4244,True,65,0,13,17,1000.16,monte_carlo_run_872_seed_914.log
873,30,1,1,1,-1,1,915,3101,0.507,8.22,True,Incontro Flotta Deep-Space,127.88,5.64,Diffidente,23,0,227,22.93,60,33,2,1,1,52,5,5,0,5,5,0,8548.06,124,1.252,1.6,0.348,True,163,0,202,314,1000.15,monte_carlo_run_873_seed_915.log
874,30,1,1,1,-1,1,916,3101,0.433,9.36,True,Incontro Flotta Deep-Space,90.19,0.0,Biosfera Primitiva,7,1,104,15.19,23,19,2,0,1,20,13,13,0,6,5,1,8550.68,30,0.771,1.6,0.829,True,79,0,30,39,1000.84,monte_carlo_run_874_seed_916.log
875,30,1,1,1,-1,1,917,3101,0.531,7.83,True,Contatto Planetario / Biofirme,318.44,12.54,Ostile,31,0,202,18.41,32,28,3,1,2,29,10,10,0,7,5,2,8545.88,60,1.58,1.6,0.0201,True,166,0,59,84,1000.16,monte_carlo_run_875_seed_917.log
876,30,1,1,1,-1,1,918,3101,0.227,3.3,False,Solitudine / Nessun Contatto,,,Nessuna,24,0,24,9.64,5,3,3,3,0,1,0,0,0,0,0,0,8500.0,12,1.6,1.6,0.0,False,17,0,3,3,1004.62,monte_carlo_run_876_seed_918.log
877,30,1,1,1,-1,1,919,3101,0.419,9.3,True,Incontro Flotta Deep-Space,155.46,15.4,Ostile,22,1,138,17.89,27,17,1,1,0,24,5,5,0,3,2,1,8521.0,60,1.214,1.573,0.3595,True,106,0,60,87,1000.14,monte_carlo_run_877_seed_919.log
878,30,1,1,1,-1,1,920,3101,0.461,9.71,True,Incontro Flotta Deep-Space,106.93,8.11,Neutrale,9,1,44,8.11,10,6,2,1,1,6,6,6,0,4,2,2,8527.13,14,1.6,1.569,-0.0313,False,34,0,7,8,1007.89,monte_carlo_run_878_seed_920.log
879,30,1,1,1,-1,1,921,3101,0.253,5.23,True,Incontro Flotta Deep-Space,101.07,0.0,Diffidente,11,0,156,17.77,23,17,3,3,0,19,2,2,0,2,1,1,8516.37,52,1.6,1.6,0.0,False,132,0,51,69,1000.56,monte_carlo_run_879_seed_921.log
880,30,1,1,1,-1,1,922,3101,0.566,7.72,True,Incontro Flotta Deep-Space,96.07,0.0,Neutrale,23,0,323,18.81,63,48,6,4,1,53,9,9,0,6,2,2,8539.5,135,1.6,1.6,0.0,False,257,0,209,261,1000.19,monte_carlo_run_880_seed_922.log
881,30,1,1,1,-1,1,923,3101,0.482,9.19,True,Contatto Planetario / Biofirme,16.03,7.66,Cauta,3,0,82,14.42,18,15,3,1,2,15,5,5,0,4,0,4,8524.09,34,1.6,1.6,0.0,False,63,0,30,42,1001.73,monte_carlo_run_881_seed_923.log
882,30,1,1,1,-1,1,924,3101,0.45,6.56,True,Incontro Flotta Deep-Space,128.5,6.31,Neutrale,11,0,136,23.47,24,18,5,3,1,18,6,6,0,5,4,1,8534.9,50,1.6,1.6,0.0,False,109,0,47,76,1000.15,monte_carlo_run_882_seed_924.log
883,30,1,1,1,-1,1,925,3101,0.431,6.06,True,Incontro Flotta Deep-Space,152.77,5.73,Collaborativa,33,0,115,13.54,20,14,3,2,1,14,2,2,0,2,1,1,8511.16,49,1.6,1.6,0.0,False,91,0,34,49,1000.18,monte_carlo_run_883_seed_925.log
884,30,1,1,1,-1,1,926,3101,0.291,4.5,True,Incontro Flotta Deep-Space,382.1,10.02,Collaborativa,13,0,31,18.14,4,4,1,1,0,3,3,3,0,2,1,1,8519.92,8,1.585,1.316,-0.2692,False,26,0,2,3,1001.08,monte_carlo_run_884_seed_926.log
885,30,1,1,1,-1,1,927,3101,0.573,12.63,True,Incontro Flotta Deep-Space,88.72,12.59,Ostile,19,0,413,18.4,85,59,8,3,3,73,4,4,0,3,2,1,8522.63,168,1.467,1.6,0.133,True,319,0,204,318,1000.14,monte_carlo_run_885_seed_927.log
886,30,1,1,1,-1,1,928,3101,0.467,8.95,True,Contatto Planetario / Biofirme,78.79,9.4,Cauta,5,1,218,19.01,48,34,2,1,0,45,15,15,0,9,9,0,8564.39,89,1.486,1.6,0.1137,True,165,0,103,238,1000.0,monte_carlo_run_886_seed_928.log
887,30,1,1,1,-1,1,929,3101,0.595,7.14,True,Incontro Flotta Deep-Space,184.09,10.11,Ostile,33,0,158,14.7,26,19,5,1,2,21,3,3,0,2,2,0,8524.66,53,1.476,1.042,-0.4349,False,127,0,34,64,1000.66,monte_carlo_run_887_seed_929.log
888,30,1,1,1,-1,1,930,3101,0.548,7.9,True,Incontro Flotta Deep-Space,128.64,4.16,Neutrale,18,0,142,16.58,28,21,1,1,0,26,4,4,0,3,3,0,8517.55,60,1.133,1.238,0.105,True,111,0,54,103,1000.55,monte_carlo_run_888_seed_930.log
889,30,1,1,1,-1,1,931,3101,0.507,7.78,True,Incontro Flotta Deep-Space,0.02,6.18,Cauta,2,0,52,6.18,6,5,2,2,0,4,2,2,0,2,1,1,8510.94,11,1.201,1.6,0.3994,True,46,0,4,6,1000.16,monte_carlo_run_889_seed_931.log
890,30,1,1,1,-1,1,932,3101,0.4,7.61,True,Incontro Flotta Deep-Space,244.63,6.26,Collaborativa,19,0,61,14.35,7,7,1,1,0,6,3,3,0,3,0,2,8518.05,15,1.6,1.6,0.0,False,54,0,5,8,1000.29,monte_carlo_run_890_seed_932.log
891,30,1,1,1,-1,1,933,3101,0.323,4.77,True,Incontro Flotta Deep-Space,181.55,7.58,Diffidente,29,0,53,11.13,8,4,1,1,0,5,2,2,0,2,1,1,8511.68,21,1.371,1.359,-0.0121,False,43,0,9,14,1001.95,monte_carlo_run_891_seed_933.log
892,30,1,1,1,-1,1,934,3101,0.575,14.06,True,Incontro Flotta Deep-Space,87.14,7.15,Neutrale,21,0,288,24.05,56,39,4,1,1,49,5,5,0,5,3,1,8527.17,136,1.6,1.6,0.0,False,229,0,188,311,1000.07,monte_carlo_run_892_seed_934.log
893,30,1,1,1,-1,1,935,3101,0.362,8.39,True,Incontro Flotta Deep-Space,148.67,0.0,Collaborativa,5,0,159,15.67,34,26,3,1,1,30,8,8,0,5,1,3,8531.39,57,1.6,1.6,0.0,False,122,0,53,78,1000.05,monte_carlo_run_893_seed_935.log
894,30,1,1,1,-1,1,936,3101,0.333,6.84,True,Incontro Flotta Deep-Space,101.98,0.0,Biosfera Primitiva,5,0,100,11.31,20,17,1,1,0,19,7,7,0,6,2,3,8552.76,42,1.6,1.6,0.0,False,78,0,45,58,1000.45,monte_carlo_run_894_seed_936.log
895,30,1,1,1,-1,1,937,3101,0.328,7.44,True,Contatto Planetario / Biofirme,17.71,5.81,Ostile,4,0,127,16.46,28,20,4,3,1,22,4,4,0,4,2,2,8529.75,53,1.37,1.6,0.2296,True,99,0,74,97,1000.35,monte_carlo_run_895_seed_937.log
896,30,1,1,1,-1,1,938,3101,0.573,9.0,True,Incontro Flotta Deep-Space,138.9,10.48,Neutrale,17,1,374,29.16,67,56,6,1,5,58,24,24,0,18,17,1,8621.29,114,1.334,1.6,0.2664,True,299,0,153,246,1000.05,monte_carlo_run_896_seed_938.log
897,30,1,1,1,-1,1,939,3101,0.425,9.26,True,Contatto Planetario / Biofirme,7.49,3.18,Collaborativa,2,1,218,26.13,57,42,6,3,3,48,19,19,0,12,7,4,8589.25,86,1.218,1.6,0.3824,True,152,0,87,149,1000.13,monte_carlo_run_897_seed_939.log
898,30,1,1,1,-1,1,940,3101,0.379,5.22,True,Incontro Flotta Deep-Space,80.1,0.0,Neutrale,11,1,127,15.99,21,11,2,2,0,17,6,6,0,5,3,1,8534.4,46,1.402,1.6,0.1978,True,102,0,65,76,1000.12,monte_carlo_run_898_seed_940.log
899,30,1,1,1,-1,1,941,3101,0.325,5.64,True,Incontro Flotta Deep-Space,87.12,0.0,Diffidente,15,0,161,13.65,28,20,4,2,2,22,5,5,0,3,2,0,8520.93,62,1.429,1.552,0.1239,True,130,0,54,85,1001.39,monte_carlo_run_899_seed_941.log
900,30,1,1,1,-1,1,942,3101,0.45,9.98,True,Incontro Flotta Deep-Space,95.03,2.9,Diffidente,12,0,473,27.87,100,83,11,4,5,88,24,24,0,15,10,4,8598.68,189,1.332,1.6,0.2676,True,362,0,198,346,1000.05,monte_carlo_run_900_seed_942.log
901,31,1,1,1,1,-1,943,3101,0.419,6.88,True,Contatto Planetario / Biofirme,166.08,7.53,Cauta,12,0,68,16.59,8,7,2,1,1,6,5,5,0,3,2,1,8518.27,11,1.429,1.5,0.0715,True,59,0,5,6,1001.87,monte_carlo_run_901_seed_943.log
902,31,1,1,1,1,-1,944,3101,0.396,8.77,True,Incontro Flotta Deep-Space,206.28,5.26,Neutrale,15,0,15,11.4,4,4,2,0,1,2,2,2,0,1,1,0,8508.11,3,0.738,0.985,0.247,True,12,0,1,3,331.56,monte_carlo_run_902_seed_944.log
903,31,1,1,1,1,-1,945,3101,0.596,14.0,True,Contatto Planetario / Biofirme,21.71,12.94,Cauta,2,0,103,33.16,10,6,3,1,2,6,6,6,0,4,3,1,8522.21,14,1.6,1.508,-0.0925,False,94,0,5,9,1000.01,monte_carlo_run_903_seed_945.log
904,31,1,1,1,1,-1,946,3101,0.329,4.5,False,Solitudine / Nessun Contatto,,,Nessuna,2,0,2,4.01,3,3,3,0,3,0,0,0,0,0,0,0,8500.0,1,0.853,0.853,0.0,False,0,0,0,3,48.73,monte_carlo_run_904_seed_946.log
905,31,1,1,1,1,-1,947,3101,0.245,5.63,False,Solitudine / Nessun Contatto,,,Nessuna,29,0,29,19.9,1,1,1,1,0,0,0,0,0,0,0,0,8500.0,4,1.552,1.552,0.0,False,28,0,0,0,1001.22,monte_carlo_run_905_seed_947.log
906,31,1,1,1,1,-1,948,3101,0.306,3.73,True,Incontro Flotta Deep-Space,546.87,5.86,Biosfera Primitiva,22,0,32,18.42,3,2,1,1,0,1,1,1,0,1,0,1,8508.53,7,1.6,1.518,-0.0815,False,27,0,3,3,1002.05,monte_carlo_run_906_seed_948.log
907,31,1,1,1,1,-1,949,3101,0.578,6.97,True,Incontro Flotta Deep-Space,243.42,7.91,Collaborativa,18,0,61,19.07,8,6,1,1,0,7,7,7,0,2,1,1,8517.97,9,1.6,1.406,-0.1942,False,51,0,2,2,1000.1,monte_carlo_run_907_seed_949.log
908,31,1,1,1,1,-1,950,3101,0.35,6.3,True,Incontro Flotta Deep-Space,171.92,0.0,Ostile,8,0,54,21.51,5,3,1,1,0,3,3,3,0,2,1,0,8514.87,8,1.6,1.354,-0.2456,False,50,0,4,5,1006.07,monte_carlo_run_908_seed_950.log
909,31,1,1,1,1,-1,951,3101,0.357,5.92,True,Incontro Flotta Deep-Space,470.72,11.08,Ostile,19,0,34,15.81,3,3,1,1,0,2,2,2,0,2,1,1,8517.86,6,1.195,1.342,0.1469,True,31,0,2,3,1000.8,monte_carlo_run_909_seed_951.log
910,31,1,1,1,1,-1,952,3101,0.239,4.67,True,Incontro Flotta Deep-Space,331.9,8.76,Collaborativa,13,0,23,14.35,3,3,2,2,0,1,1,1,0,1,0,1,8506.24,7,1.6,1.379,-0.2208,False,20,0,3,3,1000.52,monte_carlo_run_910_seed_952.log
911,31,1,1,1,1,-1,953,3101,0.548,7.87,True,Contatto Planetario / Biofirme,737.32,16.64,Diffidente,40,0,63,18.89,3,2,2,1,0,1,1,1,0,0,0,0,8500.48,4,1.6,0.934,-0.666,False,58,0,0,0,1001.19,monte_carlo_run_911_seed_953.log
912,31,1,1,1,1,-1,954,3101,0.24,5.5,False,Solitudine / Nessun Contatto,,,Nessuna,34,0,34,15.86,2,1,1,1,0,0,0,0,0,0,0,0,8500.0,4,1.6,1.6,0.0,False,33,0,1,1,1000.48,monte_carlo_run_912_seed_954.log
913,31,1,1,1,1,-1,955,3101,0.228,4.79,True,Incontro Flotta Deep-Space,412.88,7.67,Neutrale,9,0,20,9.82,3,3,2,1,0,1,1,1,0,1,1,0,8503.75,3,1.062,0.581,-0.4809,False,17,0,1,3,1010.95,monte_carlo_run_913_seed_955.log
914,31,1,1,1,1,-1,956,3101,0.518,9.64,True,Contatto Planetario / Biofirme,13.75,7.12,Predatoria,2,0,51,20.23,6,5,1,1,0,4,4,4,0,4,4,0,8519.73,11,1.364,1.513,0.1488,True,44,0,9,14,1000.82,monte_carlo_run_914_seed_956.log
915,31,1,1,1,1,-1,957,3101,0.432,6.54,True,Incontro Flotta Deep-Space,91.01,4.95,Neutrale,5,1,91,19.04,11,6,1,1,0,9,5,5,0,4,3,0,8527.45,17,1.444,1.517,0.0727,True,78,0,7,12,1002.54,monte_carlo_run_915_seed_957.log
916,31,1,1,1,1,-1,958,3101,0.333,6.71,False,Solitudine / Nessun Contatto,,,Nessuna,29,0,29,9.48,3,3,1,1,0,2,2,2,0,0,0,0,8502.17,4,1.561,0.985,-0.5757,False,26,0,0,0,1008.19,monte_carlo_run_916_seed_958.log
917,31,1,1,1,1,-1,959,3101,0.262,5.22,False,Solitudine / Nessun Contatto,,,Nessuna,19,0,19,8.49,4,2,1,1,0,2,2,2,0,0,0,0,8500.96,4,1.544,0.969,-0.5747,False,16,0,1,1,1007.04,monte_carlo_run_917_seed_959.log
918,31,1,1,1,1,-1,960,3101,0.557,11.6,True,Incontro Flotta Deep-Space,143.06,6.87,Collaborativa,10,0,129,24.01,9,8,2,2,0,7,6,6,0,6,3,2,8535.43,18,1.172,1.6,0.4278,True,116,0,8,11,1001.4,monte_carlo_run_918_seed_960.log
919,31,1,1,1,1,-1,961,3101,0.286,4.67,False,Solitudine / Nessun Contatto,,,Nessuna,47,0,47,18.04,6,5,3,1,1,3,2,2,0,2,1,0,8510.64,8,1.185,1.505,0.3198,True,41,0,6,12,1002.28,monte_carlo_run_919_seed_961.log
920,31,1,1,1,1,-1,962,3101,0.378,5.18,False,Solitudine / Nessun Contatto,,,Nessuna,44,0,44,18.34,2,2,2,1,0,0,0,0,0,0,0,0,8500.0,3,1.334,1.334,0.0,False,43,0,0,1,1000.92,monte_carlo_run_920_seed_962.log
921,31,1,1,1,1,-1,963,3101,0.467,10.0,False,Solitudine / Nessun Contatto,,,Nessuna,43,1,43,17.16,7,6,2,1,0,4,4,4,0,3,2,1,8514.36,7,1.119,1.369,0.2496,True,36,0,6,8,1000.13,monte_carlo_run_921_seed_963.log
922,31,1,1,1,1,-1,964,3101,0.269,3.7,False,Solitudine / Nessun Contatto,,,Nessuna,1,0,1,0.0,3,3,3,1,2,0,0,0,0,0,0,0,8500.0,2,1.0,1.0,0.0,False,0,0,1,2,0.02,monte_carlo_run_922_seed_964.log
923,31,1,1,1,1,-1,965,3101,0.376,4.79,True,Incontro Flotta Deep-Space,176.31,7.64,Ostile,12,0,37,12.42,4,3,1,1,0,3,2,2,0,2,2,0,8509.04,9,1.589,1.556,-0.032,False,32,0,2,3,1001.48,monte_carlo_run_923_seed_965.log
924,31,1,1,1,1,-1,966,3101,0.513,6.2,True,Incontro Flotta Deep-Space,902.08,14.01,Biosfera Primitiva,55,1,70,24.83,8,6,1,1,0,5,4,4,0,3,0,1,8526.47,10,1.6,1.579,-0.0215,False,61,0,4,5,1000.29,monte_carlo_run_924_seed_966.log
925,31,1,1,1,1,-1,967,3101,0.533,9.21,False,Solitudine / Nessun Contatto,,,Nessuna,44,0,44,19.97,6,5,2,1,0,3,3,3,0,1,0,1,8506.88,5,1.236,1.254,0.0184,True,39,0,2,4,1000.79,monte_carlo_run_925_seed_967.log
926,31,1,1,1,1,-1,968,3101,0.392,6.92,True,Incontro Flotta Deep-Space,634.34,12.74,Diffidente,37,0,52,18.75,4,4,1,1,0,3,3,3,0,1,1,0,8506.79,6,1.6,1.29,-0.3099,False,47,0,1,1,1000.73,monte_carlo_run_926_seed_968.log
927,31,1,1,1,1,-1,969,3101,0.359,7.34,False,Solitudine / Nessun Contatto,,,Nessuna,45,0,45,15.62,3,2,1,1,0,2,2,2,0,0,0,0,8501.8,4,1.6,0.998,-0.602,False,42,0,0,0,1002.93,monte_carlo_run_927_seed_969.log
928,31,1,1,1,1,-1,970,3101,0.524,6.29,True,Incontro Flotta Deep-Space,182.87,6.64,Collaborativa,14,0,49,20.25,4,4,2,1,0,2,2,2,0,1,0,1,8507.89,7,1.6,1.411,-0.1887,False,44,0,1,1,1001.16,monte_carlo_run_928_seed_970.log
929,31,1,1,1,1,-1,971,3101,0.554,13.81,True,Incontro Flotta Deep-Space,121.58,10.59,Collaborativa,11,0,198,21.68,17,11,2,1,1,12,8,8,0,6,3,2,8540.2,32,1.6,1.6,0.0,False,177,0,25,37,1000.01,monte_carlo_run_929_seed_971.log
930,31,1,1,1,1,-1,972,3101,0.425,6.84,True,Incontro Flotta Deep-Space,460.9,11.28,Diffidente,33,0,73,23.07,5,4,1,1,0,4,4,4,0,4,3,1,8526.01,13,1.6,1.423,-0.1769,False,68,0,4,6,1003.38,monte_carlo_run_930_seed_972.log
931,32,1,1,1,1,1,973,3101,0.23,3.41,False,Solitudine / Nessun Contatto,,,Nessuna,14,0,14,9.33,2,2,2,2,0,0,0,0,0,0,0,0,8500.0,8,1.437,1.437,0.0,False,11,0,0,1,1001.59,monte_carlo_run_931_seed_973.log
932,32,1,1,1,1,1,974,3101,0.552,9.55,True,Incontro Flotta Deep-Space,141.74,0.0,Cauta,19,0,97,17.07,10,8,1,1,0,8,3,3,0,2,1,0,8511.29,23,1.6,1.321,-0.2795,False,85,0,11,16,1000.03,monte_carlo_run_932_seed_974.log
933,32,1,1,1,1,1,975,3101,0.56,11.46,True,Incontro Flotta Deep-Space,201.5,9.55,Diffidente,36,0,273,36.62,23,14,1,1,0,20,13,13,0,8,3,4,8566.27,42,1.6,1.6,0.0,False,247,0,16,24,1000.37,monte_carlo_run_933_seed_975.log
934,32,1,1,1,1,1,976,3101,0.366,8.38,True,Incontro Flotta Deep-Space,212.01,6.07,Ostile,38,0,113,14.36,8,5,1,1,0,6,3,3,0,3,1,0,8516.42,25,1.6,1.6,0.0,False,104,0,9,15,1005.12,monte_carlo_run_934_seed_976.log
935,32,1,1,1,1,1,977,3101,0.401,6.91,True,Incontro Flotta Deep-Space,184.07,8.32,Diffidente,35,0,86,14.55,6,6,4,4,0,2,1,1,0,1,1,0,8506.16,18,1.6,1.6,0.0,False,80,0,10,10,1001.84,monte_carlo_run_935_seed_977.log
936,32,1,1,1,1,1,978,3101,0.589,10.14,True,Incontro Flotta Deep-Space,285.99,11.32,Neutrale,19,0,88,23.26,7,5,1,1,0,6,6,6,0,4,2,1,8521.87,16,1.6,1.543,-0.0569,False,78,0,5,7,1000.73,monte_carlo_run_936_seed_978.log
937,32,1,1,1,1,1,979,3101,0.398,9.76,True,Incontro Flotta Deep-Space,37.37,8.79,Cauta,11,1,184,20.11,18,10,2,2,0,13,3,3,0,3,2,0,8526.31,39,1.6,1.6,0.0,False,165,0,19,27,1000.14,monte_carlo_run_937_seed_979.log
938,32,1,1,1,1,1,980,3101,0.422,6.18,True,Incontro Flotta Deep-Space,378.33,18.68,Diffidente,48,0,98,21.89,10,4,1,1,0,8,3,3,0,2,1,0,8510.14,27,1.6,1.261,-0.3394,False,88,0,15,21,1000.21,monte_carlo_run_938_seed_980.log
939,32,1,1,1,1,1,981,3101,0.326,4.5,False,Solitudine / Nessun Contatto,,,Nessuna,6,0,6,11.2,1,1,1,1,0,0,0,0,0,0,0,0,8500.0,2,1.044,1.044,0.0,False,3,0,0,0,254.19,monte_carlo_run_939_seed_981.log
940,32,1,1,1,1,1,982,3101,0.3,5.91,True,Incontro Flotta Deep-Space,125.95,5.79,Neutrale,6,0,89,19.92,8,8,2,1,1,6,4,4,0,3,0,1,8518.22,19,1.6,1.6,0.0,False,79,0,12,13,1000.02,monte_carlo_run_940_seed_982.log
941,32,1,1,1,1,1,983,3101,0.333,4.8,False,Solitudine / Nessun Contatto,,,Nessuna,30,0,30,13.56,2,1,1,1,0,1,1,1,0,0,0,0,8500.88,4,1.529,0.867,-0.6619,False,27,0,0,0,1000.79,monte_carlo_run_941_seed_983.log
942,32,1,1,1,1,1,984,3101,0.228,4.4,True,Incontro Flotta Deep-Space,659.01,9.43,Diffidente,19,0,32,13.16,3,3,1,1,0,2,2,2,0,2,1,1,8508.75,8,1.576,1.393,-0.1824,False,27,0,3,3,1000.52,monte_carlo_run_942_seed_984.log
943,32,1,1,1,1,1,985,3101,0.218,4.85,False,Solitudine / Nessun Contatto,,,Nessuna,29,0,29,4.19,5,3,1,1,0,3,0,0,0,0,0,0,8500.0,16,1.479,1.479,0.0,False,21,0,7,7,1000.08,monte_carlo_run_943_seed_985.log
944,32,1,1,1,1,1,986,3101,0.426,9.25,True,Incontro Flotta Deep-Space,0.02,9.11,Collaborativa,2,0,92,18.49,8,5,2,1,1,5,1,1,0,1,1,0,8507.97,23,1.6,1.426,-0.174,False,84,0,6,19,1002.42,monte_carlo_run_944_seed_986.log
945,32,1,1,1,1,1,987,3101,0.239,3.62,False,Solitudine / Nessun Contatto,,,Nessuna,14,0,14,0.0,2,1,1,1,0,0,0,0,0,0,0,0,8500.0,6,1.141,1.141,0.0,False,10,0,1,1,508.91,monte_carlo_run_945_seed_987.log
946,32,1,1,1,1,1,988,3101,0.416,6.48,True,Incontro Flotta Deep-Space,276.5,8.33,Neutrale,45,0,94,14.28,6,3,1,1,0,3,1,1,0,1,0,0,8505.45,17,1.6,1.268,-0.3315,False,87,0,1,6,1003.96,monte_carlo_run_946_seed_988.log
947,32,1,1,1,1,1,989,3101,0.469,11.59,True,Contatto Planetario / Biofirme,30.52,7.68,Diffidente,9,0,203,15.28,18,16,1,1,0,15,5,5,0,4,1,1,8527.21,43,1.361,1.6,0.2386,True,184,0,36,46,1000.23,monte_carlo_run_947_seed_989.log
948,32,1,1,1,1,1,990,3101,0.504,12.22,True,Incontro Flotta Deep-Space,100.18,9.2,Collaborativa,7,1,84,18.78,7,3,1,1,0,5,5,5,0,4,1,3,8518.11,15,1.6,1.6,0.0,False,77,0,8,9,1001.0,monte_carlo_run_948_seed_990.log
949,32,1,1,1,1,1,991,3101,0.453,9.94,True,Incontro Flotta Deep-Space,469.35,13.51,Ostile,90,0,164,23.84,13,7,2,1,1,9,5,5,0,4,4,0,8533.14,28,1.11,1.51,0.3998,True,149,0,16,30,1000.54,monte_carlo_run_949_seed_991.log
950,32,1,1,1,1,1,992,3101,0.496,8.91,True,Incontro Flotta Deep-Space,26.71,8.04,Collaborativa,8,0,82,13.98,9,7,2,2,0,7,1,1,0,0,0,0,8500.81,17,1.6,0.888,-0.712,False,72,0,8,10,1002.04,monte_carlo_run_950_seed_992.log
951,32,1,1,1,1,1,993,3101,0.247,3.18,False,Solitudine / Nessun Contatto,,,Nessuna,5,0,5,4.5,1,1,1,1,0,0,0,0,0,0,0,0,8500.0,2,1.042,1.042,0.0,False,4,0,0,0,181.53,monte_carlo_run_951_seed_993.log
952,32,1,1,1,1,1,994,3101,0.377,9.39,True,Contatto Planetario / Biofirme,437.85,14.38,Predatoria,59,0,171,21.06,14,10,3,2,1,10,0,0,0,0,0,0,8500.0,38,1.6,1.6,0.0,False,153,0,15,30,1002.28,monte_carlo_run_952_seed_994.log
953,32,1,1,1,1,1,995,3101,0.305,4.97,True,Incontro Flotta Deep-Space,239.58,8.1,Neutrale,23,0,50,15.73,4,4,2,2,0,2,1,1,0,1,0,0,8508.39,14,1.6,1.57,-0.0296,False,46,0,6,6,1000.13,monte_carlo_run_953_seed_995.log
954,32,1,1,1,1,1,996,3101,0.505,12.49,True,Incontro Flotta Deep-Space,151.59,10.07,Diffidente,16,0,140,19.33,13,11,1,1,0,11,7,7,0,4,2,1,8538.99,24,1.6,1.6,0.0,False,125,0,10,15,1000.32,monte_carlo_run_954_seed_996.log
955,32,1,1,1,1,1,997,3101,0.539,12.12,True,Contatto Planetario / Biofirme,42.09,8.49,Cauta,15,0,173,14.16,18,13,5,2,3,12,3,3,0,2,1,0,8513.34,31,1.439,1.503,0.0635,True,154,0,11,23,1000.42,monte_carlo_run_955_seed_997.log
956,32,1,1,1,1,1,998,3101,0.55,10.74,True,Incontro Flotta Deep-Space,28.49,9.09,Collaborativa,9,0,227,14.88,17,16,4,3,1,12,3,3,0,3,1,1,8517.96,42,1.6,1.6,0.0,False,206,0,21,30,1000.24,monte_carlo_run_956_seed_998.log
957,32,1,1,1,1,1,999,3101,0.372,5.35,True,Incontro Flotta Deep-Space,104.16,3.16,Diffidente,6,0,73,12.62,6,6,1,1,0,5,3,3,0,3,2,1,8516.35,16,1.6,1.6,0.0,False,67,0,5,8,1001.34,monte_carlo_run_957_seed_999.log
958,32,1,1,1,1,1,1000,3101,0.45,8.7,True,Incontro Flotta Deep-Space,135.93,0.0,Collaborativa,11,0,53,20.25,3,3,2,1,1,1,1,1,0,1,0,1,8503.23,7,1.6,1.6,0.0,False,48,0,1,1,1001.72,monte_carlo_run_958_seed_1000.log
959,32,1,1,1,1,1,1001,3101,0.269,5.87,True,Incontro Flotta Deep-Space,221.08,0.0,Diffidente,20,1,136,17.55,10,6,2,2,0,7,3,3,0,2,1,0,8514.21,18,1.6,1.387,-0.2131,False,125,0,6,8,1000.52,monte_carlo_run_959_seed_1001.log
960,32,1,1,1,1,1,1002,3101,0.501,9.19,True,Incontro Flotta Deep-Space,316.42,8.51,Biosfera Primitiva,40,0,132,12.94,16,14,2,1,1,14,1,1,0,1,0,1,8506.27,33,1.6,1.6,0.0,False,114,0,10,22,1000.05,monte_carlo_run_960_seed_1002.log
961,33,0,0,0,0,0,1003,3101,0.163,3.19,False,Solitudine / Nessun Contatto,,,Nessuna,4,0,4,4.86,1,1,1,1,0,0,0,0,0,0,0,0,8500.0,2,1.027,1.027,0.0,False,2,0,0,0,211.83,monte_carlo_run_961_seed_1003.log
962,33,0,0,0,0,0,1004,3101,0.161,2.02,False,Solitudine / Nessun Contatto,,,Nessuna,1,0,1,0.0,1,1,1,1,0,0,0,0,0,0,0,0,8500.0,2,1.0,1.0,0.0,False,0,0,0,0,0.02,monte_carlo_run_962_seed_1004.log
963,33,0,0,0,0,0,1005,3101,0.228,5.6,True,Incontro Flotta Deep-Space,127.95,7.73,Collaborativa,16,0,95,12.05,9,6,3,2,0,6,1,1,0,1,1,0,8508.05,23,1.043,1.577,0.5338,True,86,0,19,25,1000.41,monte_carlo_run_963_seed_1005.log
964,33,0,0,0,0,0,1006,3101,0.206,3.28,True,Incontro Flotta Deep-Space,362.29,12.12,Neutrale,18,0,33,17.17,4,3,1,1,0,2,2,2,0,2,0,1,8510.76,12,1.6,1.544,-0.0559,False,26,0,5,5,1003.18,monte_carlo_run_964_seed_1006.log
965,33,0,0,0,0,0,1007,3101,0.204,3.87,False,Solitudine / Nessun Contatto,,,Nessuna,7,0,7,2.95,2,2,2,2,0,0,0,0,0,0,0,0,8500.0,5,1.056,1.056,0.0,False,4,0,1,1,140.29,monte_carlo_run_965_seed_1007.log
966,33,0,0,0,0,0,1008,3101,0.344,5.34,True,Incontro Flotta Deep-Space,228.26,8.1,Collaborativa,14,0,78,28.42,9,8,2,1,1,7,5,5,0,4,2,2,8538.46,19,1.435,1.6,0.1649,True,68,0,9,14,1000.1,monte_carlo_run_966_seed_1008.log
967,33,0,0,0,0,0,1009,3101,0.32,6.71,True,Incontro Flotta Deep-Space,104.44,0.0,Neutrale,6,0,50,18.6,8,7,1,1,0,7,2,2,0,1,1,0,8504.36,16,1.6,1.412,-0.1878,False,42,0,5,7,1001.06,monte_carlo_run_967_seed_1009.log
968,33,0,0,0,0,0,1010,3101,0.126,2.72,False,Solitudine / Nessun Contatto,,,Nessuna,1,0,1,0.0,2,2,2,1,1,0,0,0,0,0,0,0,8500.0,2,1.0,1.0,0.0,False,0,0,0,1,0.02,monte_carlo_run_968_seed_1010.log
969,33,0,0,0,0,0,1011,3101,0.321,5.47,True,Incontro Flotta Deep-Space,294.55,5.44,Predatoria,17,0,17,13.23,5,4,2,0,1,2,1,1,0,0,0,0,8500.77,5,0.656,0.986,0.3295,True,13,0,1,6,425.74,monte_carlo_run_969_seed_1011.log
970,33,0,0,0,0,0,1012,3101,0.271,5.96,True,Incontro Flotta Deep-Space,116.86,0.0,Neutrale,21,1,152,15.49,25,17,4,4,0,19,4,4,0,3,1,1,8521.91,36,1.6,1.6,0.0,False,126,0,25,33,1000.02,monte_carlo_run_970_seed_1012.log
971,33,0,0,0,0,0,1013,3101,0.285,6.02,True,Incontro Flotta Deep-Space,88.09,3.66,Biosfera Primitiva,17,0,138,15.33,15,11,3,3,0,12,1,1,0,1,1,0,8506.57,30,1.347,1.115,-0.2319,False,121,0,14,26,1000.12,monte_carlo_run_971_seed_1013.log
972,33,0,0,0,0,0,1014,3101,0.321,7.38,True,Incontro Flotta Deep-Space,132.01,0.0,Collaborativa,9,0,81,14.94,14,13,2,1,1,12,6,6,0,3,1,0,8525.88,26,1.432,1.598,0.1666,True,65,0,14,25,1000.6,monte_carlo_run_972_seed_1014.log
973,33,0,0,0,0,0,1015,3101,0.15,1.96,False,Solitudine / Nessun Contatto,,,Nessuna,1,0,1,0.0,1,1,1,1,0,0,0,0,0,0,0,0,8500.0,2,1.0,1.0,0.0,False,0,0,0,0,0.02,monte_carlo_run_973_seed_1015.log
974,33,0,0,0,0,0,1016,3101,0.255,3.52,False,Solitudine / Nessun Contatto,,,Nessuna,5,0,5,6.74,1,1,1,1,0,0,0,0,0,0,0,0,8500.0,2,1.018,1.018,0.0,False,2,0,0,0,158.11,monte_carlo_run_974_seed_1016.log
975,33,0,0,0,0,0,1017,3101,0.234,3.99,False,Solitudine / Nessun Contatto,,,Nessuna,1,0,1,0.0,1,1,1,1,0,0,0,0,0,0,0,0,8500.0,2,1.0,1.0,0.0,False,0,0,0,0,0.02,monte_carlo_run_975_seed_1017.log
976,33,0,0,0,0,0,1018,3101,0.317,5.96,True,Contatto Planetario / Biofirme,18.16,5.76,Diffidente,2,0,49,16.81,9,9,3,1,2,6,6,6,0,5,2,2,8526.65,14,1.244,1.499,0.2549,True,40,0,12,13,1001.49,monte_carlo_run_976_seed_1018.log
977,33,0,0,0,0,0,1019,3101,0.321,3.91,True,Incontro Flotta Deep-Space,134.28,6.21,Neutrale,7,0,21,14.45,3,3,1,1,0,2,2,2,0,1,0,0,8504.42,7,1.6,1.457,-0.1434,False,18,0,1,1,1002.93,monte_carlo_run_977_seed_1019.log
978,33,0,0,0,0,0,1020,3101,0.267,3.29,False,Solitudine / Nessun Contatto,,,Nessuna,3,0,3,2.94,2,2,1,1,0,1,1,1,0,1,0,0,8508.2,3,1.026,1.112,0.0854,True,0,0,1,1,162.13,monte_carlo_run_978_seed_1020.log
979,33,0,0,0,0,0,1021,3101,0.237,3.76,False,Solitudine / Nessun Contatto,,,Nessuna,2,0,2,3.54,1,1,1,1,0,0,0,0,0,0,0,0,8500.0,2,1.002,1.002,0.0,False,0,0,0,0,63.77,monte_carlo_run_979_seed_1021.log
980,33,0,0,0,0,0,1022,3101,0.148,2.25,False,Solitudine / Nessun Contatto,,,Nessuna,2,0,2,0.0,2,2,2,2,0,0,0,0,0,0,0,0,8500.0,4,1.0,1.0,0.0,False,0,0,1,1,0.04,monte_carlo_run_980_seed_1022.log
981,33,0,0,0,0,0,1023,3101,0.342,7.63,True,Incontro Flotta Deep-Space,587.46,11.92,Collaborativa,39,1,151,21.77,26,17,2,1,0,23,6,6,0,4,0,3,8529.05,44,1.6,1.6,0.0,False,123,0,30,43,1000.5,monte_carlo_run_981_seed_1023.log
982,33,0,0,0,0,0,1024,3101,0.335,6.09,True,Contatto Planetario / Biofirme,242.58,9.05,Collaborativa,11,1,87,17.55,8,7,2,2,0,5,4,4,0,2,2,0,8516.56,12,1.6,1.509,-0.0908,False,78,0,4,4,1000.47,monte_carlo_run_982_seed_1024.log
983,33,0,0,0,0,0,1025,3101,0.143,2.17,False,Solitudine / Nessun Contatto,,,Nessuna,2,0,2,0.0,2,2,2,2,0,0,0,0,0,0,0,0,8500.0,4,1.0,1.0,0.0,False,0,0,1,1,0.04,monte_carlo_run_983_seed_1025.log
984,33,0,0,0,0,0,1026,3101,0.2,4.06,False,Solitudine / Nessun Contatto,,,Nessuna,11,0,11,3.27,3,3,2,1,1,1,0,0,0,0,0,0,8500.0,7,1.18,1.18,0.0,False,7,0,1,3,483.43,monte_carlo_run_984_seed_1026.log
985,33,0,0,0,0,0,1027,3101,0.291,7.26,True,Contatto Planetario / Biofirme,6.54,1.9,Cauta,2,0,74,16.68,14,12,2,1,1,12,7,7,0,4,4,0,8531.66,29,1.446,1.46,0.0148,True,57,0,21,37,1001.36,monte_carlo_run_985_seed_1027.log
986,33,0,0,0,0,0,1028,3101,0.203,2.53,False,Solitudine / Nessun Contatto,,,Nessuna,1,0,1,0.0,1,1,1,1,0,0,0,0,0,0,0,0,8500.0,2,1.0,1.0,0.0,False,0,0,0,0,0.02,monte_carlo_run_986_seed_1028.log
987,33,0,0,0,0,0,1029,3101,0.287,5.87,True,Incontro Flotta Deep-Space,98.74,0.0,Collaborativa,10,0,70,9.73,11,7,2,2,0,9,3,3,0,3,3,0,8518.77,23,1.451,1.43,-0.0204,False,59,0,14,24,1000.39,monte_carlo_run_987_seed_1029.log
988,33,0,0,0,0,0,1030,3101,0.123,1.6,False,Solitudine / Nessun Contatto,,,Nessuna,1,0,1,0.0,2,2,2,1,1,0,0,0,0,0,0,0,8500.0,2,1.0,1.0,0.0,False,0,0,1,1,0.02,monte_carlo_run_988_seed_1030.log
989,33,0,0,0,0,0,1031,3101,0.309,5.43,True,Incontro Flotta Deep-Space,375.51,6.72,Collaborativa,10,0,32,15.74,5,3,1,1,0,4,4,4,0,2,0,2,8512.33,10,1.6,1.434,-0.1661,False,27,0,3,3,1001.08,monte_carlo_run_989_seed_1031.log
990,33,0,0,0,0,0,1032,3101,0.215,4.26,False,Solitudine / Nessun Contatto,,,Nessuna,9,0,9,8.58,3,3,3,1,2,0,0,0,0,0,0,0,8500.0,3,0.692,0.692,0.0,False,6,0,1,2,417.38,monte_carlo_run_990_seed_1032.log
991,34,0,0,0,0,0,1033,3101,0.157,3.31,False,Solitudine / Nessun Contatto,,,Nessuna,1,0,1,0.0,1,1,1,1,0,0,0,0,0,0,0,0,8500.0,2,1.0,1.0,0.0,False,0,0,0,0,0.02,monte_carlo_run_991_seed_1033.log
992,34,0,0,0,0,0,1034,3101,0.169,2.51,False,Solitudine / Nessun Contatto,,,Nessuna,2,0,2,2.05,1,1,1,1,0,0,0,0,0,0,0,0,8500.0,2,1.001,1.001,0.0,False,0,0,0,0,48.53,monte_carlo_run_992_seed_1034.log
993,34,0,0,0,0,0,1035,3101,0.203,3.64,False,Solitudine / Nessun Contatto,,,Nessuna,12,0,12,3.16,4,3,2,0,1,1,1,1,0,0,0,0,8500.84,4,0.434,0.975,0.5407,True,7,0,1,2,442.67,monte_carlo_run_993_seed_1035.log
994,34,0,0,0,0,0,1036,3101,0.177,3.5,True,Incontro Flotta Deep-Space,187.78,4.9,Collaborativa,7,0,8,7.88,3,2,1,1,0,2,2,2,0,1,0,1,8505.16,4,1.161,1.272,0.1117,True,2,0,1,1,539.96,monte_carlo_run_994_seed_1036.log
995,34,0,0,0,0,0,1037,3101,0.269,5.37,False,Solitudine / Nessun Contatto,,,Nessuna,52,0,52,22.69,3,3,2,2,0,1,0,0,0,0,0,0,8500.0,11,1.6,1.6,0.0,False,48,0,2,3,1002.6,monte_carlo_run_995_seed_1037.log
996,34,0,0,0,0,0,1038,3101,0.334,4.73,False,Solitudine / Nessun Contatto,,,Nessuna,2,0,2,2.61,1,1,1,1,0,0,0,0,0,0,0,0,8500.0,2,1.001,1.001,0.0,False,0,0,0,0,43.9,monte_carlo_run_996_seed_1038.log
997,34,0,0,0,0,0,1039,3101,0.338,7.11,True,Incontro Flotta Deep-Space,198.48,9.24,Diffidente,17,0,146,19.18,23,14,2,1,1,21,7,7,0,5,4,1,8533.11,40,1.6,1.6,0.0,False,119,0,42,54,1000.11,monte_carlo_run_997_seed_1039.log
998,34,0,0,0,0,0,1040,3101,0.132,2.32,False,Solitudine / Nessun Contatto,,,Nessuna,2,0,2,1.97,2,2,2,1,1,0,0,0,0,0,0,0,8500.0,2,1.018,1.018,0.0,False,0,0,1,1,59.79,monte_carlo_run_998_seed_1040.log
999,34,0,0,0,0,0,1041,3101,0.236,5.61,False,Solitudine / Nessun Contatto,,,Nessuna,33,0,33,7.92,3,2,1,1,0,2,2,2,0,1,0,1,8507.73,6,1.547,1.371,-0.1757,False,28,0,1,1,1002.14,monte_carlo_run_999_seed_1041.log
1000,34,0,0,0,0,0,1042,3101,0.198,3.88,True,Contatto Planetario / Biofirme,7.5,1.49,Diffidente,4,0,16,7.45,4,3,3,2,1,0,0,0,0,0,0,0,8500.0,9,1.531,1.531,0.0,False,9,0,3,3,1005.64,monte_carlo_run_1000_seed_1042.log
1001,34,0,0,0,0,0,1043,3101,0.256,3.37,False,Solitudine / Nessun Contatto,,,Nessuna,8,0,8,7.99,2,2,2,0,2,0,0,0,0,0,0,0,8500.0,1,0.662,0.662,0.0,False,5,0,0,1,406.83,monte_carlo_run_1001_seed_1043.log
1002,34,0,0,0,0,0,1044,3101,0.214,4.25,False,Solitudine / Nessun Contatto,,,Nessuna,1,0,1,0.0,1,1,1,1,0,0,0,0,0,0,0,0,8500.0,2,1.0,1.0,0.0,False,0,0,0,0,0.02,monte_carlo_run_1002_seed_1044.log
1003,34,0,0,0,0,0,1045,3101,0.239,3.59,False,Solitudine / Nessun Contatto,,,Nessuna,3,0,3,2.84,1,1,1,1,0,0,0,0,0,0,0,0,8500.0,2,1.019,1.019,0.0,False,2,0,0,0,145.55,monte_carlo_run_1003_seed_1045.log
1004,34,0,0,0,0,0,1046,3101,0.208,4.28,True,Incontro Flotta Deep-Space,94.93,0.0,Collaborativa,11,0,70,14.39,10,6,2,2,0,7,2,2,0,2,2,0,8523.63,25,1.378,1.6,0.2216,True,55,0,19,25,1000.37,monte_carlo_run_1004_seed_1046.log
1005,34,0,0,0,0,0,1047,3101,0.146,2.02,False,Solitudine / Nessun Contatto,,,Nessuna,1,0,1,0.0,1,1,1,1,0,0,0,0,0,0,0,0,8500.0,2,1.0,1.0,0.0,False,0,0,0,0,0.02,monte_carlo_run_1005_seed_1047.log
1006,34,0,0,0,0,0,1048,3101,0.142,2.56,False,Solitudine / Nessun Contatto,,,Nessuna,5,0,5,1.1,3,3,3,3,0,0,0,0,0,0,0,0,8500.0,6,1.023,1.023,0.0,False,0,0,2,2,42.05,monte_carlo_run_1006_seed_1048.log
1007,34,0,0,0,0,0,1049,3101,0.347,8.64,True,Contatto Planetario / Biofirme,72.27,12.78,Collaborativa,11,0,156,18.76,25,20,5,3,2,19,7,7,0,6,2,3,8548.59,53,1.52,1.6,0.0797,True,129,0,48,74,1000.48,monte_carlo_run_1007_seed_1049.log
1008,34,0,0,0,0,0,1050,3101,0.249,6.05,True,Incontro Flotta Deep-Space,208.37,5.72,Predatoria,16,0,53,14.2,6,4,3,3,0,3,0,0,0,0,0,0,8500.0,12,1.6,1.6,0.0,False,47,0,3,4,1002.56,monte_carlo_run_1008_seed_1050.log
1009,34,0,0,0,0,0,1051,3101,0.152,2.96,False,Solitudine / Nessun Contatto,,,Nessuna,3,0,3,0.0,3,3,3,3,0,0,0,0,0,0,0,0,8500.0,7,1.0,1.0,0.0,False,0,0,1,2,0.06,monte_carlo_run_1009_seed_1051.log
1010,34,0,0,0,0,0,1052,3101,0.265,5.4,True,Incontro Flotta Deep-Space,329.5,11.5,Collaborativa,40,0,122,16.26,17,13,2,2,0,13,3,3,0,3,1,1,8520.67,30,1.319,1.523,0.2039,True,102,0,19,28,1000.83,monte_carlo_run_1010_seed_1052.log
1011,34,0,0,0,0,0,1053,3101,0.155,2.35,False,Solitudine / Nessun Contatto,,,Nessuna,2,0,2,1.34,2,2,2,1,1,0,0,0,0,0,0,0,8500.0,2,1.011,1.011,0.0,False,0,0,1,1,34.62,monte_carlo_run_1011_seed_1053.log
1012,34,0,0,0,0,0,1054,3101,0.302,6.32,True,Incontro Flotta Deep-Space,95.68,0.0,Diffidente,9,0,102,18.5,17,9,2,2,0,15,6,6,0,4,2,0,8527.15,24,1.6,1.403,-0.1973,False,83,0,13,22,1000.08,monte_carlo_run_1012_seed_1054.log
1013,34,0,0,0,0,0,1055,3101,0.299,4.04,True,Incontro Flotta Deep-Space,522.38,20.19,Cauta,32,0,43,26.24,7,4,2,2,0,4,3,3,0,2,1,1,8513.02,12,1.6,1.287,-0.3132,False,34,0,3,6,1001.91,monte_carlo_run_1013_seed_1055.log
1014,34,0,0,0,0,0,1056,3101,0.266,4.37,False,Solitudine / Nessun Contatto,,,Nessuna,74,0,74,13.75,16,12,3,2,1,12,2,2,0,0,0,0,8501.97,15,1.2,0.989,-0.2115,False,56,0,8,13,1000.18,monte_carlo_run_1014_seed_1056.log
1015,34,0,0,0,0,0,1057,3101,0.13,2.81,False,Solitudine / Nessun Contatto,,,Nessuna,4,0,4,2.02,3,3,3,2,1,0,0,0,0,0,0,0,8500.0,6,1.019,1.019,0.0,False,0,0,1,3,62.23,monte_carlo_run_1015_seed_1057.log
1016,34,0,0,0,0,0,1058,3101,0.26,4.48,True,Incontro Flotta Deep-Space,102.99,0.0,Collaborativa,12,0,28,8.96,6,6,4,2,1,2,2,2,0,2,1,1,8514.27,11,0.859,1.581,0.7228,True,21,0,5,7,1008.4,monte_carlo_run_1016_seed_1058.log
1017,34,0,0,0,0,0,1059,3101,0.317,7.84,True,Incontro Flotta Deep-Space,95.25,3.09,Neutrale,6,0,71,15.2,9,8,1,1,0,8,3,3,0,2,2,0,8519.3,23,1.174,1.6,0.4257,True,61,0,10,21,1000.15,monte_carlo_run_1017_seed_1059.log
1018,34,0,0,0,0,0,1060,3101,0.239,4.89,True,Contatto Planetario / Biofirme,446.66,12.19,Cauta,28,0,47,14.18,5,4,4,2,1,1,1,1,0,1,0,0,8510.2,7,1.066,1.389,0.3228,True,42,0,3,4,1003.03,monte_carlo_run_1018_seed_1060.log
1019,34,0,0,0,0,0,1061,3101,0.284,5.56,True,Incontro Flotta Deep-Space,90.86,0.0,Collaborativa,11,0,189,12.92,22,19,2,2,0,20,3,3,0,2,2,0,8510.25,43,1.6,1.116,-0.4839,False,161,0,32,51,1000.11,monte_carlo_run_1019_seed_1061.log
1020,34,0,0,0,0,0,1062,3101,0.247,3.71,False,Solitudine / Nessun Contatto,,,Nessuna,26,0,26,2.35,3,3,3,3,0,0,0,0,0,0,0,0,8500.0,8,1.254,1.254,0.0,False,22,0,1,2,1002.22,monte_carlo_run_1020_seed_1062.log
