run_id,treatment_id,factor_A,factor_B,factor_C,factor_D,factor_E,seed,num_stars,ship_speed_c,max_reach_ly,first_contact_occurred,contact_type,time_to_first_contact_years,contact_distance_ly,contact_disposition,systems_before_contact,archeological_relics_found,total_systems_explored,max_expansion_radius_ly,planets_habitable_surveyed,planets_with_life_surveyed,planets_with_intel_surveyed,planets_with_spacefaring_surveyed,prime_directive_encounters,colonies_founded,colonies_active,total_earth_colonies,colonies_collapsed,colonies_sovereign,colonies_secession_hostile,colonies_secession_loyal,total_human_pop_millions,total_fleets_activated,earth_final_lc,max_colony_lc,delta_lc_max,colony_surpassed_earth,total_starbases,fallen_starbases,total_trade_routes,total_wars,simulation_duration_years,log_filename
1,1,-1,-1,-1,-1,-1,43,3101,0.082,1.56,False,Solitudine / Nessun Contatto,,,Nessuna,2,0,2,1.48,2,2,2,0,2,0,0,0,0,0,0,0,8500.0,2,0.861,0.861,0.0,False,0,0,0,1,72.17,monte_carlo_run_1_seed_43.log
2,1,-1,-1,-1,-1,-1,44,3101,0.079,1.47,False,Solitudine / Nessun Contatto,,,Nessuna,1,0,1,0.0,1,1,1,1,0,0,0,0,0,0,0,0,8500.0,2,1.0,1.0,0.0,False,0,0,0,0,0.02,monte_carlo_run_2_seed_44.log
3,1,-1,-1,-1,-1,-1,45,3101,0.056,1.06,False,Solitudine / Nessun Contatto,,,Nessuna,1,0,1,0.0,1,1,1,1,0,0,0,0,0,0,0,0,8500.0,2,1.0,1.0,0.0,False,0,0,0,0,0.02,monte_carlo_run_3_seed_45.log
4,1,-1,-1,-1,-1,-1,46,3101,0.079,1.6,False,Solitudine / Nessun Contatto,,,Nessuna,1,0,1,0.0,1,1,1,1,0,0,0,0,0,0,0,0,8500.0,2,1.0,1.0,0.0,False,0,0,0,0,0.02,monte_carlo_run_4_seed_46.log
5,1,-1,-1,-1,-1,-1,47,3101,0.078,1.62,False,Solitudine / Nessun Contatto,,,Nessuna,1,0,1,0.0,1,1,1,1,0,0,0,0,0,0,0,0,8500.0,2,1.0,1.0,0.0,False,0,0,0,0,0.02,monte_carlo_run_5_seed_47.log
6,1,-1,-1,-1,-1,-1,48,3101,0.071,1.58,False,Solitudine / Nessun Contatto,,,Nessuna,1,0,1,0.0,2,2,2,0,2,0,0,0,0,0,0,0,8500.0,1,0.985,0.985,0.0,False,0,0,0,1,0.02,monte_carlo_run_6_seed_48.log
7,1,-1,-1,-1,-1,-1,49,3101,0.133,2.89,False,Solitudine / Nessun Contatto,,,Nessuna,1,0,1,0.0,2,2,2,0,2,0,0,0,0,0,0,0,8500.0,1,0.985,0.985,0.0,False,0,0,0,1,0.02,monte_carlo_run_7_seed_49.log
8,1,-1,-1,-1,-1,-1,50,3101,0.054,1.21,False,Solitudine / Nessun Contatto,,,Nessuna,1,0,1,0.0,2,2,2,1,1,0,0,0,0,0,0,0,8500.0,2,1.0,1.0,0.0,False,0,0,0,1,0.02,monte_carlo_run_8_seed_50.log
9,1,-1,-1,-1,-1,-1,51,3101,0.062,0.78,False,Solitudine / Nessun Contatto,,,Nessuna,1,0,1,0.0,1,1,1,1,0,0,0,0,0,0,0,0,8500.0,2,1.0,1.0,0.0,False,0,0,0,0,0.02,monte_carlo_run_9_seed_51.log
10,1,-1,-1,-1,-1,-1,52,3101,0.057,1.14,False,Solitudine / Nessun Contatto,,,Nessuna,1,0,1,0.0,1,1,1,1,0,0,0,0,0,0,0,0,8500.0,2,1.0,1.0,0.0,False,0,0,0,0,0.02,monte_carlo_run_10_seed_52.log
11,1,-1,-1,-1,-1,-1,53,3101,0.065,0.86,False,Solitudine / Nessun Contatto,,,Nessuna,1,0,1,0.0,2,2,2,1,1,0,0,0,0,0,0,0,8500.0,2,1.0,1.0,0.0,False,0,0,0,1,0.02,monte_carlo_run_11_seed_53.log
12,1,-1,-1,-1,-1,-1,54,3101,0.098,2.17,False,Solitudine / Nessun Contatto,,,Nessuna,2,0,2,2.12,3,2,2,0,2,1,1,1,0,0,0,0,8500.11,2,0.845,0.777,-0.0678,False,0,0,0,1,86.71,monte_carlo_run_12_seed_54.log
13,1,-1,-1,-1,-1,-1,55,3101,0.148,2.21,False,Solitudine / Nessun Contatto,,,Nessuna,3,0,3,1.45,1,1,1,1,0,0,0,0,0,0,0,0,8500.0,2,1.014,1.014,0.0,False,2,0,0,0,104.57,monte_carlo_run_13_seed_55.log
14,1,-1,-1,-1,-1,-1,56,3101,0.064,1.52,False,Solitudine / Nessun Contatto,,,Nessuna,2,0,2,0.96,1,1,1,1,0,0,0,0,0,0,0,0,8500.0,2,1.002,1.002,0.0,False,0,0,0,0,60.14,monte_carlo_run_14_seed_56.log
15,1,-1,-1,-1,-1,-1,57,3101,0.094,1.46,False,Solitudine / Nessun Contatto,,,Nessuna,1,0,1,0.0,1,1,1,1,0,0,0,0,0,0,0,0,8500.0,2,1.0,1.0,0.0,False,0,0,0,0,0.02,monte_carlo_run_15_seed_57.log
16,1,-1,-1,-1,-1,-1,58,3101,0.141,2.29,False,Solitudine / Nessun Contatto,,,Nessuna,1,0,1,0.0,1,1,1,1,0,0,0,0,0,0,0,0,8500.0,2,1.0,1.0,0.0,False,0,0,0,0,0.02,monte_carlo_run_16_seed_58.log
17,1,-1,-1,-1,-1,-1,59,3101,0.145,3.42,False,Solitudine / Nessun Contatto,,,Nessuna,9,0,9,7.34,1,1,1,1,0,0,0,0,0,0,0,0,8500.0,3,1.228,1.228,0.0,False,7,0,0,0,738.06,monte_carlo_run_17_seed_59.log
18,1,-1,-1,-1,-1,-1,60,3101,0.136,3.06,False,Solitudine / Nessun Contatto,,,Nessuna,3,0,3,3.72,1,1,1,1,0,0,0,0,0,0,0,0,8500.0,2,1.01,1.01,0.0,False,1,0,0,0,126.28,monte_carlo_run_18_seed_60.log
19,1,-1,-1,-1,-1,-1,61,3101,0.127,1.54,False,Solitudine / Nessun Contatto,,,Nessuna,1,0,1,0.0,1,1,1,1,0,0,0,0,0,0,0,0,8500.0,2,1.0,1.0,0.0,False,0,0,0,0,0.02,monte_carlo_run_19_seed_61.log
20,1,-1,-1,-1,-1,-1,62,3101,0.122,1.6,False,Solitudine / Nessun Contatto,,,Nessuna,2,0,2,1.59,2,2,2,1,1,0,0,0,0,0,0,0,8500.0,2,1.017,1.017,0.0,False,0,0,1,1,55.53,monte_carlo_run_20_seed_62.log
21,1,-1,-1,-1,-1,-1,63,3101,0.077,0.93,False,Solitudine / Nessun Contatto,,,Nessuna,2,0,2,0.9,2,2,1,1,0,1,1,1,0,0,0,0,8500.16,2,1.001,0.825,-0.1761,False,0,0,0,0,46.81,monte_carlo_run_21_seed_63.log
22,1,-1,-1,-1,-1,-1,64,3101,0.057,1.31,False,Solitudine / Nessun Contatto,,,Nessuna,1,0,1,0.0,1,1,1,1,0,0,0,0,0,0,0,0,8500.0,2,1.0,1.0,0.0,False,0,0,0,0,0.02,monte_carlo_run_22_seed_64.log
23,1,-1,-1,-1,-1,-1,65,3101,0.127,2.0,False,Solitudine / Nessun Contatto,,,Nessuna,1,0,1,0.0,1,1,1,1,0,0,0,0,0,0,0,0,8500.0,2,1.0,1.0,0.0,False,0,0,0,0,0.02,monte_carlo_run_23_seed_65.log
24,1,-1,-1,-1,-1,-1,66,3101,0.132,2.28,False,Solitudine / Nessun Contatto,,,Nessuna,1,0,1,0.0,3,3,3,1,2,0,0,0,0,0,0,0,8500.0,2,1.001,1.001,0.0,False,0,0,2,3,0.02,monte_carlo_run_24_seed_66.log
25,1,-1,-1,-1,-1,-1,67,3101,0.065,0.87,False,Solitudine / Nessun Contatto,,,Nessuna,1,0,1,0.0,3,3,3,0,3,0,0,0,0,0,0,0,8500.0,1,0.985,0.985,0.0,False,0,0,0,2,0.02,monte_carlo_run_25_seed_67.log
26,1,-1,-1,-1,-1,-1,68,3101,0.138,2.03,False,Solitudine / Nessun Contatto,,,Nessuna,1,0,1,0.0,2,2,2,1,1,0,0,0,0,0,0,0,8500.0,2,1.0,1.0,0.0,False,0,0,0,1,0.02,monte_carlo_run_26_seed_68.log
27,1,-1,-1,-1,-1,-1,69,3101,0.12,2.99,False,Solitudine / Nessun Contatto,,,Nessuna,1,0,1,0.0,2,2,2,0,2,0,0,0,0,0,0,0,8500.0,1,0.985,0.985,0.0,False,0,0,0,1,0.02,monte_carlo_run_27_seed_69.log
28,1,-1,-1,-1,-1,-1,70,3101,0.067,1.57,False,Solitudine / Nessun Contatto,,,Nessuna,2,0,2,1.29,3,3,3,1,2,0,0,0,0,0,0,0,8500.0,2,1.04,1.04,0.0,False,0,0,3,3,77.11,monte_carlo_run_28_seed_70.log
29,1,-1,-1,-1,-1,-1,71,3101,0.109,2.54,False,Solitudine / Nessun Contatto,,,Nessuna,1,0,1,0.0,1,1,1,1,0,0,0,0,0,0,0,0,8500.0,2,1.0,1.0,0.0,False,0,0,0,0,0.02,monte_carlo_run_29_seed_71.log
30,1,-1,-1,-1,-1,-1,72,3101,0.096,2.12,False,Solitudine / Nessun Contatto,,,Nessuna,2,0,2,2.05,2,1,1,1,0,1,1,1,0,0,0,0,8500.31,2,1.002,0.858,-0.1442,False,0,0,0,0,85.39,monte_carlo_run_30_seed_72.log
31,1,-1,-1,-1,-1,-1,73,3101,0.138,3.39,False,Solitudine / Nessun Contatto,,,Nessuna,3,0,3,3.47,1,1,1,1,0,0,0,0,0,0,0,0,8500.0,2,1.009,1.009,0.0,False,1,0,0,0,114.99,monte_carlo_run_31_seed_73.log
32,1,-1,-1,-1,-1,-1,74,3101,0.145,3.37,True,Contatto Planetario / Biofirme,854.02,10.32,Cauta,17,0,19,13.55,3,3,2,1,1,1,1,1,0,1,1,0,8504.06,4,1.001,0.1,-0.9009,False,15,0,1,3,1017.97,monte_carlo_run_32_seed_74.log
33,1,-1,-1,-1,-1,-1,75,3101,0.065,1.2,False,Solitudine / Nessun Contatto,,,Nessuna,1,0,1,0.0,1,1,1,1,0,0,0,0,0,0,0,0,8500.0,2,1.0,1.0,0.0,False,0,0,0,0,0.02,monte_carlo_run_33_seed_75.log
34,1,-1,-1,-1,-1,-1,76,3101,0.144,3.5,False,Solitudine / Nessun Contatto,,,Nessuna,2,0,2,3.18,1,1,1,1,0,0,0,0,0,0,0,0,8500.0,2,1.002,1.002,0.0,False,0,0,0,0,88.24,monte_carlo_run_34_seed_76.log
35,1,-1,-1,-1,-1,-1,77,3101,0.071,1.35,False,Solitudine / Nessun Contatto,,,Nessuna,1,0,1,0.0,2,2,2,1,1,0,0,0,0,0,0,0,8500.0,2,1.0,1.0,0.0,False,0,0,1,1,0.02,monte_carlo_run_35_seed_77.log
36,1,-1,-1,-1,-1,-1,78,3101,0.086,1.97,False,Solitudine / Nessun Contatto,,,Nessuna,1,0,1,0.0,2,2,2,1,1,0,0,0,0,0,0,0,8500.0,2,1.0,1.0,0.0,False,0,0,1,1,0.02,monte_carlo_run_36_seed_78.log
37,1,-1,-1,-1,-1,-1,79,3101,0.144,3.27,False,Solitudine / Nessun Contatto,,,Nessuna,4,0,4,2.96,1,1,1,1,0,0,0,0,0,0,0,0,8500.0,2,1.004,1.004,0.0,False,0,0,0,0,189.52,monte_carlo_run_37_seed_79.log
38,1,-1,-1,-1,-1,-1,80,3101,0.145,3.01,True,Contatto Planetario / Biofirme,20.64,2.99,Cauta,2,0,2,2.99,4,4,4,0,4,0,0,0,0,0,0,0,8500.0,2,0.883,0.883,0.0,False,0,0,1,2,100.48,monte_carlo_run_38_seed_80.log
39,1,-1,-1,-1,-1,-1,81,3101,0.144,2.16,False,Solitudine / Nessun Contatto,,,Nessuna,1,0,1,0.0,1,1,1,1,0,0,0,0,0,0,0,0,8500.0,2,1.0,1.0,0.0,False,0,0,0,0,0.02,monte_carlo_run_39_seed_81.log
40,1,-1,-1,-1,-1,-1,82,3101,0.063,1.15,False,Solitudine / Nessun Contatto,,,Nessuna,1,0,1,0.0,3,3,3,1,2,0,0,0,0,0,0,0,8500.0,2,1.0,1.0,0.0,False,0,0,0,3,0.02,monte_carlo_run_40_seed_82.log
41,1,-1,-1,-1,-1,-1,83,3101,0.058,0.8,False,Solitudine / Nessun Contatto,,,Nessuna,1,0,1,0.0,1,1,1,1,0,0,0,0,0,0,0,0,8500.0,2,1.0,1.0,0.0,False,0,0,0,0,0.02,monte_carlo_run_41_seed_83.log
42,1,-1,-1,-1,-1,-1,84,3101,0.137,1.77,False,Solitudine / Nessun Contatto,,,Nessuna,1,0,1,0.0,1,1,1,1,0,0,0,0,0,0,0,0,8500.0,2,1.0,1.0,0.0,False,0,0,0,0,0.02,monte_carlo_run_42_seed_84.log
43,1,-1,-1,-1,-1,-1,85,3101,0.057,0.93,False,Solitudine / Nessun Contatto,,,Nessuna,1,0,1,0.0,1,1,1,1,0,0,0,0,0,0,0,0,8500.0,2,1.0,1.0,0.0,False,0,0,0,0,0.02,monte_carlo_run_43_seed_85.log
44,1,-1,-1,-1,-1,-1,86,3101,0.096,1.99,False,Solitudine / Nessun Contatto,,,Nessuna,1,0,1,0.0,3,3,3,1,2,0,0,0,0,0,0,0,8500.0,2,1.001,1.001,0.0,False,0,0,2,2,0.02,monte_carlo_run_44_seed_86.log
45,1,-1,-1,-1,-1,-1,87,3101,0.125,2.93,False,Solitudine / Nessun Contatto,,,Nessuna,2,0,2,2.75,2,1,1,1,0,1,1,1,0,0,0,0,8500.33,2,1.002,0.84,-0.162,False,0,0,0,0,95.37,monte_carlo_run_45_seed_87.log
46,1,-1,-1,-1,-1,-1,88,3101,0.096,1.24,False,Solitudine / Nessun Contatto,,,Nessuna,1,0,1,0.0,1,1,1,1,0,0,0,0,0,0,0,0,8500.0,2,1.0,1.0,0.0,False,0,0,0,0,0.02,monte_carlo_run_46_seed_88.log
47,1,-1,-1,-1,-1,-1,89,3101,0.144,3.14,False,Solitudine / Nessun Contatto,,,Nessuna,8,0,8,6.74,2,1,1,1,0,1,1,1,0,1,1,0,8505.98,4,1.281,1.188,-0.0926,False,6,0,0,1,1002.4,monte_carlo_run_47_seed_89.log
48,1,-1,-1,-1,-1,-1,90,3101,0.053,1.21,False,Solitudine / Nessun Contatto,,,Nessuna,1,0,1,0.0,2,2,2,0,2,0,0,0,0,0,0,0,8500.0,1,0.985,0.985,0.0,False,0,0,0,1,0.02,monte_carlo_run_48_seed_90.log
49,1,-1,-1,-1,-1,-1,91,3101,0.136,1.81,False,Solitudine / Nessun Contatto,,,Nessuna,1,0,1,0.0,2,2,2,1,1,0,0,0,0,0,0,0,8500.0,2,1.0,1.0,0.0,False,0,0,1,1,0.02,monte_carlo_run_49_seed_91.log
50,1,-1,-1,-1,-1,-1,92,3101,0.07,1.52,False,Solitudine / Nessun Contatto,,,Nessuna,1,0,1,0.0,2,2,2,0,2,0,0,0,0,0,0,0,8500.0,1,0.985,0.985,0.0,False,0,0,0,1,0.02,monte_carlo_run_50_seed_92.log
51,2,-1,-1,-1,-1,1,93,3101,0.057,0.73,False,Solitudine / Nessun Contatto,,,Nessuna,3,0,3,0.0,3,3,3,3,0,0,0,0,0,0,0,0,8500.0,9,1.0,1.0,0.0,False,0,0,1,2,0.06,monte_carlo_run_51_seed_93.log
52,2,-1,-1,-1,-1,1,94,3101,0.133,2.41,False,Solitudine / Nessun Contatto,,,Nessuna,4,0,4,1.83,2,2,2,2,0,0,0,0,0,0,0,0,8500.0,5,1.014,1.014,0.0,False,0,0,1,1,69.76,monte_carlo_run_52_seed_94.log
53,2,-1,-1,-1,-1,1,95,3101,0.112,2.15,False,Solitudine / Nessun Contatto,,,Nessuna,3,0,3,2.96,1,1,1,1,0,0,0,0,0,0,0,0,8500.0,2,1.008,1.008,0.0,False,1,0,0,0,107.09,monte_carlo_run_53_seed_95.log
54,2,-1,-1,-1,-1,1,96,3101,0.085,1.06,False,Solitudine / Nessun Contatto,,,Nessuna,3,0,3,0.0,3,3,3,3,0,0,0,0,0,0,0,0,8500.0,9,1.001,1.001,0.0,False,0,0,3,3,0.06,monte_carlo_run_54_seed_96.log
55,2,-1,-1,-1,-1,1,97,3101,0.093,2.2,False,Solitudine / Nessun Contatto,,,Nessuna,2,0,2,0.0,2,2,2,2,0,0,0,0,0,0,0,0,8500.0,5,1.0,1.0,0.0,False,0,0,0,1,0.04,monte_carlo_run_55_seed_97.log
56,2,-1,-1,-1,-1,1,98,3101,0.118,2.32,False,Solitudine / Nessun Contatto,,,Nessuna,1,0,1,0.0,1,1,1,1,0,0,0,0,0,0,0,0,8500.0,2,1.0,1.0,0.0,False,0,0,0,0,0.02,monte_carlo_run_56_seed_98.log
57,2,-1,-1,-1,-1,1,99,3101,0.115,2.57,False,Solitudine / Nessun Contatto,,,Nessuna,3,0,3,0.0,3,3,3,3,0,0,0,0,0,0,0,0,8500.0,8,1.0,1.0,0.0,False,0,0,1,2,0.06,monte_carlo_run_57_seed_99.log
58,2,-1,-1,-1,-1,1,100,3101,0.094,1.94,False,Solitudine / Nessun Contatto,,,Nessuna,7,0,7,4.28,2,2,2,2,0,0,0,0,0,0,0,0,8500.0,5,1.076,1.076,0.0,False,4,0,0,1,336.97,monte_carlo_run_58_seed_100.log
59,2,-1,-1,-1,-1,1,101,3101,0.114,2.22,False,Solitudine / Nessun Contatto,,,Nessuna,2,0,2,0.0,2,2,2,2,0,0,0,0,0,0,0,0,8500.0,5,1.0,1.0,0.0,False,0,0,1,1,0.04,monte_carlo_run_59_seed_101.log
60,2,-1,-1,-1,-1,1,102,3101,0.068,1.44,False,Solitudine / Nessun Contatto,,,Nessuna,1,0,1,0.0,1,1,1,1,0,0,0,0,0,0,0,0,8500.0,2,1.0,1.0,0.0,False,0,0,0,0,0.02,monte_carlo_run_60_seed_102.log
61,2,-1,-1,-1,-1,1,103,3101,0.146,2.1,False,Solitudine / Nessun Contatto,,,Nessuna,2,0,2,0.0,2,2,2,2,0,0,0,0,0,0,0,0,8500.0,5,1.0,1.0,0.0,False,0,0,0,1,0.04,monte_carlo_run_61_seed_103.log
62,2,-1,-1,-1,-1,1,104,3101,0.118,2.56,False,Solitudine / Nessun Contatto,,,Nessuna,4,0,4,2.41,2,2,2,2,0,0,0,0,0,0,0,0,8500.0,6,1.002,1.002,0.0,False,0,0,0,1,81.84,monte_carlo_run_62_seed_104.log
63,2,-1,-1,-1,-1,1,105,3101,0.111,2.46,False,Solitudine / Nessun Contatto,,,Nessuna,1,0,1,0.0,1,1,1,1,0,0,0,0,0,0,0,0,8500.0,2,1.0,1.0,0.0,False,0,0,0,0,0.02,monte_carlo_run_63_seed_105.log
64,2,-1,-1,-1,-1,1,106,3101,0.144,1.73,False,Solitudine / Nessun Contatto,,,Nessuna,3,0,3,0.0,3,3,3,3,0,0,0,0,0,0,0,0,8500.0,10,1.001,1.001,0.0,False,0,0,2,2,0.06,monte_carlo_run_64_seed_106.log
65,2,-1,-1,-1,-1,1,107,3101,0.059,1.14,False,Solitudine / Nessun Contatto,,,Nessuna,2,0,2,0.0,2,2,2,2,0,0,0,0,0,0,0,0,8500.0,6,1.0,1.0,0.0,False,0,0,0,1,0.04,monte_carlo_run_65_seed_107.log
66,2,-1,-1,-1,-1,1,108,3101,0.137,2.33,False,Solitudine / Nessun Contatto,,,Nessuna,4,0,4,2.31,3,2,2,2,0,1,0,0,0,0,0,0,8500.0,5,1.021,1.021,0.0,False,0,0,1,1,68.6,monte_carlo_run_66_seed_108.log
67,2,-1,-1,-1,-1,1,109,3101,0.106,2.38,False,Solitudine / Nessun Contatto,,,Nessuna,2,0,2,1.98,1,1,1,1,0,0,0,0,0,0,0,0,8500.0,2,1.002,1.002,0.0,False,0,0,0,0,74.83,monte_carlo_run_67_seed_109.log
68,2,-1,-1,-1,-1,1,110,3101,0.095,1.76,False,Solitudine / Nessun Contatto,,,Nessuna,1,0,1,0.0,1,1,1,1,0,0,0,0,0,0,0,0,8500.0,2,1.0,1.0,0.0,False,0,0,0,0,0.02,monte_carlo_run_68_seed_110.log
69,2,-1,-1,-1,-1,1,111,3101,0.103,1.95,False,Solitudine / Nessun Contatto,,,Nessuna,1,0,1,0.0,1,1,1,1,0,0,0,0,0,0,0,0,8500.0,2,1.0,1.0,0.0,False,0,0,0,0,0.02,monte_carlo_run_69_seed_111.log
70,2,-1,-1,-1,-1,1,112,3101,0.079,1.95,True,Contatto Planetario / Biofirme,15.96,1.26,Cauta,3,0,6,1.92,3,3,3,2,1,0,0,0,0,0,0,0,8500.0,6,1.056,1.056,0.0,False,2,0,0,1,423.55,monte_carlo_run_70_seed_112.log
71,2,-1,-1,-1,-1,1,113,3101,0.063,1.36,False,Solitudine / Nessun Contatto,,,Nessuna,4,0,4,0.0,3,3,3,3,0,0,0,0,0,0,0,0,8500.0,9,1.026,1.026,0.0,False,0,0,2,2,43.15,monte_carlo_run_71_seed_113.log
72,2,-1,-1,-1,-1,1,114,3101,0.062,1.35,False,Solitudine / Nessun Contatto,,,Nessuna,2,0,2,0.0,2,2,2,2,0,0,0,0,0,0,0,0,8500.0,6,1.0,1.0,0.0,False,0,0,1,1,0.04,monte_carlo_run_72_seed_114.log
73,2,-1,-1,-1,-1,1,115,3101,0.076,1.82,False,Solitudine / Nessun Contatto,,,Nessuna,2,0,2,0.0,2,2,2,2,0,0,0,0,0,0,0,0,8500.0,6,1.0,1.0,0.0,False,0,0,0,1,0.04,monte_carlo_run_73_seed_115.log
74,2,-1,-1,-1,-1,1,116,3101,0.082,1.02,False,Solitudine / Nessun Contatto,,,Nessuna,1,0,1,0.0,1,1,1,1,0,0,0,0,0,0,0,0,8500.0,2,1.0,1.0,0.0,False,0,0,0,0,0.02,monte_carlo_run_74_seed_116.log
75,2,-1,-1,-1,-1,1,117,3101,0.1,1.22,False,Solitudine / Nessun Contatto,,,Nessuna,1,0,1,0.0,1,1,1,1,0,0,0,0,0,0,0,0,8500.0,2,1.0,1.0,0.0,False,0,0,0,0,0.02,monte_carlo_run_75_seed_117.log
76,2,-1,-1,-1,-1,1,118,3101,0.094,1.91,False,Solitudine / Nessun Contatto,,,Nessuna,1,0,1,0.0,1,1,1,1,0,0,0,0,0,0,0,0,8500.0,2,1.0,1.0,0.0,False,0,0,0,0,0.02,monte_carlo_run_76_seed_118.log
77,2,-1,-1,-1,-1,1,119,3101,0.121,2.51,False,Solitudine / Nessun Contatto,,,Nessuna,4,0,4,3.01,1,1,1,1,0,0,0,0,0,0,0,0,8500.0,2,1.015,1.015,0.0,False,1,0,0,0,184.37,monte_carlo_run_77_seed_119.log
78,2,-1,-1,-1,-1,1,120,3101,0.14,3.06,True,Incontro Flotta Deep-Space,288.45,4.47,Collaborativa,7,0,10,8.81,3,1,1,1,0,2,2,2,0,2,2,0,8517.47,6,1.169,1.346,0.1774,True,5,0,1,3,749.71,monte_carlo_run_78_seed_120.log
79,2,-1,-1,-1,-1,1,121,3101,0.13,2.43,False,Solitudine / Nessun Contatto,,,Nessuna,1,0,1,0.0,1,1,1,1,0,0,0,0,0,0,0,0,8500.0,2,1.0,1.0,0.0,False,0,0,0,0,0.02,monte_carlo_run_79_seed_121.log
80,2,-1,-1,-1,-1,1,122,3101,0.128,2.88,False,Solitudine / Nessun Contatto,,,Nessuna,3,0,3,3.51,1,1,1,1,0,0,0,0,0,0,0,0,8500.0,2,1.01,1.01,0.0,False,1,0,0,0,122.43,monte_carlo_run_80_seed_122.log
81,2,-1,-1,-1,-1,1,123,3101,0.066,0.89,False,Solitudine / Nessun Contatto,,,Nessuna,1,0,1,0.0,1,1,1,1,0,0,0,0,0,0,0,0,8500.0,2,1.0,1.0,0.0,False,0,0,0,0,0.02,monte_carlo_run_81_seed_123.log
82,2,-1,-1,-1,-1,1,124,3101,0.1,1.33,False,Solitudine / Nessun Contatto,,,Nessuna,2,0,2,0.0,2,2,2,2,0,0,0,0,0,0,0,0,8500.0,6,1.0,1.0,0.0,False,0,0,0,1,0.04,monte_carlo_run_82_seed_124.log
83,2,-1,-1,-1,-1,1,125,3101,0.082,1.42,False,Solitudine / Nessun Contatto,,,Nessuna,1,0,1,0.0,1,1,1,1,0,0,0,0,0,0,0,0,8500.0,2,1.0,1.0,0.0,False,0,0,0,0,0.02,monte_carlo_run_83_seed_125.log
84,2,-1,-1,-1,-1,1,126,3101,0.128,2.55,False,Solitudine / Nessun Contatto,,,Nessuna,3,0,3,2.42,2,2,2,2,0,0,0,0,0,0,0,0,8500.0,5,1.002,1.002,0.0,False,0,0,0,1,75.48,monte_carlo_run_84_seed_126.log
85,2,-1,-1,-1,-1,1,127,3101,0.123,2.64,False,Solitudine / Nessun Contatto,,,Nessuna,4,0,4,3.57,2,2,2,2,0,0,0,0,0,0,0,0,8500.0,6,1.053,1.053,0.0,False,1,0,1,1,149.78,monte_carlo_run_85_seed_127.log
86,2,-1,-1,-1,-1,1,128,3101,0.139,1.9,False,Solitudine / Nessun Contatto,,,Nessuna,3,0,3,0.0,2,2,2,2,0,0,0,0,0,0,0,0,8500.0,5,1.002,1.002,0.0,False,0,0,1,1,60.12,monte_carlo_run_86_seed_128.log
87,2,-1,-1,-1,-1,1,129,3101,0.095,1.4,False,Solitudine / Nessun Contatto,,,Nessuna,3,0,3,2.26,1,1,1,1,0,0,0,0,0,0,0,0,8500.0,2,1.008,1.008,0.0,False,1,0,0,0,95.22,monte_carlo_run_87_seed_129.log
88,2,-1,-1,-1,-1,1,130,3101,0.127,2.1,False,Solitudine / Nessun Contatto,,,Nessuna,2,0,2,0.0,2,2,2,2,0,0,0,0,0,0,0,0,8500.0,5,1.0,1.0,0.0,False,0,0,1,1,0.04,monte_carlo_run_88_seed_130.log
89,2,-1,-1,-1,-1,1,131,3101,0.064,0.88,False,Solitudine / Nessun Contatto,,,Nessuna,2,0,2,0.0,2,2,2,2,0,0,0,0,0,0,0,0,8500.0,6,1.0,1.0,0.0,False,0,0,0,1,0.04,monte_carlo_run_89_seed_131.log
90,2,-1,-1,-1,-1,1,132,3101,0.145,2.58,False,Solitudine / Nessun Contatto,,,Nessuna,5,0,5,0.0,3,3,3,3,0,0,0,0,0,0,0,0,8500.0,9,1.024,1.024,0.0,False,1,0,1,3,136.01,monte_carlo_run_90_seed_132.log
91,2,-1,-1,-1,-1,1,133,3101,0.143,2.51,False,Solitudine / Nessun Contatto,,,Nessuna,1,0,1,0.0,1,1,1,1,0,0,0,0,0,0,0,0,8500.0,2,1.0,1.0,0.0,False,0,0,0,0,0.02,monte_carlo_run_91_seed_133.log
92,2,-1,-1,-1,-1,1,134,3101,0.087,1.52,False,Solitudine / Nessun Contatto,,,Nessuna,3,0,3,0.0,2,2,2,2,0,0,0,0,0,0,0,0,8500.0,5,1.012,1.012,0.0,False,0,0,1,1,39.52,monte_carlo_run_92_seed_134.log
93,2,-1,-1,-1,-1,1,135,3101,0.082,1.84,False,Solitudine / Nessun Contatto,,,Nessuna,1,0,1,0.0,1,1,1,1,0,0,0,0,0,0,0,0,8500.0,2,1.0,1.0,0.0,False,0,0,0,0,0.02,monte_carlo_run_93_seed_135.log
94,2,-1,-1,-1,-1,1,136,3101,0.143,1.78,False,Solitudine / Nessun Contatto,,,Nessuna,4,0,4,1.18,2,2,2,2,0,0,0,0,0,0,0,0,8500.0,6,1.011,1.011,0.0,False,0,0,1,1,43.49,monte_carlo_run_94_seed_136.log
95,2,-1,-1,-1,-1,1,137,3101,0.095,2.34,False,Solitudine / Nessun Contatto,,,Nessuna,1,0,1,0.0,1,1,1,1,0,0,0,0,0,0,0,0,8500.0,2,1.0,1.0,0.0,False,0,0,0,0,0.02,monte_carlo_run_95_seed_137.log
96,2,-1,-1,-1,-1,1,138,3101,0.12,2.6,False,Solitudine / Nessun Contatto,,,Nessuna,2,0,2,1.78,1,1,1,1,0,0,0,0,0,0,0,0,8500.0,2,1.002,1.002,0.0,False,0,0,0,0,62.27,monte_carlo_run_96_seed_138.log
97,2,-1,-1,-1,-1,1,139,3101,0.058,1.45,False,Solitudine / Nessun Contatto,,,Nessuna,2,0,2,0.0,2,2,2,2,0,0,0,0,0,0,0,0,8500.0,6,1.0,1.0,0.0,False,0,0,1,1,0.04,monte_carlo_run_97_seed_139.log
98,2,-1,-1,-1,-1,1,140,3101,0.137,3.37,False,Solitudine / Nessun Contatto,,,Nessuna,3,0,3,3.75,1,1,1,1,0,0,0,0,0,0,0,0,8500.0,2,1.014,1.014,0.0,False,1,0,0,0,179.74,monte_carlo_run_98_seed_140.log
99,2,-1,-1,-1,-1,1,141,3101,0.062,0.83,False,Solitudine / Nessun Contatto,,,Nessuna,1,0,1,0.0,1,1,1,1,0,0,0,0,0,0,0,0,8500.0,2,1.0,1.0,0.0,False,0,0,0,0,0.02,monte_carlo_run_99_seed_141.log
100,2,-1,-1,-1,-1,1,142,3101,0.145,1.74,False,Solitudine / Nessun Contatto,,,Nessuna,1,0,1,0.0,1,1,1,1,0,0,0,0,0,0,0,0,8500.0,2,1.0,1.0,0.0,False,0,0,0,0,0.02,monte_carlo_run_100_seed_142.log
101,3,-1,-1,-1,1,-1,143,3101,0.137,2.81,False,Solitudine / Nessun Contatto,,,Nessuna,6,0,6,6.76,1,1,1,1,0,0,0,0,0,0,0,0,8500.0,2,1.081,1.081,0.0,False,4,0,0,0,366.11,monte_carlo_run_101_seed_143.log
102,3,-1,-1,-1,1,-1,144,3101,0.061,1.48,False,Solitudine / Nessun Contatto,,,Nessuna,1,0,1,0.0,1,1,1,1,0,0,0,0,0,0,0,0,8500.0,2,1.0,1.0,0.0,False,0,0,0,0,0.02,monte_carlo_run_102_seed_144.log
103,3,-1,-1,-1,1,-1,145,3101,0.082,1.29,False,Solitudine / Nessun Contatto,,,Nessuna,1,0,1,0.0,1,1,1,1,0,0,0,0,0,0,0,0,8500.0,2,1.0,1.0,0.0,False,0,0,0,0,0.02,monte_carlo_run_103_seed_145.log
104,3,-1,-1,-1,1,-1,146,3101,0.123,3.05,False,Solitudine / Nessun Contatto,,,Nessuna,1,0,1,0.0,1,1,1,1,0,0,0,0,0,0,0,0,8500.0,2,1.0,1.0,0.0,False,0,0,0,0,0.02,monte_carlo_run_104_seed_146.log
105,3,-1,-1,-1,1,-1,147,3101,0.089,1.82,False,Solitudine / Nessun Contatto,,,Nessuna,1,0,1,0.0,3,3,3,1,2,0,0,0,0,0,0,0,8500.0,2,1.0,1.0,0.0,False,0,0,0,3,0.02,monte_carlo_run_105_seed_147.log
106,3,-1,-1,-1,1,-1,148,3101,0.084,2.02,False,Solitudine / Nessun Contatto,,,Nessuna,2,0,2,1.7,1,1,1,1,0,0,0,0,0,0,0,0,8500.0,2,1.002,1.002,0.0,False,0,0,0,0,80.92,monte_carlo_run_106_seed_148.log
107,3,-1,-1,-1,1,-1,149,3101,0.114,2.68,False,Solitudine / Nessun Contatto,,,Nessuna,1,0,1,0.0,3,3,3,1,2,0,0,0,0,0,0,0,8500.0,2,1.001,1.001,0.0,False,0,0,2,3,0.02,monte_carlo_run_107_seed_149.log
108,3,-1,-1,-1,1,-1,150,3101,0.095,2.08,False,Solitudine / Nessun Contatto,,,Nessuna,1,0,1,0.0,2,2,2,1,1,0,0,0,0,0,0,0,8500.0,2,1.0,1.0,0.0,False,0,0,0,1,0.02,monte_carlo_run_108_seed_150.log
109,3,-1,-1,-1,1,-1,151,3101,0.103,1.86,False,Solitudine / Nessun Contatto,,,Nessuna,1,0,1,0.0,2,2,2,1,1,0,0,0,0,0,0,0,8500.0,2,1.0,1.0,0.0,False,0,0,0,1,0.02,monte_carlo_run_109_seed_151.log
110,3,-1,-1,-1,1,-1,152,3101,0.073,1.57,False,Solitudine / Nessun Contatto,,,Nessuna,1,0,1,0.0,1,1,1,1,0,0,0,0,0,0,0,0,8500.0,2,1.0,1.0,0.0,False,0,0,0,0,0.02,monte_carlo_run_110_seed_152.log
111,3,-1,-1,-1,1,-1,153,3101,0.147,2.62,False,Solitudine / Nessun Contatto,,,Nessuna,1,0,1,0.0,1,1,1,1,0,0,0,0,0,0,0,0,8500.0,2,1.0,1.0,0.0,False,0,0,0,0,0.02,monte_carlo_run_111_seed_153.log
112,3,-1,-1,-1,1,-1,154,3101,0.081,1.56,False,Solitudine / Nessun Contatto,,,Nessuna,1,0,1,0.0,1,1,1,1,0,0,0,0,0,0,0,0,8500.0,2,1.0,1.0,0.0,False,0,0,0,0,0.02,monte_carlo_run_112_seed_154.log
113,3,-1,-1,-1,1,-1,155,3101,0.101,2.4,False,Solitudine / Nessun Contatto,,,Nessuna,1,0,1,0.0,3,3,3,0,3,0,0,0,0,0,0,0,8500.0,1,0.985,0.985,0.0,False,0,0,1,3,0.02,monte_carlo_run_113_seed_155.log
114,3,-1,-1,-1,1,-1,156,3101,0.097,1.92,False,Solitudine / Nessun Contatto,,,Nessuna,1,0,1,0.0,3,3,3,1,2,0,0,0,0,0,0,0,8500.0,2,1.001,1.001,0.0,False,0,0,2,2,0.02,monte_carlo_run_114_seed_156.log
115,3,-1,-1,-1,1,-1,157,3101,0.115,1.81,False,Solitudine / Nessun Contatto,,,Nessuna,2,0,2,1.44,1,1,1,1,0,0,0,0,0,0,0,0,8500.0,2,1.001,1.001,0.0,False,0,0,0,0,50.83,monte_carlo_run_115_seed_157.log
116,3,-1,-1,-1,1,-1,158,3101,0.097,1.9,False,Solitudine / Nessun Contatto,,,Nessuna,1,0,1,0.0,1,1,1,1,0,0,0,0,0,0,0,0,8500.0,2,1.0,1.0,0.0,False,0,0,0,0,0.02,monte_carlo_run_116_seed_158.log
117,3,-1,-1,-1,1,-1,159,3101,0.06,1.48,False,Solitudine / Nessun Contatto,,,Nessuna,1,0,1,0.0,1,1,1,1,0,0,0,0,0,0,0,0,8500.0,2,1.0,1.0,0.0,False,0,0,0,0,0.02,monte_carlo_run_117_seed_159.log
118,3,-1,-1,-1,1,-1,160,3101,0.089,1.48,False,Solitudine / Nessun Contatto,,,Nessuna,1,0,1,0.0,1,1,1,1,0,0,0,0,0,0,0,0,8500.0,2,1.0,1.0,0.0,False,0,0,0,0,0.02,monte_carlo_run_118_seed_160.log
119,3,-1,-1,-1,1,-1,161,3101,0.066,1.49,False,Solitudine / Nessun Contatto,,,Nessuna,1,0,1,0.0,2,2,2,1,1,0,0,0,0,0,0,0,8500.0,2,1.0,1.0,0.0,False,0,0,0,1,0.02,monte_carlo_run_119_seed_161.log
120,3,-1,-1,-1,1,-1,162,3101,0.069,1.16,False,Solitudine / Nessun Contatto,,,Nessuna,2,0,2,1.01,3,3,3,1,2,0,0,0,0,0,0,0,8500.0,2,1.034,1.034,0.0,False,0,0,3,3,58.35,monte_carlo_run_120_seed_162.log
121,3,-1,-1,-1,1,-1,163,3101,0.062,1.47,False,Solitudine / Nessun Contatto,,,Nessuna,1,0,1,0.0,2,2,2,1,1,0,0,0,0,0,0,0,8500.0,2,1.0,1.0,0.0,False,0,0,1,1,0.02,monte_carlo_run_121_seed_163.log
122,3,-1,-1,-1,1,-1,164,3101,0.109,1.7,False,Solitudine / Nessun Contatto,,,Nessuna,3,0,3,1.21,3,3,3,0,3,0,0,0,0,0,0,0,8500.0,2,0.809,0.809,0.0,False,2,0,1,2,102.83,monte_carlo_run_122_seed_164.log
123,3,-1,-1,-1,1,-1,165,3101,0.095,1.99,False,Solitudine / Nessun Contatto,,,Nessuna,2,0,2,1.13,1,1,1,1,0,0,0,0,0,0,0,0,8500.0,2,1.001,1.001,0.0,False,0,0,0,0,47.71,monte_carlo_run_123_seed_165.log
124,3,-1,-1,-1,1,-1,166,3101,0.12,2.1,False,Solitudine / Nessun Contatto,,,Nessuna,1,0,1,0.0,1,1,1,1,0,0,0,0,0,0,0,0,8500.0,2,1.0,1.0,0.0,False,0,0,0,0,0.02,monte_carlo_run_124_seed_166.log
125,3,-1,-1,-1,1,-1,167,3101,0.06,0.87,False,Solitudine / Nessun Contatto,,,Nessuna,1,0,1,0.0,2,2,2,1,1,0,0,0,0,0,0,0,8500.0,2,1.0,1.0,0.0,False,0,0,1,1,0.02,monte_carlo_run_125_seed_167.log
126,3,-1,-1,-1,1,-1,168,3101,0.123,2.67,False,Solitudine / Nessun Contatto,,,Nessuna,3,0,3,2.41,2,2,2,1,1,0,0,0,0,0,0,0,8500.0,2,1.035,1.035,0.0,False,0,0,1,1,128.9,monte_carlo_run_126_seed_168.log
127,3,-1,-1,-1,1,-1,169,3101,0.093,1.24,False,Solitudine / Nessun Contatto,,,Nessuna,1,0,1,0.0,2,2,2,1,1,0,0,0,0,0,0,0,8500.0,2,1.0,1.0,0.0,False,0,0,1,1,0.02,monte_carlo_run_127_seed_169.log
128,3,-1,-1,-1,1,-1,170,3101,0.144,2.91,False,Solitudine / Nessun Contatto,,,Nessuna,2,0,2,2.82,2,2,2,1,1,0,0,0,0,0,0,0,8500.0,2,1.029,1.029,0.0,False,0,0,1,1,94.78,monte_carlo_run_128_seed_170.log
129,3,-1,-1,-1,1,-1,171,3101,0.132,2.86,False,Solitudine / Nessun Contatto,,,Nessuna,1,0,1,0.0,2,2,2,1,1,0,0,0,0,0,0,0,8500.0,2,1.0,1.0,0.0,False,0,0,0,1,0.02,monte_carlo_run_129_seed_171.log
130,3,-1,-1,-1,1,-1,172,3101,0.094,1.5,False,Solitudine / Nessun Contatto,,,Nessuna,1,0,1,0.0,2,2,2,1,1,0,0,0,0,0,0,0,8500.0,2,1.0,1.0,0.0,False,0,0,1,1,0.02,monte_carlo_run_130_seed_172.log
131,3,-1,-1,-1,1,-1,173,3101,0.087,2.01,False,Solitudine / Nessun Contatto,,,Nessuna,1,0,1,0.0,1,1,1,1,0,0,0,0,0,0,0,0,8500.0,2,1.0,1.0,0.0,False,0,0,0,0,0.02,monte_carlo_run_131_seed_173.log
132,3,-1,-1,-1,1,-1,174,3101,0.123,1.59,False,Solitudine / Nessun Contatto,,,Nessuna,1,0,1,0.0,2,2,2,0,2,0,0,0,0,0,0,0,8500.0,1,0.985,0.985,0.0,False,0,0,0,1,0.02,monte_carlo_run_132_seed_174.log
133,3,-1,-1,-1,1,-1,175,3101,0.118,2.03,False,Solitudine / Nessun Contatto,,,Nessuna,2,0,2,0.79,2,2,2,1,1,0,0,0,0,0,0,0,8500.0,2,1.009,1.009,0.0,False,0,0,1,1,27.67,monte_carlo_run_133_seed_175.log
134,3,-1,-1,-1,1,-1,176,3101,0.146,1.82,False,Solitudine / Nessun Contatto,,,Nessuna,1,0,1,0.0,3,3,3,1,2,0,0,0,0,0,0,0,8500.0,2,1.0,1.0,0.0,False,0,0,1,3,0.02,monte_carlo_run_134_seed_176.log
135,3,-1,-1,-1,1,-1,177,3101,0.062,0.83,False,Solitudine / Nessun Contatto,,,Nessuna,1,0,1,0.0,3,3,3,1,2,0,0,0,0,0,0,0,8500.0,2,1.001,1.001,0.0,False,0,0,2,2,0.02,monte_carlo_run_135_seed_177.log
136,3,-1,-1,-1,1,-1,178,3101,0.097,1.6,False,Solitudine / Nessun Contatto,,,Nessuna,1,0,1,0.0,1,1,1,1,0,0,0,0,0,0,0,0,8500.0,2,1.0,1.0,0.0,False,0,0,0,0,0.02,monte_carlo_run_136_seed_178.log
137,3,-1,-1,-1,1,-1,179,3101,0.063,0.8,False,Solitudine / Nessun Contatto,,,Nessuna,1,0,1,0.0,1,1,1,1,0,0,0,0,0,0,0,0,8500.0,2,1.0,1.0,0.0,False,0,0,0,0,0.02,monte_carlo_run_137_seed_179.log
138,3,-1,-1,-1,1,-1,180,3101,0.086,1.26,False,Solitudine / Nessun Contatto,,,Nessuna,1,0,1,0.0,1,1,1,1,0,0,0,0,0,0,0,0,8500.0,2,1.0,1.0,0.0,False,0,0,0,0,0.02,monte_carlo_run_138_seed_180.log
139,3,-1,-1,-1,1,-1,181,3101,0.12,1.89,False,Solitudine / Nessun Contatto,,,Nessuna,1,0,1,0.0,1,1,1,1,0,0,0,0,0,0,0,0,8500.0,2,1.0,1.0,0.0,False,0,0,0,0,0.02,monte_carlo_run_139_seed_181.log
140,3,-1,-1,-1,1,-1,182,3101,0.098,1.94,False,Solitudine / Nessun Contatto,,,Nessuna,1,0,1,0.0,1,1,1,1,0,0,0,0,0,0,0,0,8500.0,2,1.0,1.0,0.0,False,0,0,0,0,0.02,monte_carlo_run_140_seed_182.log
141,3,-1,-1,-1,1,-1,183,3101,0.053,0.7,False,Solitudine / Nessun Contatto,,,Nessuna,1,0,1,0.0,2,2,2,1,1,0,0,0,0,0,0,0,8500.0,2,1.0,1.0,0.0,False,0,0,1,1,0.02,monte_carlo_run_141_seed_183.log
142,3,-1,-1,-1,1,-1,184,3101,0.109,2.23,False,Solitudine / Nessun Contatto,,,Nessuna,1,0,1,0.0,2,2,2,1,1,0,0,0,0,0,0,0,8500.0,2,1.0,1.0,0.0,False,0,0,0,1,0.02,monte_carlo_run_142_seed_184.log
143,3,-1,-1,-1,1,-1,185,3101,0.088,1.75,False,Solitudine / Nessun Contatto,,,Nessuna,1,0,1,0.0,2,2,2,1,1,0,0,0,0,0,0,0,8500.0,2,1.0,1.0,0.0,False,0,0,1,1,0.02,monte_carlo_run_143_seed_185.log
144,3,-1,-1,-1,1,-1,186,3101,0.106,2.36,False,Solitudine / Nessun Contatto,,,Nessuna,2,0,2,1.79,3,3,3,1,2,0,0,0,0,0,0,0,8500.0,2,1.039,1.039,0.0,False,0,0,2,2,67.44,monte_carlo_run_144_seed_186.log
145,3,-1,-1,-1,1,-1,187,3101,0.143,2.98,False,Solitudine / Nessun Contatto,,,Nessuna,3,0,3,2.56,1,1,1,1,0,0,0,0,0,0,0,0,8500.0,2,1.003,1.003,0.0,False,0,0,0,0,141.64,monte_carlo_run_145_seed_187.log
146,3,-1,-1,-1,1,-1,188,3101,0.149,3.29,False,Solitudine / Nessun Contatto,,,Nessuna,3,0,3,2.85,1,1,1,1,0,0,0,0,0,0,0,0,8500.0,2,1.003,1.003,0.0,False,0,0,0,0,148.32,monte_carlo_run_146_seed_188.log
147,3,-1,-1,-1,1,-1,189,3101,0.104,1.47,False,Solitudine / Nessun Contatto,,,Nessuna,1,0,1,0.0,3,3,3,1,2,0,0,0,0,0,0,0,8500.0,2,1.0,1.0,0.0,False,0,0,1,2,0.02,monte_carlo_run_147_seed_189.log
148,3,-1,-1,-1,1,-1,190,3101,0.118,1.66,False,Solitudine / Nessun Contatto,,,Nessuna,1,0,1,0.0,1,1,1,1,0,0,0,0,0,0,0,0,8500.0,2,1.0,1.0,0.0,False,0,0,0,0,0.02,monte_carlo_run_148_seed_190.log
149,3,-1,-1,-1,1,-1,191,3101,0.068,1.07,False,Solitudine / Nessun Contatto,,,Nessuna,1,0,1,0.0,2,2,2,1,1,0,0,0,0,0,0,0,8500.0,2,1.0,1.0,0.0,False,0,0,0,1,0.02,monte_carlo_run_149_seed_191.log
150,3,-1,-1,-1,1,-1,192,3101,0.114,2.55,False,Solitudine / Nessun Contatto,,,Nessuna,2,0,2,1.19,1,1,1,1,0,0,0,0,0,0,0,0,8500.0,2,1.001,1.001,0.0,False,0,0,0,0,42.33,monte_carlo_run_150_seed_192.log
151,4,-1,-1,-1,1,1,193,3101,0.138,1.97,False,Solitudine / Nessun Contatto,,,Nessuna,3,0,3,0.0,3,3,3,3,0,0,0,0,0,0,0,0,8500.0,10,1.0,1.0,0.0,False,0,0,1,2,0.06,monte_carlo_run_151_seed_193.log
152,4,-1,-1,-1,1,1,194,3101,0.103,1.9,False,Solitudine / Nessun Contatto,,,Nessuna,4,0,4,0.0,4,4,3,3,0,1,0,0,0,0,0,0,8500.0,9,1.022,1.022,0.0,False,0,0,2,3,46.37,monte_carlo_run_152_seed_194.log
153,4,-1,-1,-1,1,1,195,3101,0.066,1.35,False,Solitudine / Nessun Contatto,,,Nessuna,2,0,2,0.0,2,2,2,2,0,0,0,0,0,0,0,0,8500.0,5,1.0,1.0,0.0,False,0,0,0,1,0.04,monte_carlo_run_153_seed_195.log
154,4,-1,-1,-1,1,1,196,3101,0.089,1.3,False,Solitudine / Nessun Contatto,,,Nessuna,2,0,2,0.77,1,1,1,1,0,0,0,0,0,0,0,0,8500.0,2,1.001,1.001,0.0,False,0,0,0,0,34.75,monte_carlo_run_154_seed_196.log
155,4,-1,-1,-1,1,1,197,3101,0.146,3.55,False,Solitudine / Nessun Contatto,,,Nessuna,12,0,12,5.75,1,1,1,1,0,0,0,0,0,0,0,0,8500.0,3,1.371,1.371,0.0,False,9,0,0,0,1012.17,monte_carlo_run_155_seed_197.log
156,4,-1,-1,-1,1,1,198,3101,0.12,1.7,False,Solitudine / Nessun Contatto,,,Nessuna,1,0,1,0.0,1,1,1,1,0,0,0,0,0,0,0,0,8500.0,2,1.0,1.0,0.0,False,0,0,0,0,0.02,monte_carlo_run_156_seed_198.log
157,4,-1,-1,-1,1,1,199,3101,0.112,1.94,False,Solitudine / Nessun Contatto,,,Nessuna,2,0,2,1.65,1,1,1,1,0,0,0,0,0,0,0,0,8500.0,2,1.002,1.002,0.0,False,0,0,0,0,59.09,monte_carlo_run_157_seed_199.log
158,4,-1,-1,-1,1,1,200,3101,0.143,1.93,False,Solitudine / Nessun Contatto,,,Nessuna,3,0,3,2.25,1,1,1,1,0,0,0,0,0,0,0,0,8500.0,2,1.007,1.007,0.0,False,1,0,0,0,79.74,monte_carlo_run_158_seed_200.log
159,4,-1,-1,-1,1,1,201,3101,0.145,2.25,False,Solitudine / Nessun Contatto,,,Nessuna,3,0,3,0.0,3,3,3,3,0,0,0,0,0,0,0,0,8500.0,10,1.001,1.001,0.0,False,0,0,2,3,0.06,monte_carlo_run_159_seed_201.log
160,4,-1,-1,-1,1,1,202,3101,0.084,1.93,False,Solitudine / Nessun Contatto,,,Nessuna,3,0,3,0.0,3,3,3,3,0,0,0,0,0,0,0,0,8500.0,9,1.001,1.001,0.0,False,0,0,2,2,0.06,monte_carlo_run_160_seed_202.log
161,4,-1,-1,-1,1,1,203,3101,0.108,1.55,False,Solitudine / Nessun Contatto,,,Nessuna,1,0,1,0.0,1,1,1,1,0,0,0,0,0,0,0,0,8500.0,2,1.0,1.0,0.0,False,0,0,0,0,0.02,monte_carlo_run_161_seed_203.log
162,4,-1,-1,-1,1,1,204,3101,0.143,3.37,False,Solitudine / Nessun Contatto,,,Nessuna,1,0,1,0.0,1,1,1,1,0,0,0,0,0,0,0,0,8500.0,2,1.0,1.0,0.0,False,0,0,0,0,0.02,monte_carlo_run_162_seed_204.log
163,4,-1,-1,-1,1,1,205,3101,0.107,1.74,False,Solitudine / Nessun Contatto,,,Nessuna,3,0,3,0.0,3,3,3,3,0,0,0,0,0,0,0,0,8500.0,10,1.0,1.0,0.0,False,0,0,1,3,0.06,monte_carlo_run_163_seed_205.log
164,4,-1,-1,-1,1,1,206,3101,0.129,1.64,False,Solitudine / Nessun Contatto,,,Nessuna,1,0,1,0.0,1,1,1,1,0,0,0,0,0,0,0,0,8500.0,2,1.0,1.0,0.0,False,0,0,0,0,0.02,monte_carlo_run_164_seed_206.log
165,4,-1,-1,-1,1,1,207,3101,0.138,2.89,False,Solitudine / Nessun Contatto,,,Nessuna,2,0,2,1.6,1,1,1,1,0,0,0,0,0,0,0,0,8500.0,2,1.002,1.002,0.0,False,0,0,0,0,54.34,monte_carlo_run_165_seed_207.log
166,4,-1,-1,-1,1,1,208,3101,0.108,1.47,False,Solitudine / Nessun Contatto,,,Nessuna,3,0,3,1.29,2,2,2,2,0,0,0,0,0,0,0,0,8500.0,6,1.015,1.015,0.0,False,0,0,1,1,47.72,monte_carlo_run_166_seed_208.log
167,4,-1,-1,-1,1,1,209,3101,0.122,1.9,False,Solitudine / Nessun Contatto,,,Nessuna,1,0,1,0.0,1,1,1,1,0,0,0,0,0,0,0,0,8500.0,2,1.0,1.0,0.0,False,0,0,0,0,0.02,monte_carlo_run_167_seed_209.log
168,4,-1,-1,-1,1,1,210,3101,0.062,0.91,False,Solitudine / Nessun Contatto,,,Nessuna,3,0,3,0.0,3,3,3,3,0,0,0,0,0,0,0,0,8500.0,10,1.0,1.0,0.0,False,0,0,1,2,0.06,monte_carlo_run_168_seed_210.log
169,4,-1,-1,-1,1,1,211,3101,0.075,1.41,False,Solitudine / Nessun Contatto,,,Nessuna,3,0,3,0.0,3,3,3,3,0,0,0,0,0,0,0,0,8500.0,10,1.001,1.001,0.0,False,0,0,3,3,0.06,monte_carlo_run_169_seed_211.log
170,4,-1,-1,-1,1,1,212,3101,0.106,2.07,False,Solitudine / Nessun Contatto,,,Nessuna,2,0,2,0.0,2,2,2,2,0,0,0,0,0,0,0,0,8500.0,6,1.0,1.0,0.0,False,0,0,0,1,0.04,monte_carlo_run_170_seed_212.log
171,4,-1,-1,-1,1,1,213,3101,0.1,1.73,False,Solitudine / Nessun Contatto,,,Nessuna,2,0,2,0.0,2,2,2,2,0,0,0,0,0,0,0,0,8500.0,5,1.0,1.0,0.0,False,0,0,1,1,0.04,monte_carlo_run_171_seed_213.log
172,4,-1,-1,-1,1,1,214,3101,0.098,2.28,False,Solitudine / Nessun Contatto,,,Nessuna,3,0,3,0.0,2,2,2,2,0,0,0,0,0,0,0,0,8500.0,5,1.022,1.022,0.0,False,0,0,1,1,71.14,monte_carlo_run_172_seed_214.log
173,4,-1,-1,-1,1,1,215,3101,0.111,2.15,False,Solitudine / Nessun Contatto,,,Nessuna,2,0,2,0.0,2,2,2,2,0,0,0,0,0,0,0,0,8500.0,6,1.0,1.0,0.0,False,0,0,1,1,0.04,monte_carlo_run_173_seed_215.log
174,4,-1,-1,-1,1,1,216,3101,0.073,1.18,False,Solitudine / Nessun Contatto,,,Nessuna,1,0,1,0.0,1,1,1,1,0,0,0,0,0,0,0,0,8500.0,2,1.0,1.0,0.0,False,0,0,0,0,0.02,monte_carlo_run_174_seed_216.log
175,4,-1,-1,-1,1,1,217,3101,0.087,2.03,False,Solitudine / Nessun Contatto,,,Nessuna,2,0,2,0.0,2,2,2,2,0,0,0,0,0,0,0,0,8500.0,6,1.0,1.0,0.0,False,0,0,1,1,0.04,monte_carlo_run_175_seed_217.log
176,4,-1,-1,-1,1,1,218,3101,0.062,1.25,False,Solitudine / Nessun Contatto,,,Nessuna,2,0,2,0.0,2,2,2,2,0,0,0,0,0,0,0,0,8500.0,5,1.0,1.0,0.0,False,0,0,1,1,0.04,monte_carlo_run_176_seed_218.log
177,4,-1,-1,-1,1,1,219,3101,0.122,1.56,False,Solitudine / Nessun Contatto,,,Nessuna,1,0,1,0.0,1,1,1,1,0,0,0,0,0,0,0,0,8500.0,2,1.0,1.0,0.0,False,0,0,0,0,0.02,monte_carlo_run_177_seed_219.log
178,4,-1,-1,-1,1,1,220,3101,0.129,1.61,False,Solitudine / Nessun Contatto,,,Nessuna,1,0,1,0.0,1,1,1,1,0,0,0,0,0,0,0,0,8500.0,2,1.0,1.0,0.0,False,0,0,0,0,0.02,monte_carlo_run_178_seed_220.log
179,4,-1,-1,-1,1,1,221,3101,0.091,1.79,False,Solitudine / Nessun Contatto,,,Nessuna,1,0,1,0.0,1,1,1,1,0,0,0,0,0,0,0,0,8500.0,2,1.0,1.0,0.0,False,0,0,0,0,0.02,monte_carlo_run_179_seed_221.log
180,4,-1,-1,-1,1,1,222,3101,0.139,2.87,False,Solitudine / Nessun Contatto,,,Nessuna,3,0,3,2.28,1,1,1,1,0,0,0,0,0,0,0,0,8500.0,2,1.003,1.003,0.0,False,0,0,0,0,128.41,monte_carlo_run_180_seed_222.log
181,4,-1,-1,-1,1,1,223,3101,0.104,1.99,False,Solitudine / Nessun Contatto,,,Nessuna,1,0,1,0.0,1,1,1,1,0,0,0,0,0,0,0,0,8500.0,2,1.0,1.0,0.0,False,0,0,0,0,0.02,monte_carlo_run_181_seed_223.log
182,4,-1,-1,-1,1,1,224,3101,0.146,2.89,False,Solitudine / Nessun Contatto,,,Nessuna,9,0,9,3.17,2,2,2,2,0,0,0,0,0,0,0,0,8500.0,5,1.113,1.113,0.0,False,3,0,1,1,289.93,monte_carlo_run_182_seed_224.log
183,4,-1,-1,-1,1,1,225,3101,0.133,2.3,False,Solitudine / Nessun Contatto,,,Nessuna,3,0,3,0.0,3,3,3,3,0,0,0,0,0,0,0,0,8500.0,10,1.0,1.0,0.0,False,0,0,0,2,0.06,monte_carlo_run_183_seed_225.log
184,4,-1,-1,-1,1,1,226,3101,0.077,1.66,False,Solitudine / Nessun Contatto,,,Nessuna,2,0,2,0.0,2,2,2,2,0,0,0,0,0,0,0,0,8500.0,6,1.0,1.0,0.0,False,0,0,0,1,0.04,monte_carlo_run_184_seed_226.log
185,4,-1,-1,-1,1,1,227,3101,0.09,1.43,False,Solitudine / Nessun Contatto,,,Nessuna,1,0,1,0.0,1,1,1,1,0,0,0,0,0,0,0,0,8500.0,2,1.0,1.0,0.0,False,0,0,0,0,0.02,monte_carlo_run_185_seed_227.log
186,4,-1,-1,-1,1,1,228,3101,0.139,2.44,False,Solitudine / Nessun Contatto,,,Nessuna,11,0,11,2.51,4,4,3,2,1,1,1,1,0,1,1,0,8506.66,11,1.083,0.54,-0.5429,False,4,0,1,6,385.44,monte_carlo_run_186_seed_228.log
187,4,-1,-1,-1,1,1,229,3101,0.084,1.02,False,Solitudine / Nessun Contatto,,,Nessuna,1,0,1,0.0,1,1,1,1,0,0,0,0,0,0,0,0,8500.0,2,1.0,1.0,0.0,False,0,0,0,0,0.02,monte_carlo_run_187_seed_229.log
188,4,-1,-1,-1,1,1,230,3101,0.054,1.17,False,Solitudine / Nessun Contatto,,,Nessuna,2,0,2,0.0,2,2,2,2,0,0,0,0,0,0,0,0,8500.0,5,1.0,1.0,0.0,False,0,0,1,1,0.04,monte_carlo_run_188_seed_230.log
189,4,-1,-1,-1,1,1,231,3101,0.084,1.37,False,Solitudine / Nessun Contatto,,,Nessuna,2,0,2,0.0,2,2,2,2,0,0,0,0,0,0,0,0,8500.0,6,1.0,1.0,0.0,False,0,0,1,1,0.04,monte_carlo_run_189_seed_231.log
190,4,-1,-1,-1,1,1,232,3101,0.133,3.0,False,Solitudine / Nessun Contatto,,,Nessuna,4,0,4,2.92,3,3,3,3,0,0,0,0,0,0,0,0,8500.0,10,1.058,1.058,0.0,False,0,0,3,3,99.84,monte_carlo_run_190_seed_232.log
191,4,-1,-1,-1,1,1,233,3101,0.076,1.7,False,Solitudine / Nessun Contatto,,,Nessuna,1,0,1,0.0,1,1,1,1,0,0,0,0,0,0,0,0,8500.0,2,1.0,1.0,0.0,False,0,0,0,0,0.02,monte_carlo_run_191_seed_233.log
192,4,-1,-1,-1,1,1,234,3101,0.137,1.85,False,Solitudine / Nessun Contatto,,,Nessuna,7,0,7,1.69,3,3,3,3,0,0,0,0,0,0,0,0,8500.0,10,1.029,1.029,0.0,False,0,0,1,2,95.45,monte_carlo_run_192_seed_234.log
193,4,-1,-1,-1,1,1,235,3101,0.106,2.53,False,Solitudine / Nessun Contatto,,,Nessuna,1,0,1,0.0,1,1,1,1,0,0,0,0,0,0,0,0,8500.0,2,1.0,1.0,0.0,False,0,0,0,0,0.02,monte_carlo_run_193_seed_235.log
194,4,-1,-1,-1,1,1,236,3101,0.075,1.37,False,Solitudine / Nessun Contatto,,,Nessuna,3,0,3,0.0,3,3,3,3,0,0,0,0,0,0,0,0,8500.0,10,1.0,1.0,0.0,False,0,0,2,3,0.06,monte_carlo_run_194_seed_236.log
195,4,-1,-1,-1,1,1,237,3101,0.119,2.85,False,Solitudine / Nessun Contatto,,,Nessuna,7,0,7,5.68,2,2,1,1,0,1,1,1,0,1,1,0,8506.26,4,1.083,1.249,0.1662,True,3,0,0,1,514.79,monte_carlo_run_195_seed_237.log
196,4,-1,-1,-1,1,1,238,3101,0.071,1.06,False,Solitudine / Nessun Contatto,,,Nessuna,3,0,3,0.0,3,3,3,3,0,0,0,0,0,0,0,0,8500.0,9,1.001,1.001,0.0,False,0,0,3,3,0.06,monte_carlo_run_196_seed_238.log
197,4,-1,-1,-1,1,1,239,3101,0.096,1.32,False,Solitudine / Nessun Contatto,,,Nessuna,1,0,1,0.0,1,1,1,1,0,0,0,0,0,0,0,0,8500.0,2,1.0,1.0,0.0,False,0,0,0,0,0.02,monte_carlo_run_197_seed_239.log
198,4,-1,-1,-1,1,1,240,3101,0.108,1.7,False,Solitudine / Nessun Contatto,,,Nessuna,1,0,1,0.0,1,1,1,1,0,0,0,0,0,0,0,0,8500.0,2,1.0,1.0,0.0,False,0,0,0,0,0.02,monte_carlo_run_198_seed_240.log
199,4,-1,-1,-1,1,1,241,3101,0.072,1.62,False,Solitudine / Nessun Contatto,,,Nessuna,1,0,1,0.0,1,1,1,1,0,0,0,0,0,0,0,0,8500.0,2,1.0,1.0,0.0,False,0,0,0,0,0.02,monte_carlo_run_199_seed_241.log
200,4,-1,-1,-1,1,1,242,3101,0.137,2.94,False,Solitudine / Nessun Contatto,,,Nessuna,3,0,3,0.0,2,2,2,2,0,0,0,0,0,0,0,0,8500.0,5,1.017,1.017,0.0,False,0,0,1,1,54.02,monte_carlo_run_200_seed_242.log
201,5,-1,-1,1,-1,-1,243,3101,0.28,4.29,False,Solitudine / Nessun Contatto,,,Nessuna,36,0,36,8.23,9,9,3,0,3,6,0,0,0,0,0,0,8500.0,13,0.896,0.896,0.0,False,25,0,5,15,1002.5,monte_carlo_run_201_seed_243.log
202,5,-1,-1,1,-1,-1,244,3101,0.481,7.92,True,Incontro Flotta Deep-Space,543.73,6.85,Biosfera Primitiva,62,0,159,13.86,31,26,2,1,0,29,29,29,0,19,16,3,8617.52,36,1.119,1.6,0.4812,True,126,0,92,139,1000.04,monte_carlo_run_202_seed_244.log
203,5,-1,-1,1,-1,-1,245,3101,0.371,5.11,False,Solitudine / Nessun Contatto,,,Nessuna,64,0,64,16.86,15,10,3,1,1,11,4,4,0,3,3,0,8524.26,18,0.8,0.935,0.1344,True,47,0,14,34,1000.65,monte_carlo_run_203_seed_245.log
204,5,-1,-1,1,-1,-1,246,3101,0.561,12.1,True,Contatto Planetario / Biofirme,270.41,21.93,Cauta,45,0,185,21.93,28,24,4,1,3,24,22,22,0,15,12,3,8593.38,41,1.374,1.567,0.1937,True,155,0,30,50,1000.2,monte_carlo_run_204_seed_246.log
205,5,-1,-1,1,-1,-1,247,3101,0.475,11.21,True,Contatto Planetario / Biofirme,236.31,12.38,Collaborativa,20,0,232,31.91,43,32,3,1,1,38,34,34,0,20,12,8,8655.35,62,1.587,1.6,0.0133,True,186,0,67,79,1000.76,monte_carlo_run_205_seed_247.log
206,5,-1,-1,1,-1,-1,248,3101,0.512,11.16,False,Solitudine / Nessun Contatto,,,Nessuna,178,0,178,15.58,34,29,4,1,2,30,30,30,0,15,12,3,8601.96,43,1.185,1.574,0.3885,True,142,0,40,62,1000.25,monte_carlo_run_206_seed_248.log
207,5,-1,-1,1,-1,-1,249,3101,0.36,5.18,True,Incontro Flotta Deep-Space,322.82,6.33,Collaborativa,20,0,64,13.56,17,14,1,0,1,16,16,16,0,9,6,3,8566.36,30,0.636,1.591,0.9548,True,45,0,33,43,1000.64,monte_carlo_run_207_seed_249.log
208,5,-1,-1,1,-1,-1,250,3101,0.419,5.04,True,Incontro Flotta Deep-Space,474.89,0.0,Collaborativa,40,1,122,17.13,19,15,1,0,1,17,17,17,0,12,9,3,8600.4,33,0.912,1.59,0.6778,True,99,0,47,57,1000.73,monte_carlo_run_208_seed_250.log
209,5,-1,-1,1,-1,-1,251,3101,0.513,12.29,True,Contatto Planetario / Biofirme,484.39,17.73,Cauta,93,0,265,24.68,40,31,3,1,0,35,34,34,0,20,16,4,8652.1,58,1.171,1.6,0.429,True,223,0,83,115,1000.77,monte_carlo_run_209_seed_251.log
210,5,-1,-1,1,-1,-1,252,3101,0.47,7.28,True,Incontro Flotta Deep-Space,960.75,13.89,Biosfera Primitiva,87,0,93,21.58,17,12,2,0,2,14,14,14,0,5,4,1,8539.86,17,0.888,1.256,0.3675,True,77,0,12,18,1000.09,monte_carlo_run_210_seed_252.log
211,5,-1,-1,1,-1,-1,253,3101,0.252,3.72,False,Solitudine / Nessun Contatto,,,Nessuna,1,0,1,0.0,3,3,3,1,2,0,0,0,0,0,0,0,8500.0,2,1.0,1.0,0.0,False,0,0,1,2,0.02,monte_carlo_run_211_seed_253.log
212,5,-1,-1,1,-1,-1,254,3101,0.246,6.06,True,Contatto Planetario / Biofirme,17.68,4.35,Cauta,2,1,59,9.66,17,13,3,1,1,13,13,13,0,4,4,0,8540.7,17,1.102,1.498,0.3956,True,39,0,8,15,1000.9,monte_carlo_run_212_seed_254.log
213,5,-1,-1,1,-1,-1,255,3101,0.417,10.4,True,Contatto Planetario / Biofirme,134.1,10.67,Cauta,12,0,211,24.64,42,35,6,1,5,35,31,31,0,16,15,1,8639.9,46,1.262,1.6,0.3376,True,164,0,37,55,1000.04,monte_carlo_run_213_seed_255.log
214,5,-1,-1,1,-1,-1,256,3101,0.384,6.47,True,Incontro Flotta Deep-Space,382.23,10.41,Biosfera Primitiva,19,0,113,20.91,18,16,3,2,1,15,15,15,0,11,7,4,8560.06,26,1.072,1.569,0.4972,True,92,0,28,41,1001.33,monte_carlo_run_214_seed_256.log
215,5,-1,-1,1,-1,-1,257,3101,0.309,4.24,True,Incontro Flotta Deep-Space,588.58,11.21,Biosfera Primitiva,23,0,30,16.17,3,3,1,1,0,2,2,2,0,2,2,0,8511.82,6,1.205,1.303,0.098,True,25,0,1,3,1003.51,monte_carlo_run_215_seed_257.log
216,5,-1,-1,1,-1,-1,258,3101,0.293,5.13,True,Incontro Flotta Deep-Space,591.77,9.61,Biosfera Primitiva,30,0,63,17.33,7,7,1,1,0,6,6,6,0,4,3,1,8519.46,9,1.251,1.396,0.1445,True,55,0,4,10,1002.66,monte_carlo_run_216_seed_258.log
217,5,-1,-1,1,-1,-1,259,3101,0.493,6.1,True,Contatto Planetario / Biofirme,655.87,16.41,Predatoria,54,0,96,19.92,20,19,4,0,3,16,16,16,0,12,11,1,8585.66,25,0.989,1.474,0.4846,True,75,0,32,55,1000.56,monte_carlo_run_217_seed_259.log
218,5,-1,-1,1,-1,-1,260,3101,0.424,9.79,True,Contatto Planetario / Biofirme,15.18,6.44,Cauta,2,1,158,26.73,32,25,7,1,5,24,24,24,0,13,7,6,8598.78,37,1.16,1.6,0.4403,True,123,0,46,55,1000.1,monte_carlo_run_218_seed_260.log
219,5,-1,-1,1,-1,-1,261,3101,0.251,3.07,False,Solitudine / Nessun Contatto,,,Nessuna,1,0,1,0.0,1,1,1,1,0,0,0,0,0,0,0,0,8500.0,2,1.0,1.0,0.0,False,0,0,0,0,0.02,monte_carlo_run_219_seed_261.log
220,5,-1,-1,1,-1,-1,262,3101,0.38,4.81,False,Solitudine / Nessun Contatto,,,Nessuna,79,0,79,18.26,13,11,2,1,1,11,11,11,0,5,5,0,8545.86,15,1.369,1.077,-0.2917,False,63,0,6,17,1000.25,monte_carlo_run_220_seed_262.log
221,5,-1,-1,1,-1,-1,263,3101,0.279,4.52,False,Solitudine / Nessun Contatto,,,Nessuna,62,0,62,16.48,10,7,4,3,0,5,2,2,0,2,2,0,8514.24,14,1.134,0.996,-0.1377,False,50,0,7,16,1001.06,monte_carlo_run_221_seed_263.log
222,5,-1,-1,1,-1,-1,264,3101,0.509,7.18,True,Incontro Flotta Deep-Space,543.14,22.28,Collaborativa,58,0,132,26.1,22,17,2,1,1,18,13,13,0,9,8,1,8560.12,26,1.123,1.518,0.3941,True,109,0,26,43,1002.41,monte_carlo_run_222_seed_264.log
223,5,-1,-1,1,-1,-1,265,3101,0.394,7.84,True,Incontro Flotta Deep-Space,669.63,0.0,Biosfera Primitiva,65,0,119,14.02,17,11,3,2,1,13,11,11,0,6,5,1,8553.68,25,1.342,1.6,0.2581,True,102,0,22,37,1000.22,monte_carlo_run_223_seed_265.log
224,5,-1,-1,1,-1,-1,266,3101,0.421,5.67,True,Contatto Planetario / Biofirme,252.63,14.51,Cauta,13,0,102,22.18,17,16,3,2,1,14,12,12,0,7,6,1,8560.74,21,1.397,1.348,-0.0485,False,82,0,9,16,1000.56,monte_carlo_run_224_seed_266.log
225,5,-1,-1,1,-1,-1,267,3101,0.426,5.96,True,Incontro Flotta Deep-Space,631.05,9.56,Biosfera Primitiva,42,2,93,19.7,15,10,2,1,1,11,11,11,0,6,5,1,8543.1,14,1.23,1.347,0.1169,True,77,0,7,16,1000.03,monte_carlo_run_225_seed_267.log
226,5,-1,-1,1,-1,-1,268,3101,0.358,5.38,True,Incontro Flotta Deep-Space,534.73,8.51,Biosfera Primitiva,27,0,93,17.85,16,13,2,1,0,13,13,13,0,5,5,0,8537.18,16,1.253,1.158,-0.0948,False,76,0,9,19,1000.19,monte_carlo_run_226_seed_268.log
227,5,-1,-1,1,-1,-1,269,3101,0.405,9.39,True,Contatto Planetario / Biofirme,35.82,5.82,Diffidente,3,0,83,9.62,17,14,5,3,2,12,11,11,0,7,4,3,8566.85,28,1.059,1.6,0.5411,True,62,0,32,45,1000.37,monte_carlo_run_227_seed_269.log
228,5,-1,-1,1,-1,-1,270,3101,0.349,6.87,True,Incontro Flotta Deep-Space,436.04,4.58,Biosfera Primitiva,44,0,102,13.37,17,16,2,1,1,15,15,15,0,10,9,1,8582.92,27,1.165,1.536,0.3714,True,83,0,23,36,1001.58,monte_carlo_run_228_seed_270.log
229,5,-1,-1,1,-1,-1,271,3101,0.548,11.78,True,Incontro Flotta Deep-Space,269.66,14.31,Biosfera Primitiva,23,0,132,26.62,20,13,2,2,0,18,18,18,0,10,7,3,8570.19,29,1.392,1.492,0.1004,True,109,0,14,21,1001.03,monte_carlo_run_229_seed_271.log
230,5,-1,-1,1,-1,-1,272,3101,0.316,6.47,True,Incontro Flotta Deep-Space,712.97,8.05,Collaborativa,37,0,84,17.07,16,14,5,1,3,11,11,11,0,5,4,1,8541.7,14,1.112,1.321,0.2086,True,65,0,6,17,1000.4,monte_carlo_run_230_seed_272.log
231,5,-1,-1,1,-1,-1,273,3101,0.505,11.99,True,Contatto Planetario / Biofirme,145.56,13.41,Collaborativa,16,0,90,13.41,20,17,6,0,3,14,13,13,0,11,9,2,8576.36,22,0.96,1.6,0.6405,True,69,0,38,62,1000.47,monte_carlo_run_231_seed_273.log
232,5,-1,-1,1,-1,-1,274,3101,0.369,6.92,False,Solitudine / Nessun Contatto,,,Nessuna,89,0,89,22.06,15,12,3,3,0,11,11,11,0,5,5,0,8543.81,19,1.377,1.44,0.0637,True,73,0,4,11,1001.37,monte_carlo_run_232_seed_274.log
233,5,-1,-1,1,-1,-1,275,3101,0.253,3.55,True,Contatto Planetario / Biofirme,63.15,4.69,Diffidente,5,0,18,8.14,8,7,4,0,3,4,4,4,0,4,4,0,8515.66,8,0.807,0.92,0.1122,True,12,0,6,20,1000.0,monte_carlo_run_233_seed_275.log
234,5,-1,-1,1,-1,-1,276,3101,0.553,8.34,True,Contatto Planetario / Biofirme,47.42,7.84,Collaborativa,7,0,100,9.15,19,16,3,0,2,14,11,11,0,8,6,2,8566.54,27,0.8,1.6,0.8004,True,79,0,27,36,1000.62,monte_carlo_run_234_seed_276.log
235,5,-1,-1,1,-1,-1,277,3101,0.473,7.99,True,Contatto Planetario / Biofirme,187.73,16.15,Diffidente,14,0,138,20.56,26,21,2,1,1,24,23,23,0,13,10,3,8598.56,34,1.002,1.492,0.4907,True,108,0,42,57,1000.46,monte_carlo_run_235_seed_277.log
236,5,-1,-1,1,-1,-1,278,3101,0.333,5.41,True,Incontro Flotta Deep-Space,508.43,0.0,Biosfera Primitiva,29,0,100,13.9,15,13,3,1,2,12,12,12,0,7,3,4,8558.4,23,1.056,1.555,0.4991,True,85,0,18,26,1000.16,monte_carlo_run_236_seed_278.log
237,5,-1,-1,1,-1,-1,279,3101,0.455,8.81,True,Contatto Planetario / Biofirme,17.8,8.1,Predatoria,2,0,202,21.35,33,26,4,1,2,29,29,29,0,13,11,2,8609.05,36,1.456,1.45,-0.0052,False,167,0,38,55,1000.13,monte_carlo_run_237_seed_279.log
238,5,-1,-1,1,-1,-1,280,3101,0.599,14.27,True,Contatto Planetario / Biofirme,9.72,5.82,Cauta,2,2,195,24.79,33,22,4,1,2,25,25,25,0,19,12,7,8624.62,48,1.123,1.6,0.477,True,161,0,92,112,1000.13,monte_carlo_run_238_seed_280.log
239,5,-1,-1,1,-1,-1,281,3101,0.509,10.84,True,Contatto Planetario / Biofirme,211.49,17.35,Cauta,18,1,97,20.83,21,17,2,1,1,18,8,8,0,3,3,0,8519.72,35,1.6,0.893,-0.7072,False,72,0,26,50,1000.57,monte_carlo_run_239_seed_281.log
240,5,-1,-1,1,-1,-1,282,3101,0.451,9.12,True,Contatto Planetario / Biofirme,760.17,11.44,Predatoria,46,1,80,16.83,14,12,2,2,0,11,8,8,0,5,5,0,8538.72,15,1.228,1.281,0.0528,True,65,0,6,13,1002.52,monte_carlo_run_240_seed_282.log
241,5,-1,-1,1,-1,-1,283,3101,0.522,7.03,True,Incontro Flotta Deep-Space,254.45,0.0,Biosfera Primitiva,25,1,125,25.32,20,12,2,1,1,16,16,16,0,8,7,1,8569.23,26,0.926,1.556,0.63,True,103,0,15,24,1000.92,monte_carlo_run_241_seed_283.log
242,5,-1,-1,1,-1,-1,284,3101,0.563,13.59,False,Solitudine / Nessun Contatto,,,Nessuna,137,0,137,16.58,24,21,3,2,1,21,19,19,0,11,9,2,8589.7,35,1.159,1.599,0.4397,True,109,0,24,44,1000.6,monte_carlo_run_242_seed_284.log
243,5,-1,-1,1,-1,-1,285,3101,0.563,7.79,True,Incontro Flotta Deep-Space,638.68,19.6,Biosfera Primitiva,83,1,183,28.19,29,20,2,2,0,24,24,24,0,13,8,5,8588.17,45,1.433,1.579,0.1461,True,152,0,39,49,1000.13,monte_carlo_run_243_seed_285.log
244,5,-1,-1,1,-1,-1,286,3101,0.226,2.9,False,Solitudine / Nessun Contatto,,,Nessuna,1,0,1,0.0,3,3,3,1,2,0,0,0,0,0,0,0,8500.0,2,1.001,1.001,0.0,False,0,0,2,2,0.02,monte_carlo_run_244_seed_286.log
245,5,-1,-1,1,-1,-1,287,3101,0.599,10.14,True,Incontro Flotta Deep-Space,384.48,13.12,Biosfera Primitiva,51,0,195,24.13,28,21,2,1,1,25,25,25,0,15,9,6,8605.73,46,1.114,1.6,0.486,True,164,0,73,90,1000.01,monte_carlo_run_245_seed_287.log
246,5,-1,-1,1,-1,-1,288,3101,0.255,4.14,False,Solitudine / Nessun Contatto,,,Nessuna,29,0,29,20.62,4,4,2,0,2,2,2,2,0,2,2,0,8522.58,5,0.907,1.307,0.4003,True,20,0,1,3,1002.25,monte_carlo_run_246_seed_288.log
247,5,-1,-1,1,-1,-1,289,3101,0.257,3.65,False,Solitudine / Nessun Contatto,,,Nessuna,3,0,3,4.03,2,2,2,1,1,0,0,0,0,0,0,0,8500.0,2,1.024,1.024,0.0,False,1,0,1,1,74.71,monte_carlo_run_247_seed_289.log
248,5,-1,-1,1,-1,-1,290,3101,0.297,4.33,True,Incontro Flotta Deep-Space,381.53,0.0,Biosfera Primitiva,16,1,47,15.93,6,4,2,2,0,3,3,3,0,3,2,1,8521.0,12,1.34,1.508,0.1686,True,39,0,6,10,1000.0,monte_carlo_run_248_seed_290.log
249,5,-1,-1,1,-1,-1,291,3101,0.33,4.39,False,Solitudine / Nessun Contatto,,,Nessuna,23,1,23,14.87,4,3,2,1,1,1,1,1,0,1,1,0,8504.89,3,1.023,0.103,-0.9202,False,20,0,1,3,1001.38,monte_carlo_run_249_seed_291.log
250,5,-1,-1,1,-1,-1,292,3101,0.484,8.12,True,Contatto Planetario / Biofirme,131.8,8.17,Diffidente,11,0,191,22.03,31,23,3,1,2,28,27,27,0,17,13,4,8613.09,55,1.25,1.6,0.3503,True,159,0,61,73,1000.1,monte_carlo_run_250_seed_292.log
251,6,-1,-1,1,-1,1,293,3101,0.445,6.66,True,Contatto Planetario / Biofirme,670.19,13.58,Collaborativa,52,0,98,22.13,24,15,4,2,2,20,20,20,0,7,7,0,8563.1,28,1.229,1.54,0.3114,True,71,0,11,22,1001.16,monte_carlo_run_251_seed_293.log
252,6,-1,-1,1,-1,1,294,3101,0.597,10.11,True,Contatto Planetario / Biofirme,151.37,10.0,Collaborativa,19,0,302,24.94,62,49,5,2,3,56,28,28,0,17,12,5,8616.09,100,1.196,1.6,0.4045,True,235,0,113,192,1000.21,monte_carlo_run_252_seed_294.log
253,6,-1,-1,1,-1,1,295,3101,0.362,7.93,True,Incontro Flotta Deep-Space,495.75,2.8,Biosfera Primitiva,58,0,201,13.12,44,37,4,2,2,40,33,33,0,15,9,6,8604.64,58,1.173,1.6,0.4266,True,156,0,63,89,1000.15,monte_carlo_run_253_seed_295.log
254,6,-1,-1,1,-1,1,296,3101,0.525,9.18,True,Incontro Flotta Deep-Space,239.77,3.67,Collaborativa,15,0,49,10.33,11,8,1,0,1,10,10,10,0,7,6,1,8558.5,20,0.73,1.599,0.8692,True,38,0,14,23,1004.57,monte_carlo_run_254_seed_296.log
255,6,-1,-1,1,-1,1,297,3101,0.211,3.33,False,Solitudine / Nessun Contatto,,,Nessuna,15,0,15,9.6,2,2,1,0,1,1,1,1,0,1,1,0,8506.32,3,0.796,0.32,-0.476,False,9,0,0,1,983.56,monte_carlo_run_255_seed_297.log
256,6,-1,-1,1,-1,1,298,3101,0.548,8.69,True,Incontro Flotta Deep-Space,244.81,5.82,Biosfera Primitiva,24,0,159,16.39,31,22,2,1,1,29,19,19,0,13,7,6,8598.38,58,1.242,1.6,0.3578,True,126,0,63,88,1000.34,monte_carlo_run_256_seed_298.log
257,6,-1,-1,1,-1,1,299,3101,0.476,7.66,True,Contatto Planetario / Biofirme,226.74,12.15,Cauta,31,0,264,24.09,49,34,5,2,2,39,20,20,0,14,14,0,8601.7,85,1.056,1.529,0.4722,True,210,0,92,138,1000.4,monte_carlo_run_257_seed_299.log
258,6,-1,-1,1,-1,1,300,3101,0.268,5.18,False,Solitudine / Nessun Contatto,,,Nessuna,47,0,47,15.18,5,3,1,1,0,4,4,4,0,0,0,0,8506.32,7,1.6,0.881,-0.7192,False,42,0,0,0,1000.1,monte_carlo_run_258_seed_300.log
259,6,-1,-1,1,-1,1,301,3101,0.498,12.4,False,Solitudine / Nessun Contatto,,,Nessuna,130,1,130,16.05,26,20,3,1,2,22,19,19,0,14,8,6,8597.7,34,1.019,1.6,0.5806,True,99,0,52,63,1000.24,monte_carlo_run_259_seed_301.log
260,6,-1,-1,1,-1,1,302,3101,0.541,12.78,True,Contatto Planetario / Biofirme,79.92,13.3,Diffidente,16,2,214,30.26,55,45,6,3,2,45,29,29,0,17,10,7,8624.5,80,1.001,1.561,0.5599,True,157,0,64,102,1000.11,monte_carlo_run_260_seed_302.log
261,6,-1,-1,1,-1,1,303,3101,0.39,8.42,True,Incontro Flotta Deep-Space,360.05,8.56,Biosfera Primitiva,38,1,140,19.66,31,24,2,1,0,27,26,26,0,10,9,1,8578.85,31,1.087,1.551,0.464,True,107,0,19,28,1000.37,monte_carlo_run_261_seed_303.log
262,6,-1,-1,1,-1,1,304,3101,0.219,3.57,False,Solitudine / Nessun Contatto,,,Nessuna,13,0,13,8.2,2,2,2,2,0,0,0,0,0,0,0,0,8500.0,8,1.532,1.532,0.0,False,10,0,1,1,1006.58,monte_carlo_run_262_seed_304.log
263,6,-1,-1,1,-1,1,305,3101,0.241,5.68,True,Incontro Flotta Deep-Space,274.57,0.0,Collaborativa,17,0,99,16.1,21,17,5,0,5,16,16,16,0,11,11,0,8589.05,29,0.89,1.571,0.6811,True,76,0,31,47,1000.18,monte_carlo_run_263_seed_305.log
264,6,-1,-1,1,-1,1,306,3101,0.24,4.77,True,Incontro Flotta Deep-Space,324.49,4.2,Biosfera Primitiva,13,0,53,14.05,4,4,1,1,0,3,3,3,0,3,3,0,8516.2,8,1.067,1.403,0.3361,True,48,0,3,6,1000.24,monte_carlo_run_264_seed_306.log
265,6,-1,-1,1,-1,1,307,3101,0.41,7.87,True,Contatto Planetario / Biofirme,34.1,7.45,Cauta,5,0,54,15.57,9,8,2,0,2,7,7,7,0,6,4,2,8536.12,14,0.948,1.478,0.5293,True,45,0,14,21,1000.16,monte_carlo_run_265_seed_307.log
266,6,-1,-1,1,-1,1,308,3101,0.289,4.72,False,Solitudine / Nessun Contatto,,,Nessuna,55,0,55,16.97,11,7,1,0,1,9,9,9,0,6,5,1,8541.74,12,0.994,1.219,0.225,True,44,0,8,13,1003.66,monte_carlo_run_266_seed_308.log
267,6,-1,-1,1,-1,1,309,3101,0.581,11.1,False,Solitudine / Nessun Contatto,,,Nessuna,113,0,113,11.72,19,16,3,1,2,16,13,13,0,4,4,0,8533.95,23,1.208,1.32,0.1116,True,91,0,1,5,1000.47,monte_carlo_run_267_seed_309.log
268,6,-1,-1,1,-1,1,310,3101,0.349,7.01,True,Incontro Flotta Deep-Space,187.69,8.78,Collaborativa,25,0,188,18.39,37,29,4,1,2,32,6,6,0,1,1,0,8517.28,60,1.312,0.947,-0.3647,False,149,0,26,51,1000.16,monte_carlo_run_268_seed_310.log
269,6,-1,-1,1,-1,1,311,3101,0.519,12.61,True,Incontro Flotta Deep-Space,231.74,9.49,Biosfera Primitiva,19,2,201,30.03,33,21,3,1,2,27,27,27,0,16,8,8,8614.03,48,1.478,1.6,0.1219,True,159,0,49,52,1000.88,monte_carlo_run_269_seed_311.log
270,6,-1,-1,1,-1,1,312,3101,0.472,7.07,False,Solitudine / Nessun Contatto,,,Nessuna,103,0,103,18.86,23,18,4,2,0,19,19,19,0,7,7,0,8554.39,21,1.083,1.264,0.1805,True,79,0,7,12,1000.21,monte_carlo_run_270_seed_312.log
271,6,-1,-1,1,-1,1,313,3101,0.401,7.15,True,Incontro Flotta Deep-Space,673.92,7.82,Collaborativa,106,0,153,17.73,27,22,2,1,0,25,13,13,0,7,6,1,8540.08,55,1.248,1.56,0.3117,True,125,0,39,85,1000.49,monte_carlo_run_271_seed_313.log
272,6,-1,-1,1,-1,1,314,3101,0.592,8.85,True,Contatto Planetario / Biofirme,433.26,19.68,Collaborativa,65,0,228,30.19,36,27,6,1,4,29,29,29,0,18,13,5,8627.0,50,1.538,1.536,-0.0018,False,186,0,47,57,1000.58,monte_carlo_run_272_seed_314.log
273,6,-1,-1,1,-1,1,315,3101,0.544,13.26,True,Contatto Planetario / Biofirme,201.63,9.39,Cauta,13,0,107,11.1,20,16,3,1,2,16,16,16,0,10,9,1,8586.41,30,1.004,1.6,0.5962,True,86,0,25,34,1000.23,monte_carlo_run_273_seed_315.log
274,6,-1,-1,1,-1,1,316,3101,0.404,8.15,True,Incontro Flotta Deep-Space,822.92,0.0,Biosfera Primitiva,92,1,127,19.04,23,18,3,2,1,19,19,19,0,8,7,1,8574.7,24,1.226,1.52,0.2943,True,102,0,15,21,1000.25,monte_carlo_run_274_seed_316.log
275,6,-1,-1,1,-1,1,317,3101,0.379,7.25,True,Incontro Flotta Deep-Space,4.73,0.0,Cauta,3,0,99,19.0,20,17,3,1,1,17,14,14,0,4,4,0,8538.63,25,1.321,1.494,0.1731,True,78,0,7,14,1000.06,monte_carlo_run_275_seed_317.log
276,6,-1,-1,1,-1,1,318,3101,0.441,9.58,True,Incontro Flotta Deep-Space,90.55,19.54,Diffidente,21,0,395,22.05,76,64,7,1,5,66,12,12,0,8,7,1,8556.95,124,1.266,1.6,0.3338,True,314,0,133,227,1000.47,monte_carlo_run_276_seed_318.log
277,6,-1,-1,1,-1,1,319,3101,0.333,4.87,True,Contatto Planetario / Biofirme,729.77,8.83,Ostile,97,1,135,14.87,24,16,5,2,3,16,15,15,0,10,7,3,8566.99,30,0.835,1.338,0.5024,True,108,0,29,48,1000.27,monte_carlo_run_277_seed_319.log
278,6,-1,-1,1,-1,1,320,3101,0.325,5.55,True,Contatto Planetario / Biofirme,32.74,7.16,Collaborativa,7,0,140,13.29,24,21,4,2,1,19,5,5,0,0,0,0,8503.57,41,1.6,1.074,-0.526,False,115,0,24,36,1000.68,monte_carlo_run_278_seed_320.log
279,6,-1,-1,1,-1,1,321,3101,0.599,7.7,True,Contatto Planetario / Biofirme,72.48,7.32,Diffidente,13,0,266,17.89,44,40,4,2,1,40,25,25,0,15,15,0,8598.06,78,1.164,1.6,0.4358,True,216,0,93,149,1000.11,monte_carlo_run_279_seed_321.log
280,6,-1,-1,1,-1,1,322,3101,0.426,5.27,True,Incontro Flotta Deep-Space,380.78,6.75,Biosfera Primitiva,48,0,145,14.39,29,23,3,1,1,26,6,6,0,4,4,0,8530.74,45,1.068,1.016,-0.0519,False,116,0,54,96,1000.53,monte_carlo_run_280_seed_322.log
281,6,-1,-1,1,-1,1,323,3101,0.35,6.28,True,Contatto Planetario / Biofirme,35.29,5.82,Predatoria,7,0,179,24.87,41,31,6,2,3,33,18,18,0,9,7,2,8577.96,45,1.101,1.52,0.4192,True,132,0,35,64,1001.03,monte_carlo_run_281_seed_323.log
282,6,-1,-1,1,-1,1,324,3101,0.419,7.99,True,Incontro Flotta Deep-Space,378.52,7.93,Collaborativa,28,0,118,19.26,17,14,3,2,1,14,12,12,0,10,9,1,8564.69,25,1.198,1.6,0.4016,True,100,0,22,34,1001.25,monte_carlo_run_282_seed_324.log
283,6,-1,-1,1,-1,1,325,3101,0.211,2.68,False,Solitudine / Nessun Contatto,,,Nessuna,3,0,3,0.0,2,2,2,2,0,0,0,0,0,0,0,0,8500.0,6,1.012,1.012,0.0,False,0,0,1,1,38.14,monte_carlo_run_283_seed_325.log
284,6,-1,-1,1,-1,1,326,3101,0.527,10.26,True,Contatto Planetario / Biofirme,40.27,8.48,Diffidente,9,0,322,33.58,62,49,12,1,10,50,36,36,0,24,18,6,8664.34,81,1.198,1.569,0.3712,True,254,0,111,165,1000.07,monte_carlo_run_284_seed_326.log
285,6,-1,-1,1,-1,1,327,3101,0.433,9.46,True,Contatto Planetario / Biofirme,318.31,12.37,Diffidente,73,0,275,15.57,56,50,9,2,5,46,8,8,0,4,4,0,8523.41,103,1.225,0.911,-0.3137,False,216,0,70,158,1000.14,monte_carlo_run_285_seed_327.log
286,6,-1,-1,1,-1,1,328,3101,0.455,9.52,False,Solitudine / Nessun Contatto,,,Nessuna,118,0,118,18.08,19,15,4,1,3,14,14,14,0,10,9,1,8560.74,27,1.127,1.599,0.4713,True,97,0,21,28,1000.17,monte_carlo_run_286_seed_328.log
287,6,-1,-1,1,-1,1,329,3101,0.498,7.93,False,Solitudine / Nessun Contatto,,,Nessuna,181,0,181,23.35,35,30,4,1,2,31,24,24,0,17,13,4,8632.25,55,1.132,1.6,0.468,True,142,0,59,90,1000.6,monte_carlo_run_287_seed_329.log
288,6,-1,-1,1,-1,1,330,3101,0.374,8.23,True,Contatto Planetario / Biofirme,17.79,6.65,Ostile,2,1,178,25.49,41,30,3,1,2,35,35,35,0,15,10,5,8603.5,50,1.076,1.593,0.5165,True,132,0,54,67,1000.85,monte_carlo_run_288_seed_330.log
289,6,-1,-1,1,-1,1,331,3101,0.481,9.71,False,Solitudine / Nessun Contatto,,,Nessuna,112,0,112,9.97,23,18,3,1,2,20,20,20,0,11,7,4,8578.42,27,1.119,1.514,0.3947,True,86,0,26,40,1000.11,monte_carlo_run_289_seed_331.log
290,6,-1,-1,1,-1,1,332,3101,0.517,6.28,False,Solitudine / Nessun Contatto,,,Nessuna,25,0,25,4.47,5,4,1,1,0,4,4,4,0,2,2,0,8513.18,7,1.23,1.071,-0.1584,False,19,0,0,3,1006.39,monte_carlo_run_290_seed_332.log
291,6,-1,-1,1,-1,1,333,3101,0.43,8.34,True,Contatto Planetario / Biofirme,8.93,3.84,Diffidente,4,2,217,18.6,50,38,6,1,5,40,9,9,0,5,4,1,8526.94,72,1.154,1.6,0.4457,True,161,0,116,166,1000.66,monte_carlo_run_291_seed_333.log
292,6,-1,-1,1,-1,1,334,3101,0.414,8.54,False,Solitudine / Nessun Contatto,,,Nessuna,197,0,197,20.44,42,33,3,3,0,38,38,38,0,22,12,10,8671.53,54,1.116,1.6,0.4839,True,152,0,76,99,1000.56,monte_carlo_run_292_seed_334.log
293,6,-1,-1,1,-1,1,335,3101,0.484,8.18,True,Incontro Flotta Deep-Space,293.28,9.66,Biosfera Primitiva,21,0,145,29.94,25,19,2,1,0,23,23,23,0,8,7,1,8568.8,31,1.462,1.527,0.0652,True,114,0,12,17,1001.78,monte_carlo_run_293_seed_335.log
294,6,-1,-1,1,-1,1,336,3101,0.329,4.63,False,Solitudine / Nessun Contatto,,,Nessuna,112,0,112,25.42,24,18,4,1,3,20,8,8,0,3,3,0,8523.57,43,0.989,1.322,0.333,True,85,0,17,41,1000.94,monte_carlo_run_294_seed_336.log
295,6,-1,-1,1,-1,1,337,3101,0.305,3.87,False,Solitudine / Nessun Contatto,,,Nessuna,19,0,19,9.63,3,3,1,1,0,2,2,2,0,1,1,0,8506.84,6,1.433,1.128,-0.3049,False,12,0,0,1,1000.24,monte_carlo_run_295_seed_337.log
296,6,-1,-1,1,-1,1,338,3101,0.235,4.99,True,Incontro Flotta Deep-Space,429.78,10.02,Collaborativa,16,0,77,14.35,16,12,3,1,2,12,12,12,0,5,5,0,8541.67,17,1.291,1.409,0.1181,True,60,0,6,12,1001.21,monte_carlo_run_296_seed_338.log
297,6,-1,-1,1,-1,1,339,3101,0.428,7.98,True,Incontro Flotta Deep-Space,435.75,16.8,Biosfera Primitiva,54,1,172,28.83,27,19,2,1,1,24,23,23,0,14,14,0,8614.55,44,1.315,1.529,0.2138,True,141,0,35,55,1000.06,monte_carlo_run_297_seed_339.log
298,6,-1,-1,1,-1,1,340,3101,0.366,7.34,True,Incontro Flotta Deep-Space,467.05,8.24,Biosfera Primitiva,58,0,162,13.65,38,27,2,1,1,35,20,20,0,13,8,5,8589.07,57,1.299,1.6,0.3008,True,123,0,62,84,1000.42,monte_carlo_run_298_seed_340.log
299,6,-1,-1,1,-1,1,341,3101,0.508,9.95,True,Contatto Planetario / Biofirme,24.2,10.83,Diffidente,4,0,150,23.14,26,21,5,1,3,20,20,20,0,15,11,4,8601.81,37,1.336,1.535,0.1985,True,122,0,37,45,1001.0,monte_carlo_run_299_seed_341.log
300,6,-1,-1,1,-1,1,342,3101,0.278,3.88,False,Solitudine / Nessun Contatto,,,Nessuna,43,0,43,3.84,7,7,2,2,0,5,0,0,0,0,0,0,8500.0,18,1.253,1.253,0.0,False,32,0,4,7,1000.04,monte_carlo_run_300_seed_342.log
301,7,-1,-1,1,1,-1,343,3101,0.218,5.43,False,Solitudine / Nessun Contatto,,,Nessuna,32,0,32,14.0,3,2,1,1,0,1,1,1,0,1,1,0,8516.09,4,1.233,0.212,-1.0203,False,29,0,0,1,1004.46,monte_carlo_run_301_seed_343.log
302,7,-1,-1,1,1,-1,344,3101,0.582,10.02,True,Contatto Planetario / Biofirme,445.65,16.17,Predatoria,24,0,84,20.68,7,7,4,1,2,3,3,3,0,3,3,0,8522.9,6,1.396,0.809,-0.587,False,74,0,2,7,1001.27,monte_carlo_run_302_seed_344.log
303,7,-1,-1,1,1,-1,345,3101,0.574,11.95,True,Contatto Planetario / Biofirme,62.71,12.03,Ostile,4,0,105,31.26,13,12,4,1,2,9,9,9,0,4,4,0,8531.0,12,1.291,1.154,-0.1372,False,90,0,3,11,1000.13,monte_carlo_run_303_seed_345.log
304,7,-1,-1,1,1,-1,346,3101,0.336,8.06,False,Solitudine / Nessun Contatto,,,Nessuna,77,0,77,20.18,7,7,3,1,2,4,4,4,0,2,2,0,8520.68,9,1.574,1.375,-0.199,False,68,0,3,6,1000.64,monte_carlo_run_304_seed_346.log
305,7,-1,-1,1,1,-1,347,3101,0.443,9.9,False,Solitudine / Nessun Contatto,,,Nessuna,105,0,105,20.56,10,8,2,2,0,8,8,8,0,4,4,0,8529.21,15,1.344,1.519,0.1747,True,95,0,6,10,1000.51,monte_carlo_run_305_seed_347.log
306,7,-1,-1,1,1,-1,348,3101,0.507,9.49,False,Solitudine / Nessun Contatto,,,Nessuna,67,0,67,19.62,6,5,1,1,0,5,5,5,0,2,2,0,8517.12,8,1.197,1.083,-0.1141,False,60,0,1,3,1000.15,monte_carlo_run_306_seed_348.log
307,7,-1,-1,1,1,-1,349,3101,0.256,4.15,False,Solitudine / Nessun Contatto,,,Nessuna,25,0,25,18.7,1,1,1,1,0,0,0,0,0,0,0,0,8500.0,4,1.53,1.53,0.0,False,21,0,0,0,1000.25,monte_carlo_run_307_seed_349.log
308,7,-1,-1,1,1,-1,350,3101,0.368,7.32,False,Solitudine / Nessun Contatto,,,Nessuna,55,0,55,19.02,1,1,1,1,0,0,0,0,0,0,0,0,8500.0,4,1.6,1.6,0.0,False,54,0,0,0,1004.09,monte_carlo_run_308_seed_350.log
309,7,-1,-1,1,1,-1,351,3101,0.342,4.83,False,Solitudine / Nessun Contatto,,,Nessuna,33,0,33,16.97,2,2,2,1,1,0,0,0,0,0,0,0,8500.0,4,1.6,1.6,0.0,False,31,0,1,1,1000.4,monte_carlo_run_309_seed_351.log
310,7,-1,-1,1,1,-1,352,3101,0.381,7.13,True,Incontro Flotta Deep-Space,353.5,12.84,Collaborativa,32,0,124,19.42,14,9,3,3,0,11,4,4,0,3,3,0,8522.01,21,1.018,1.336,0.3179,True,109,0,13,33,1000.4,monte_carlo_run_310_seed_352.log
311,7,-1,-1,1,1,-1,353,3101,0.433,7.75,True,Contatto Planetario / Biofirme,22.21,5.65,Cauta,3,1,67,13.95,7,6,2,1,1,4,4,4,0,3,3,0,8522.07,9,1.491,1.286,-0.2056,False,59,0,1,3,1000.84,monte_carlo_run_311_seed_353.log
312,7,-1,-1,1,1,-1,354,3101,0.342,6.55,True,Contatto Planetario / Biofirme,85.52,10.44,Cauta,5,1,39,18.37,6,4,2,2,0,3,3,3,0,2,2,0,8515.74,7,1.29,1.129,-0.1619,False,30,0,2,6,1001.46,monte_carlo_run_312_seed_354.log
313,7,-1,-1,1,1,-1,355,3101,0.406,8.15,True,Contatto Planetario / Biofirme,13.42,5.45,Cauta,2,0,57,15.32,7,5,2,1,1,5,5,5,0,2,2,0,8517.74,9,1.42,1.277,-0.1428,False,50,0,1,3,1000.06,monte_carlo_run_313_seed_355.log
314,7,-1,-1,1,1,-1,356,3101,0.483,8.81,True,Contatto Planetario / Biofirme,271.76,17.01,Predatoria,18,1,108,22.13,10,8,3,1,1,6,3,3,0,2,2,0,8514.07,13,1.531,0.968,-0.5634,False,96,0,1,5,1000.76,monte_carlo_run_314_seed_356.log
315,7,-1,-1,1,1,-1,357,3101,0.304,6.7,False,Solitudine / Nessun Contatto,,,Nessuna,48,1,48,12.54,3,1,1,1,0,1,1,1,0,0,0,0,8504.23,5,1.6,0.856,-0.7439,False,45,0,0,0,1000.52,monte_carlo_run_315_seed_357.log
316,7,-1,-1,1,1,-1,358,3101,0.331,4.91,False,Solitudine / Nessun Contatto,,,Nessuna,36,0,36,13.33,2,2,1,1,0,1,1,1,0,1,1,0,8503.84,5,1.133,0.433,-0.6995,False,34,0,0,1,1003.6,monte_carlo_run_316_seed_358.log
317,7,-1,-1,1,1,-1,359,3101,0.447,7.12,True,Incontro Flotta Deep-Space,433.04,12.15,Biosfera Primitiva,55,0,168,18.15,16,11,2,2,0,14,14,14,0,9,8,1,8577.88,23,1.201,1.527,0.3261,True,149,0,22,34,1000.01,monte_carlo_run_317_seed_359.log
318,7,-1,-1,1,1,-1,360,3101,0.599,8.43,True,Contatto Planetario / Biofirme,41.16,11.75,Diffidente,6,0,87,19.96,11,8,2,1,0,9,9,9,0,6,6,0,8537.72,18,1.356,1.512,0.1555,True,74,0,13,24,1000.56,monte_carlo_run_318_seed_360.log
319,7,-1,-1,1,1,-1,361,3101,0.417,5.09,False,Solitudine / Nessun Contatto,,,Nessuna,74,0,74,16.75,6,4,1,1,0,5,5,5,0,4,4,0,8533.01,9,1.082,1.375,0.2924,True,68,0,3,8,1001.05,monte_carlo_run_319_seed_361.log
320,7,-1,-1,1,1,-1,362,3101,0.291,4.42,False,Solitudine / Nessun Contatto,,,Nessuna,55,0,55,31.25,8,8,2,2,0,6,6,6,0,1,1,0,8507.37,11,1.6,1.172,-0.4283,False,45,0,1,1,1001.07,monte_carlo_run_320_seed_362.log
321,7,-1,-1,1,1,-1,363,3101,0.301,7.19,True,Incontro Flotta Deep-Space,525.38,11.31,Biosfera Primitiva,20,0,54,18.82,5,5,2,1,1,3,3,3,0,2,2,0,8524.95,7,1.311,1.186,-0.1252,False,48,0,1,3,1000.54,monte_carlo_run_321_seed_363.log
322,7,-1,-1,1,1,-1,364,3101,0.378,7.05,True,Contatto Planetario / Biofirme,13.04,4.93,Cauta,2,0,47,12.98,7,5,3,1,2,4,4,4,0,2,2,0,8514.43,6,1.385,1.151,-0.2335,False,38,0,1,5,1001.68,monte_carlo_run_322_seed_364.log
323,7,-1,-1,1,1,-1,365,3101,0.48,9.7,True,Incontro Flotta Deep-Space,451.8,4.57,Biosfera Primitiva,40,0,110,18.4,9,8,2,1,1,7,7,7,0,5,4,1,8533.47,14,1.488,1.455,-0.0329,False,99,0,6,14,1002.96,monte_carlo_run_323_seed_365.log
324,7,-1,-1,1,1,-1,366,3101,0.22,3.81,False,Solitudine / Nessun Contatto,,,Nessuna,8,0,8,10.1,1,1,1,1,0,0,0,0,0,0,0,0,8500.0,2,1.16,1.16,0.0,False,5,0,0,0,590.99,monte_carlo_run_324_seed_366.log
325,7,-1,-1,1,1,-1,367,3101,0.447,10.06,False,Solitudine / Nessun Contatto,,,Nessuna,79,1,79,15.52,7,5,1,1,0,5,5,5,0,3,3,0,8521.65,8,1.177,0.879,-0.2978,False,70,0,2,5,1000.3,monte_carlo_run_325_seed_367.log
326,7,-1,-1,1,1,-1,368,3101,0.521,11.33,False,Solitudine / Nessun Contatto,,,Nessuna,80,1,80,27.29,6,4,1,1,0,4,4,4,0,4,3,1,8528.97,10,1.352,1.242,-0.1104,False,74,0,3,6,1003.5,monte_carlo_run_326_seed_368.log
327,7,-1,-1,1,1,-1,369,3101,0.227,4.98,True,Incontro Flotta Deep-Space,366.18,14.47,Cauta,16,0,48,18.71,3,3,3,3,0,0,0,0,0,0,0,0,8500.0,9,1.6,1.6,0.0,False,45,0,2,2,1006.04,monte_carlo_run_327_seed_369.log
328,7,-1,-1,1,1,-1,370,3101,0.437,5.3,False,Solitudine / Nessun Contatto,,,Nessuna,102,0,102,18.31,10,7,1,1,0,9,9,9,0,4,2,2,8528.19,16,1.453,1.389,-0.0646,False,88,0,6,10,1001.29,monte_carlo_run_328_seed_370.log
329,7,-1,-1,1,1,-1,371,3101,0.376,5.24,False,Solitudine / Nessun Contatto,,,Nessuna,25,0,25,20.31,1,1,1,1,0,0,0,0,0,0,0,0,8500.0,4,1.523,1.523,0.0,False,22,0,0,0,1001.6,monte_carlo_run_329_seed_371.log
330,7,-1,-1,1,1,-1,372,3101,0.525,10.56,True,Contatto Planetario / Biofirme,46.39,9.81,Diffidente,6,0,81,18.06,8,6,3,1,2,4,4,4,0,2,2,0,8511.78,8,1.589,1.202,-0.3873,False,73,0,2,5,1002.67,monte_carlo_run_330_seed_372.log
331,7,-1,-1,1,1,-1,373,3101,0.324,3.9,False,Solitudine / Nessun Contatto,,,Nessuna,36,0,36,26.57,2,2,1,1,0,1,1,1,0,1,1,0,8505.15,4,1.155,0.381,-0.7743,False,28,0,0,1,1002.92,monte_carlo_run_331_seed_373.log
332,7,-1,-1,1,1,-1,374,3101,0.471,7.85,True,Incontro Flotta Deep-Space,789.65,11.17,Biosfera Primitiva,67,1,98,15.67,10,7,3,3,0,5,5,5,0,3,3,0,8518.81,12,1.522,1.348,-0.1735,False,85,0,5,7,1002.14,monte_carlo_run_332_seed_374.log
333,7,-1,-1,1,1,-1,375,3101,0.251,4.74,False,Solitudine / Nessun Contatto,,,Nessuna,52,0,52,23.53,4,4,1,1,0,3,3,3,0,2,2,0,8516.53,6,1.331,1.018,-0.3137,False,47,0,0,1,1000.77,monte_carlo_run_333_seed_375.log
334,7,-1,-1,1,1,-1,376,3101,0.336,8.35,False,Solitudine / Nessun Contatto,,,Nessuna,60,0,60,15.83,4,2,1,1,0,3,3,3,0,2,2,0,8517.25,6,1.092,0.89,-0.2024,False,56,0,1,3,1001.88,monte_carlo_run_334_seed_376.log
335,7,-1,-1,1,1,-1,377,3101,0.497,9.29,False,Solitudine / Nessun Contatto,,,Nessuna,35,0,35,11.64,5,4,1,1,0,4,4,4,0,1,1,0,8505.45,7,1.6,1.1,-0.4999,False,30,0,0,1,1000.1,monte_carlo_run_335_seed_377.log
336,7,-1,-1,1,1,-1,378,3101,0.42,8.74,True,Incontro Flotta Deep-Space,268.48,6.82,Biosfera Primitiva,19,0,72,16.55,6,6,1,1,0,5,4,4,0,4,4,0,8524.0,12,1.33,1.565,0.2355,True,66,0,3,10,1002.36,monte_carlo_run_336_seed_378.log
337,7,-1,-1,1,1,-1,379,3101,0.407,7.11,True,Contatto Planetario / Biofirme,6.42,2.61,Diffidente,2,0,35,14.96,3,2,2,1,1,1,1,1,0,0,0,0,8500.12,4,1.542,0.804,-0.7374,False,32,0,0,0,1000.2,monte_carlo_run_337_seed_379.log
338,7,-1,-1,1,1,-1,380,3101,0.384,6.28,True,Contatto Planetario / Biofirme,28.08,7.53,Cauta,3,0,34,11.16,4,4,2,2,0,2,2,2,0,2,2,0,8518.28,9,1.6,1.352,-0.2483,False,30,0,2,6,1000.54,monte_carlo_run_338_seed_380.log
339,7,-1,-1,1,1,-1,381,3101,0.222,3.7,False,Solitudine / Nessun Contatto,,,Nessuna,19,0,19,6.61,3,3,3,3,0,0,0,0,0,0,0,0,8500.0,6,1.569,1.569,0.0,False,14,0,2,2,1003.3,monte_carlo_run_339_seed_381.log
340,7,-1,-1,1,1,-1,382,3101,0.318,6.6,True,Incontro Flotta Deep-Space,347.57,10.86,Collaborativa,25,0,56,16.61,3,1,1,1,0,2,2,2,0,2,2,0,8517.58,7,1.464,1.341,-0.1228,False,52,0,1,3,1001.16,monte_carlo_run_340_seed_382.log
341,7,-1,-1,1,1,-1,383,3101,0.526,11.06,True,Contatto Planetario / Biofirme,15.61,8.21,Collaborativa,2,0,136,29.17,13,12,4,2,2,9,9,9,0,5,4,1,8537.11,13,1.434,1.339,-0.0956,False,122,0,5,10,1001.44,monte_carlo_run_341_seed_383.log
342,7,-1,-1,1,1,-1,384,3101,0.304,5.12,True,Incontro Flotta Deep-Space,304.77,12.01,Cauta,18,0,32,14.82,3,3,3,1,1,0,0,0,0,0,0,0,8500.0,4,0.834,0.834,0.0,False,30,0,1,2,1005.87,monte_carlo_run_342_seed_384.log
343,7,-1,-1,1,1,-1,385,3101,0.428,10.18,False,Solitudine / Nessun Contatto,,,Nessuna,112,0,112,20.44,13,10,2,2,0,10,8,8,0,5,4,1,8539.19,15,1.286,1.22,-0.0664,False,97,0,9,19,1000.51,monte_carlo_run_343_seed_385.log
344,7,-1,-1,1,1,-1,386,3101,0.433,9.17,False,Solitudine / Nessun Contatto,,,Nessuna,78,1,78,12.99,8,6,1,1,0,6,5,5,0,2,2,0,8517.02,11,1.6,1.395,-0.2053,False,70,0,0,2,1000.9,monte_carlo_run_344_seed_386.log
345,7,-1,-1,1,1,-1,387,3101,0.411,9.26,True,Incontro Flotta Deep-Space,894.25,10.01,Biosfera Primitiva,63,0,75,16.23,7,6,1,1,0,6,6,6,0,4,3,1,8526.96,11,1.183,1.46,0.2765,True,68,0,4,7,1001.34,monte_carlo_run_345_seed_387.log
346,7,-1,-1,1,1,-1,388,3101,0.294,4.23,False,Solitudine / Nessun Contatto,,,Nessuna,25,0,25,9.73,1,1,1,1,0,0,0,0,0,0,0,0,8500.0,4,1.547,1.547,0.0,False,22,0,0,0,1003.06,monte_carlo_run_346_seed_388.log
347,7,-1,-1,1,1,-1,389,3101,0.394,9.38,True,Contatto Planetario / Biofirme,172.1,13.1,Ostile,9,0,121,18.89,14,12,3,1,1,10,10,10,0,4,4,0,8531.72,13,1.219,0.892,-0.3275,False,106,0,8,17,1001.73,monte_carlo_run_347_seed_389.log
348,7,-1,-1,1,1,-1,390,3101,0.45,6.89,True,Incontro Flotta Deep-Space,598.4,16.47,Biosfera Primitiva,73,0,92,23.05,11,7,2,1,0,8,8,8,0,5,4,1,8541.41,13,1.14,1.38,0.24,True,82,0,4,9,1000.12,monte_carlo_run_348_seed_390.log
349,7,-1,-1,1,1,-1,391,3101,0.259,4.82,False,Solitudine / Nessun Contatto,,,Nessuna,57,0,57,26.26,8,7,1,1,0,7,7,7,0,5,4,1,8525.91,15,1.6,1.263,-0.3372,False,48,0,8,10,1001.83,monte_carlo_run_349_seed_391.log
350,7,-1,-1,1,1,-1,392,3101,0.434,10.05,True,Contatto Planetario / Biofirme,20.87,9.06,Collaborativa,2,0,48,17.02,5,5,2,1,1,3,3,3,0,2,2,0,8517.91,8,1.405,1.292,-0.1137,False,43,0,1,3,1000.09,monte_carlo_run_350_seed_392.log
351,8,-1,-1,1,1,1,393,3101,0.328,4.09,False,Solitudine / Nessun Contatto,,,Nessuna,21,0,21,15.26,3,3,1,1,0,2,2,2,0,1,1,0,8508.89,6,1.334,1.011,-0.3233,False,18,0,0,1,1004.78,monte_carlo_run_351_seed_393.log
352,8,-1,-1,1,1,1,394,3101,0.358,8.73,True,Incontro Flotta Deep-Space,164.32,5.34,Cauta,15,0,79,16.17,7,5,2,1,1,5,5,5,0,5,4,1,8538.85,18,1.483,1.476,-0.0068,False,72,0,9,16,1000.12,monte_carlo_run_352_seed_394.log
353,8,-1,-1,1,1,1,395,3101,0.393,9.4,True,Incontro Flotta Deep-Space,0.02,1.83,Diffidente,3,0,44,14.86,5,5,3,3,0,2,0,0,0,0,0,0,8500.0,16,1.491,1.491,0.0,False,38,0,4,6,1002.38,monte_carlo_run_353_seed_395.log
354,8,-1,-1,1,1,1,396,3101,0.515,7.98,True,Incontro Flotta Deep-Space,216.01,9.12,Leale alla Madrepatria,29,0,72,11.87,8,6,2,2,0,6,1,1,0,1,1,0,8503.69,20,1.003,0.1,-0.9025,False,64,0,7,20,1001.1,monte_carlo_run_354_seed_396.log
355,8,-1,-1,1,1,1,397,3101,0.468,11.08,False,Solitudine / Nessun Contatto,,,Nessuna,174,1,174,12.16,16,12,3,2,1,12,4,4,0,1,1,0,8509.76,35,1.316,0.896,-0.4206,False,153,0,13,22,1000.02,monte_carlo_run_355_seed_397.log
356,8,-1,-1,1,1,1,398,3101,0.6,13.58,True,Contatto Planetario / Biofirme,492.14,15.66,Cauta,109,0,203,24.99,15,12,3,3,0,12,10,10,0,6,5,1,8541.19,28,1.538,1.556,0.0183,True,187,0,11,19,1000.58,monte_carlo_run_356_seed_398.log
357,8,-1,-1,1,1,1,399,3101,0.301,7.24,True,Incontro Flotta Deep-Space,919.86,18.11,Diffidente,141,0,154,21.41,13,8,3,2,1,9,1,1,0,1,1,0,8504.86,34,1.387,0.299,-1.0873,False,140,0,15,24,1001.4,monte_carlo_run_357_seed_399.log
358,8,-1,-1,1,1,1,400,3101,0.463,6.58,True,Incontro Flotta Deep-Space,275.41,11.97,Leale alla Madrepatria,20,0,80,14.61,6,4,2,2,0,4,2,2,0,1,1,0,8505.74,16,1.6,1.141,-0.459,False,74,0,1,3,1000.97,monte_carlo_run_358_seed_400.log
359,8,-1,-1,1,1,1,401,3101,0.301,6.45,True,Incontro Flotta Deep-Space,218.73,8.84,Diffidente,17,0,62,17.4,8,8,2,1,1,6,4,4,0,2,2,0,8509.26,15,1.6,1.297,-0.3027,False,53,0,2,6,1001.95,monte_carlo_run_359_seed_401.log
360,8,-1,-1,1,1,1,402,3101,0.291,3.71,False,Solitudine / Nessun Contatto,,,Nessuna,5,0,5,0.0,2,2,2,2,0,0,0,0,0,0,0,0,8500.0,5,1.038,1.038,0.0,False,2,0,1,1,159.6,monte_carlo_run_360_seed_402.log
361,8,-1,-1,1,1,1,403,3101,0.596,14.59,True,Incontro Flotta Deep-Space,336.01,14.31,Predatoria,84,1,260,23.06,21,13,2,1,1,17,10,10,0,6,6,0,8544.82,37,1.31,1.35,0.0402,True,233,0,11,31,1000.09,monte_carlo_run_361_seed_403.log
362,8,-1,-1,1,1,1,404,3101,0.528,10.7,True,Incontro Flotta Deep-Space,214.79,5.5,Biosfera Primitiva,18,0,80,15.62,10,8,1,1,0,9,9,9,0,7,7,0,8549.81,18,1.157,1.496,0.3386,True,68,0,12,23,1001.49,monte_carlo_run_362_seed_404.log
363,8,-1,-1,1,1,1,405,3101,0.578,8.79,True,Contatto Planetario / Biofirme,614.89,16.54,Ostile,70,0,104,19.13,8,6,3,2,0,4,3,3,0,2,2,0,8516.02,9,1.329,0.88,-0.449,False,94,0,1,5,1001.53,monte_carlo_run_363_seed_405.log
364,8,-1,-1,1,1,1,406,3101,0.272,4.23,False,Solitudine / Nessun Contatto,,,Nessuna,6,0,6,6.53,2,2,1,1,0,1,1,1,0,0,0,0,8500.73,3,1.105,0.893,-0.2118,False,4,0,0,0,475.02,monte_carlo_run_364_seed_406.log
365,8,-1,-1,1,1,1,407,3101,0.502,8.79,True,Contatto Planetario / Biofirme,560.98,13.97,Predatoria,29,0,60,26.73,7,5,4,1,3,3,3,3,0,2,2,0,8517.66,8,1.407,1.208,-0.199,False,52,0,1,2,1000.3,monte_carlo_run_365_seed_407.log
366,8,-1,-1,1,1,1,408,3101,0.551,9.59,True,Contatto Planetario / Biofirme,635.26,13.97,Collaborativa,138,0,208,19.73,21,16,5,3,2,16,1,1,0,1,1,0,8504.55,40,1.339,0.108,-1.2308,False,185,0,14,29,1000.24,monte_carlo_run_366_seed_408.log
367,8,-1,-1,1,1,1,409,3101,0.338,5.97,True,Incontro Flotta Deep-Space,305.31,7.67,Cauta,42,0,96,15.77,10,8,3,3,0,7,2,2,0,2,2,0,8511.99,25,1.073,0.771,-0.302,False,84,0,8,22,1000.25,monte_carlo_run_367_seed_409.log
368,8,-1,-1,1,1,1,410,3101,0.465,8.12,False,Solitudine / Nessun Contatto,,,Nessuna,70,0,70,18.61,6,5,1,1,0,5,5,5,0,2,2,0,8520.72,10,1.461,1.21,-0.2513,False,63,0,0,2,1002.04,monte_carlo_run_368_seed_410.log
369,8,-1,-1,1,1,1,411,3101,0.336,8.29,False,Solitudine / Nessun Contatto,,,Nessuna,74,0,74,20.2,5,5,1,0,1,4,4,4,0,4,3,1,8522.43,9,0.98,1.208,0.2286,True,67,0,6,10,1003.35,monte_carlo_run_369_seed_411.log
370,8,-1,-1,1,1,1,412,3101,0.501,7.81,True,Incontro Flotta Deep-Space,519.02,0.0,Leale alla Madrepatria,106,0,188,29.62,13,11,4,3,1,9,1,1,0,1,1,0,8508.78,31,1.454,0.1,-1.3535,False,171,0,6,13,1000.14,monte_carlo_run_370_seed_412.log
371,8,-1,-1,1,1,1,413,3101,0.216,3.13,False,Solitudine / Nessun Contatto,,,Nessuna,19,0,19,3.99,2,2,2,2,0,0,0,0,0,0,0,0,8500.0,7,1.269,1.269,0.0,False,14,0,1,1,899.71,monte_carlo_run_371_seed_413.log
372,8,-1,-1,1,1,1,414,3101,0.222,5.31,True,Incontro Flotta Deep-Space,840.22,7.71,Biosfera Primitiva,24,0,37,13.25,4,4,1,1,0,3,3,3,0,1,1,0,8510.5,8,1.105,0.892,-0.2129,False,33,0,0,1,1006.31,monte_carlo_run_372_seed_414.log
373,8,-1,-1,1,1,1,415,3101,0.586,11.58,True,Incontro Flotta Deep-Space,31.93,11.03,Diffidente,8,0,95,20.75,7,5,2,1,0,4,3,3,0,3,3,0,8526.2,15,1.341,1.216,-0.1249,False,86,0,2,8,1001.12,monte_carlo_run_373_seed_415.log
374,8,-1,-1,1,1,1,416,3101,0.348,7.02,True,Incontro Flotta Deep-Space,640.99,0.0,Biosfera Primitiva,51,0,82,14.21,9,7,1,0,1,8,8,8,0,6,5,1,8544.71,17,0.923,1.554,0.6311,True,73,0,13,19,1000.19,monte_carlo_run_374_seed_416.log
375,8,-1,-1,1,1,1,417,3101,0.377,4.72,False,Solitudine / Nessun Contatto,,,Nessuna,42,0,42,21.64,3,3,1,1,0,2,2,2,0,1,1,0,8510.37,6,1.572,1.141,-0.4312,False,35,0,0,1,1002.81,monte_carlo_run_375_seed_417.log
376,8,-1,-1,1,1,1,418,3101,0.316,5.95,False,Solitudine / Nessun Contatto,,,Nessuna,121,0,121,18.71,10,7,2,2,0,8,7,7,0,2,2,0,8514.47,14,1.207,1.209,0.0021,True,110,0,1,5,1000.02,monte_carlo_run_376_seed_418.log
377,8,-1,-1,1,1,1,419,3101,0.443,9.25,True,Incontro Flotta Deep-Space,244.58,4.55,Biosfera Primitiva,14,0,52,11.95,6,5,1,1,0,5,5,5,0,2,2,0,8513.79,9,1.6,1.364,-0.2364,False,46,0,1,3,1000.49,monte_carlo_run_377_seed_419.log
378,8,-1,-1,1,1,1,420,3101,0.327,5.62,True,Incontro Flotta Deep-Space,522.75,16.86,Biosfera Primitiva,34,0,80,20.55,11,11,1,1,0,10,10,10,0,8,6,2,8550.6,24,1.002,1.582,0.5807,True,67,0,23,31,1000.86,monte_carlo_run_378_seed_420.log
379,8,-1,-1,1,1,1,421,3101,0.484,9.04,True,Contatto Planetario / Biofirme,427.03,14.92,Diffidente,52,0,146,20.67,15,13,2,2,0,13,13,13,0,9,7,2,8559.61,24,1.196,1.6,0.4041,True,130,0,16,23,1001.17,monte_carlo_run_379_seed_421.log
380,8,-1,-1,1,1,1,422,3101,0.521,11.09,True,Incontro Flotta Deep-Space,463.46,8.45,Diffidente,53,0,136,24.79,13,11,2,2,0,11,6,6,0,3,1,2,8519.22,20,1.08,1.117,0.0373,True,118,0,4,8,1000.02,monte_carlo_run_380_seed_422.log
381,8,-1,-1,1,1,1,423,3101,0.366,9.02,True,Incontro Flotta Deep-Space,571.15,7.56,Collaborativa,78,0,132,17.79,9,7,2,1,1,7,0,0,0,0,0,0,8500.0,25,1.594,1.594,0.0,False,121,0,10,18,1000.96,monte_carlo_run_381_seed_423.log
382,8,-1,-1,1,1,1,424,3101,0.551,12.72,True,Incontro Flotta Deep-Space,115.99,10.97,Diffidente,18,0,180,26.35,20,18,3,1,1,17,17,17,0,9,9,0,8562.55,33,1.6,1.421,-0.1794,False,159,0,12,25,1000.29,monte_carlo_run_382_seed_424.log
383,8,-1,-1,1,1,1,425,3101,0.384,7.98,True,Incontro Flotta Deep-Space,225.68,6.11,Ostile,23,0,76,10.25,5,5,2,1,1,3,0,0,0,0,0,0,8500.0,17,1.592,1.592,0.0,False,70,0,0,7,1000.07,monte_carlo_run_383_seed_425.log
384,8,-1,-1,1,1,1,426,3101,0.437,10.71,True,Contatto Planetario / Biofirme,5.47,2.39,Cauta,2,0,71,11.54,7,5,2,2,0,4,4,4,0,2,2,0,8515.9,9,1.6,1.303,-0.2966,False,64,0,1,3,1000.49,monte_carlo_run_384_seed_426.log
385,8,-1,-1,1,1,1,427,3101,0.423,5.86,True,Incontro Flotta Deep-Space,105.03,0.0,Cauta,17,0,180,24.88,22,16,5,2,3,17,12,12,0,6,6,0,8538.52,37,1.243,1.269,0.0259,True,156,0,14,24,1000.17,monte_carlo_run_385_seed_427.log
386,8,-1,-1,1,1,1,428,3101,0.31,6.86,False,Solitudine / Nessun Contatto,,,Nessuna,154,0,154,17.93,14,9,2,2,0,11,4,4,0,3,3,0,8516.88,25,1.481,1.283,-0.198,False,138,0,5,10,1002.57,monte_carlo_run_386_seed_428.log
387,8,-1,-1,1,1,1,429,3101,0.287,3.78,False,Solitudine / Nessun Contatto,,,Nessuna,7,0,7,7.09,2,2,1,1,0,1,1,1,0,1,1,0,8504.77,3,1.079,1.16,0.0811,True,3,0,0,1,469.25,monte_carlo_run_387_seed_429.log
388,8,-1,-1,1,1,1,430,3101,0.539,13.28,True,Incontro Flotta Deep-Space,0.02,8.21,Cauta,3,0,166,14.09,11,10,3,3,0,8,3,3,0,2,2,0,8513.34,27,1.551,1.358,-0.1931,False,154,0,5,13,1000.98,monte_carlo_run_388_seed_430.log
389,8,-1,-1,1,1,1,431,3101,0.507,7.1,True,Contatto Planetario / Biofirme,91.9,9.26,Diffidente,7,0,108,19.35,13,7,2,1,1,10,10,10,0,6,6,0,8559.03,15,1.224,1.329,0.1054,True,91,0,8,13,1002.97,monte_carlo_run_389_seed_431.log
390,8,-1,-1,1,1,1,432,3101,0.334,5.8,False,Solitudine / Nessun Contatto,,,Nessuna,40,0,40,26.29,3,2,1,1,0,2,2,2,0,1,1,0,8505.71,5,1.287,0.905,-0.382,False,36,0,0,1,1000.71,monte_carlo_run_390_seed_432.log
391,8,-1,-1,1,1,1,433,3101,0.471,6.43,True,Incontro Flotta Deep-Space,365.25,0.0,Diffidente,35,0,131,26.23,14,10,2,1,0,11,8,8,0,5,5,0,8535.67,28,1.124,1.496,0.3716,True,116,0,13,30,1002.89,monte_carlo_run_391_seed_433.log
392,8,-1,-1,1,1,1,434,3101,0.553,8.17,False,Solitudine / Nessun Contatto,,,Nessuna,107,0,107,21.87,10,7,1,1,0,9,9,9,0,5,5,0,8549.85,14,1.393,1.397,0.0034,True,97,0,4,9,1000.11,monte_carlo_run_392_seed_434.log
393,8,-1,-1,1,1,1,435,3101,0.246,5.0,False,Solitudine / Nessun Contatto,,,Nessuna,40,0,40,19.12,4,3,1,1,0,3,3,3,0,2,2,0,8509.89,7,1.145,1.386,0.2412,True,36,0,1,3,1000.31,monte_carlo_run_393_seed_435.log
394,8,-1,-1,1,1,1,436,3101,0.418,5.66,True,Incontro Flotta Deep-Space,187.18,6.97,Collaborativa,30,0,145,14.15,19,19,4,3,1,15,5,5,0,2,2,0,8518.9,30,1.221,0.97,-0.2512,False,124,0,5,13,1000.13,monte_carlo_run_394_seed_436.log
395,8,-1,-1,1,1,1,437,3101,0.387,8.28,False,Solitudine / Nessun Contatto,,,Nessuna,46,0,46,16.76,3,3,1,1,0,2,2,2,0,1,1,0,8506.08,4,1.258,0.804,-0.4541,False,43,0,0,1,1000.11,monte_carlo_run_395_seed_437.log
396,8,-1,-1,1,1,1,438,3101,0.415,7.62,False,Solitudine / Nessun Contatto,,,Nessuna,80,0,80,17.18,5,4,1,1,0,4,4,4,0,3,3,0,8517.01,8,1.249,1.213,-0.0363,False,74,0,2,5,1000.33,monte_carlo_run_396_seed_438.log
397,8,-1,-1,1,1,1,439,3101,0.549,7.58,True,Contatto Planetario / Biofirme,113.17,15.05,Collaborativa,15,0,132,21.77,13,13,5,2,3,8,5,5,0,2,2,0,8510.94,19,1.438,1.276,-0.1622,False,118,0,2,7,1000.33,monte_carlo_run_397_seed_439.log
398,8,-1,-1,1,1,1,440,3101,0.341,7.16,False,Solitudine / Nessun Contatto,,,Nessuna,49,0,49,16.51,3,3,1,1,0,2,2,2,0,1,1,0,8518.3,5,1.277,0.896,-0.3808,False,45,0,0,1,1001.61,monte_carlo_run_398_seed_440.log
399,8,-1,-1,1,1,1,441,3101,0.561,10.0,True,Contatto Planetario / Biofirme,26.71,9.58,Predatoria,10,0,192,22.07,14,13,5,1,4,9,2,2,0,0,0,0,8502.96,24,1.6,1.024,-0.5759,False,171,0,4,12,1000.15,monte_carlo_run_399_seed_441.log
400,8,-1,-1,1,1,1,442,3101,0.398,5.33,False,Solitudine / Nessun Contatto,,,Nessuna,61,0,61,21.75,6,4,2,1,1,4,4,4,0,3,3,0,8519.05,10,1.47,1.411,-0.0593,False,54,0,2,5,1000.66,monte_carlo_run_400_seed_442.log
401,9,-1,1,-1,-1,-1,443,3101,0.063,0.85,False,Solitudine / Nessun Contatto,,,Nessuna,2,0,2,0.83,3,2,2,0,2,0,0,0,0,0,0,0,8500.0,1,0.898,0.898,0.0,False,0,0,1,3,52.97,monte_carlo_run_401_seed_443.log
402,9,-1,1,-1,-1,-1,444,3101,0.058,1.36,False,Solitudine / Nessun Contatto,,,Nessuna,1,0,1,0.0,1,1,1,1,0,0,0,0,0,0,0,0,8500.0,2,1.0,1.0,0.0,False,0,0,0,0,0.02,monte_carlo_run_402_seed_444.log
403,9,-1,1,-1,-1,-1,445,3101,0.094,2.03,False,Solitudine / Nessun Contatto,,,Nessuna,1,0,1,0.0,3,3,3,1,2,0,0,0,0,0,0,0,8500.0,2,1.0,1.0,0.0,False,0,0,0,3,0.02,monte_carlo_run_403_seed_445.log
404,9,-1,1,-1,-1,-1,446,3101,0.108,1.87,False,Solitudine / Nessun Contatto,,,Nessuna,2,0,2,1.15,2,2,2,0,2,0,0,0,0,0,0,0,8500.0,1,0.877,0.877,0.0,False,0,0,0,1,42.46,monte_carlo_run_404_seed_446.log
405,9,-1,1,-1,-1,-1,447,3101,0.114,2.39,False,Solitudine / Nessun Contatto,,,Nessuna,1,0,1,0.0,2,2,2,1,1,0,0,0,0,0,0,0,8500.0,2,1.0,1.0,0.0,False,0,0,0,1,0.02,monte_carlo_run_405_seed_447.log
406,9,-1,1,-1,-1,-1,448,3101,0.076,1.26,False,Solitudine / Nessun Contatto,,,Nessuna,1,0,1,0.0,3,3,3,1,2,0,0,0,0,0,0,0,8500.0,2,1.0,1.0,0.0,False,0,0,1,3,0.02,monte_carlo_run_406_seed_448.log
407,9,-1,1,-1,-1,-1,449,3101,0.105,1.53,False,Solitudine / Nessun Contatto,,,Nessuna,1,0,1,0.0,2,2,2,0,2,0,0,0,0,0,0,0,8500.0,1,0.985,0.985,0.0,False,0,0,0,1,0.02,monte_carlo_run_407_seed_449.log
408,9,-1,1,-1,-1,-1,450,3101,0.147,3.01,False,Solitudine / Nessun Contatto,,,Nessuna,6,0,6,7.28,2,1,1,1,0,0,0,0,0,0,0,0,8500.0,2,1.116,1.116,0.0,False,3,0,1,1,307.39,monte_carlo_run_408_seed_450.log
409,9,-1,1,-1,-1,-1,451,3101,0.116,2.64,False,Solitudine / Nessun Contatto,,,Nessuna,2,0,2,2.56,1,1,1,1,0,0,0,0,0,0,0,0,8500.0,2,1.002,1.002,0.0,False,0,0,0,0,90.35,monte_carlo_run_409_seed_451.log
410,9,-1,1,-1,-1,-1,452,3101,0.09,1.56,False,Solitudine / Nessun Contatto,,,Nessuna,1,0,1,0.0,2,2,2,1,1,0,0,0,0,0,0,0,8500.0,2,1.0,1.0,0.0,False,0,0,1,1,0.02,monte_carlo_run_410_seed_452.log
411,9,-1,1,-1,-1,-1,453,3101,0.064,1.35,False,Solitudine / Nessun Contatto,,,Nessuna,1,0,1,0.0,1,1,1,1,0,0,0,0,0,0,0,0,8500.0,2,1.0,1.0,0.0,False,0,0,0,0,0.02,monte_carlo_run_411_seed_453.log
412,9,-1,1,-1,-1,-1,454,3101,0.098,1.23,False,Solitudine / Nessun Contatto,,,Nessuna,1,0,1,0.0,1,1,1,1,0,0,0,0,0,0,0,0,8500.0,2,1.0,1.0,0.0,False,0,0,0,0,0.02,monte_carlo_run_412_seed_454.log
413,9,-1,1,-1,-1,-1,455,3101,0.102,2.02,False,Solitudine / Nessun Contatto,,,Nessuna,2,0,2,0.97,2,2,2,1,1,0,0,0,0,0,0,0,8500.0,2,1.012,1.012,0.0,False,0,0,1,1,37.87,monte_carlo_run_413_seed_455.log
414,9,-1,1,-1,-1,-1,456,3101,0.089,1.76,False,Solitudine / Nessun Contatto,,,Nessuna,2,0,2,1.29,1,1,1,1,0,0,0,0,0,0,0,0,8500.0,2,1.001,1.001,0.0,False,0,0,0,0,57.9,monte_carlo_run_414_seed_456.log
415,9,-1,1,-1,-1,-1,457,3101,0.074,1.68,False,Solitudine / Nessun Contatto,,,Nessuna,1,0,1,0.0,1,1,1,1,0,0,0,0,0,0,0,0,8500.0,2,1.0,1.0,0.0,False,0,0,0,0,0.02,monte_carlo_run_415_seed_457.log
416,9,-1,1,-1,-1,-1,458,3101,0.097,1.32,False,Solitudine / Nessun Contatto,,,Nessuna,1,0,1,0.0,1,1,1,1,0,0,0,0,0,0,0,0,8500.0,2,1.0,1.0,0.0,False,0,0,0,0,0.02,monte_carlo_run_416_seed_458.log
417,9,-1,1,-1,-1,-1,459,3101,0.147,2.66,False,Solitudine / Nessun Contatto,,,Nessuna,6,0,6,4.31,1,1,1,1,0,0,0,0,0,0,0,0,8500.0,2,1.057,1.057,0.0,False,3,0,0,0,326.19,monte_carlo_run_417_seed_459.log
418,9,-1,1,-1,-1,-1,460,3101,0.108,2.51,False,Solitudine / Nessun Contatto,,,Nessuna,1,0,1,0.0,2,2,2,1,1,0,0,0,0,0,0,0,8500.0,2,1.0,1.0,0.0,False,0,0,1,1,0.02,monte_carlo_run_418_seed_460.log
419,9,-1,1,-1,-1,-1,461,3101,0.054,1.03,False,Solitudine / Nessun Contatto,,,Nessuna,1,0,1,0.0,1,1,1,1,0,0,0,0,0,0,0,0,8500.0,2,1.0,1.0,0.0,False,0,0,0,0,0.02,monte_carlo_run_419_seed_461.log
420,9,-1,1,-1,-1,-1,462,3101,0.094,1.84,False,Solitudine / Nessun Contatto,,,Nessuna,1,0,1,0.0,2,2,2,0,2,0,0,0,0,0,0,0,8500.0,1,0.985,0.985,0.0,False,0,0,0,1,0.02,monte_carlo_run_420_seed_462.log
421,9,-1,1,-1,-1,-1,463,3101,0.101,1.24,False,Solitudine / Nessun Contatto,,,Nessuna,1,0,1,0.0,3,3,3,0,3,0,0,0,0,0,0,0,8500.0,1,0.985,0.985,0.0,False,0,0,1,2,0.02,monte_carlo_run_421_seed_463.log
422,9,-1,1,-1,-1,-1,464,3101,0.122,1.95,False,Solitudine / Nessun Contatto,,,Nessuna,2,0,2,1.94,2,2,1,1,0,1,1,1,0,0,0,0,8500.4,2,1.002,0.746,-0.2556,False,0,0,0,0,67.64,monte_carlo_run_422_seed_464.log
423,9,-1,1,-1,-1,-1,465,3101,0.116,2.75,False,Solitudine / Nessun Contatto,,,Nessuna,2,0,2,2.62,1,1,1,1,0,0,0,0,0,0,0,0,8500.0,2,1.002,1.002,0.0,False,0,0,0,0,92.6,monte_carlo_run_423_seed_465.log
424,9,-1,1,-1,-1,-1,466,3101,0.063,1.31,False,Solitudine / Nessun Contatto,,,Nessuna,1,0,1,0.0,2,2,2,1,1,0,0,0,0,0,0,0,8500.0,2,1.0,1.0,0.0,False,0,0,1,1,0.02,monte_carlo_run_424_seed_466.log
425,9,-1,1,-1,-1,-1,467,3101,0.067,0.87,False,Solitudine / Nessun Contatto,,,Nessuna,1,0,1,0.0,1,1,1,1,0,0,0,0,0,0,0,0,8500.0,2,1.0,1.0,0.0,False,0,0,0,0,0.02,monte_carlo_run_425_seed_467.log
426,9,-1,1,-1,-1,-1,468,3101,0.113,2.04,False,Solitudine / Nessun Contatto,,,Nessuna,1,0,1,0.0,2,2,2,1,1,0,0,0,0,0,0,0,8500.0,2,1.0,1.0,0.0,False,0,0,1,1,0.02,monte_carlo_run_426_seed_468.log
427,9,-1,1,-1,-1,-1,469,3101,0.134,2.16,False,Solitudine / Nessun Contatto,,,Nessuna,1,0,1,0.0,1,1,1,1,0,0,0,0,0,0,0,0,8500.0,2,1.0,1.0,0.0,False,0,0,0,0,0.02,monte_carlo_run_427_seed_469.log
428,9,-1,1,-1,-1,-1,470,3101,0.072,1.48,False,Solitudine / Nessun Contatto,,,Nessuna,1,0,1,0.0,1,1,1,1,0,0,0,0,0,0,0,0,8500.0,2,1.0,1.0,0.0,False,0,0,0,0,0.02,monte_carlo_run_428_seed_470.log
429,9,-1,1,-1,-1,-1,471,3101,0.145,1.87,False,Solitudine / Nessun Contatto,,,Nessuna,1,0,1,0.0,3,3,3,1,2,0,0,0,0,0,0,0,8500.0,2,1.0,1.0,0.0,False,0,0,1,3,0.02,monte_carlo_run_429_seed_471.log
430,9,-1,1,-1,-1,-1,472,3101,0.129,2.1,False,Solitudine / Nessun Contatto,,,Nessuna,2,0,2,0.8,1,1,1,1,0,0,0,0,0,0,0,0,8500.0,2,1.0,1.0,0.0,False,0,0,0,0,27.59,monte_carlo_run_430_seed_472.log
431,9,-1,1,-1,-1,-1,473,3101,0.065,1.49,False,Solitudine / Nessun Contatto,,,Nessuna,1,0,1,0.0,1,1,1,1,0,0,0,0,0,0,0,0,8500.0,2,1.0,1.0,0.0,False,0,0,0,0,0.02,monte_carlo_run_431_seed_473.log
432,9,-1,1,-1,-1,-1,474,3101,0.081,1.01,False,Solitudine / Nessun Contatto,,,Nessuna,1,0,1,0.0,1,1,1,1,0,0,0,0,0,0,0,0,8500.0,2,1.0,1.0,0.0,False,0,0,0,0,0.02,monte_carlo_run_432_seed_474.log
433,9,-1,1,-1,-1,-1,475,3101,0.059,1.47,False,Solitudine / Nessun Contatto,,,Nessuna,1,0,1,0.0,3,3,3,0,3,0,0,0,0,0,0,0,8500.0,1,0.985,0.985,0.0,False,0,0,1,3,0.02,monte_carlo_run_433_seed_475.log
434,9,-1,1,-1,-1,-1,476,3101,0.132,1.58,False,Solitudine / Nessun Contatto,,,Nessuna,1,0,1,0.0,2,2,2,0,2,0,0,0,0,0,0,0,8500.0,1,0.985,0.985,0.0,False,0,0,0,1,0.02,monte_carlo_run_434_seed_476.log
435,9,-1,1,-1,-1,-1,477,3101,0.142,3.37,False,Solitudine / Nessun Contatto,,,Nessuna,4,0,4,7.1,1,1,1,1,0,0,0,0,0,0,0,0,8500.0,2,1.03,1.03,0.0,False,2,0,0,0,240.26,monte_carlo_run_435_seed_477.log
436,9,-1,1,-1,-1,-1,478,3101,0.114,1.71,False,Solitudine / Nessun Contatto,,,Nessuna,1,0,1,0.0,1,1,1,1,0,0,0,0,0,0,0,0,8500.0,2,1.0,1.0,0.0,False,0,0,0,0,0.02,monte_carlo_run_436_seed_478.log
437,9,-1,1,-1,-1,-1,479,3101,0.1,2.03,False,Solitudine / Nessun Contatto,,,Nessuna,1,0,1,0.0,1,1,1,1,0,0,0,0,0,0,0,0,8500.0,2,1.0,1.0,0.0,False,0,0,0,0,0.02,monte_carlo_run_437_seed_479.log
438,9,-1,1,-1,-1,-1,480,3101,0.086,1.95,False,Solitudine / Nessun Contatto,,,Nessuna,1,0,1,0.0,2,2,2,1,1,0,0,0,0,0,0,0,8500.0,2,1.0,1.0,0.0,False,0,0,1,1,0.02,monte_carlo_run_438_seed_480.log
439,9,-1,1,-1,-1,-1,481,3101,0.142,3.03,True,Incontro Flotta Deep-Space,555.05,2.9,Biosfera Primitiva,8,0,8,5.45,3,3,1,1,0,2,2,2,0,2,1,1,8516.17,5,1.182,1.267,0.0851,True,5,0,1,3,789.77,monte_carlo_run_439_seed_481.log
440,9,-1,1,-1,-1,-1,482,3101,0.058,1.0,False,Solitudine / Nessun Contatto,,,Nessuna,1,0,1,0.0,2,2,2,1,1,0,0,0,0,0,0,0,8500.0,2,1.0,1.0,0.0,False,0,0,1,1,0.02,monte_carlo_run_440_seed_482.log
441,9,-1,1,-1,-1,-1,483,3101,0.053,0.68,False,Solitudine / Nessun Contatto,,,Nessuna,1,0,1,0.0,2,2,2,1,1,0,0,0,0,0,0,0,8500.0,2,1.0,1.0,0.0,False,0,0,0,1,0.02,monte_carlo_run_441_seed_483.log
442,9,-1,1,-1,-1,-1,484,3101,0.108,2.63,False,Solitudine / Nessun Contatto,,,Nessuna,1,0,1,0.0,2,2,2,0,2,0,0,0,0,0,0,0,8500.0,1,0.985,0.985,0.0,False,0,0,0,1,0.02,monte_carlo_run_442_seed_484.log
443,9,-1,1,-1,-1,-1,485,3101,0.063,1.21,False,Solitudine / Nessun Contatto,,,Nessuna,2,0,2,0.46,1,1,1,1,0,0,0,0,0,0,0,0,8500.0,2,1.001,1.001,0.0,False,0,0,0,0,29.26,monte_carlo_run_443_seed_485.log
444,9,-1,1,-1,-1,-1,486,3101,0.069,1.27,False,Solitudine / Nessun Contatto,,,Nessuna,1,0,1,0.0,2,2,2,1,1,0,0,0,0,0,0,0,8500.0,2,1.0,1.0,0.0,False,0,0,0,1,0.02,monte_carlo_run_444_seed_486.log
445,9,-1,1,-1,-1,-1,487,3101,0.091,1.65,False,Solitudine / Nessun Contatto,,,Nessuna,1,0,1,0.0,2,2,2,1,1,0,0,0,0,0,0,0,8500.0,2,1.0,1.0,0.0,False,0,0,1,1,0.02,monte_carlo_run_445_seed_487.log
446,9,-1,1,-1,-1,-1,488,3101,0.098,2.12,False,Solitudine / Nessun Contatto,,,Nessuna,1,0,1,0.0,1,1,1,1,0,0,0,0,0,0,0,0,8500.0,2,1.0,1.0,0.0,False,0,0,0,0,0.02,monte_carlo_run_446_seed_488.log
447,9,-1,1,-1,-1,-1,489,3101,0.148,3.32,False,Solitudine / Nessun Contatto,,,Nessuna,8,0,8,5.18,2,1,1,1,0,0,0,0,0,0,0,0,8500.0,4,1.247,1.247,0.0,False,5,0,1,1,560.4,monte_carlo_run_447_seed_489.log
448,9,-1,1,-1,-1,-1,490,3101,0.075,1.27,False,Solitudine / Nessun Contatto,,,Nessuna,1,0,1,0.0,3,3,3,1,2,0,0,0,0,0,0,0,8500.0,2,1.0,1.0,0.0,False,0,0,1,3,0.02,monte_carlo_run_448_seed_490.log
449,9,-1,1,-1,-1,-1,491,3101,0.141,3.33,False,Solitudine / Nessun Contatto,,,Nessuna,2,0,2,3.05,1,1,1,1,0,0,0,0,0,0,0,0,8500.0,2,1.002,1.002,0.0,False,0,0,0,0,102.99,monte_carlo_run_449_seed_491.log
450,9,-1,1,-1,-1,-1,492,3101,0.104,1.35,False,Solitudine / Nessun Contatto,,,Nessuna,1,0,1,0.0,1,1,1,1,0,0,0,0,0,0,0,0,8500.0,2,1.0,1.0,0.0,False,0,0,0,0,0.02,monte_carlo_run_450_seed_492.log
451,10,-1,1,-1,-1,1,493,3101,0.084,1.39,False,Solitudine / Nessun Contatto,,,Nessuna,1,0,1,0.0,1,1,1,1,0,0,0,0,0,0,0,0,8500.0,2,1.0,1.0,0.0,False,0,0,0,0,0.02,monte_carlo_run_451_seed_493.log
452,10,-1,1,-1,-1,1,494,3101,0.089,1.32,False,Solitudine / Nessun Contatto,,,Nessuna,2,0,2,0.0,2,2,2,2,0,0,0,0,0,0,0,0,8500.0,5,1.0,1.0,0.0,False,0,0,1,1,0.04,monte_carlo_run_452_seed_494.log
453,10,-1,1,-1,-1,1,495,3101,0.103,2.14,False,Solitudine / Nessun Contatto,,,Nessuna,3,0,3,1.25,2,2,2,2,0,0,0,0,0,0,0,0,8500.0,6,1.015,1.015,0.0,False,0,0,1,1,48.45,monte_carlo_run_453_seed_495.log
454,10,-1,1,-1,-1,1,496,3101,0.084,1.99,False,Solitudine / Nessun Contatto,,,Nessuna,4,0,4,0.0,3,3,3,3,0,0,0,0,0,0,0,0,8500.0,9,1.035,1.035,0.0,False,0,0,2,3,59.41,monte_carlo_run_454_seed_496.log
455,10,-1,1,-1,-1,1,497,3101,0.131,2.0,False,Solitudine / Nessun Contatto,,,Nessuna,1,0,1,0.0,1,1,1,1,0,0,0,0,0,0,0,0,8500.0,2,1.0,1.0,0.0,False,0,0,0,0,0.02,monte_carlo_run_455_seed_497.log
456,10,-1,1,-1,-1,1,498,3101,0.066,1.55,False,Solitudine / Nessun Contatto,,,Nessuna,2,0,2,1.33,1,1,1,1,0,0,0,0,0,0,0,0,8500.0,2,1.002,1.002,0.0,False,0,0,0,0,80.54,monte_carlo_run_456_seed_498.log
457,10,-1,1,-1,-1,1,499,3101,0.139,1.95,False,Solitudine / Nessun Contatto,,,Nessuna,2,0,2,1.92,1,1,1,1,0,0,0,0,0,0,0,0,8500.0,2,1.002,1.002,0.0,False,0,0,0,0,65.08,monte_carlo_run_457_seed_499.log
458,10,-1,1,-1,-1,1,500,3101,0.075,1.72,False,Solitudine / Nessun Contatto,,,Nessuna,4,0,4,1.62,3,3,3,3,0,0,0,0,0,0,0,0,8500.0,9,1.044,1.044,0.0,False,0,0,2,2,86.16,monte_carlo_run_458_seed_500.log
459,10,-1,1,-1,-1,1,501,3101,0.096,1.19,False,Solitudine / Nessun Contatto,,,Nessuna,1,0,1,0.0,1,1,1,1,0,0,0,0,0,0,0,0,8500.0,2,1.0,1.0,0.0,False,0,0,0,0,0.02,monte_carlo_run_459_seed_501.log
460,10,-1,1,-1,-1,1,502,3101,0.077,1.64,False,Solitudine / Nessun Contatto,,,Nessuna,3,0,3,0.0,3,3,3,3,0,0,0,0,0,0,0,0,8500.0,10,1.0,1.0,0.0,False,0,0,1,2,0.06,monte_carlo_run_460_seed_502.log
461,10,-1,1,-1,-1,1,503,3101,0.133,1.78,False,Solitudine / Nessun Contatto,,,Nessuna,1,0,1,0.0,1,1,1,1,0,0,0,0,0,0,0,0,8500.0,2,1.0,1.0,0.0,False,0,0,0,0,0.02,monte_carlo_run_461_seed_503.log
462,10,-1,1,-1,-1,1,504,3101,0.077,1.41,False,Solitudine / Nessun Contatto,,,Nessuna,2,0,2,0.0,2,2,2,2,0,0,0,0,0,0,0,0,8500.0,6,1.0,1.0,0.0,False,0,0,1,1,0.04,monte_carlo_run_462_seed_504.log
463,10,-1,1,-1,-1,1,505,3101,0.115,2.13,False,Solitudine / Nessun Contatto,,,Nessuna,5,0,5,2.06,5,3,2,2,0,2,2,2,0,0,0,0,8502.16,11,1.006,0.896,-0.11,False,0,0,0,2,251.96,monte_carlo_run_463_seed_505.log
464,10,-1,1,-1,-1,1,506,3101,0.146,2.04,False,Solitudine / Nessun Contatto,,,Nessuna,1,0,1,0.0,1,1,1,1,0,0,0,0,0,0,0,0,8500.0,2,1.0,1.0,0.0,False,0,0,0,0,0.02,monte_carlo_run_464_seed_506.log
465,10,-1,1,-1,-1,1,507,3101,0.059,1.23,False,Solitudine / Nessun Contatto,,,Nessuna,1,0,1,0.0,1,1,1,1,0,0,0,0,0,0,0,0,8500.0,2,1.0,1.0,0.0,False,0,0,0,0,0.02,monte_carlo_run_465_seed_507.log
466,10,-1,1,-1,-1,1,508,3101,0.095,1.34,False,Solitudine / Nessun Contatto,,,Nessuna,1,0,1,0.0,1,1,1,1,0,0,0,0,0,0,0,0,8500.0,2,1.0,1.0,0.0,False,0,0,0,0,0.02,monte_carlo_run_466_seed_508.log
467,10,-1,1,-1,-1,1,509,3101,0.055,1.03,False,Solitudine / Nessun Contatto,,,Nessuna,1,0,1,0.0,1,1,1,1,0,0,0,0,0,0,0,0,8500.0,2,1.0,1.0,0.0,False,0,0,0,0,0.02,monte_carlo_run_467_seed_509.log
468,10,-1,1,-1,-1,1,510,3101,0.065,1.62,False,Solitudine / Nessun Contatto,,,Nessuna,3,0,3,0.0,3,3,3,3,0,0,0,0,0,0,0,0,8500.0,10,1.0,1.0,0.0,False,0,0,1,3,0.06,monte_carlo_run_468_seed_510.log
469,10,-1,1,-1,-1,1,511,3101,0.078,1.33,False,Solitudine / Nessun Contatto,,,Nessuna,2,0,2,0.0,2,2,2,2,0,0,0,0,0,0,0,0,8500.0,5,1.0,1.0,0.0,False,0,0,0,1,0.04,monte_carlo_run_469_seed_511.log
470,10,-1,1,-1,-1,1,512,3101,0.055,1.35,True,Contatto Planetario / Biofirme,10.23,0.56,Ostile,2,0,2,0.56,2,2,2,1,0,0,0,0,0,0,0,0,8500.0,2,1.001,1.001,0.0,False,0,0,0,0,40.92,monte_carlo_run_470_seed_512.log
471,10,-1,1,-1,-1,1,513,3101,0.068,1.5,False,Solitudine / Nessun Contatto,,,Nessuna,3,0,3,0.0,2,2,2,2,0,0,0,0,0,0,0,0,8500.0,6,1.007,1.007,0.0,False,0,0,1,1,45.97,monte_carlo_run_471_seed_513.log
472,10,-1,1,-1,-1,1,514,3101,0.141,2.58,False,Solitudine / Nessun Contatto,,,Nessuna,4,0,4,6.04,2,2,1,1,0,1,1,1,0,1,1,0,8504.12,3,1.016,1.133,0.1168,True,1,0,0,1,235.33,monte_carlo_run_472_seed_514.log
473,10,-1,1,-1,-1,1,515,3101,0.133,2.05,False,Solitudine / Nessun Contatto,,,Nessuna,1,0,1,0.0,1,1,1,1,0,0,0,0,0,0,0,0,8500.0,2,1.0,1.0,0.0,False,0,0,0,0,0.02,monte_carlo_run_473_seed_515.log
474,10,-1,1,-1,-1,1,516,3101,0.104,1.59,False,Solitudine / Nessun Contatto,,,Nessuna,1,0,1,0.0,1,1,1,1,0,0,0,0,0,0,0,0,8500.0,2,1.0,1.0,0.0,False,0,0,0,0,0.02,monte_carlo_run_474_seed_516.log
475,10,-1,1,-1,-1,1,517,3101,0.069,1.48,False,Solitudine / Nessun Contatto,,,Nessuna,1,0,1,0.0,1,1,1,1,0,0,0,0,0,0,0,0,8500.0,2,1.0,1.0,0.0,False,0,0,0,0,0.02,monte_carlo_run_475_seed_517.log
476,10,-1,1,-1,-1,1,518,3101,0.117,2.8,False,Solitudine / Nessun Contatto,,,Nessuna,5,0,5,5.12,3,3,2,2,0,1,1,1,0,0,0,0,8504.72,7,1.075,0.842,-0.2339,False,1,0,1,1,241.75,monte_carlo_run_476_seed_518.log
477,10,-1,1,-1,-1,1,519,3101,0.101,1.76,False,Solitudine / Nessun Contatto,,,Nessuna,1,0,1,0.0,1,1,1,1,0,0,0,0,0,0,0,0,8500.0,2,1.0,1.0,0.0,False,0,0,0,0,0.02,monte_carlo_run_477_seed_519.log
478,10,-1,1,-1,-1,1,520,3101,0.091,1.67,False,Solitudine / Nessun Contatto,,,Nessuna,2,0,2,0.0,2,2,2,2,0,0,0,0,0,0,0,0,8500.0,5,1.0,1.0,0.0,False,0,0,1,1,0.04,monte_carlo_run_478_seed_520.log
479,10,-1,1,-1,-1,1,521,3101,0.055,0.73,False,Solitudine / Nessun Contatto,,,Nessuna,1,0,1,0.0,1,1,1,1,0,0,0,0,0,0,0,0,8500.0,2,1.0,1.0,0.0,False,0,0,0,0,0.02,monte_carlo_run_479_seed_521.log
480,10,-1,1,-1,-1,1,522,3101,0.11,1.49,False,Solitudine / Nessun Contatto,,,Nessuna,4,0,4,0.0,3,2,2,2,0,0,0,0,0,0,0,0,8500.0,10,1.027,1.027,0.0,False,0,0,3,3,45.15,monte_carlo_run_480_seed_522.log
481,10,-1,1,-1,-1,1,523,3101,0.115,1.89,False,Solitudine / Nessun Contatto,,,Nessuna,2,0,2,0.0,2,2,2,2,0,0,0,0,0,0,0,0,8500.0,6,1.0,1.0,0.0,False,0,0,0,1,0.04,monte_carlo_run_481_seed_523.log
482,10,-1,1,-1,-1,1,524,3101,0.08,1.9,False,Solitudine / Nessun Contatto,,,Nessuna,3,0,3,3.42,1,1,1,1,0,0,0,0,0,0,0,0,8500.0,2,1.014,1.014,0.0,False,1,0,0,0,171.65,monte_carlo_run_482_seed_524.log
483,10,-1,1,-1,-1,1,525,3101,0.145,2.39,False,Solitudine / Nessun Contatto,,,Nessuna,4,0,4,3.13,1,1,1,1,0,0,0,0,0,0,0,0,8500.0,2,1.03,1.03,0.0,False,2,0,0,0,221.57,monte_carlo_run_483_seed_525.log
484,10,-1,1,-1,-1,1,526,3101,0.081,1.54,False,Solitudine / Nessun Contatto,,,Nessuna,1,0,1,0.0,1,1,1,1,0,0,0,0,0,0,0,0,8500.0,2,1.0,1.0,0.0,False,0,0,0,0,0.02,monte_carlo_run_484_seed_526.log
485,10,-1,1,-1,-1,1,527,3101,0.071,1.76,False,Solitudine / Nessun Contatto,,,Nessuna,3,0,3,0.0,2,2,2,2,0,0,0,0,0,0,0,0,8500.0,6,1.001,1.001,0.0,False,0,0,1,1,51.18,monte_carlo_run_485_seed_527.log
486,10,-1,1,-1,-1,1,528,3101,0.137,1.94,False,Solitudine / Nessun Contatto,,,Nessuna,1,0,1,0.0,1,1,1,1,0,0,0,0,0,0,0,0,8500.0,2,1.0,1.0,0.0,False,0,0,0,0,0.02,monte_carlo_run_486_seed_528.log
487,10,-1,1,-1,-1,1,529,3101,0.113,1.86,False,Solitudine / Nessun Contatto,,,Nessuna,1,0,1,0.0,1,1,1,1,0,0,0,0,0,0,0,0,8500.0,2,1.0,1.0,0.0,False,0,0,0,0,0.02,monte_carlo_run_487_seed_529.log
488,10,-1,1,-1,-1,1,530,3101,0.078,1.23,False,Solitudine / Nessun Contatto,,,Nessuna,4,0,4,1.7,2,2,1,1,0,1,1,1,0,0,0,0,8502.34,3,1.03,0.954,-0.076,False,2,0,0,0,209.35,monte_carlo_run_488_seed_530.log
489,10,-1,1,-1,-1,1,531,3101,0.092,1.95,False,Solitudine / Nessun Contatto,,,Nessuna,1,0,1,0.0,1,1,1,1,0,0,0,0,0,0,0,0,8500.0,2,1.0,1.0,0.0,False,0,0,0,0,0.02,monte_carlo_run_489_seed_531.log
490,10,-1,1,-1,-1,1,532,3101,0.081,1.42,False,Solitudine / Nessun Contatto,,,Nessuna,1,0,1,0.0,1,1,1,1,0,0,0,0,0,0,0,0,8500.0,2,1.0,1.0,0.0,False,0,0,0,0,0.02,monte_carlo_run_490_seed_532.log
491,10,-1,1,-1,-1,1,533,3101,0.104,1.86,False,Solitudine / Nessun Contatto,,,Nessuna,4,0,4,0.0,3,3,3,3,0,0,0,0,0,0,0,0,8500.0,9,1.004,1.004,0.0,False,0,0,1,3,42.06,monte_carlo_run_491_seed_533.log
492,10,-1,1,-1,-1,1,534,3101,0.057,1.3,False,Solitudine / Nessun Contatto,,,Nessuna,3,0,3,0.99,2,2,2,2,0,0,0,0,0,0,0,0,8500.0,5,1.021,1.021,0.0,False,0,0,1,1,69.22,monte_carlo_run_492_seed_534.log
493,10,-1,1,-1,-1,1,535,3101,0.069,0.89,False,Solitudine / Nessun Contatto,,,Nessuna,3,0,3,0.0,3,3,3,3,0,0,0,0,0,0,0,0,8500.0,9,1.0,1.0,0.0,False,0,0,0,3,0.06,monte_carlo_run_493_seed_535.log
494,10,-1,1,-1,-1,1,536,3101,0.139,2.01,False,Solitudine / Nessun Contatto,,,Nessuna,2,0,2,0.0,2,2,2,2,0,0,0,0,0,0,0,0,8500.0,6,1.0,1.0,0.0,False,0,0,0,1,0.04,monte_carlo_run_494_seed_536.log
495,10,-1,1,-1,-1,1,537,3101,0.132,2.07,False,Solitudine / Nessun Contatto,,,Nessuna,3,0,3,0.0,3,3,3,3,0,0,0,0,0,0,0,0,8500.0,10,1.001,1.001,0.0,False,0,0,2,3,0.06,monte_carlo_run_495_seed_537.log
496,10,-1,1,-1,-1,1,538,3101,0.058,1.28,False,Solitudine / Nessun Contatto,,,Nessuna,3,0,3,0.0,3,3,3,3,0,0,0,0,0,0,0,0,8500.0,9,1.0,1.0,0.0,False,0,0,1,3,0.06,monte_carlo_run_496_seed_538.log
497,10,-1,1,-1,-1,1,539,3101,0.117,2.57,False,Solitudine / Nessun Contatto,,,Nessuna,2,0,2,1.86,1,1,1,1,0,0,0,0,0,0,0,0,8500.0,2,1.002,1.002,0.0,False,0,0,0,0,65.36,monte_carlo_run_497_seed_539.log
498,10,-1,1,-1,-1,1,540,3101,0.123,2.41,False,Solitudine / Nessun Contatto,,,Nessuna,3,0,3,2.07,2,2,2,2,0,0,0,0,0,0,0,0,8500.0,5,1.002,1.002,0.0,False,0,0,0,1,71.88,monte_carlo_run_498_seed_540.log
499,10,-1,1,-1,-1,1,541,3101,0.135,2.96,False,Solitudine / Nessun Contatto,,,Nessuna,1,0,1,0.0,1,1,1,1,0,0,0,0,0,0,0,0,8500.0,2,1.0,1.0,0.0,False,0,0,0,0,0.02,monte_carlo_run_499_seed_541.log
500,10,-1,1,-1,-1,1,542,3101,0.073,1.39,False,Solitudine / Nessun Contatto,,,Nessuna,1,0,1,0.0,1,1,1,1,0,0,0,0,0,0,0,0,8500.0,2,1.0,1.0,0.0,False,0,0,0,0,0.02,monte_carlo_run_500_seed_542.log
501,11,-1,1,-1,1,-1,543,3101,0.094,2.12,False,Solitudine / Nessun Contatto,,,Nessuna,3,0,3,3.5,1,1,1,1,0,0,0,0,0,0,0,0,8500.0,2,1.013,1.013,0.0,False,1,0,0,0,164.51,monte_carlo_run_501_seed_543.log
502,11,-1,1,-1,1,-1,544,3101,0.066,0.94,False,Solitudine / Nessun Contatto,,,Nessuna,1,0,1,0.0,1,1,1,1,0,0,0,0,0,0,0,0,8500.0,2,1.0,1.0,0.0,False,0,0,0,0,0.02,monte_carlo_run_502_seed_544.log
503,11,-1,1,-1,1,-1,545,3101,0.149,3.67,False,Solitudine / Nessun Contatto,,,Nessuna,12,0,12,7.75,2,1,1,1,0,0,0,0,0,0,0,0,8500.0,4,1.462,1.462,0.0,False,8,0,1,1,1004.83,monte_carlo_run_503_seed_545.log
504,11,-1,1,-1,1,-1,546,3101,0.146,3.56,False,Solitudine / Nessun Contatto,,,Nessuna,4,0,4,4.54,3,2,2,0,1,0,0,0,0,0,0,0,8500.0,1,0.882,0.882,0.0,False,3,0,1,3,356.67,monte_carlo_run_504_seed_546.log
505,11,-1,1,-1,1,-1,547,3101,0.082,1.98,False,Solitudine / Nessun Contatto,,,Nessuna,2,0,2,1.56,1,1,1,1,0,0,0,0,0,0,0,0,8500.0,2,1.002,1.002,0.0,False,0,0,0,0,76.06,monte_carlo_run_505_seed_547.log
506,11,-1,1,-1,1,-1,548,3101,0.077,1.4,False,Solitudine / Nessun Contatto,,,Nessuna,1,0,1,0.0,1,1,1,1,0,0,0,0,0,0,0,0,8500.0,2,1.0,1.0,0.0,False,0,0,0,0,0.02,monte_carlo_run_506_seed_548.log
507,11,-1,1,-1,1,-1,549,3101,0.058,1.03,False,Solitudine / Nessun Contatto,,,Nessuna,1,0,1,0.0,1,1,1,1,0,0,0,0,0,0,0,0,8500.0,2,1.0,1.0,0.0,False,0,0,0,0,0.02,monte_carlo_run_507_seed_549.log
508,11,-1,1,-1,1,-1,550,3101,0.127,2.34,False,Solitudine / Nessun Contatto,,,Nessuna,1,0,1,0.0,1,1,1,1,0,0,0,0,0,0,0,0,8500.0,2,1.0,1.0,0.0,False,0,0,0,0,0.02,monte_carlo_run_508_seed_550.log
509,11,-1,1,-1,1,-1,551,3101,0.089,2.22,False,Solitudine / Nessun Contatto,,,Nessuna,5,0,5,3.65,1,1,1,1,0,0,0,0,0,0,0,0,8500.0,2,1.053,1.053,0.0,False,3,0,0,0,293.55,monte_carlo_run_509_seed_551.log
510,11,-1,1,-1,1,-1,552,3101,0.065,1.0,False,Solitudine / Nessun Contatto,,,Nessuna,1,0,1,0.0,1,1,1,1,0,0,0,0,0,0,0,0,8500.0,2,1.0,1.0,0.0,False,0,0,0,0,0.02,monte_carlo_run_510_seed_552.log
511,11,-1,1,-1,1,-1,553,3101,0.143,1.77,False,Solitudine / Nessun Contatto,,,Nessuna,1,0,1,0.0,2,2,2,0,2,0,0,0,0,0,0,0,8500.0,1,0.985,0.985,0.0,False,0,0,0,1,0.02,monte_carlo_run_511_seed_553.log
512,11,-1,1,-1,1,-1,554,3101,0.076,1.89,False,Solitudine / Nessun Contatto,,,Nessuna,1,0,1,0.0,2,2,2,0,2,0,0,0,0,0,0,0,8500.0,1,0.985,0.985,0.0,False,0,0,0,1,0.02,monte_carlo_run_512_seed_554.log
513,11,-1,1,-1,1,-1,555,3101,0.104,2.55,False,Solitudine / Nessun Contatto,,,Nessuna,2,0,2,1.95,1,1,1,1,0,0,0,0,0,0,0,0,8500.0,2,1.002,1.002,0.0,False,0,0,0,0,75.13,monte_carlo_run_513_seed_555.log
514,11,-1,1,-1,1,-1,556,3101,0.06,1.27,False,Solitudine / Nessun Contatto,,,Nessuna,2,0,2,1.0,3,3,3,0,3,0,0,0,0,0,0,0,8500.0,1,0.902,0.902,0.0,False,0,0,1,2,66.71,monte_carlo_run_514_seed_556.log
515,11,-1,1,-1,1,-1,557,3101,0.066,1.55,False,Solitudine / Nessun Contatto,,,Nessuna,1,0,1,0.0,3,3,3,1,2,0,0,0,0,0,0,0,8500.0,2,1.001,1.001,0.0,False,0,0,2,3,0.02,monte_carlo_run_515_seed_557.log
516,11,-1,1,-1,1,-1,558,3101,0.107,2.44,False,Solitudine / Nessun Contatto,,,Nessuna,1,0,1,0.0,2,2,2,0,2,0,0,0,0,0,0,0,8500.0,1,0.985,0.985,0.0,False,0,0,0,1,0.02,monte_carlo_run_516_seed_558.log
517,11,-1,1,-1,1,-1,559,3101,0.092,1.25,False,Solitudine / Nessun Contatto,,,Nessuna,2,0,2,0.57,3,3,2,1,1,1,1,1,0,0,0,0,8500.04,2,1.008,0.823,-0.1849,False,0,0,1,1,24.68,monte_carlo_run_517_seed_559.log
518,11,-1,1,-1,1,-1,560,3101,0.144,2.85,False,Solitudine / Nessun Contatto,,,Nessuna,2,0,2,2.79,2,2,2,1,1,0,0,0,0,0,0,0,8500.0,2,1.018,1.018,0.0,False,0,0,1,1,77.41,monte_carlo_run_518_seed_560.log
519,11,-1,1,-1,1,-1,561,3101,0.096,1.59,False,Solitudine / Nessun Contatto,,,Nessuna,3,0,3,1.66,3,2,2,0,2,0,0,0,0,0,0,0,8500.0,2,0.887,0.887,0.0,False,1,0,1,3,82.76,monte_carlo_run_519_seed_561.log
520,11,-1,1,-1,1,-1,562,3101,0.087,1.8,False,Solitudine / Nessun Contatto,,,Nessuna,1,0,1,0.0,1,1,1,1,0,0,0,0,0,0,0,0,8500.0,2,1.0,1.0,0.0,False,0,0,0,0,0.02,monte_carlo_run_520_seed_562.log
521,11,-1,1,-1,1,-1,563,3101,0.121,2.45,False,Solitudine / Nessun Contatto,,,Nessuna,1,0,1,0.0,3,3,3,0,3,0,0,0,0,0,0,0,8500.0,1,0.985,0.985,0.0,False,0,0,1,2,0.02,monte_carlo_run_521_seed_563.log
522,11,-1,1,-1,1,-1,564,3101,0.077,1.04,False,Solitudine / Nessun Contatto,,,Nessuna,1,0,1,0.0,1,1,1,1,0,0,0,0,0,0,0,0,8500.0,2,1.0,1.0,0.0,False,0,0,0,0,0.02,monte_carlo_run_522_seed_564.log
523,11,-1,1,-1,1,-1,565,3101,0.142,2.68,False,Solitudine / Nessun Contatto,,,Nessuna,6,0,6,4.28,3,3,3,1,2,0,0,0,0,0,0,0,8500.0,2,1.174,1.174,0.0,False,3,0,3,3,283.79,monte_carlo_run_523_seed_565.log
524,11,-1,1,-1,1,-1,566,3101,0.074,1.3,False,Solitudine / Nessun Contatto,,,Nessuna,1,0,1,0.0,1,1,1,1,0,0,0,0,0,0,0,0,8500.0,2,1.0,1.0,0.0,False,0,0,0,0,0.02,monte_carlo_run_524_seed_566.log
525,11,-1,1,-1,1,-1,567,3101,0.143,1.99,False,Solitudine / Nessun Contatto,,,Nessuna,1,0,1,0.0,1,1,1,1,0,0,0,0,0,0,0,0,8500.0,2,1.0,1.0,0.0,False,0,0,0,0,0.02,monte_carlo_run_525_seed_567.log
526,11,-1,1,-1,1,-1,568,3101,0.105,2.1,False,Solitudine / Nessun Contatto,,,Nessuna,6,0,6,6.54,1,1,1,1,0,0,0,0,0,0,0,0,8500.0,2,1.102,1.102,0.0,False,5,0,0,0,396.38,monte_carlo_run_526_seed_568.log
527,11,-1,1,-1,1,-1,569,3101,0.053,0.92,False,Solitudine / Nessun Contatto,,,Nessuna,1,0,1,0.0,2,2,2,1,1,0,0,0,0,0,0,0,8500.0,2,1.0,1.0,0.0,False,0,0,0,1,0.02,monte_carlo_run_527_seed_569.log
528,11,-1,1,-1,1,-1,570,3101,0.088,1.95,False,Solitudine / Nessun Contatto,,,Nessuna,1,0,1,0.0,1,1,1,1,0,0,0,0,0,0,0,0,8500.0,2,1.0,1.0,0.0,False,0,0,0,0,0.02,monte_carlo_run_528_seed_570.log
529,11,-1,1,-1,1,-1,571,3101,0.118,2.86,False,Solitudine / Nessun Contatto,,,Nessuna,1,0,1,0.0,1,1,1,1,0,0,0,0,0,0,0,0,8500.0,2,1.0,1.0,0.0,False,0,0,0,0,0.02,monte_carlo_run_529_seed_571.log
530,11,-1,1,-1,1,-1,572,3101,0.136,3.16,False,Solitudine / Nessun Contatto,,,Nessuna,2,0,2,1.46,3,3,2,1,1,1,1,1,0,0,0,0,8500.3,2,1.012,0.773,-0.2394,False,0,0,1,1,49.72,monte_carlo_run_530_seed_572.log
531,11,-1,1,-1,1,-1,573,3101,0.082,1.28,False,Solitudine / Nessun Contatto,,,Nessuna,1,0,1,0.0,3,3,3,0,3,0,0,0,0,0,0,0,8500.0,1,0.985,0.985,0.0,False,0,0,1,2,0.02,monte_carlo_run_531_seed_573.log
532,11,-1,1,-1,1,-1,574,3101,0.148,2.71,False,Solitudine / Nessun Contatto,,,Nessuna,1,0,1,0.0,2,2,2,0,2,0,0,0,0,0,0,0,8500.0,1,0.985,0.985,0.0,False,0,0,0,1,0.02,monte_carlo_run_532_seed_574.log
533,11,-1,1,-1,1,-1,575,3101,0.111,2.72,False,Solitudine / Nessun Contatto,,,Nessuna,1,0,1,0.0,2,2,2,1,1,0,0,0,0,0,0,0,8500.0,2,1.0,1.0,0.0,False,0,0,1,1,0.02,monte_carlo_run_533_seed_575.log
534,11,-1,1,-1,1,-1,576,3101,0.146,2.55,False,Solitudine / Nessun Contatto,,,Nessuna,3,0,3,3.51,1,1,1,1,0,0,0,0,0,0,0,0,8500.0,2,1.011,1.011,0.0,False,1,0,0,0,137.9,monte_carlo_run_534_seed_576.log
535,11,-1,1,-1,1,-1,577,3101,0.06,1.12,False,Solitudine / Nessun Contatto,,,Nessuna,1,0,1,0.0,3,3,3,1,2,0,0,0,0,0,0,0,8500.0,2,1.0,1.0,0.0,False,0,0,1,2,0.02,monte_carlo_run_535_seed_577.log
536,11,-1,1,-1,1,-1,578,3101,0.06,1.34,False,Solitudine / Nessun Contatto,,,Nessuna,1,0,1,0.0,2,2,2,1,1,0,0,0,0,0,0,0,8500.0,2,1.0,1.0,0.0,False,0,0,1,1,0.02,monte_carlo_run_536_seed_578.log
537,11,-1,1,-1,1,-1,579,3101,0.139,3.0,True,Incontro Flotta Deep-Space,349.28,2.47,Biosfera Primitiva,6,0,6,5.39,2,2,1,1,0,1,1,1,0,1,1,0,8506.36,4,1.071,1.209,0.1384,True,3,0,0,1,431.63,monte_carlo_run_537_seed_579.log
538,11,-1,1,-1,1,-1,580,3101,0.122,1.92,False,Solitudine / Nessun Contatto,,,Nessuna,1,0,1,0.0,1,1,1,1,0,0,0,0,0,0,0,0,8500.0,2,1.0,1.0,0.0,False,0,0,0,0,0.02,monte_carlo_run_538_seed_580.log
539,11,-1,1,-1,1,-1,581,3101,0.117,2.63,False,Solitudine / Nessun Contatto,,,Nessuna,1,0,1,0.0,2,2,2,1,1,0,0,0,0,0,0,0,8500.0,2,1.0,1.0,0.0,False,0,0,1,1,0.02,monte_carlo_run_539_seed_581.log
540,11,-1,1,-1,1,-1,582,3101,0.102,2.26,False,Solitudine / Nessun Contatto,,,Nessuna,2,0,2,1.44,1,1,1,1,0,0,0,0,0,0,0,0,8500.0,2,1.001,1.001,0.0,False,0,0,0,0,56.29,monte_carlo_run_540_seed_582.log
541,11,-1,1,-1,1,-1,583,3101,0.063,1.15,False,Solitudine / Nessun Contatto,,,Nessuna,1,0,1,0.0,3,3,3,1,2,0,0,0,0,0,0,0,8500.0,2,1.0,1.0,0.0,False,0,0,1,3,0.02,monte_carlo_run_541_seed_583.log
542,11,-1,1,-1,1,-1,584,3101,0.132,2.42,False,Solitudine / Nessun Contatto,,,Nessuna,1,0,1,0.0,1,1,1,1,0,0,0,0,0,0,0,0,8500.0,2,1.0,1.0,0.0,False,0,0,0,0,0.02,monte_carlo_run_542_seed_584.log
543,11,-1,1,-1,1,-1,585,3101,0.066,1.59,False,Solitudine / Nessun Contatto,,,Nessuna,1,0,1,0.0,2,2,2,1,1,0,0,0,0,0,0,0,8500.0,2,1.0,1.0,0.0,False,0,0,0,1,0.02,monte_carlo_run_543_seed_585.log
544,11,-1,1,-1,1,-1,586,3101,0.058,1.24,False,Solitudine / Nessun Contatto,,,Nessuna,1,0,1,0.0,2,2,2,1,1,0,0,0,0,0,0,0,8500.0,2,1.0,1.0,0.0,False,0,0,1,1,0.02,monte_carlo_run_544_seed_586.log
545,11,-1,1,-1,1,-1,587,3101,0.106,2.17,False,Solitudine / Nessun Contatto,,,Nessuna,1,0,1,0.0,2,2,2,1,1,0,0,0,0,0,0,0,8500.0,2,1.0,1.0,0.0,False,0,0,1,1,0.02,monte_carlo_run_545_seed_587.log
546,11,-1,1,-1,1,-1,588,3101,0.133,2.15,False,Solitudine / Nessun Contatto,,,Nessuna,2,0,2,1.37,2,2,2,1,1,0,0,0,0,0,0,0,8500.0,2,1.015,1.015,0.0,False,0,0,1,1,46.95,monte_carlo_run_546_seed_588.log
547,11,-1,1,-1,1,-1,589,3101,0.119,2.57,False,Solitudine / Nessun Contatto,,,Nessuna,1,0,1,0.0,1,1,1,1,0,0,0,0,0,0,0,0,8500.0,2,1.0,1.0,0.0,False,0,0,0,0,0.02,monte_carlo_run_547_seed_589.log
548,11,-1,1,-1,1,-1,590,3101,0.146,2.98,False,Solitudine / Nessun Contatto,,,Nessuna,7,0,7,5.67,2,1,1,1,0,1,1,1,0,1,1,0,8509.39,3,1.103,1.152,0.049,True,4,0,0,1,481.76,monte_carlo_run_548_seed_590.log
549,11,-1,1,-1,1,-1,591,3101,0.082,1.15,False,Solitudine / Nessun Contatto,,,Nessuna,1,0,1,0.0,1,1,1,1,0,0,0,0,0,0,0,0,8500.0,2,1.0,1.0,0.0,False,0,0,0,0,0.02,monte_carlo_run_549_seed_591.log
550,11,-1,1,-1,1,-1,592,3101,0.094,1.53,False,Solitudine / Nessun Contatto,,,Nessuna,2,0,2,1.33,1,1,1,1,0,0,0,0,0,0,0,0,8500.0,2,1.001,1.001,0.0,False,0,0,0,0,56.55,monte_carlo_run_550_seed_592.log
551,12,-1,1,-1,1,1,593,3101,0.131,3.06,False,Solitudine / Nessun Contatto,,,Nessuna,15,0,15,3.57,4,3,1,1,0,2,0,0,0,0,0,0,8500.0,13,1.296,1.296,0.0,False,6,0,2,4,764.48,monte_carlo_run_551_seed_593.log
552,12,-1,1,-1,1,1,594,3101,0.135,2.42,False,Solitudine / Nessun Contatto,,,Nessuna,2,0,2,0.0,2,2,2,2,0,0,0,0,0,0,0,0,8500.0,5,1.0,1.0,0.0,False,0,0,1,1,0.04,monte_carlo_run_552_seed_594.log
553,12,-1,1,-1,1,1,595,3101,0.123,2.48,False,Solitudine / Nessun Contatto,,,Nessuna,5,0,5,0.0,2,2,2,2,0,0,0,0,0,0,0,0,8500.0,5,1.034,1.034,0.0,False,2,0,1,1,155.52,monte_carlo_run_553_seed_595.log
554,12,-1,1,-1,1,1,596,3101,0.131,3.16,False,Solitudine / Nessun Contatto,,,Nessuna,4,0,4,0.0,2,2,2,2,0,0,0,0,0,0,0,0,8500.0,6,1.037,1.037,0.0,False,0,0,1,1,122.48,monte_carlo_run_554_seed_596.log
555,12,-1,1,-1,1,1,597,3101,0.096,1.59,False,Solitudine / Nessun Contatto,,,Nessuna,3,0,3,0.72,2,2,2,2,0,0,0,0,0,0,0,0,8500.0,6,1.001,1.001,0.0,False,0,0,0,1,30.17,monte_carlo_run_555_seed_597.log
556,12,-1,1,-1,1,1,598,3101,0.132,3.21,False,Solitudine / Nessun Contatto,,,Nessuna,4,0,4,1.96,2,2,2,2,0,0,0,0,0,0,0,0,8500.0,5,1.005,1.005,0.0,False,0,0,1,1,76.74,monte_carlo_run_556_seed_598.log
557,12,-1,1,-1,1,1,599,3101,0.107,2.43,False,Solitudine / Nessun Contatto,,,Nessuna,4,0,4,2.59,1,1,1,1,0,0,0,0,0,0,0,0,8500.0,2,1.02,1.02,0.0,False,1,0,0,0,251.17,monte_carlo_run_557_seed_599.log
558,12,-1,1,-1,1,1,600,3101,0.144,2.39,False,Solitudine / Nessun Contatto,,,Nessuna,3,0,3,3.53,1,1,1,1,0,0,0,0,0,0,0,0,8500.0,2,1.01,1.01,0.0,False,1,0,0,0,117.07,monte_carlo_run_558_seed_600.log
559,12,-1,1,-1,1,1,601,3101,0.075,1.58,False,Solitudine / Nessun Contatto,,,Nessuna,1,0,1,0.0,1,1,1,1,0,0,0,0,0,0,0,0,8500.0,2,1.0,1.0,0.0,False,0,0,0,0,0.02,monte_carlo_run_559_seed_601.log
560,12,-1,1,-1,1,1,602,3101,0.125,3.05,False,Solitudine / Nessun Contatto,,,Nessuna,2,0,2,2.61,1,1,1,1,0,0,0,0,0,0,0,0,8500.0,2,1.002,1.002,0.0,False,0,0,0,0,90.57,monte_carlo_run_560_seed_602.log
561,12,-1,1,-1,1,1,603,3101,0.053,1.3,False,Solitudine / Nessun Contatto,,,Nessuna,2,0,2,0.0,2,2,2,2,0,0,0,0,0,0,0,0,8500.0,6,1.0,1.0,0.0,False,0,0,0,1,0.04,monte_carlo_run_561_seed_603.log
562,12,-1,1,-1,1,1,604,3101,0.143,2.84,False,Solitudine / Nessun Contatto,,,Nessuna,10,0,10,2.37,4,4,3,3,0,1,0,0,0,0,0,0,8500.0,13,1.182,1.182,0.0,False,4,0,2,4,351.04,monte_carlo_run_562_seed_604.log
563,12,-1,1,-1,1,1,605,3101,0.12,2.35,False,Solitudine / Nessun Contatto,,,Nessuna,1,0,1,0.0,1,1,1,1,0,0,0,0,0,0,0,0,8500.0,2,1.0,1.0,0.0,False,0,0,0,0,0.02,monte_carlo_run_563_seed_605.log
564,12,-1,1,-1,1,1,606,3101,0.146,2.29,False,Solitudine / Nessun Contatto,,,Nessuna,1,0,1,0.0,1,1,1,1,0,0,0,0,0,0,0,0,8500.0,2,1.0,1.0,0.0,False,0,0,0,0,0.02,monte_carlo_run_564_seed_606.log
565,12,-1,1,-1,1,1,607,3101,0.108,1.55,False,Solitudine / Nessun Contatto,,,Nessuna,1,0,1,0.0,1,1,1,1,0,0,0,0,0,0,0,0,8500.0,2,1.0,1.0,0.0,False,0,0,0,0,0.02,monte_carlo_run_565_seed_607.log
566,12,-1,1,-1,1,1,608,3101,0.091,2.17,False,Solitudine / Nessun Contatto,,,Nessuna,2,0,2,1.1,1,1,1,1,0,0,0,0,0,0,0,0,8500.0,2,1.001,1.001,0.0,False,0,0,0,0,48.19,monte_carlo_run_566_seed_608.log
567,12,-1,1,-1,1,1,609,3101,0.054,0.66,False,Solitudine / Nessun Contatto,,,Nessuna,2,0,2,0.0,2,2,2,2,0,0,0,0,0,0,0,0,8500.0,6,1.0,1.0,0.0,False,0,0,0,1,0.04,monte_carlo_run_567_seed_609.log
568,12,-1,1,-1,1,1,610,3101,0.063,1.08,False,Solitudine / Nessun Contatto,,,Nessuna,1,0,1,0.0,1,1,1,1,0,0,0,0,0,0,0,0,8500.0,2,1.0,1.0,0.0,False,0,0,0,0,0.02,monte_carlo_run_568_seed_610.log
569,12,-1,1,-1,1,1,611,3101,0.123,1.51,False,Solitudine / Nessun Contatto,,,Nessuna,1,0,1,0.0,1,1,1,1,0,0,0,0,0,0,0,0,8500.0,2,1.0,1.0,0.0,False,0,0,0,0,0.02,monte_carlo_run_569_seed_611.log
570,12,-1,1,-1,1,1,612,3101,0.142,2.14,False,Solitudine / Nessun Contatto,,,Nessuna,1,0,1,0.0,1,1,1,1,0,0,0,0,0,0,0,0,8500.0,2,1.0,1.0,0.0,False,0,0,0,0,0.02,monte_carlo_run_570_seed_612.log
571,12,-1,1,-1,1,1,613,3101,0.096,1.57,False,Solitudine / Nessun Contatto,,,Nessuna,2,0,2,0.0,2,2,2,2,0,0,0,0,0,0,0,0,8500.0,6,1.0,1.0,0.0,False,0,0,0,1,0.04,monte_carlo_run_571_seed_613.log
572,12,-1,1,-1,1,1,614,3101,0.072,0.98,False,Solitudine / Nessun Contatto,,,Nessuna,2,0,2,0.0,2,2,2,2,0,0,0,0,0,0,0,0,8500.0,6,1.0,1.0,0.0,False,0,0,1,1,0.04,monte_carlo_run_572_seed_614.log
573,12,-1,1,-1,1,1,615,3101,0.099,1.44,False,Solitudine / Nessun Contatto,,,Nessuna,1,0,1,0.0,1,1,1,1,0,0,0,0,0,0,0,0,8500.0,2,1.0,1.0,0.0,False,0,0,0,0,0.02,monte_carlo_run_573_seed_615.log
574,12,-1,1,-1,1,1,616,3101,0.114,1.61,False,Solitudine / Nessun Contatto,,,Nessuna,2,0,2,0.0,2,2,2,2,0,0,0,0,0,0,0,0,8500.0,6,1.0,1.0,0.0,False,0,0,1,1,0.04,monte_carlo_run_574_seed_616.log
575,12,-1,1,-1,1,1,617,3101,0.123,1.48,False,Solitudine / Nessun Contatto,,,Nessuna,3,0,3,1.22,2,2,2,2,0,0,0,0,0,0,0,0,8500.0,5,1.013,1.013,0.0,False,0,0,1,1,42.52,monte_carlo_run_575_seed_617.log
576,12,-1,1,-1,1,1,618,3101,0.108,2.49,False,Solitudine / Nessun Contatto,,,Nessuna,1,0,1,0.0,1,1,1,1,0,0,0,0,0,0,0,0,8500.0,2,1.0,1.0,0.0,False,0,0,0,0,0.02,monte_carlo_run_576_seed_618.log
577,12,-1,1,-1,1,1,619,3101,0.14,3.09,False,Solitudine / Nessun Contatto,,,Nessuna,7,0,7,3.25,2,2,2,2,0,0,0,0,0,0,0,0,8500.0,6,1.092,1.092,0.0,False,4,0,1,1,269.18,monte_carlo_run_577_seed_619.log
578,12,-1,1,-1,1,1,620,3101,0.069,1.6,False,Solitudine / Nessun Contatto,,,Nessuna,2,0,2,1.06,1,1,1,1,0,0,0,0,0,0,0,0,8500.0,2,1.002,1.002,0.0,False,0,0,0,0,61.73,monte_carlo_run_578_seed_620.log
579,12,-1,1,-1,1,1,621,3101,0.055,0.69,False,Solitudine / Nessun Contatto,,,Nessuna,2,0,2,0.0,2,2,2,2,0,0,0,0,0,0,0,0,8500.0,5,1.0,1.0,0.0,False,0,0,1,1,0.04,monte_carlo_run_579_seed_621.log
580,12,-1,1,-1,1,1,622,3101,0.062,1.49,False,Solitudine / Nessun Contatto,,,Nessuna,1,0,1,0.0,1,1,1,1,0,0,0,0,0,0,0,0,8500.0,2,1.0,1.0,0.0,False,0,0,0,0,0.02,monte_carlo_run_580_seed_622.log
581,12,-1,1,-1,1,1,623,3101,0.086,1.81,False,Solitudine / Nessun Contatto,,,Nessuna,1,0,1,0.0,1,1,1,1,0,0,0,0,0,0,0,0,8500.0,2,1.0,1.0,0.0,False,0,0,0,0,0.02,monte_carlo_run_581_seed_623.log
582,12,-1,1,-1,1,1,624,3101,0.14,2.01,False,Solitudine / Nessun Contatto,,,Nessuna,2,0,2,1.96,1,1,1,1,0,0,0,0,0,0,0,0,8500.0,2,1.002,1.002,0.0,False,0,0,0,0,66.33,monte_carlo_run_582_seed_624.log
583,12,-1,1,-1,1,1,625,3101,0.058,1.1,False,Solitudine / Nessun Contatto,,,Nessuna,2,0,2,0.0,2,2,2,2,0,0,0,0,0,0,0,0,8500.0,6,1.0,1.0,0.0,False,0,0,0,1,0.04,monte_carlo_run_583_seed_625.log
584,12,-1,1,-1,1,1,626,3101,0.093,1.74,False,Solitudine / Nessun Contatto,,,Nessuna,3,0,3,0.0,3,3,3,3,0,0,0,0,0,0,0,0,8500.0,9,1.0,1.0,0.0,False,0,0,1,2,0.06,monte_carlo_run_584_seed_626.log
585,12,-1,1,-1,1,1,627,3101,0.061,1.27,False,Solitudine / Nessun Contatto,,,Nessuna,1,0,1,0.0,1,1,1,1,0,0,0,0,0,0,0,0,8500.0,2,1.0,1.0,0.0,False,0,0,0,0,0.02,monte_carlo_run_585_seed_627.log
586,12,-1,1,-1,1,1,628,3101,0.071,1.68,False,Solitudine / Nessun Contatto,,,Nessuna,3,0,3,1.22,1,1,1,1,0,0,0,0,0,0,0,0,8500.0,2,1.003,1.003,0.0,False,0,0,0,0,118.89,monte_carlo_run_586_seed_628.log
587,12,-1,1,-1,1,1,629,3101,0.075,1.51,False,Solitudine / Nessun Contatto,,,Nessuna,4,0,4,0.0,3,3,3,3,0,0,0,0,0,0,0,0,8500.0,10,1.03,1.03,0.0,False,0,0,2,2,50.25,monte_carlo_run_587_seed_629.log
588,12,-1,1,-1,1,1,630,3101,0.137,3.27,False,Solitudine / Nessun Contatto,,,Nessuna,16,0,16,2.85,2,1,1,1,0,0,0,0,0,0,0,0,8500.0,6,1.252,1.252,0.0,False,9,0,1,1,1008.03,monte_carlo_run_588_seed_630.log
589,12,-1,1,-1,1,1,631,3101,0.092,1.8,False,Solitudine / Nessun Contatto,,,Nessuna,1,0,1,0.0,1,1,1,1,0,0,0,0,0,0,0,0,8500.0,2,1.0,1.0,0.0,False,0,0,0,0,0.02,monte_carlo_run_589_seed_631.log
590,12,-1,1,-1,1,1,632,3101,0.115,2.18,False,Solitudine / Nessun Contatto,,,Nessuna,1,0,1,0.0,1,1,1,1,0,0,0,0,0,0,0,0,8500.0,2,1.0,1.0,0.0,False,0,0,0,0,0.02,monte_carlo_run_590_seed_632.log
591,12,-1,1,-1,1,1,633,3101,0.063,1.35,False,Solitudine / Nessun Contatto,,,Nessuna,1,0,1,0.0,1,1,1,1,0,0,0,0,0,0,0,0,8500.0,2,1.0,1.0,0.0,False,0,0,0,0,0.02,monte_carlo_run_591_seed_633.log
592,12,-1,1,-1,1,1,634,3101,0.076,1.12,False,Solitudine / Nessun Contatto,,,Nessuna,2,0,2,0.99,1,1,1,1,0,0,0,0,0,0,0,0,8500.0,2,1.001,1.001,0.0,False,0,0,0,0,52.26,monte_carlo_run_592_seed_634.log
593,12,-1,1,-1,1,1,635,3101,0.133,2.29,False,Solitudine / Nessun Contatto,,,Nessuna,4,0,4,1.52,2,1,1,1,0,0,0,0,0,0,0,0,8500.0,6,1.015,1.015,0.0,False,0,0,1,1,48.25,monte_carlo_run_593_seed_635.log
594,12,-1,1,-1,1,1,636,3101,0.1,2.09,False,Solitudine / Nessun Contatto,,,Nessuna,1,0,1,0.0,1,1,1,1,0,0,0,0,0,0,0,0,8500.0,2,1.0,1.0,0.0,False,0,0,0,0,0.02,monte_carlo_run_594_seed_636.log
595,12,-1,1,-1,1,1,637,3101,0.059,1.06,False,Solitudine / Nessun Contatto,,,Nessuna,2,0,2,0.0,2,2,2,2,0,0,0,0,0,0,0,0,8500.0,5,1.0,1.0,0.0,False,0,0,1,1,0.04,monte_carlo_run_595_seed_637.log
596,12,-1,1,-1,1,1,638,3101,0.124,2.52,False,Solitudine / Nessun Contatto,,,Nessuna,8,0,8,2.71,3,3,3,3,0,0,0,0,0,0,0,0,8500.0,9,1.169,1.169,0.0,False,3,0,1,3,402.9,monte_carlo_run_596_seed_638.log
597,12,-1,1,-1,1,1,639,3101,0.076,1.24,False,Solitudine / Nessun Contatto,,,Nessuna,3,0,3,0.0,3,3,3,3,0,0,0,0,0,0,0,0,8500.0,10,1.0,1.0,0.0,False,0,0,0,3,0.06,monte_carlo_run_597_seed_639.log
598,12,-1,1,-1,1,1,640,3101,0.138,1.67,False,Solitudine / Nessun Contatto,,,Nessuna,2,0,2,1.6,1,1,1,1,0,0,0,0,0,0,0,0,8500.0,2,1.002,1.002,0.0,False,0,0,0,0,54.2,monte_carlo_run_598_seed_640.log
599,12,-1,1,-1,1,1,641,3101,0.092,1.21,False,Solitudine / Nessun Contatto,,,Nessuna,1,0,1,0.0,1,1,1,1,0,0,0,0,0,0,0,0,8500.0,2,1.0,1.0,0.0,False,0,0,0,0,0.02,monte_carlo_run_599_seed_641.log
600,12,-1,1,-1,1,1,642,3101,0.101,1.44,False,Solitudine / Nessun Contatto,,,Nessuna,1,0,1,0.0,1,1,1,1,0,0,0,0,0,0,0,0,8500.0,2,1.0,1.0,0.0,False,0,0,0,0,0.02,monte_carlo_run_600_seed_642.log
601,13,-1,1,1,-1,-1,643,3101,0.437,9.96,True,Incontro Flotta Deep-Space,304.05,0.0,Biosfera Primitiva,18,0,157,33.15,28,16,1,1,0,26,26,26,0,15,12,3,8628.75,39,1.119,1.6,0.4809,True,126,0,35,47,1000.42,monte_carlo_run_601_seed_643.log
602,13,-1,1,1,-1,-1,644,3101,0.242,5.5,False,Solitudine / Nessun Contatto,,,Nessuna,40,0,40,9.94,11,9,2,0,1,9,9,9,0,6,2,4,8532.61,19,0.615,1.6,0.9846,True,28,0,15,21,1001.44,monte_carlo_run_602_seed_644.log
603,13,-1,1,1,-1,-1,645,3101,0.31,7.17,True,Incontro Flotta Deep-Space,784.63,9.27,Biosfera Primitiva,104,0,143,11.78,31,24,3,1,2,25,22,22,0,12,9,3,8580.55,33,1.007,1.6,0.5933,True,110,0,51,75,1000.17,monte_carlo_run_603_seed_645.log
604,13,-1,1,1,-1,-1,646,3101,0.446,8.59,True,Contatto Planetario / Biofirme,93.06,8.75,Collaborativa,7,0,83,18.61,21,13,2,0,2,17,17,17,0,11,9,2,8583.43,29,0.991,1.563,0.5726,True,64,0,29,37,1002.57,monte_carlo_run_604_seed_646.log
605,13,-1,1,1,-1,-1,647,3101,0.508,9.67,True,Incontro Flotta Deep-Space,896.79,0.0,Biosfera Primitiva,141,1,158,27.52,24,18,2,1,1,21,21,21,0,12,9,3,8587.29,37,1.404,1.57,0.166,True,131,0,29,38,1000.78,monte_carlo_run_605_seed_647.log
606,13,-1,1,1,-1,-1,648,3101,0.593,14.01,True,Incontro Flotta Deep-Space,473.95,10.39,Biosfera Primitiva,88,1,223,19.67,38,27,2,1,0,33,29,29,0,16,11,5,8610.33,57,1.204,1.6,0.3959,True,183,0,51,72,1000.39,monte_carlo_run_606_seed_648.log
607,13,-1,1,1,-1,-1,649,3101,0.366,6.76,True,Incontro Flotta Deep-Space,854.47,20.63,Biosfera Primitiva,126,0,161,22.83,29,25,2,1,1,27,23,23,0,13,7,6,8596.2,42,1.227,1.6,0.3733,True,129,0,37,53,1000.27,monte_carlo_run_607_seed_649.log
608,13,-1,1,1,-1,-1,650,3101,0.322,5.13,False,Solitudine / Nessun Contatto,,,Nessuna,32,0,32,16.76,3,3,1,1,0,2,2,2,0,1,1,0,8503.91,4,1.136,0.851,-0.285,False,29,0,0,1,1001.64,monte_carlo_run_608_seed_650.log
609,13,-1,1,1,-1,-1,651,3101,0.542,11.24,True,Contatto Planetario / Biofirme,5.2,2.82,Diffidente,2,2,95,14.52,19,13,4,1,1,13,13,13,0,7,6,1,8553.6,21,1.115,1.427,0.312,True,76,0,14,18,1000.22,monte_carlo_run_609_seed_651.log
610,13,-1,1,1,-1,-1,652,3101,0.485,10.66,True,Contatto Planetario / Biofirme,339.79,15.43,Collaborativa,53,1,199,22.75,37,28,4,1,2,31,30,30,0,18,13,5,8652.18,57,0.998,1.6,0.6025,True,157,0,60,72,1000.2,monte_carlo_run_610_seed_652.log
611,13,-1,1,1,-1,-1,653,3101,0.589,11.54,True,Contatto Planetario / Biofirme,176.9,13.28,Diffidente,15,1,193,22.62,36,24,4,2,2,31,31,31,0,18,12,6,8628.9,49,1.228,1.6,0.3716,True,151,0,43,57,1000.98,monte_carlo_run_611_seed_653.log
612,13,-1,1,1,-1,-1,654,3101,0.516,10.12,False,Solitudine / Nessun Contatto,,,Nessuna,144,2,144,17.94,24,17,1,1,0,20,20,20,0,7,6,1,8566.03,23,1.153,1.344,0.1915,True,116,0,12,20,1000.24,monte_carlo_run_612_seed_654.log
613,13,-1,1,1,-1,-1,655,3101,0.529,8.67,True,Contatto Planetario / Biofirme,99.32,17.28,Diffidente,10,0,67,17.28,15,13,3,0,3,12,12,12,0,7,5,2,8558.04,20,0.958,1.575,0.617,True,51,0,17,24,1000.63,monte_carlo_run_613_seed_655.log
614,13,-1,1,1,-1,-1,656,3101,0.316,6.5,True,Incontro Flotta Deep-Space,649.24,11.36,Collaborativa,48,0,97,17.3,15,10,3,2,0,12,12,12,0,7,6,1,8572.49,21,1.047,1.495,0.4487,True,80,0,12,20,1002.21,monte_carlo_run_614_seed_656.log
615,13,-1,1,1,-1,-1,657,3101,0.509,11.67,True,Contatto Planetario / Biofirme,88.73,7.35,Ostile,9,0,160,11.29,27,20,3,1,2,22,21,21,0,12,12,0,8576.53,26,1.073,1.294,0.2216,True,129,0,25,56,1000.59,monte_carlo_run_615_seed_657.log
616,13,-1,1,1,-1,-1,658,3101,0.364,4.85,False,Solitudine / Nessun Contatto,,,Nessuna,54,1,54,17.77,12,8,2,2,0,8,8,8,0,3,3,0,8514.74,10,1.081,1.373,0.2923,True,40,0,6,10,1000.18,monte_carlo_run_616_seed_658.log
617,13,-1,1,1,-1,-1,659,3101,0.54,10.45,True,Contatto Planetario / Biofirme,80.54,20.24,Cauta,9,0,129,24.15,20,17,3,2,1,17,17,17,0,11,9,2,8590.02,36,1.192,1.6,0.4078,True,106,0,54,65,1000.15,monte_carlo_run_617_seed_659.log
618,13,-1,1,1,-1,-1,660,3101,0.539,10.45,True,Contatto Planetario / Biofirme,238.79,13.87,Cauta,24,2,121,20.23,29,20,4,1,3,20,12,12,0,10,7,3,8564.66,37,1.103,1.575,0.4727,True,91,0,56,82,1000.61,monte_carlo_run_618_seed_660.log
619,13,-1,1,1,-1,-1,661,3101,0.21,3.3,False,Solitudine / Nessun Contatto,,,Nessuna,1,0,1,0.0,1,1,1,1,0,0,0,0,0,0,0,0,8500.0,2,1.0,1.0,0.0,False,0,0,0,0,0.02,monte_carlo_run_619_seed_661.log
620,13,-1,1,1,-1,-1,662,3101,0.212,3.3,False,Solitudine / Nessun Contatto,,,Nessuna,3,0,3,1.59,2,2,1,1,0,1,1,1,0,0,0,0,8500.07,2,1.006,0.806,-0.2,False,1,0,0,0,80.12,monte_carlo_run_620_seed_662.log
621,13,-1,1,1,-1,-1,663,3101,0.361,7.05,True,Incontro Flotta Deep-Space,221.3,5.72,Biosfera Primitiva,13,0,44,14.36,6,6,2,1,1,4,4,4,0,1,1,0,8505.61,6,1.6,1.244,-0.3565,False,37,0,0,1,1001.88,monte_carlo_run_621_seed_663.log
622,13,-1,1,1,-1,-1,664,3101,0.534,10.47,True,Contatto Planetario / Biofirme,143.53,12.32,Ostile,12,1,140,26.9,24,20,3,1,2,19,19,19,0,11,11,0,8579.73,28,1.595,1.491,-0.104,False,115,0,22,38,1002.47,monte_carlo_run_622_seed_664.log
623,13,-1,1,1,-1,-1,665,3101,0.31,7.38,True,Contatto Planetario / Biofirme,202.3,8.15,Cauta,21,1,203,12.11,40,31,4,2,1,34,32,32,0,20,15,5,8640.01,56,1.018,1.6,0.5819,True,161,0,78,102,1000.08,monte_carlo_run_623_seed_665.log
624,13,-1,1,1,-1,-1,666,3101,0.57,11.59,True,Contatto Planetario / Biofirme,16.38,6.19,Predatoria,3,0,167,22.85,36,30,4,1,2,31,29,29,0,17,15,2,8632.66,41,1.153,1.6,0.4469,True,130,0,74,109,1000.13,monte_carlo_run_624_seed_666.log
625,13,-1,1,1,-1,-1,667,3101,0.508,9.52,True,Incontro Flotta Deep-Space,353.14,0.0,Biosfera Primitiva,32,1,211,25.92,41,32,4,1,3,34,24,24,0,16,14,2,8608.68,57,1.26,1.6,0.34,True,165,0,49,75,1000.12,monte_carlo_run_625_seed_667.log
626,13,-1,1,1,-1,-1,668,3101,0.507,8.26,True,Contatto Planetario / Biofirme,545.73,15.63,Collaborativa,43,0,109,27.91,18,15,3,1,2,15,15,15,0,8,6,2,8562.46,23,1.336,1.411,0.0755,True,89,0,18,23,1000.76,monte_carlo_run_626_seed_668.log
627,13,-1,1,1,-1,-1,669,3101,0.575,9.88,True,Contatto Planetario / Biofirme,25.47,8.39,Cauta,5,1,150,20.28,26,20,7,1,5,18,18,18,0,12,9,3,8562.88,38,1.23,1.589,0.3585,True,124,0,32,41,1000.11,monte_carlo_run_627_seed_669.log
628,13,-1,1,1,-1,-1,670,3101,0.548,9.67,True,Contatto Planetario / Biofirme,204.08,11.75,Diffidente,27,1,268,21.53,46,37,4,2,1,41,38,38,0,25,15,10,8685.82,63,1.075,1.6,0.5245,True,217,0,109,133,1000.1,monte_carlo_run_628_seed_670.log
629,13,-1,1,1,-1,-1,671,3101,0.479,5.84,True,Contatto Planetario / Biofirme,24.39,6.57,Collaborativa,4,2,96,25.67,14,9,3,1,1,9,9,9,0,4,4,0,8540.07,11,1.302,1.214,-0.0883,False,82,0,2,7,1000.38,monte_carlo_run_629_seed_671.log
630,13,-1,1,1,-1,-1,672,3101,0.389,4.97,True,Incontro Flotta Deep-Space,422.21,6.54,Biosfera Primitiva,25,0,43,14.81,10,8,1,1,0,9,9,9,0,5,4,1,8534.81,22,1.579,1.544,-0.0341,False,32,0,10,15,1001.97,monte_carlo_run_630_seed_672.log
631,13,-1,1,1,-1,-1,673,3101,0.436,7.07,True,Contatto Planetario / Biofirme,12.31,5.37,Cauta,2,0,42,18.26,7,7,4,1,3,3,3,3,0,0,0,0,8506.58,7,1.6,0.968,-0.6318,False,34,0,0,0,1002.41,monte_carlo_run_631_seed_673.log
632,13,-1,1,1,-1,-1,674,3101,0.511,12.31,True,Contatto Planetario / Biofirme,261.47,15.41,Predatoria,28,0,182,20.37,40,24,4,2,2,33,32,32,0,18,14,4,8619.8,50,1.09,1.6,0.5099,True,137,0,58,76,1000.28,monte_carlo_run_632_seed_674.log
633,13,-1,1,1,-1,-1,675,3101,0.361,8.26,True,Incontro Flotta Deep-Space,272.43,5.43,Collaborativa,22,0,126,17.67,23,16,4,1,2,18,18,18,0,8,7,1,8576.01,21,1.329,1.41,0.0814,True,104,0,16,32,1000.65,monte_carlo_run_633_seed_675.log
634,13,-1,1,1,-1,-1,676,3101,0.552,8.72,False,Solitudine / Nessun Contatto,,,Nessuna,201,0,201,23.06,40,27,2,1,1,36,36,36,0,20,17,3,8635.58,43,1.055,1.6,0.5448,True,158,0,45,66,1000.45,monte_carlo_run_634_seed_676.log
635,13,-1,1,1,-1,-1,677,3101,0.357,7.63,True,Incontro Flotta Deep-Space,416.51,10.73,Biosfera Primitiva,46,0,186,23.06,36,25,8,2,4,25,22,22,0,12,10,2,8580.61,33,1.364,1.527,0.1629,True,145,0,19,25,1000.16,monte_carlo_run_635_seed_677.log
636,13,-1,1,1,-1,-1,678,3101,0.534,7.27,True,Incontro Flotta Deep-Space,298.2,0.0,Biosfera Primitiva,27,1,102,24.66,18,14,3,1,1,14,14,14,0,11,10,1,8568.14,25,1.002,1.49,0.4888,True,82,0,28,57,1000.03,monte_carlo_run_636_seed_678.log
637,13,-1,1,1,-1,-1,679,3101,0.214,5.07,False,Solitudine / Nessun Contatto,,,Nessuna,47,0,47,19.22,7,6,2,1,1,5,5,5,0,2,2,0,8520.35,8,1.107,1.27,0.163,True,38,0,1,3,1002.73,monte_carlo_run_637_seed_679.log
638,13,-1,1,1,-1,-1,680,3101,0.357,6.16,True,Incontro Flotta Deep-Space,611.35,0.0,Biosfera Primitiva,32,0,56,14.22,10,7,1,1,0,8,8,8,0,4,3,1,8523.5,13,1.191,1.454,0.2637,True,45,0,6,11,1001.36,monte_carlo_run_638_seed_680.log
639,13,-1,1,1,-1,-1,681,3101,0.468,6.09,True,Incontro Flotta Deep-Space,764.49,7.91,Biosfera Primitiva,70,0,99,18.78,15,12,1,0,1,11,11,11,0,10,8,2,8571.33,19,0.712,1.422,0.7103,True,84,0,27,40,1000.66,monte_carlo_run_639_seed_681.log
640,13,-1,1,1,-1,-1,682,3101,0.545,10.85,True,Contatto Planetario / Biofirme,117.44,13.2,Ostile,14,0,152,20.79,29,19,5,1,4,21,7,7,0,5,4,1,8559.82,31,0.934,1.515,0.5808,True,121,0,20,58,1001.04,monte_carlo_run_640_seed_682.log
641,13,-1,1,1,-1,-1,683,3101,0.33,7.83,True,Incontro Flotta Deep-Space,251.45,6.75,Collaborativa,20,0,197,22.35,36,26,1,1,0,33,27,27,0,13,11,2,8606.98,50,1.091,1.6,0.5087,True,157,0,43,78,1000.07,monte_carlo_run_641_seed_683.log
642,13,-1,1,1,-1,-1,684,3101,0.566,11.69,True,Incontro Flotta Deep-Space,876.64,0.0,Biosfera Primitiva,107,0,125,13.68,20,17,2,1,0,17,17,17,0,10,6,4,8575.5,30,1.351,1.6,0.2494,True,104,0,24,35,1000.14,monte_carlo_run_642_seed_684.log
643,13,-1,1,1,-1,-1,685,3101,0.214,3.94,False,Solitudine / Nessun Contatto,,,Nessuna,2,0,2,0.48,2,2,2,1,1,0,0,0,0,0,0,0,8500.0,2,1.0,1.0,0.0,False,0,0,0,1,13.31,monte_carlo_run_643_seed_685.log
644,13,-1,1,1,-1,-1,686,3101,0.593,9.42,True,Contatto Planetario / Biofirme,119.3,13.13,Collaborativa,14,1,158,18.39,29,22,4,1,2,24,24,24,0,10,8,2,8574.07,34,1.289,1.6,0.3107,True,128,0,26,37,1000.29,monte_carlo_run_644_seed_686.log
645,13,-1,1,1,-1,-1,687,3101,0.598,14.18,True,Incontro Flotta Deep-Space,346.96,11.62,Collaborativa,56,0,259,28.69,41,35,6,1,2,35,34,34,0,21,16,5,8659.49,56,1.312,1.6,0.2876,True,216,0,58,72,1000.06,monte_carlo_run_645_seed_687.log
646,13,-1,1,1,-1,-1,688,3101,0.349,7.23,True,Incontro Flotta Deep-Space,217.35,5.35,Collaborativa,21,0,120,18.25,20,17,3,1,1,17,17,17,0,9,8,1,8561.16,22,1.261,1.502,0.2411,True,98,0,16,26,1000.81,monte_carlo_run_646_seed_688.log
647,13,-1,1,1,-1,-1,689,3101,0.375,5.76,True,Incontro Flotta Deep-Space,252.46,4.31,Biosfera Primitiva,18,0,108,15.94,19,15,1,1,0,15,13,13,0,11,11,0,8573.83,27,1.213,1.532,0.3182,True,91,0,35,64,1001.67,monte_carlo_run_647_seed_689.log
648,13,-1,1,1,-1,-1,690,3101,0.307,6.41,True,Incontro Flotta Deep-Space,775.78,6.79,Biosfera Primitiva,63,0,101,15.26,23,19,1,1,0,21,21,21,0,7,7,0,8549.76,24,1.139,1.445,0.3061,True,78,0,10,16,1000.3,monte_carlo_run_648_seed_690.log
649,13,-1,1,1,-1,-1,691,3101,0.533,13.14,True,Contatto Planetario / Biofirme,62.26,13.56,Predatoria,4,0,145,32.28,20,16,2,1,0,17,17,17,0,10,9,1,8567.7,28,1.504,1.597,0.0928,True,126,0,26,40,1000.36,monte_carlo_run_649_seed_691.log
650,13,-1,1,1,-1,-1,692,3101,0.239,4.63,False,Solitudine / Nessun Contatto,,,Nessuna,1,0,1,0.0,1,1,1,1,0,0,0,0,0,0,0,0,8500.0,2,1.0,1.0,0.0,False,0,0,0,0,0.02,monte_carlo_run_650_seed_692.log
651,14,-1,1,1,-1,1,693,3101,0.46,5.66,True,Incontro Flotta Deep-Space,913.86,10.6,Biosfera Primitiva,87,0,100,18.51,16,12,1,1,0,14,14,14,0,8,7,1,8549.69,22,1.135,1.329,0.1935,True,83,0,9,17,1001.09,monte_carlo_run_651_seed_693.log
652,14,-1,1,1,-1,1,694,3101,0.542,13.27,True,Contatto Planetario / Biofirme,28.38,14.0,Ostile,5,0,65,14.0,12,11,2,0,2,10,10,10,0,6,4,2,8542.49,17,0.965,1.438,0.4729,True,52,0,11,18,1001.93,monte_carlo_run_652_seed_694.log
653,14,-1,1,1,-1,1,695,3101,0.409,7.76,True,Incontro Flotta Deep-Space,278.83,5.38,Collaborativa,11,1,111,16.23,28,18,3,0,3,24,18,18,0,10,7,3,8575.87,32,0.834,1.522,0.688,True,80,0,29,46,1001.28,monte_carlo_run_653_seed_695.log
654,14,-1,1,1,-1,1,696,3101,0.371,8.07,True,Incontro Flotta Deep-Space,305.03,9.39,Biosfera Primitiva,59,0,230,21.28,39,31,4,3,0,35,21,21,0,7,7,0,8561.56,55,1.379,1.425,0.0458,True,188,0,23,50,1000.38,monte_carlo_run_654_seed_696.log
655,14,-1,1,1,-1,1,697,3101,0.512,8.4,True,Incontro Flotta Deep-Space,782.57,5.91,Biosfera Primitiva,123,0,169,12.85,32,25,4,1,3,28,28,28,0,16,12,4,8629.88,48,1.098,1.6,0.5021,True,136,0,64,80,1000.07,monte_carlo_run_655_seed_697.log
656,14,-1,1,1,-1,1,698,3101,0.579,10.65,True,Incontro Flotta Deep-Space,308.43,15.06,Collaborativa,44,2,201,24.89,36,19,2,2,0,32,31,31,0,15,10,5,8633.22,48,1.381,1.6,0.2186,True,160,0,35,42,1000.38,monte_carlo_run_656_seed_698.log
657,14,-1,1,1,-1,1,699,3101,0.34,5.67,True,Contatto Planetario / Biofirme,34.61,4.73,Collaborativa,3,0,77,14.3,11,9,2,0,2,8,8,8,0,5,4,1,8529.62,11,0.813,1.305,0.4922,True,65,0,5,12,1000.81,monte_carlo_run_657_seed_699.log
658,14,-1,1,1,-1,1,700,3101,0.339,5.41,False,Solitudine / Nessun Contatto,,,Nessuna,40,0,40,14.23,3,3,1,1,0,2,2,2,0,1,1,0,8507.9,5,1.238,0.803,-0.4351,False,37,0,0,1,1000.37,monte_carlo_run_658_seed_700.log
659,14,-1,1,1,-1,1,701,3101,0.523,8.66,True,Contatto Planetario / Biofirme,44.72,5.8,Collaborativa,5,0,36,13.08,5,4,2,1,1,3,3,3,0,1,1,0,8506.8,7,1.579,1.242,-0.3371,False,30,0,0,1,1000.05,monte_carlo_run_659_seed_701.log
660,14,-1,1,1,-1,1,702,3101,0.278,3.79,False,Solitudine / Nessun Contatto,,,Nessuna,39,0,39,4.02,6,4,1,1,0,4,1,1,0,1,1,0,8508.75,17,1.252,1.295,0.0432,True,28,0,4,8,1000.64,monte_carlo_run_660_seed_702.log
661,14,-1,1,1,-1,1,703,3101,0.423,10.12,True,Contatto Planetario / Biofirme,10.07,4.26,Collaborativa,2,0,107,12.22,23,20,3,1,2,20,17,17,0,11,8,3,8570.75,29,1.046,1.587,0.5405,True,81,0,31,47,1000.59,monte_carlo_run_661_seed_703.log
662,14,-1,1,1,-1,1,704,3101,0.283,4.27,False,Solitudine / Nessun Contatto,,,Nessuna,71,0,71,16.77,11,7,1,1,0,9,9,9,0,3,3,0,8535.92,12,1.02,1.226,0.206,True,57,0,1,5,1000.46,monte_carlo_run_662_seed_704.log
663,14,-1,1,1,-1,1,705,3101,0.247,4.04,False,Solitudine / Nessun Contatto,,,Nessuna,26,0,26,4.63,6,5,3,3,0,3,0,0,0,0,0,0,8500.0,18,1.537,1.537,0.0,False,17,0,5,9,1008.41,monte_carlo_run_663_seed_705.log
664,14,-1,1,1,-1,1,706,3101,0.39,5.99,True,Contatto Planetario / Biofirme,48.08,6.01,Cauta,7,0,83,15.62,11,10,3,2,1,8,8,8,0,6,6,0,8543.99,13,1.379,1.41,0.0318,True,69,0,7,13,1003.58,monte_carlo_run_664_seed_706.log
665,14,-1,1,1,-1,1,707,3101,0.329,7.25,True,Contatto Planetario / Biofirme,10.44,3.43,Diffidente,2,0,82,21.51,15,12,3,1,0,11,9,9,0,7,5,2,8548.3,22,1.3,1.498,0.1985,True,65,0,18,25,1001.16,monte_carlo_run_665_seed_707.log
666,14,-1,1,1,-1,1,708,3101,0.227,3.18,False,Solitudine / Nessun Contatto,,,Nessuna,2,0,2,2.43,1,1,1,1,0,0,0,0,0,0,0,0,8500.0,2,1.001,1.001,0.0,False,0,0,0,0,44.32,monte_carlo_run_666_seed_708.log
667,14,-1,1,1,-1,1,709,3101,0.544,10.91,True,Incontro Flotta Deep-Space,26.83,6.06,Diffidente,7,0,197,17.82,33,26,6,2,2,25,15,15,0,10,10,0,8595.44,52,1.022,1.6,0.5777,True,161,0,77,133,1001.0,monte_carlo_run_667_seed_709.log
668,14,-1,1,1,-1,1,710,3101,0.341,6.14,True,Incontro Flotta Deep-Space,969.23,12.22,Biosfera Primitiva,62,1,65,15.65,15,13,2,0,2,11,11,11,0,7,4,3,8556.54,20,0.979,1.508,0.5294,True,49,0,14,21,1002.33,monte_carlo_run_668_seed_710.log
669,14,-1,1,1,-1,1,711,3101,0.595,8.79,True,Incontro Flotta Deep-Space,454.63,10.54,Collaborativa,24,0,86,20.45,24,21,1,1,0,23,17,17,0,10,8,2,8602.8,32,1.206,1.497,0.2912,True,60,0,29,39,1000.03,monte_carlo_run_669_seed_711.log
670,14,-1,1,1,-1,1,712,3101,0.421,8.65,True,Incontro Flotta Deep-Space,0.04,5.66,Predatoria,4,0,184,16.8,37,31,5,0,3,30,15,15,0,10,8,2,8565.51,55,0.97,1.6,0.63,True,144,0,56,100,1000.71,monte_carlo_run_670_seed_712.log
671,14,-1,1,1,-1,1,713,3101,0.311,5.19,True,Contatto Planetario / Biofirme,129.54,6.03,Cauta,16,0,107,16.87,17,17,6,2,4,11,1,1,0,1,1,0,8507.04,27,1.293,0.301,-0.9914,False,87,0,8,19,1000.73,monte_carlo_run_671_seed_713.log
672,14,-1,1,1,-1,1,714,3101,0.35,5.6,False,Solitudine / Nessun Contatto,,,Nessuna,46,1,46,17.39,6,4,1,1,0,4,4,4,0,3,3,0,8524.91,6,1.138,1.149,0.0111,True,39,0,1,5,1001.69,monte_carlo_run_672_seed_714.log
673,14,-1,1,1,-1,1,715,3101,0.289,6.42,True,Contatto Planetario / Biofirme,109.38,8.87,Predatoria,6,0,97,19.49,19,12,2,1,1,16,16,16,0,7,6,1,8563.35,26,1.196,1.552,0.3561,True,77,0,12,21,1000.05,monte_carlo_run_673_seed_715.log
674,14,-1,1,1,-1,1,716,3101,0.285,6.57,True,Contatto Planetario / Biofirme,441.2,16.34,Cauta,72,1,165,16.34,24,16,5,2,2,18,6,6,0,4,4,0,8555.0,43,1.062,1.376,0.3142,True,139,0,23,50,1000.09,monte_carlo_run_674_seed_716.log
675,14,-1,1,1,-1,1,717,3101,0.311,7.51,True,Incontro Flotta Deep-Space,272.85,1.84,Biosfera Primitiva,41,2,263,25.17,44,32,4,3,1,36,18,18,0,12,7,5,8587.91,70,1.102,1.6,0.4984,True,214,0,69,102,1000.29,monte_carlo_run_675_seed_717.log
676,14,-1,1,1,-1,1,718,3101,0.291,4.67,False,Solitudine / Nessun Contatto,,,Nessuna,122,0,122,21.02,21,16,3,1,1,16,4,4,0,2,2,0,8516.88,36,0.806,0.881,0.075,True,97,0,19,55,1000.15,monte_carlo_run_676_seed_718.log
677,14,-1,1,1,-1,1,719,3101,0.533,7.1,True,Contatto Planetario / Biofirme,11.32,6.03,Collaborativa,5,0,165,17.99,28,24,3,1,1,25,21,21,0,10,10,0,8571.85,42,0.875,1.582,0.7069,True,135,0,37,77,1000.25,monte_carlo_run_677_seed_719.log
678,14,-1,1,1,-1,1,720,3101,0.596,8.48,True,Contatto Planetario / Biofirme,7.1,4.23,Predatoria,2,0,85,11.58,19,16,2,1,0,16,16,16,0,6,5,1,8535.74,18,1.125,1.481,0.3568,True,65,0,10,16,1000.31,monte_carlo_run_678_seed_720.log
679,14,-1,1,1,-1,1,721,3101,0.306,6.66,True,Incontro Flotta Deep-Space,510.24,9.13,Biosfera Primitiva,24,0,48,18.28,8,7,1,0,1,7,7,7,0,5,5,0,8531.42,12,0.728,1.454,0.7262,True,40,0,10,14,1000.82,monte_carlo_run_679_seed_721.log
680,14,-1,1,1,-1,1,722,3101,0.269,6.3,True,Contatto Planetario / Biofirme,76.27,9.93,Collaborativa,12,0,168,17.85,29,25,4,1,2,24,10,10,0,5,5,0,8547.15,46,1.03,1.195,0.1654,True,133,0,36,77,1000.33,monte_carlo_run_680_seed_722.log
681,14,-1,1,1,-1,1,723,3101,0.337,5.96,True,Contatto Planetario / Biofirme,329.46,7.41,Ostile,14,1,58,11.66,10,7,2,0,2,7,7,7,0,4,4,0,8532.31,9,0.952,1.114,0.1624,True,48,0,3,10,1001.36,monte_carlo_run_681_seed_723.log
682,14,-1,1,1,-1,1,724,3101,0.334,6.24,True,Incontro Flotta Deep-Space,765.06,11.48,Collaborativa,61,1,82,14.91,10,8,1,1,0,8,8,8,0,6,4,2,8533.12,14,1.296,1.42,0.1245,True,70,0,10,15,1000.48,monte_carlo_run_682_seed_724.log
683,14,-1,1,1,-1,1,725,3101,0.578,10.09,True,Contatto Planetario / Biofirme,361.18,34.94,Cauta,71,0,365,34.94,66,58,12,2,7,52,30,30,0,19,10,9,8646.56,109,1.231,1.6,0.3693,True,293,0,94,145,1000.19,monte_carlo_run_683_seed_725.log
684,14,-1,1,1,-1,1,726,3101,0.417,8.55,True,Incontro Flotta Deep-Space,387.58,6.59,Biosfera Primitiva,29,0,124,13.51,18,14,2,1,1,15,15,15,0,8,6,2,8566.61,28,1.188,1.6,0.4119,True,104,0,17,24,1000.04,monte_carlo_run_684_seed_726.log
685,14,-1,1,1,-1,1,727,3101,0.26,4.53,False,Solitudine / Nessun Contatto,,,Nessuna,37,0,37,25.56,4,2,1,1,0,3,3,3,0,1,1,0,8509.12,7,1.534,1.296,-0.2385,False,33,0,0,0,1000.29,monte_carlo_run_685_seed_727.log
686,14,-1,1,1,-1,1,728,3101,0.38,8.89,True,Incontro Flotta Deep-Space,670.85,6.41,Biosfera Primitiva,88,0,138,15.65,21,17,3,0,3,18,16,16,0,12,10,2,8594.88,25,0.892,1.57,0.6787,True,115,0,34,47,1000.57,monte_carlo_run_686_seed_728.log
687,14,-1,1,1,-1,1,729,3101,0.427,9.02,True,Contatto Planetario / Biofirme,11.19,4.78,Cauta,2,0,52,8.3,11,8,3,2,1,6,6,6,0,4,4,0,8526.45,12,1.389,1.327,-0.0615,False,41,0,1,7,1003.96,monte_carlo_run_687_seed_729.log
688,14,-1,1,1,-1,1,730,3101,0.264,5.31,False,Solitudine / Nessun Contatto,,,Nessuna,71,0,71,8.78,11,9,2,1,1,9,9,9,0,6,6,0,8548.42,13,1.347,1.25,-0.0968,False,56,0,4,10,1000.59,monte_carlo_run_688_seed_730.log
689,14,-1,1,1,-1,1,731,3101,0.395,7.22,True,Contatto Planetario / Biofirme,20.31,7.13,Cauta,6,0,223,22.96,45,42,7,1,4,38,20,20,0,10,6,4,8568.59,73,1.096,1.6,0.5042,True,173,0,51,106,1000.47,monte_carlo_run_689_seed_731.log
690,14,-1,1,1,-1,1,732,3101,0.542,9.67,True,Contatto Planetario / Biofirme,9.31,5.05,Collaborativa,2,0,140,19.31,19,16,2,1,1,17,17,17,0,10,8,2,8578.43,32,1.438,1.507,0.0696,True,120,0,19,29,1000.4,monte_carlo_run_690_seed_732.log
691,14,-1,1,1,-1,1,733,3101,0.344,7.58,True,Contatto Planetario / Biofirme,44.63,7.64,Ostile,4,1,122,20.54,23,16,2,2,0,19,18,18,0,11,9,2,8570.0,26,1.1,1.352,0.2517,True,98,0,16,31,1000.42,monte_carlo_run_691_seed_733.log
692,14,-1,1,1,-1,1,734,3101,0.503,11.74,False,Solitudine / Nessun Contatto,,,Nessuna,143,0,143,13.03,32,28,1,0,1,30,28,28,0,19,14,5,8621.6,56,0.993,1.6,0.6068,True,107,0,99,135,1000.02,monte_carlo_run_692_seed_734.log
693,14,-1,1,1,-1,1,735,3101,0.28,4.92,True,Incontro Flotta Deep-Space,924.76,3.92,Biosfera Primitiva,52,0,54,27.33,12,11,3,1,1,8,8,8,0,3,3,0,8525.14,12,1.138,1.233,0.0958,True,41,0,2,5,1002.55,monte_carlo_run_693_seed_735.log
694,14,-1,1,1,-1,1,736,3101,0.261,4.74,True,Contatto Planetario / Biofirme,15.56,4.06,Diffidente,2,0,47,15.07,9,6,2,1,0,7,7,7,0,3,3,0,8533.75,10,1.185,1.255,0.0704,True,37,0,2,6,1002.31,monte_carlo_run_694_seed_736.log
695,14,-1,1,1,-1,1,737,3101,0.452,10.39,True,Contatto Planetario / Biofirme,87.55,14.66,Collaborativa,14,0,228,23.72,38,29,7,1,6,27,14,14,0,6,4,2,8536.12,56,1.58,1.483,-0.0971,False,185,0,24,44,1000.11,monte_carlo_run_695_seed_737.log
696,14,-1,1,1,-1,1,738,3101,0.576,10.6,True,Contatto Planetario / Biofirme,163.43,19.48,Collaborativa,50,0,454,24.57,76,59,8,4,4,64,28,28,0,18,11,7,8636.64,130,1.547,1.508,-0.0386,False,371,0,119,195,1000.15,monte_carlo_run_696_seed_738.log
697,14,-1,1,1,-1,1,739,3101,0.25,4.25,True,Incontro Flotta Deep-Space,290.81,0.0,Biosfera Primitiva,33,0,77,19.81,15,13,4,2,2,10,2,2,0,2,2,0,8508.53,29,1.179,0.734,-0.4447,False,55,0,12,25,1000.11,monte_carlo_run_697_seed_739.log
698,14,-1,1,1,-1,1,740,3101,0.222,5.09,True,Incontro Flotta Deep-Space,471.97,9.63,Biosfera Primitiva,22,0,61,15.94,9,9,1,0,1,8,8,8,0,6,4,2,8549.77,16,0.891,1.489,0.5972,True,49,0,12,18,1000.39,monte_carlo_run_698_seed_740.log
699,14,-1,1,1,-1,1,741,3101,0.574,12.99,True,Incontro Flotta Deep-Space,750.04,9.01,Biosfera Primitiva,115,1,157,19.38,20,15,2,1,1,16,9,9,0,8,8,0,8562.41,34,1.123,1.575,0.4517,True,134,0,18,29,1000.41,monte_carlo_run_699_seed_741.log
700,14,-1,1,1,-1,1,742,3101,0.336,8.07,True,Incontro Flotta Deep-Space,459.9,9.03,Biosfera Primitiva,118,0,274,13.2,42,35,4,3,1,35,9,9,0,6,6,0,8532.93,77,1.034,1.35,0.3155,True,229,0,80,118,1000.37,monte_carlo_run_700_seed_742.log
701,15,-1,1,1,1,-1,743,3101,0.551,13.38,True,Contatto Planetario / Biofirme,481.22,18.21,Diffidente,28,0,112,27.03,11,8,3,1,2,8,8,8,0,4,4,0,8530.25,11,1.295,1.179,-0.1167,False,101,0,3,6,1001.28,monte_carlo_run_701_seed_743.log
702,15,-1,1,1,1,-1,744,3101,0.228,3.95,False,Solitudine / Nessun Contatto,,,Nessuna,33,0,33,10.44,3,2,2,2,0,0,0,0,0,0,0,0,8500.0,6,1.6,1.6,0.0,False,27,0,2,2,1005.48,monte_carlo_run_702_seed_744.log
703,15,-1,1,1,1,-1,745,3101,0.566,11.1,True,Incontro Flotta Deep-Space,434.35,1.0,Biosfera Primitiva,70,0,148,18.29,11,8,1,1,0,10,10,10,0,7,7,0,8546.78,17,1.257,1.508,0.2513,True,135,0,10,16,1000.59,monte_carlo_run_703_seed_745.log
704,15,-1,1,1,1,-1,746,3101,0.462,11.37,False,Solitudine / Nessun Contatto,,,Nessuna,83,0,83,11.11,7,5,2,1,1,5,5,5,0,2,2,0,8516.42,8,1.344,0.768,-0.5763,False,77,0,2,4,1004.97,monte_carlo_run_704_seed_746.log
705,15,-1,1,1,1,-1,747,3101,0.523,11.48,True,Contatto Planetario / Biofirme,51.88,15.39,Ostile,5,0,130,16.03,11,9,2,1,0,9,9,9,0,6,5,1,8544.12,19,1.578,1.484,-0.0937,False,115,0,10,14,1000.47,monte_carlo_run_705_seed_747.log
706,15,-1,1,1,1,-1,748,3101,0.391,5.33,False,Solitudine / Nessun Contatto,,,Nessuna,66,0,66,24.18,5,3,1,1,0,4,4,4,0,1,1,0,8506.0,7,1.6,1.021,-0.5792,False,58,0,0,0,1002.35,monte_carlo_run_706_seed_748.log
707,15,-1,1,1,1,-1,749,3101,0.274,5.28,True,Incontro Flotta Deep-Space,248.65,4.81,Biosfera Primitiva,10,0,41,25.3,5,4,3,2,0,2,2,2,0,2,1,1,8519.17,11,1.016,1.463,0.447,True,37,0,4,7,1002.4,monte_carlo_run_707_seed_749.log
708,15,-1,1,1,1,-1,750,3101,0.31,7.16,True,Incontro Flotta Deep-Space,472.2,0.0,Biosfera Primitiva,35,0,91,10.56,8,6,3,2,1,4,3,3,0,2,2,0,8513.21,14,1.437,1.411,-0.0254,False,81,0,5,8,1000.13,monte_carlo_run_708_seed_750.log
709,15,-1,1,1,1,-1,751,3101,0.416,6.04,False,Solitudine / Nessun Contatto,,,Nessuna,36,1,36,13.95,4,1,1,1,0,1,1,1,0,1,1,0,8510.86,4,1.337,0.1,-1.2365,False,33,0,1,3,1004.72,monte_carlo_run_709_seed_751.log
710,15,-1,1,1,1,-1,752,3101,0.543,9.65,True,Incontro Flotta Deep-Space,917.53,11.8,Biosfera Primitiva,61,0,71,16.12,7,6,1,1,0,5,5,5,0,4,4,0,8525.72,12,1.287,1.374,0.0868,True,63,0,4,9,1000.42,monte_carlo_run_710_seed_752.log
711,15,-1,1,1,1,-1,753,3101,0.496,7.55,False,Solitudine / Nessun Contatto,,,Nessuna,67,0,67,17.81,5,3,1,1,0,3,3,3,0,3,3,0,8516.78,7,1.36,1.352,-0.0088,False,62,0,3,6,1006.09,monte_carlo_run_711_seed_753.log
712,15,-1,1,1,1,-1,754,3101,0.495,6.16,True,Contatto Planetario / Biofirme,144.72,11.33,Cauta,12,0,51,21.08,4,4,2,1,1,2,2,2,0,2,2,0,8516.94,6,1.091,0.643,-0.4475,False,47,0,1,3,1000.7,monte_carlo_run_712_seed_754.log
713,15,-1,1,1,1,-1,755,3101,0.272,3.27,False,Solitudine / Nessun Contatto,,,Nessuna,5,0,5,3.6,1,1,1,1,0,0,0,0,0,0,0,0,8500.0,2,1.031,1.031,0.0,False,3,0,0,0,169.63,monte_carlo_run_713_seed_755.log
714,15,-1,1,1,1,-1,756,3101,0.383,7.29,True,Incontro Flotta Deep-Space,921.92,12.62,Collaborativa,80,0,87,20.09,6,3,1,1,0,5,5,5,0,4,4,0,8519.86,12,1.191,1.3,0.1096,True,80,0,1,6,1000.67,monte_carlo_run_714_seed_756.log
715,15,-1,1,1,1,-1,757,3101,0.461,10.19,True,Incontro Flotta Deep-Space,207.77,1.91,Biosfera Primitiva,9,0,69,17.36,2,2,1,1,0,1,1,1,0,1,1,0,8506.57,6,1.6,1.233,-0.3667,False,64,0,0,1,1002.18,monte_carlo_run_715_seed_757.log
716,15,-1,1,1,1,-1,758,3101,0.43,6.76,True,Incontro Flotta Deep-Space,326.48,8.02,Collaborativa,21,0,80,16.06,7,4,1,1,0,5,5,5,0,3,3,0,8519.53,9,1.128,1.388,0.2602,True,71,0,3,7,1003.09,monte_carlo_run_716_seed_758.log
717,15,-1,1,1,1,-1,759,3101,0.381,9.23,True,Contatto Planetario / Biofirme,13.54,5.16,Ostile,2,0,36,14.43,4,4,2,1,1,2,2,2,0,2,2,0,8511.93,5,1.143,1.327,0.1842,True,32,0,1,3,1001.03,monte_carlo_run_717_seed_759.log
718,15,-1,1,1,1,-1,760,3101,0.423,10.29,False,Solitudine / Nessun Contatto,,,Nessuna,93,0,93,15.17,4,2,1,1,0,3,3,3,0,2,2,0,8510.92,7,1.585,1.241,-0.3441,False,88,0,1,3,1000.83,monte_carlo_run_718_seed_760.log
719,15,-1,1,1,1,-1,761,3101,0.534,12.98,True,Incontro Flotta Deep-Space,279.98,0.0,Biosfera Primitiva,27,1,153,26.74,17,12,1,1,0,13,13,13,0,6,6,0,8547.37,21,1.6,1.363,-0.2367,False,136,0,11,24,1002.18,monte_carlo_run_719_seed_761.log
720,15,-1,1,1,1,-1,762,3101,0.282,6.23,False,Solitudine / Nessun Contatto,,,Nessuna,38,0,38,14.92,1,1,1,1,0,0,0,0,0,0,0,0,8500.0,4,1.6,1.6,0.0,False,37,0,0,0,1002.48,monte_carlo_run_720_seed_762.log
721,15,-1,1,1,1,-1,763,3101,0.578,7.53,True,Incontro Flotta Deep-Space,521.89,19.03,Collaborativa,43,0,89,25.64,9,7,1,1,0,8,8,8,0,3,3,0,8530.67,12,1.544,1.365,-0.1796,False,80,0,1,2,1000.4,monte_carlo_run_721_seed_763.log
722,15,-1,1,1,1,-1,764,3101,0.464,5.99,False,Solitudine / Nessun Contatto,,,Nessuna,37,1,37,20.63,4,2,1,1,0,2,2,2,0,0,0,0,8501.31,5,1.6,0.843,-0.7567,False,32,0,0,0,1003.14,monte_carlo_run_722_seed_764.log
723,15,-1,1,1,1,-1,765,3101,0.594,12.86,True,Incontro Flotta Deep-Space,211.78,4.56,Biosfera Primitiva,21,0,115,25.15,6,6,1,1,0,5,5,5,0,5,5,0,8528.68,17,1.6,1.539,-0.0614,False,109,0,7,9,1001.73,monte_carlo_run_723_seed_765.log
724,15,-1,1,1,1,-1,766,3101,0.459,11.08,False,Solitudine / Nessun Contatto,,,Nessuna,106,0,106,26.6,12,9,2,1,0,9,9,9,0,3,1,2,8523.84,13,1.283,1.314,0.0314,True,93,0,4,8,1000.09,monte_carlo_run_724_seed_766.log
725,15,-1,1,1,1,-1,767,3101,0.438,8.55,True,Contatto Planetario / Biofirme,435.5,9.78,Cauta,39,1,70,21.94,10,7,2,2,0,7,7,7,0,6,6,0,8537.02,15,1.192,1.412,0.2194,True,59,0,4,8,1001.05,monte_carlo_run_725_seed_767.log
726,15,-1,1,1,1,-1,768,3101,0.27,6.28,False,Solitudine / Nessun Contatto,,,Nessuna,19,0,19,10.79,2,1,1,1,0,1,1,1,0,1,1,0,8503.82,5,1.368,1.081,-0.2875,False,17,0,0,1,1002.66,monte_carlo_run_726_seed_768.log
727,15,-1,1,1,1,-1,769,3101,0.577,11.8,False,Solitudine / Nessun Contatto,,,Nessuna,156,0,156,22.99,17,14,1,1,0,16,15,15,0,7,5,2,8561.05,26,1.509,1.426,-0.0828,False,138,0,8,11,1000.43,monte_carlo_run_727_seed_769.log
728,15,-1,1,1,1,-1,770,3101,0.417,9.17,True,Incontro Flotta Deep-Space,233.66,6.32,Biosfera Primitiva,18,0,87,16.1,3,2,1,1,0,2,2,2,0,2,2,0,8512.71,7,1.423,1.213,-0.2102,False,82,0,0,2,1005.07,monte_carlo_run_728_seed_770.log
729,15,-1,1,1,1,-1,771,3101,0.42,6.8,True,Contatto Planetario / Biofirme,190.49,11.87,Diffidente,11,0,81,17.7,8,7,2,1,1,6,6,6,0,3,3,0,8522.83,10,1.198,1.213,0.0151,True,71,0,2,6,1001.05,monte_carlo_run_729_seed_771.log
730,15,-1,1,1,1,-1,772,3101,0.381,5.23,False,Solitudine / Nessun Contatto,,,Nessuna,39,0,39,16.91,4,4,1,1,0,3,3,3,0,2,2,0,8517.43,7,1.124,1.194,0.0694,True,35,0,1,3,1000.92,monte_carlo_run_730_seed_772.log
731,15,-1,1,1,1,-1,773,3101,0.334,7.74,False,Solitudine / Nessun Contatto,,,Nessuna,46,0,46,11.8,2,2,1,1,0,1,1,1,0,0,0,0,8500.91,5,1.6,0.879,-0.7211,False,43,0,0,0,1000.16,monte_carlo_run_731_seed_773.log
732,15,-1,1,1,1,-1,774,3101,0.506,12.36,False,Solitudine / Nessun Contatto,,,Nessuna,80,1,80,22.95,9,7,1,1,0,6,6,6,0,1,1,0,8511.87,9,1.6,1.204,-0.3959,False,69,0,0,1,1000.28,monte_carlo_run_732_seed_774.log
733,15,-1,1,1,1,-1,775,3101,0.396,9.87,True,Incontro Flotta Deep-Space,545.83,10.63,Biosfera Primitiva,44,0,93,17.99,11,10,1,1,0,9,9,9,0,3,3,0,8521.38,11,1.331,1.23,-0.1012,False,80,0,1,4,1001.42,monte_carlo_run_733_seed_775.log
734,15,-1,1,1,1,-1,776,3101,0.4,8.69,True,Incontro Flotta Deep-Space,663.65,8.24,Biosfera Primitiva,42,1,83,23.4,11,9,1,1,0,9,9,9,0,5,5,0,8538.35,14,1.195,1.276,0.0808,True,71,0,3,6,1002.16,monte_carlo_run_734_seed_776.log
735,15,-1,1,1,1,-1,777,3101,0.571,7.79,True,Incontro Flotta Deep-Space,213.2,4.69,Biosfera Primitiva,16,0,57,16.75,4,2,1,1,0,1,1,1,0,1,1,0,8503.16,6,1.6,1.362,-0.2381,False,53,0,3,5,1002.7,monte_carlo_run_735_seed_777.log
736,15,-1,1,1,1,-1,778,3101,0.44,5.38,True,Contatto Planetario / Biofirme,613.95,21.67,Collaborativa,53,1,99,25.9,10,6,3,1,2,5,4,4,0,2,2,0,8520.61,14,1.257,1.467,0.2098,True,89,0,2,5,1000.48,monte_carlo_run_736_seed_778.log
737,15,-1,1,1,1,-1,779,3101,0.538,11.95,True,Incontro Flotta Deep-Space,743.78,13.26,Collaborativa,123,0,145,22.54,11,6,1,1,0,9,9,9,0,5,4,1,8532.76,18,1.469,1.466,-0.0025,False,133,0,8,12,1001.63,monte_carlo_run_737_seed_779.log
738,15,-1,1,1,1,-1,780,3101,0.391,4.84,False,Solitudine / Nessun Contatto,,,Nessuna,4,0,4,4.65,2,2,2,0,2,0,0,0,0,0,0,0,8500.0,1,0.648,0.648,0.0,False,2,0,0,1,152.59,monte_carlo_run_738_seed_780.log
739,15,-1,1,1,1,-1,781,3101,0.585,12.1,True,Contatto Planetario / Biofirme,55.88,15.92,Cauta,4,0,72,21.82,8,8,5,3,0,3,3,3,0,2,2,0,8512.7,6,1.189,1.105,-0.0847,False,64,0,0,6,1005.3,monte_carlo_run_739_seed_781.log
740,15,-1,1,1,1,-1,782,3101,0.587,8.64,False,Solitudine / Nessun Contatto,,,Nessuna,87,0,87,25.05,5,3,1,1,0,3,3,3,0,1,1,0,8509.05,5,1.6,1.048,-0.552,False,80,0,1,2,1001.96,monte_carlo_run_740_seed_782.log
741,15,-1,1,1,1,-1,783,3101,0.546,8.32,True,Incontro Flotta Deep-Space,947.1,9.63,Biosfera Primitiva,89,0,96,24.13,7,4,1,1,0,6,6,6,0,3,3,0,8524.98,10,1.461,1.208,-0.2528,False,89,0,1,4,1002.35,monte_carlo_run_741_seed_783.log
742,15,-1,1,1,1,-1,784,3101,0.271,4.57,False,Solitudine / Nessun Contatto,,,Nessuna,29,0,29,17.06,1,1,1,1,0,0,0,0,0,0,0,0,8500.0,4,1.569,1.569,0.0,False,26,0,0,0,1003.63,monte_carlo_run_742_seed_784.log
743,15,-1,1,1,1,-1,785,3101,0.526,8.54,True,Incontro Flotta Deep-Space,725.1,7.04,Collaborativa,56,0,70,19.83,4,2,1,1,0,2,2,2,0,2,1,1,8512.58,7,1.544,1.261,-0.2833,False,65,0,2,4,1003.01,monte_carlo_run_743_seed_785.log
744,15,-1,1,1,1,-1,786,3101,0.393,7.95,False,Solitudine / Nessun Contatto,,,Nessuna,84,0,84,16.71,9,7,1,1,0,8,8,8,0,5,5,0,8532.55,14,1.386,1.297,-0.0891,False,75,0,7,10,1001.74,monte_carlo_run_744_seed_786.log
745,15,-1,1,1,1,-1,787,3101,0.415,6.74,False,Solitudine / Nessun Contatto,,,Nessuna,83,1,83,18.48,7,5,1,1,0,5,5,5,0,3,3,0,8515.75,9,1.44,1.305,-0.1348,False,76,0,1,6,1002.2,monte_carlo_run_745_seed_787.log
746,15,-1,1,1,1,-1,788,3101,0.37,7.98,True,Contatto Planetario / Biofirme,740.19,14.72,Cauta,53,0,84,20.56,10,4,2,2,0,6,6,6,0,4,4,0,8538.12,10,1.214,1.307,0.0926,True,73,0,5,8,1000.88,monte_carlo_run_746_seed_788.log
747,15,-1,1,1,1,-1,789,3101,0.347,7.27,False,Solitudine / Nessun Contatto,,,Nessuna,48,0,48,14.59,7,3,1,1,0,4,4,4,0,1,1,0,8508.0,6,1.451,1.05,-0.401,False,41,0,2,3,1001.8,monte_carlo_run_747_seed_789.log
748,15,-1,1,1,1,-1,790,3101,0.432,10.11,False,Solitudine / Nessun Contatto,,,Nessuna,101,0,101,14.08,12,9,1,1,0,10,10,10,0,6,5,1,8540.48,17,1.288,1.47,0.1818,True,88,0,11,18,1000.28,monte_carlo_run_748_seed_790.log
749,15,-1,1,1,1,-1,791,3101,0.314,5.5,False,Solitudine / Nessun Contatto,,,Nessuna,89,0,89,21.6,9,6,1,1,0,8,8,8,0,6,6,0,8550.8,12,1.385,1.314,-0.0709,False,80,0,2,12,1001.53,monte_carlo_run_749_seed_791.log
750,15,-1,1,1,1,-1,792,3101,0.54,9.95,True,Contatto Planetario / Biofirme,8.01,4.33,Predatoria,2,0,89,15.54,7,4,3,2,1,3,3,3,0,2,2,0,8509.16,10,1.6,1.351,-0.2487,False,83,0,4,6,1000.23,monte_carlo_run_750_seed_792.log
751,16,-1,1,1,1,1,793,3101,0.288,5.09,False,Solitudine / Nessun Contatto,,,Nessuna,78,0,78,14.73,5,3,1,1,0,4,4,4,0,3,3,0,8519.33,9,1.271,1.6,0.3286,True,71,0,1,3,1001.92,monte_carlo_run_751_seed_793.log
752,16,-1,1,1,1,1,794,3101,0.476,7.39,True,Incontro Flotta Deep-Space,162.79,5.34,Diffidente,21,0,73,12.68,3,3,2,2,0,1,1,1,0,1,1,0,8506.63,8,1.211,0.1,-1.1109,False,70,0,1,3,1000.9,monte_carlo_run_752_seed_794.log
753,16,-1,1,1,1,1,795,3101,0.5,11.89,True,Incontro Flotta Deep-Space,507.2,8.28,Collaborativa,79,0,139,19.07,12,6,1,1,0,9,5,5,0,3,3,0,8528.34,26,1.6,1.335,-0.2655,False,127,0,5,15,1000.28,monte_carlo_run_753_seed_795.log
754,16,-1,1,1,1,1,796,3101,0.461,6.84,False,Solitudine / Nessun Contatto,,,Nessuna,32,1,32,15.2,4,2,1,1,0,2,2,2,0,1,1,0,8504.18,7,1.352,0.997,-0.3552,False,28,0,0,1,1005.02,monte_carlo_run_754_seed_796.log
755,16,-1,1,1,1,1,797,3101,0.363,6.69,True,Incontro Flotta Deep-Space,423.39,20.87,Collaborativa,24,0,50,21.18,8,7,1,1,0,7,7,7,0,4,3,1,8531.2,13,1.214,1.413,0.1982,True,42,0,6,7,1000.49,monte_carlo_run_755_seed_797.log
756,16,-1,1,1,1,1,798,3101,0.539,10.13,False,Solitudine / Nessun Contatto,,,Nessuna,88,0,88,13.58,8,4,1,1,0,7,7,7,0,3,3,0,8533.26,10,1.194,1.154,-0.0403,False,78,0,2,5,1000.02,monte_carlo_run_756_seed_798.log
757,16,-1,1,1,1,1,799,3101,0.394,9.28,True,Incontro Flotta Deep-Space,237.4,7.56,Biosfera Primitiva,37,0,192,15.34,18,14,2,1,1,13,2,2,0,2,2,0,8515.01,34,1.427,1.276,-0.1513,False,170,0,8,21,1001.32,monte_carlo_run_757_seed_799.log
758,16,-1,1,1,1,1,800,3101,0.376,7.79,True,Incontro Flotta Deep-Space,448.53,0.0,Diffidente,92,0,193,14.41,12,9,2,1,1,8,1,1,0,0,0,0,8500.7,30,1.6,0.887,-0.7129,False,176,0,9,15,1000.47,monte_carlo_run_758_seed_800.log
759,16,-1,1,1,1,1,801,3101,0.356,7.81,False,Solitudine / Nessun Contatto,,,Nessuna,71,0,71,15.56,6,6,2,1,1,4,4,4,0,1,1,0,8511.77,7,1.6,1.182,-0.4176,False,63,0,0,1,1001.89,monte_carlo_run_759_seed_801.log
760,16,-1,1,1,1,1,802,3101,0.372,4.47,False,Solitudine / Nessun Contatto,,,Nessuna,43,0,43,0.0,6,3,1,1,0,4,0,0,0,0,0,0,8500.0,14,1.023,1.023,0.0,False,36,0,0,3,1001.97,monte_carlo_run_760_seed_802.log
761,16,-1,1,1,1,1,803,3101,0.242,2.99,False,Solitudine / Nessun Contatto,,,Nessuna,12,0,12,0.0,3,2,2,2,0,0,0,0,0,0,0,0,8500.0,10,1.105,1.105,0.0,False,6,0,1,3,368.22,monte_carlo_run_761_seed_803.log
762,16,-1,1,1,1,1,804,3101,0.584,8.49,True,Incontro Flotta Deep-Space,682.78,0.0,Collaborativa,66,0,113,19.28,13,9,1,1,0,11,11,11,0,8,6,2,8564.86,25,1.394,1.6,0.2058,True,98,0,19,26,1000.06,monte_carlo_run_762_seed_804.log
763,16,-1,1,1,1,1,805,3101,0.488,11.2,True,Incontro Flotta Deep-Space,351.08,11.58,Leale alla Madrepatria,46,0,149,28.24,13,11,2,1,1,11,5,5,0,3,3,0,8513.3,25,1.6,1.111,-0.4886,False,133,0,11,27,1001.13,monte_carlo_run_763_seed_805.log
764,16,-1,1,1,1,1,806,3101,0.289,4.15,False,Solitudine / Nessun Contatto,,,Nessuna,25,0,25,11.64,2,2,1,1,0,1,1,1,0,1,1,0,8503.66,3,1.032,0.1,-0.9316,False,21,0,0,1,1001.87,monte_carlo_run_764_seed_806.log
765,16,-1,1,1,1,1,807,3101,0.347,8.14,False,Solitudine / Nessun Contatto,,,Nessuna,88,0,88,27.8,6,4,1,1,0,5,5,5,0,2,2,0,8510.99,9,1.522,0.98,-0.5422,False,81,0,0,1,1000.58,monte_carlo_run_765_seed_807.log
766,16,-1,1,1,1,1,808,3101,0.264,5.61,False,Solitudine / Nessun Contatto,,,Nessuna,83,0,83,17.26,4,3,2,2,0,2,2,2,0,1,1,0,8504.48,10,1.4,0.838,-0.5618,False,76,0,1,2,1001.79,monte_carlo_run_766_seed_808.log
767,16,-1,1,1,1,1,809,3101,0.479,5.88,False,Solitudine / Nessun Contatto,,,Nessuna,68,0,68,29.37,5,2,1,1,0,4,4,4,0,0,0,0,8506.2,7,1.6,0.941,-0.6592,False,63,0,0,0,1001.04,monte_carlo_run_767_seed_809.log
768,16,-1,1,1,1,1,810,3101,0.575,12.63,True,Contatto Planetario / Biofirme,82.51,14.46,Collaborativa,7,1,65,23.94,9,5,3,1,2,5,5,5,0,3,3,0,8516.1,11,1.349,1.445,0.0956,True,56,0,3,6,1001.04,monte_carlo_run_768_seed_810.log
769,16,-1,1,1,1,1,811,3101,0.578,11.72,True,Incontro Flotta Deep-Space,277.02,15.09,Cauta,49,0,169,19.18,18,15,3,2,1,15,15,15,0,10,7,3,8570.36,32,1.53,1.593,0.0631,True,149,0,23,31,1000.8,monte_carlo_run_769_seed_811.log
770,16,-1,1,1,1,1,812,3101,0.22,4.15,False,Solitudine / Nessun Contatto,,,Nessuna,19,0,19,10.09,1,1,1,1,0,0,0,0,0,0,0,0,8500.0,4,1.509,1.509,0.0,False,17,0,0,0,1001.31,monte_carlo_run_770_seed_812.log
771,16,-1,1,1,1,1,813,3101,0.571,7.88,True,Contatto Planetario / Biofirme,327.48,13.56,Predatoria,40,0,110,18.6,7,5,4,2,2,3,2,2,0,1,1,0,8505.07,13,1.507,0.868,-0.6389,False,103,0,1,5,1002.4,monte_carlo_run_771_seed_813.log
772,16,-1,1,1,1,1,814,3101,0.476,6.46,True,Incontro Flotta Deep-Space,337.1,1.62,Predatoria,59,2,133,15.21,14,8,1,1,0,9,3,3,0,1,1,0,8507.05,27,1.6,0.983,-0.6172,False,116,0,5,17,1000.46,monte_carlo_run_772_seed_814.log
773,16,-1,1,1,1,1,815,3101,0.458,8.1,True,Contatto Planetario / Biofirme,265.21,9.63,Diffidente,22,0,108,16.34,14,10,2,1,1,11,11,11,0,9,9,0,8558.16,19,1.158,1.416,0.258,True,89,0,23,36,1000.19,monte_carlo_run_773_seed_815.log
774,16,-1,1,1,1,1,816,3101,0.245,6.06,True,Incontro Flotta Deep-Space,15.85,4.84,Diffidente,5,0,107,6.38,12,11,4,3,1,8,1,1,0,0,0,0,8500.75,29,1.37,0.817,-0.5537,False,96,0,7,22,1002.4,monte_carlo_run_774_seed_816.log
775,16,-1,1,1,1,1,817,3101,0.314,4.8,False,Solitudine / Nessun Contatto,,,Nessuna,26,0,26,18.32,1,1,1,1,0,0,0,0,0,0,0,0,8500.0,4,1.485,1.485,0.0,False,22,0,0,0,1005.39,monte_carlo_run_775_seed_817.log
776,16,-1,1,1,1,1,818,3101,0.276,5.91,False,Solitudine / Nessun Contatto,,,Nessuna,40,0,40,14.03,7,4,1,1,0,4,4,4,0,1,1,0,8515.6,5,1.044,0.854,-0.1893,False,33,0,0,1,1001.43,monte_carlo_run_776_seed_818.log
777,16,-1,1,1,1,1,819,3101,0.396,6.61,False,Solitudine / Nessun Contatto,,,Nessuna,84,0,84,18.89,8,6,1,1,0,7,7,7,0,3,3,0,8516.55,15,1.362,1.495,0.133,True,75,0,0,6,1000.1,monte_carlo_run_777_seed_819.log
778,16,-1,1,1,1,1,820,3101,0.327,6.0,False,Solitudine / Nessun Contatto,,,Nessuna,41,0,41,20.57,3,3,1,1,0,2,2,2,0,1,1,0,8507.63,6,1.243,0.827,-0.4156,False,38,0,0,1,1003.62,monte_carlo_run_778_seed_820.log
779,16,-1,1,1,1,1,821,3101,0.44,7.37,True,Incontro Flotta Deep-Space,679.98,11.04,Biosfera Primitiva,36,0,56,13.34,6,4,1,1,0,5,5,5,0,3,2,1,8520.25,11,1.413,1.28,-0.1332,False,49,0,2,5,1003.42,monte_carlo_run_779_seed_821.log
780,16,-1,1,1,1,1,822,3101,0.422,6.58,True,Incontro Flotta Deep-Space,732.38,4.8,Biosfera Primitiva,64,1,131,25.94,11,7,1,1,0,9,8,8,0,5,3,2,8528.15,17,1.236,1.514,0.2784,True,115,0,10,15,1001.3,monte_carlo_run_780_seed_822.log
781,16,-1,1,1,1,1,823,3101,0.243,5.43,True,Incontro Flotta Deep-Space,250.92,0.0,Diffidente,28,0,55,17.43,5,3,1,1,0,2,0,0,0,0,0,0,8500.0,16,1.6,1.6,0.0,False,50,0,4,6,1006.28,monte_carlo_run_781_seed_823.log
782,16,-1,1,1,1,1,824,3101,0.492,6.85,True,Incontro Flotta Deep-Space,209.75,8.5,Collaborativa,28,0,87,15.98,10,6,1,1,0,8,3,3,0,3,3,0,8524.23,25,1.057,1.404,0.3469,True,76,0,5,15,1002.81,monte_carlo_run_782_seed_824.log
783,16,-1,1,1,1,1,825,3101,0.413,5.64,True,Contatto Planetario / Biofirme,135.94,7.65,Ostile,9,0,47,12.85,5,4,2,1,0,3,3,3,0,2,2,0,8513.19,6,1.267,1.174,-0.0931,False,41,0,0,1,1002.42,monte_carlo_run_783_seed_825.log
784,16,-1,1,1,1,1,826,3101,0.306,4.79,False,Solitudine / Nessun Contatto,,,Nessuna,93,0,93,13.77,6,5,2,1,1,4,1,1,0,1,1,0,8507.32,15,1.255,0.392,-0.8626,False,87,0,1,5,1000.04,monte_carlo_run_784_seed_826.log
785,16,-1,1,1,1,1,827,3101,0.276,3.35,False,Solitudine / Nessun Contatto,,,Nessuna,4,0,4,2.77,3,3,3,3,0,0,0,0,0,0,0,0,8500.0,9,1.023,1.023,0.0,False,0,0,3,3,48.35,monte_carlo_run_785_seed_827.log
786,16,-1,1,1,1,1,828,3101,0.467,6.67,False,Solitudine / Nessun Contatto,,,Nessuna,72,0,72,18.2,5,3,1,1,0,4,4,4,0,2,2,0,8518.47,7,1.174,0.92,-0.2538,False,66,0,1,3,1001.23,monte_carlo_run_786_seed_828.log
787,16,-1,1,1,1,1,829,3101,0.288,6.38,True,Incontro Flotta Deep-Space,948.2,8.8,Collaborativa,103,0,108,17.67,12,9,2,1,1,9,8,8,0,4,4,0,8528.31,19,1.246,1.416,0.1707,True,96,0,5,10,1000.53,monte_carlo_run_787_seed_829.log
788,16,-1,1,1,1,1,830,3101,0.446,7.42,True,Incontro Flotta Deep-Space,434.34,7.62,Diffidente,62,0,162,16.25,10,5,4,4,0,5,1,1,0,1,1,0,8504.98,25,1.39,0.101,-1.2896,False,149,0,3,12,1000.05,monte_carlo_run_788_seed_830.log
789,16,-1,1,1,1,1,831,3101,0.3,5.75,False,Solitudine / Nessun Contatto,,,Nessuna,38,0,38,16.93,6,5,1,0,1,5,5,5,0,1,1,0,8517.49,7,0.929,0.921,-0.008,False,31,0,0,1,1000.32,monte_carlo_run_789_seed_831.log
790,16,-1,1,1,1,1,832,3101,0.555,10.4,True,Contatto Planetario / Biofirme,15.74,8.73,Collaborativa,2,0,87,18.41,8,7,2,1,0,6,6,6,0,1,1,0,8509.65,8,1.366,0.958,-0.408,False,78,0,0,1,1001.08,monte_carlo_run_790_seed_832.log
791,16,-1,1,1,1,1,833,3101,0.454,8.64,True,Incontro Flotta Deep-Space,220.79,0.0,Biosfera Primitiva,11,0,61,20.02,4,3,1,1,0,3,3,3,0,1,1,0,8505.67,7,1.6,1.247,-0.3531,False,56,0,0,1,1005.31,monte_carlo_run_791_seed_833.log
792,16,-1,1,1,1,1,834,3101,0.29,4.7,False,Solitudine / Nessun Contatto,,,Nessuna,47,0,47,17.58,4,4,1,1,0,3,3,3,0,2,2,0,8507.74,7,1.369,0.977,-0.3927,False,42,0,1,3,1000.54,monte_carlo_run_792_seed_834.log
793,16,-1,1,1,1,1,835,3101,0.405,8.04,False,Solitudine / Nessun Contatto,,,Nessuna,51,1,51,15.01,5,4,1,1,0,3,3,3,0,3,3,0,8521.29,8,1.266,1.339,0.073,True,45,0,3,6,1000.08,monte_carlo_run_793_seed_835.log
794,16,-1,1,1,1,1,836,3101,0.266,6.24,True,Incontro Flotta Deep-Space,829.79,21.19,Biosfera Primitiva,89,0,116,24.96,10,7,3,2,1,5,2,2,0,1,1,0,8506.5,16,1.6,0.959,-0.6408,False,106,0,2,6,1000.42,monte_carlo_run_794_seed_836.log
795,16,-1,1,1,1,1,837,3101,0.29,6.68,False,Solitudine / Nessun Contatto,,,Nessuna,62,0,62,21.87,7,6,1,1,0,6,6,6,0,0,0,0,8506.44,9,1.6,0.947,-0.6528,False,54,0,0,0,1001.11,monte_carlo_run_795_seed_837.log
796,16,-1,1,1,1,1,838,3101,0.53,8.55,True,Incontro Flotta Deep-Space,435.49,9.7,Biosfera Primitiva,42,2,101,18.84,14,11,2,1,1,10,10,10,0,6,4,2,8534.44,21,1.551,1.536,-0.015,False,85,0,12,18,1000.0,monte_carlo_run_796_seed_838.log
797,16,-1,1,1,1,1,839,3101,0.348,4.59,False,Solitudine / Nessun Contatto,,,Nessuna,66,0,66,15.48,5,3,1,1,0,3,0,0,0,0,0,0,8500.0,10,1.6,1.6,0.0,False,58,0,0,1,1000.09,monte_carlo_run_797_seed_839.log
798,16,-1,1,1,1,1,840,3101,0.427,5.77,True,Contatto Planetario / Biofirme,448.38,17.36,Predatoria,21,0,37,21.93,3,3,2,2,0,1,1,1,0,0,0,0,8500.02,4,1.6,0.705,-0.8946,False,33,0,0,0,1005.46,monte_carlo_run_798_seed_840.log
799,16,-1,1,1,1,1,841,3101,0.575,13.42,True,Contatto Planetario / Biofirme,11.96,2.9,Ostile,5,0,202,30.43,20,14,2,1,1,16,12,12,0,10,10,0,8573.22,39,1.465,1.599,0.1338,True,176,0,27,48,1000.17,monte_carlo_run_799_seed_841.log
800,16,-1,1,1,1,1,842,3101,0.596,11.27,True,Contatto Planetario / Biofirme,30.06,17.49,Predatoria,5,0,99,32.62,12,10,2,1,1,10,10,10,0,4,4,0,8532.79,14,1.558,1.38,-0.178,False,82,0,2,5,1000.38,monte_carlo_run_800_seed_842.log
801,17,1,-1,-1,-1,-1,843,3101,0.108,2.2,False,Solitudine / Nessun Contatto,,,Nessuna,2,0,2,2.11,3,3,3,1,2,0,0,0,0,0,0,0,8500.0,2,1.045,1.045,0.0,False,0,0,2,2,78.04,monte_carlo_run_801_seed_843.log
802,17,1,-1,-1,-1,-1,844,3101,0.068,1.67,False,Solitudine / Nessun Contatto,,,Nessuna,1,0,1,0.0,3,3,3,1,2,0,0,0,0,0,0,0,8500.0,2,1.001,1.001,0.0,False,0,0,2,3,0.02,monte_carlo_run_802_seed_844.log
803,17,1,-1,-1,-1,-1,845,3101,0.072,0.99,False,Solitudine / Nessun Contatto,,,Nessuna,1,0,1,0.0,2,2,2,1,1,0,0,0,0,0,0,0,8500.0,2,1.0,1.0,0.0,False,0,0,1,1,0.02,monte_carlo_run_803_seed_845.log
804,17,1,-1,-1,-1,-1,846,3101,0.141,1.82,False,Solitudine / Nessun Contatto,,,Nessuna,1,0,1,0.0,1,1,1,1,0,0,0,0,0,0,0,0,8500.0,2,1.0,1.0,0.0,False,0,0,0,0,0.02,monte_carlo_run_804_seed_846.log
805,17,1,-1,-1,-1,-1,847,3101,0.093,1.45,False,Solitudine / Nessun Contatto,,,Nessuna,3,0,3,0.77,2,2,2,1,1,0,0,0,0,0,0,0,8500.0,2,1.048,1.048,0.0,False,2,0,1,1,117.19,monte_carlo_run_805_seed_847.log
806,17,1,-1,-1,-1,-1,848,3101,0.113,1.93,False,Solitudine / Nessun Contatto,,,Nessuna,1,0,1,0.0,2,2,2,1,1,0,0,0,0,0,0,0,8500.0,2,1.0,1.0,0.0,False,0,0,1,1,0.02,monte_carlo_run_806_seed_848.log
807,17,1,-1,-1,-1,-1,849,3101,0.146,1.96,False,Solitudine / Nessun Contatto,,,Nessuna,2,0,2,1.03,3,3,3,1,2,0,0,0,0,0,0,0,8500.0,2,1.021,1.021,0.0,False,0,0,2,2,34.59,monte_carlo_run_807_seed_849.log
808,17,1,-1,-1,-1,-1,850,3101,0.076,0.93,False,Solitudine / Nessun Contatto,,,Nessuna,1,0,1,0.0,1,1,1,1,0,0,0,0,0,0,0,0,8500.0,2,1.0,1.0,0.0,False,0,0,0,0,0.02,monte_carlo_run_808_seed_850.log
809,17,1,-1,-1,-1,-1,851,3101,0.139,3.36,True,Contatto Planetario / Biofirme,64.68,5.06,Diffidente,5,0,10,5.06,4,4,4,1,2,0,0,0,0,0,0,0,8500.0,3,0.622,0.622,0.0,False,6,0,1,2,550.13,monte_carlo_run_809_seed_851.log
810,17,1,-1,-1,-1,-1,852,3101,0.103,2.49,False,Solitudine / Nessun Contatto,,,Nessuna,1,0,1,0.0,1,1,1,1,0,0,0,0,0,0,0,0,8500.0,2,1.0,1.0,0.0,False,0,0,0,0,0.02,monte_carlo_run_810_seed_852.log
811,17,1,-1,-1,-1,-1,853,3101,0.126,1.55,False,Solitudine / Nessun Contatto,,,Nessuna,1,0,1,0.0,3,3,3,1,2,0,0,0,0,0,0,0,8500.0,2,1.0,1.0,0.0,False,0,0,1,3,0.02,monte_carlo_run_811_seed_853.log
812,17,1,-1,-1,-1,-1,854,3101,0.121,1.59,False,Solitudine / Nessun Contatto,,,Nessuna,2,0,2,1.11,1,1,1,1,0,0,0,0,0,0,0,0,8500.0,2,1.001,1.001,0.0,False,0,0,0,0,38.62,monte_carlo_run_812_seed_854.log
813,17,1,-1,-1,-1,-1,855,3101,0.089,2.06,False,Solitudine / Nessun Contatto,,,Nessuna,1,0,1,0.0,2,2,2,0,2,0,0,0,0,0,0,0,8500.0,1,0.985,0.985,0.0,False,0,0,0,1,0.02,monte_carlo_run_813_seed_855.log
814,17,1,-1,-1,-1,-1,856,3101,0.059,1.09,False,Solitudine / Nessun Contatto,,,Nessuna,1,0,1,0.0,3,3,3,1,2,0,0,0,0,0,0,0,8500.0,2,1.0,1.0,0.0,False,0,0,1,2,0.02,monte_carlo_run_814_seed_856.log
815,17,1,-1,-1,-1,-1,857,3101,0.129,2.24,False,Solitudine / Nessun Contatto,,,Nessuna,1,0,1,0.0,1,1,1,1,0,0,0,0,0,0,0,0,8500.0,2,1.0,1.0,0.0,False,0,0,0,0,0.02,monte_carlo_run_815_seed_857.log
816,17,1,-1,-1,-1,-1,858,3101,0.142,3.1,False,Solitudine / Nessun Contatto,,,Nessuna,4,0,4,5.1,2,2,2,1,1,0,0,0,0,0,0,0,8500.0,2,1.079,1.079,0.0,False,1,0,1,1,235.85,monte_carlo_run_816_seed_858.log
817,17,1,-1,-1,-1,-1,859,3101,0.077,1.38,False,Solitudine / Nessun Contatto,,,Nessuna,1,0,1,0.0,1,1,1,1,0,0,0,0,0,0,0,0,8500.0,2,1.0,1.0,0.0,False,0,0,0,0,0.02,monte_carlo_run_817_seed_859.log
818,17,1,-1,-1,-1,-1,860,3101,0.078,1.32,False,Solitudine / Nessun Contatto,,,Nessuna,1,0,1,0.0,1,1,1,1,0,0,0,0,0,0,0,0,8500.0,2,1.0,1.0,0.0,False,0,0,0,0,0.02,monte_carlo_run_818_seed_860.log
819,17,1,-1,-1,-1,-1,861,3101,0.116,1.85,False,Solitudine / Nessun Contatto,,,Nessuna,2,0,2,1.55,3,3,3,0,3,0,0,0,0,0,0,0,8500.0,2,0.922,0.922,0.0,False,0,0,1,2,54.63,monte_carlo_run_819_seed_861.log
820,17,1,-1,-1,-1,-1,862,3101,0.145,3.22,False,Solitudine / Nessun Contatto,,,Nessuna,4,0,4,4.44,1,1,1,1,0,0,0,0,0,0,0,0,8500.0,2,1.038,1.038,0.0,False,2,0,0,0,287.56,monte_carlo_run_820_seed_862.log
821,17,1,-1,-1,-1,-1,863,3101,0.095,2.21,False,Solitudine / Nessun Contatto,,,Nessuna,2,0,2,1.93,2,2,2,1,1,0,0,0,0,0,0,0,8500.0,2,1.016,1.016,0.0,False,0,0,1,1,81.33,monte_carlo_run_821_seed_863.log
822,17,1,-1,-1,-1,-1,864,3101,0.142,2.0,False,Solitudine / Nessun Contatto,,,Nessuna,1,0,1,0.0,1,1,1,1,0,0,0,0,0,0,0,0,8500.0,2,1.0,1.0,0.0,False,0,0,0,0,0.02,monte_carlo_run_822_seed_864.log
823,17,1,-1,-1,-1,-1,865,3101,0.097,1.19,False,Solitudine / Nessun Contatto,,,Nessuna,1,0,1,0.0,2,2,2,1,1,0,0,0,0,0,0,0,8500.0,2,1.0,1.0,0.0,False,0,0,1,1,0.02,monte_carlo_run_823_seed_865.log
824,17,1,-1,-1,-1,-1,866,3101,0.054,0.65,False,Solitudine / Nessun Contatto,,,Nessuna,1,0,1,0.0,3,3,3,1,2,0,0,0,0,0,0,0,8500.0,2,1.0,1.0,0.0,False,0,0,0,2,0.02,monte_carlo_run_824_seed_866.log
825,17,1,-1,-1,-1,-1,867,3101,0.073,1.44,False,Solitudine / Nessun Contatto,,,Nessuna,1,0,1,0.0,2,2,2,0,2,0,0,0,0,0,0,0,8500.0,1,0.985,0.985,0.0,False,0,0,0,1,0.02,monte_carlo_run_825_seed_867.log
826,17,1,-1,-1,-1,-1,868,3101,0.142,2.46,False,Solitudine / Nessun Contatto,,,Nessuna,3,0,3,2.01,2,2,1,1,0,1,1,1,0,0,0,0,8502.65,3,1.005,0.849,-0.1561,False,0,0,0,0,210.48,monte_carlo_run_826_seed_868.log
827,17,1,-1,-1,-1,-1,869,3101,0.085,2.05,False,Solitudine / Nessun Contatto,,,Nessuna,1,0,1,0.0,1,1,1,1,0,0,0,0,0,0,0,0,8500.0,2,1.0,1.0,0.0,False,0,0,0,0,0.02,monte_carlo_run_827_seed_869.log
828,17,1,-1,-1,-1,-1,870,3101,0.14,2.7,False,Solitudine / Nessun Contatto,,,Nessuna,1,0,1,0.0,2,2,2,1,1,0,0,0,0,0,0,0,8500.0,2,1.0,1.0,0.0,False,0,0,0,1,0.02,monte_carlo_run_828_seed_870.log
829,17,1,-1,-1,-1,-1,871,3101,0.057,0.84,False,Solitudine / Nessun Contatto,,,Nessuna,1,0,1,0.0,2,2,2,1,1,0,0,0,0,0,0,0,8500.0,2,1.0,1.0,0.0,False,0,0,1,1,0.02,monte_carlo_run_829_seed_871.log
830,17,1,-1,-1,-1,-1,872,3101,0.103,1.45,False,Solitudine / Nessun Contatto,,,Nessuna,1,0,1,0.0,1,1,1,1,0,0,0,0,0,0,0,0,8500.0,2,1.0,1.0,0.0,False,0,0,0,0,0.02,monte_carlo_run_830_seed_872.log
831,17,1,-1,-1,-1,-1,873,3101,0.077,1.55,False,Solitudine / Nessun Contatto,,,Nessuna,1,0,1,0.0,1,1,1,1,0,0,0,0,0,0,0,0,8500.0,2,1.0,1.0,0.0,False,0,0,0,0,0.02,monte_carlo_run_831_seed_873.log
832,17,1,-1,-1,-1,-1,874,3101,0.149,1.88,False,Solitudine / Nessun Contatto,,,Nessuna,1,0,1,0.0,3,3,3,1,2,0,0,0,0,0,0,0,8500.0,2,1.001,1.001,0.0,False,0,0,2,2,0.02,monte_carlo_run_832_seed_874.log
833,17,1,-1,-1,-1,-1,875,3101,0.055,0.93,False,Solitudine / Nessun Contatto,,,Nessuna,1,0,1,0.0,2,2,2,1,1,0,0,0,0,0,0,0,8500.0,2,1.0,1.0,0.0,False,0,0,1,1,0.02,monte_carlo_run_833_seed_875.log
834,17,1,-1,-1,-1,-1,876,3101,0.124,2.54,False,Solitudine / Nessun Contatto,,,Nessuna,1,0,1,0.0,1,1,1,1,0,0,0,0,0,0,0,0,8500.0,2,1.0,1.0,0.0,False,0,0,0,0,0.02,monte_carlo_run_834_seed_876.log
835,17,1,-1,-1,-1,-1,877,3101,0.117,1.48,False,Solitudine / Nessun Contatto,,,Nessuna,1,0,1,0.0,2,2,2,1,1,0,0,0,0,0,0,0,8500.0,2,1.0,1.0,0.0,False,0,0,1,1,0.02,monte_carlo_run_835_seed_877.log
836,17,1,-1,-1,-1,-1,878,3101,0.124,1.5,False,Solitudine / Nessun Contatto,,,Nessuna,1,0,1,0.0,1,1,1,1,0,0,0,0,0,0,0,0,8500.0,2,1.0,1.0,0.0,False,0,0,0,0,0.02,monte_carlo_run_836_seed_878.log
837,17,1,-1,-1,-1,-1,879,3101,0.068,0.84,False,Solitudine / Nessun Contatto,,,Nessuna,1,0,1,0.0,3,3,3,1,2,0,0,0,0,0,0,0,8500.0,2,1.0,1.0,0.0,False,0,0,0,2,0.02,monte_carlo_run_837_seed_879.log
838,17,1,-1,-1,-1,-1,880,3101,0.101,1.72,False,Solitudine / Nessun Contatto,,,Nessuna,1,0,1,0.0,1,1,1,1,0,0,0,0,0,0,0,0,8500.0,2,1.0,1.0,0.0,False,0,0,0,0,0.02,monte_carlo_run_838_seed_880.log
839,17,1,-1,-1,-1,-1,881,3101,0.111,2.54,False,Solitudine / Nessun Contatto,,,Nessuna,2,0,2,2.27,2,2,2,1,1,0,0,0,0,0,0,0,8500.0,2,1.019,1.019,0.0,False,0,0,1,1,81.7,monte_carlo_run_839_seed_881.log
840,17,1,-1,-1,-1,-1,882,3101,0.098,1.27,False,Solitudine / Nessun Contatto,,,Nessuna,1,0,1,0.0,1,1,1,1,0,0,0,0,0,0,0,0,8500.0,2,1.0,1.0,0.0,False,0,0,0,0,0.02,monte_carlo_run_840_seed_882.log
841,17,1,-1,-1,-1,-1,883,3101,0.079,1.45,False,Solitudine / Nessun Contatto,,,Nessuna,2,0,2,1.33,1,1,1,1,0,0,0,0,0,0,0,0,8500.0,2,1.002,1.002,0.0,False,0,0,0,0,67.18,monte_carlo_run_841_seed_883.log
842,17,1,-1,-1,-1,-1,884,3101,0.094,2.19,False,Solitudine / Nessun Contatto,,,Nessuna,1,0,1,0.0,3,3,3,1,2,0,0,0,0,0,0,0,8500.0,2,1.0,1.0,0.0,False,0,0,1,2,0.02,monte_carlo_run_842_seed_884.log
843,17,1,-1,-1,-1,-1,885,3101,0.065,1.03,False,Solitudine / Nessun Contatto,,,Nessuna,1,0,1,0.0,1,1,1,1,0,0,0,0,0,0,0,0,8500.0,2,1.0,1.0,0.0,False,0,0,0,0,0.02,monte_carlo_run_843_seed_885.log
844,17,1,-1,-1,-1,-1,886,3101,0.134,2.78,False,Solitudine / Nessun Contatto,,,Nessuna,3,0,3,2.3,1,1,1,1,0,0,0,0,0,0,0,0,8500.0,2,1.018,1.018,0.0,False,2,0,0,0,142.09,monte_carlo_run_844_seed_886.log
845,17,1,-1,-1,-1,-1,887,3101,0.132,3.18,False,Solitudine / Nessun Contatto,,,Nessuna,1,0,1,0.0,3,3,3,0,3,0,0,0,0,0,0,0,8500.0,1,0.985,0.985,0.0,False,0,0,1,2,0.02,monte_carlo_run_845_seed_887.log
846,17,1,-1,-1,-1,-1,888,3101,0.149,2.23,False,Solitudine / Nessun Contatto,,,Nessuna,2,0,2,2.15,2,2,2,1,1,0,0,0,0,0,0,0,8500.0,2,1.006,1.006,0.0,False,0,0,1,1,71.76,monte_carlo_run_846_seed_888.log
847,17,1,-1,-1,-1,-1,889,3101,0.072,1.25,False,Solitudine / Nessun Contatto,,,Nessuna,1,0,1,0.0,1,1,1,1,0,0,0,0,0,0,0,0,8500.0,2,1.0,1.0,0.0,False,0,0,0,0,0.02,monte_carlo_run_847_seed_889.log
848,17,1,-1,-1,-1,-1,890,3101,0.057,1.32,False,Solitudine / Nessun Contatto,,,Nessuna,2,0,2,1.26,1,1,1,1,0,0,0,0,0,0,0,0,8500.0,2,1.002,1.002,0.0,False,0,0,0,0,88.13,monte_carlo_run_848_seed_890.log
849,17,1,-1,-1,-1,-1,891,3101,0.067,1.17,False,Solitudine / Nessun Contatto,,,Nessuna,1,0,1,0.0,1,1,1,1,0,0,0,0,0,0,0,0,8500.0,2,1.0,1.0,0.0,False,0,0,0,0,0.02,monte_carlo_run_849_seed_891.log
850,17,1,-1,-1,-1,-1,892,3101,0.1,1.58,False,Solitudine / Nessun Contatto,,,Nessuna,1,0,1,0.0,3,3,3,0,3,0,0,0,0,0,0,0,8500.0,1,0.985,0.985,0.0,False,0,0,0,2,0.02,monte_carlo_run_850_seed_892.log
851,18,1,-1,-1,-1,1,893,3101,0.109,1.81,False,Solitudine / Nessun Contatto,,,Nessuna,1,0,1,0.0,1,1,1,1,0,0,0,0,0,0,0,0,8500.0,2,1.0,1.0,0.0,False,0,0,0,0,0.02,monte_carlo_run_851_seed_893.log
852,18,1,-1,-1,-1,1,894,3101,0.078,1.68,False,Solitudine / Nessun Contatto,,,Nessuna,1,0,1,0.0,1,1,1,1,0,0,0,0,0,0,0,0,8500.0,2,1.0,1.0,0.0,False,0,0,0,0,0.02,monte_carlo_run_852_seed_894.log
853,18,1,-1,-1,-1,1,895,3101,0.139,2.11,False,Solitudine / Nessun Contatto,,,Nessuna,4,0,4,0.0,4,4,3,3,0,1,0,0,0,0,0,0,8500.0,9,1.014,1.014,0.0,False,0,0,1,2,46.88,monte_carlo_run_853_seed_895.log
854,18,1,-1,-1,-1,1,896,3101,0.114,2.27,False,Solitudine / Nessun Contatto,,,Nessuna,2,0,2,0.0,2,2,2,2,0,0,0,0,0,0,0,0,8500.0,6,1.0,1.0,0.0,False,0,0,1,1,0.04,monte_carlo_run_854_seed_896.log
855,18,1,-1,-1,-1,1,897,3101,0.097,1.56,False,Solitudine / Nessun Contatto,,,Nessuna,3,0,3,1.56,2,2,2,2,0,0,0,0,0,0,0,0,8500.0,5,1.02,1.02,0.0,False,0,0,1,1,64.27,monte_carlo_run_855_seed_897.log
856,18,1,-1,-1,-1,1,898,3101,0.061,1.51,False,Solitudine / Nessun Contatto,,,Nessuna,2,0,2,1.02,1,1,1,1,0,0,0,0,0,0,0,0,8500.0,2,1.002,1.002,0.0,False,0,0,0,0,66.6,monte_carlo_run_856_seed_898.log
857,18,1,-1,-1,-1,1,899,3101,0.136,1.66,False,Solitudine / Nessun Contatto,,,Nessuna,1,0,1,0.0,1,1,1,1,0,0,0,0,0,0,0,0,8500.0,2,1.0,1.0,0.0,False,0,0,0,0,0.02,monte_carlo_run_857_seed_899.log
858,18,1,-1,-1,-1,1,900,3101,0.138,2.89,False,Solitudine / Nessun Contatto,,,Nessuna,6,0,6,2.3,3,3,3,3,0,0,0,0,0,0,0,0,8500.0,8,1.022,1.022,0.0,False,0,0,1,2,73.5,monte_carlo_run_858_seed_900.log
859,18,1,-1,-1,-1,1,901,3101,0.079,1.65,False,Solitudine / Nessun Contatto,,,Nessuna,1,0,1,0.0,1,1,1,1,0,0,0,0,0,0,0,0,8500.0,2,1.0,1.0,0.0,False,0,0,0,0,0.02,monte_carlo_run_859_seed_901.log
860,18,1,-1,-1,-1,1,902,3101,0.061,1.48,False,Solitudine / Nessun Contatto,,,Nessuna,1,0,1,0.0,1,1,1,1,0,0,0,0,0,0,0,0,8500.0,2,1.0,1.0,0.0,False,0,0,0,0,0.02,monte_carlo_run_860_seed_902.log
861,18,1,-1,-1,-1,1,903,3101,0.109,2.15,False,Solitudine / Nessun Contatto,,,Nessuna,3,0,3,0.0,3,3,3,3,0,0,0,0,0,0,0,0,8500.0,10,1.0,1.0,0.0,False,0,0,0,3,0.06,monte_carlo_run_861_seed_903.log
862,18,1,-1,-1,-1,1,904,3101,0.129,2.96,False,Solitudine / Nessun Contatto,,,Nessuna,6,0,6,2.87,3,3,3,3,0,0,0,0,0,0,0,0,8500.0,9,1.05,1.05,0.0,False,0,0,3,3,88.99,monte_carlo_run_862_seed_904.log
863,18,1,-1,-1,-1,1,905,3101,0.12,1.92,False,Solitudine / Nessun Contatto,,,Nessuna,1,0,1,0.0,1,1,1,1,0,0,0,0,0,0,0,0,8500.0,2,1.0,1.0,0.0,False,0,0,0,0,0.02,monte_carlo_run_863_seed_905.log
864,18,1,-1,-1,-1,1,906,3101,0.085,2.06,False,Solitudine / Nessun Contatto,,,Nessuna,1,0,1,0.0,1,1,1,1,0,0,0,0,0,0,0,0,8500.0,2,1.0,1.0,0.0,False,0,0,0,0,0.02,monte_carlo_run_864_seed_906.log
865,18,1,-1,-1,-1,1,907,3101,0.101,2.1,False,Solitudine / Nessun Contatto,,,Nessuna,5,0,5,1.06,3,3,3,3,0,0,0,0,0,0,0,0,8500.0,10,1.037,1.037,0.0,False,0,0,2,2,63.39,monte_carlo_run_865_seed_907.log
866,18,1,-1,-1,-1,1,908,3101,0.144,2.01,False,Solitudine / Nessun Contatto,,,Nessuna,4,0,4,0.0,2,2,2,2,0,0,0,0,0,0,0,0,8500.0,6,1.017,1.017,0.0,False,0,0,1,1,69.52,monte_carlo_run_866_seed_908.log
867,18,1,-1,-1,-1,1,909,3101,0.13,2.1,False,Solitudine / Nessun Contatto,,,Nessuna,1,0,1,0.0,1,1,1,1,0,0,0,0,0,0,0,0,8500.0,2,1.0,1.0,0.0,False,0,0,0,0,0.02,monte_carlo_run_867_seed_909.log
868,18,1,-1,-1,-1,1,910,3101,0.124,2.62,False,Solitudine / Nessun Contatto,,,Nessuna,5,0,5,0.0,3,2,2,2,0,1,0,0,0,0,0,0,8500.0,9,1.108,1.108,0.0,False,1,0,1,3,418.65,monte_carlo_run_868_seed_910.log
869,18,1,-1,-1,-1,1,911,3101,0.103,1.92,False,Solitudine / Nessun Contatto,,,Nessuna,1,0,1,0.0,1,1,1,1,0,0,0,0,0,0,0,0,8500.0,2,1.0,1.0,0.0,False,0,0,0,0,0.02,monte_carlo_run_869_seed_911.log
870,18,1,-1,-1,-1,1,912,3101,0.108,1.62,False,Solitudine / Nessun Contatto,,,Nessuna,1,0,1,0.0,1,1,1,1,0,0,0,0,0,0,0,0,8500.0,2,1.0,1.0,0.0,False,0,0,0,0,0.02,monte_carlo_run_870_seed_912.log
871,18,1,-1,-1,-1,1,913,3101,0.078,1.78,False,Solitudine / Nessun Contatto,,,Nessuna,4,0,4,1.46,2,2,2,2,0,0,0,0,0,0,0,0,8500.0,6,1.023,1.023,0.0,False,0,0,1,1,74.85,monte_carlo_run_871_seed_913.log
872,18,1,-1,-1,-1,1,914,3101,0.057,1.15,False,Solitudine / Nessun Contatto,,,Nessuna,1,0,1,0.0,1,1,1,1,0,0,0,0,0,0,0,0,8500.0,2,1.0,1.0,0.0,False,0,0,0,0,0.02,monte_carlo_run_872_seed_914.log
873,18,1,-1,-1,-1,1,915,3101,0.127,2.06,False,Solitudine / Nessun Contatto,,,Nessuna,2,0,2,0.34,1,1,1,1,0,0,0,0,0,0,0,0,8500.0,2,1.0,1.0,0.0,False,0,0,0,0,14.29,monte_carlo_run_873_seed_915.log
874,18,1,-1,-1,-1,1,916,3101,0.108,2.34,False,Solitudine / Nessun Contatto,,,Nessuna,5,0,5,0.0,4,4,3,3,0,1,0,0,0,0,0,0,8500.0,9,1.113,1.113,0.0,False,0,0,2,5,228.71,monte_carlo_run_874_seed_916.log
875,18,1,-1,-1,-1,1,917,3101,0.133,1.96,False,Solitudine / Nessun Contatto,,,Nessuna,2,0,2,1.3,1,1,1,1,0,0,0,0,0,0,0,0,8500.0,2,1.001,1.001,0.0,False,0,0,0,0,44.5,monte_carlo_run_875_seed_917.log
876,18,1,-1,-1,-1,1,918,3101,0.057,0.83,False,Solitudine / Nessun Contatto,,,Nessuna,1,0,1,0.0,1,1,1,1,0,0,0,0,0,0,0,0,8500.0,2,1.0,1.0,0.0,False,0,0,0,0,0.02,monte_carlo_run_876_seed_918.log
877,18,1,-1,-1,-1,1,919,3101,0.105,2.33,False,Solitudine / Nessun Contatto,,,Nessuna,10,0,10,2.14,3,3,3,3,0,0,0,0,0,0,0,0,8500.0,10,1.053,1.053,0.0,False,5,0,1,2,181.12,monte_carlo_run_877_seed_919.log
878,18,1,-1,-1,-1,1,920,3101,0.115,2.42,False,Solitudine / Nessun Contatto,,,Nessuna,1,0,1,0.0,1,1,1,1,0,0,0,0,0,0,0,0,8500.0,2,1.0,1.0,0.0,False,0,0,0,0,0.02,monte_carlo_run_878_seed_920.log
879,18,1,-1,-1,-1,1,921,3101,0.063,1.3,False,Solitudine / Nessun Contatto,,,Nessuna,1,0,1,0.0,1,1,1,1,0,0,0,0,0,0,0,0,8500.0,2,1.0,1.0,0.0,False,0,0,0,0,0.02,monte_carlo_run_879_seed_921.log
880,18,1,-1,-1,-1,1,922,3101,0.141,1.92,False,Solitudine / Nessun Contatto,,,Nessuna,2,0,2,0.0,2,2,2,2,0,0,0,0,0,0,0,0,8500.0,6,1.0,1.0,0.0,False,0,0,1,1,0.04,monte_carlo_run_880_seed_922.log
881,18,1,-1,-1,-1,1,923,3101,0.121,2.31,False,Solitudine / Nessun Contatto,,,Nessuna,1,0,1,0.0,1,1,1,1,0,0,0,0,0,0,0,0,8500.0,2,1.0,1.0,0.0,False,0,0,0,0,0.02,monte_carlo_run_881_seed_923.log
882,18,1,-1,-1,-1,1,924,3101,0.112,1.63,False,Solitudine / Nessun Contatto,,,Nessuna,1,0,1,0.0,1,1,1,1,0,0,0,0,0,0,0,0,8500.0,2,1.0,1.0,0.0,False,0,0,0,0,0.02,monte_carlo_run_882_seed_924.log
883,18,1,-1,-1,-1,1,925,3101,0.108,1.52,False,Solitudine / Nessun Contatto,,,Nessuna,3,0,3,0.0,2,2,2,2,0,0,0,0,0,0,0,0,8500.0,5,1.001,1.001,0.0,False,0,0,0,1,42.75,monte_carlo_run_883_seed_925.log
884,18,1,-1,-1,-1,1,926,3101,0.073,1.13,False,Solitudine / Nessun Contatto,,,Nessuna,2,0,2,0.0,2,2,2,2,0,0,0,0,0,0,0,0,8500.0,5,1.0,1.0,0.0,False,0,0,0,1,0.04,monte_carlo_run_884_seed_926.log
885,18,1,-1,-1,-1,1,927,3101,0.143,3.15,False,Solitudine / Nessun Contatto,,,Nessuna,1,0,1,0.0,1,1,1,1,0,0,0,0,0,0,0,0,8500.0,2,1.0,1.0,0.0,False,0,0,0,0,0.02,monte_carlo_run_885_seed_927.log
886,18,1,-1,-1,-1,1,928,3101,0.117,2.24,False,Solitudine / Nessun Contatto,,,Nessuna,2,0,2,2.24,1,1,1,1,0,0,0,0,0,0,0,0,8500.0,2,1.002,1.002,0.0,False,0,0,0,0,78.81,monte_carlo_run_886_seed_928.log
887,18,1,-1,-1,-1,1,929,3101,0.149,1.79,False,Solitudine / Nessun Contatto,,,Nessuna,2,0,2,0.0,2,2,2,2,0,0,0,0,0,0,0,0,8500.0,6,1.0,1.0,0.0,False,0,0,0,1,0.04,monte_carlo_run_887_seed_929.log
888,18,1,-1,-1,-1,1,930,3101,0.137,1.98,False,Solitudine / Nessun Contatto,,,Nessuna,3,0,3,0.92,1,1,1,1,0,0,0,0,0,0,0,0,8500.0,2,1.008,1.008,0.0,False,2,0,0,0,65.1,monte_carlo_run_888_seed_930.log
889,18,1,-1,-1,-1,1,931,3101,0.127,1.95,False,Solitudine / Nessun Contatto,,,Nessuna,3,0,3,0.0,3,3,3,3,0,0,0,0,0,0,0,0,8500.0,10,1.0,1.0,0.0,False,0,0,1,2,0.06,monte_carlo_run_889_seed_931.log
890,18,1,-1,-1,-1,1,932,3101,0.1,1.9,False,Solitudine / Nessun Contatto,,,Nessuna,1,0,1,0.0,1,1,1,1,0,0,0,0,0,0,0,0,8500.0,2,1.0,1.0,0.0,False,0,0,0,0,0.02,monte_carlo_run_890_seed_932.log
891,18,1,-1,-1,-1,1,933,3101,0.081,1.2,False,Solitudine / Nessun Contatto,,,Nessuna,3,0,3,0.0,3,3,3,3,0,0,0,0,0,0,0,0,8500.0,9,1.0,1.0,0.0,False,0,0,1,2,0.06,monte_carlo_run_891_seed_933.log
892,18,1,-1,-1,-1,1,934,3101,0.144,3.52,False,Solitudine / Nessun Contatto,,,Nessuna,26,0,26,12.44,6,6,3,3,0,3,3,3,0,3,1,2,8528.39,15,1.064,1.261,0.1969,True,17,0,5,9,1002.5,monte_carlo_run_892_seed_934.log
893,18,1,-1,-1,-1,1,935,3101,0.091,2.11,False,Solitudine / Nessun Contatto,,,Nessuna,2,0,2,0.0,2,2,2,2,0,0,0,0,0,0,0,0,8500.0,5,1.0,1.0,0.0,False,0,0,1,1,0.04,monte_carlo_run_893_seed_935.log
894,18,1,-1,-1,-1,1,936,3101,0.083,1.71,False,Solitudine / Nessun Contatto,,,Nessuna,2,0,2,0.0,2,2,2,2,0,0,0,0,0,0,0,0,8500.0,5,1.0,1.0,0.0,False,0,0,1,1,0.04,monte_carlo_run_894_seed_936.log
895,18,1,-1,-1,-1,1,937,3101,0.082,1.86,False,Solitudine / Nessun Contatto,,,Nessuna,2,0,2,0.0,2,2,2,2,0,0,0,0,0,0,0,0,8500.0,5,1.0,1.0,0.0,False,0,0,0,1,0.04,monte_carlo_run_895_seed_937.log
896,18,1,-1,-1,-1,1,938,3101,0.143,2.25,False,Solitudine / Nessun Contatto,,,Nessuna,1,0,1,0.0,1,1,1,1,0,0,0,0,0,0,0,0,8500.0,2,1.0,1.0,0.0,False,0,0,0,0,0.02,monte_carlo_run_896_seed_938.log
897,18,1,-1,-1,-1,1,939,3101,0.106,2.31,False,Solitudine / Nessun Contatto,,,Nessuna,1,0,1,0.0,1,1,1,1,0,0,0,0,0,0,0,0,8500.0,2,1.0,1.0,0.0,False,0,0,0,0,0.02,monte_carlo_run_897_seed_939.log
898,18,1,-1,-1,-1,1,940,3101,0.095,1.31,False,Solitudine / Nessun Contatto,,,Nessuna,1,0,1,0.0,1,1,1,1,0,0,0,0,0,0,0,0,8500.0,2,1.0,1.0,0.0,False,0,0,0,0,0.02,monte_carlo_run_898_seed_940.log
899,18,1,-1,-1,-1,1,941,3101,0.081,1.41,False,Solitudine / Nessun Contatto,,,Nessuna,3,0,3,0.0,2,2,2,2,0,0,0,0,0,0,0,0,8500.0,5,1.003,1.003,0.0,False,0,0,1,1,38.15,monte_carlo_run_899_seed_941.log
900,18,1,-1,-1,-1,1,942,3101,0.112,2.48,False,Solitudine / Nessun Contatto,,,Nessuna,2,0,2,2.39,1,1,1,1,0,0,0,0,0,0,0,0,8500.0,2,1.002,1.002,0.0,False,0,0,0,0,85.48,monte_carlo_run_900_seed_942.log
901,19,1,-1,-1,1,-1,943,3101,0.105,1.72,False,Solitudine / Nessun Contatto,,,Nessuna,2,0,2,1.56,1,1,1,1,0,0,0,0,0,0,0,0,8500.0,2,1.002,1.002,0.0,False,0,0,0,0,59.51,monte_carlo_run_901_seed_943.log
902,19,1,-1,-1,1,-1,944,3101,0.099,2.19,False,Solitudine / Nessun Contatto,,,Nessuna,1,0,1,0.0,1,1,1,1,0,0,0,0,0,0,0,0,8500.0,2,1.0,1.0,0.0,False,0,0,0,0,0.02,monte_carlo_run_902_seed_944.log
903,19,1,-1,-1,1,-1,945,3101,0.149,3.5,True,Contatto Planetario / Biofirme,681.2,12.94,Cauta,17,0,18,12.94,3,3,3,3,0,0,0,0,0,0,0,0,8500.0,7,1.6,1.6,0.0,False,13,0,3,3,1013.47,monte_carlo_run_903_seed_945.log
904,19,1,-1,-1,1,-1,946,3101,0.082,1.12,False,Solitudine / Nessun Contatto,,,Nessuna,1,0,1,0.0,1,1,1,1,0,0,0,0,0,0,0,0,8500.0,2,1.0,1.0,0.0,False,0,0,0,0,0.02,monte_carlo_run_904_seed_946.log
905,19,1,-1,-1,1,-1,947,3101,0.061,1.4,False,Solitudine / Nessun Contatto,,,Nessuna,3,0,3,1.33,1,1,1,1,0,0,0,0,0,0,0,0,8500.0,2,1.031,1.031,0.0,False,2,0,0,0,234.99,monte_carlo_run_905_seed_947.log
906,19,1,-1,-1,1,-1,948,3101,0.076,0.93,False,Solitudine / Nessun Contatto,,,Nessuna,1,0,1,0.0,3,3,3,1,2,0,0,0,0,0,0,0,8500.0,2,1.0,1.0,0.0,False,0,0,1,3,0.02,monte_carlo_run_906_seed_948.log
907,19,1,-1,-1,1,-1,949,3101,0.145,1.75,False,Solitudine / Nessun Contatto,,,Nessuna,2,0,2,1.24,2,2,2,1,1,0,0,0,0,0,0,0,8500.0,2,1.013,1.013,0.0,False,0,0,1,1,41.72,monte_carlo_run_907_seed_949.log
908,19,1,-1,-1,1,-1,950,3101,0.087,1.57,False,Solitudine / Nessun Contatto,,,Nessuna,1,0,1,0.0,2,2,2,1,1,0,0,0,0,0,0,0,8500.0,2,1.0,1.0,0.0,False,0,0,1,1,0.02,monte_carlo_run_908_seed_950.log
909,19,1,-1,-1,1,-1,951,3101,0.089,1.47,False,Solitudine / Nessun Contatto,,,Nessuna,1,0,1,0.0,3,3,3,0,3,0,0,0,0,0,0,0,8500.0,1,0.985,0.985,0.0,False,0,0,1,2,0.02,monte_carlo_run_909_seed_951.log
910,19,1,-1,-1,1,-1,952,3101,0.06,1.17,False,Solitudine / Nessun Contatto,,,Nessuna,1,0,1,0.0,3,3,3,0,3,0,0,0,0,0,0,0,8500.0,1,0.985,0.985,0.0,False,0,0,1,2,0.02,monte_carlo_run_910_seed_952.log
911,19,1,-1,-1,1,-1,953,3101,0.137,1.97,False,Solitudine / Nessun Contatto,,,Nessuna,1,0,1,0.0,2,2,2,0,2,0,0,0,0,0,0,0,8500.0,1,0.985,0.985,0.0,False,0,0,0,1,0.02,monte_carlo_run_911_seed_953.log
912,19,1,-1,-1,1,-1,954,3101,0.06,1.37,False,Solitudine / Nessun Contatto,,,Nessuna,1,0,1,0.0,1,1,1,1,0,0,0,0,0,0,0,0,8500.0,2,1.0,1.0,0.0,False,0,0,0,0,0.02,monte_carlo_run_912_seed_954.log
913,19,1,-1,-1,1,-1,955,3101,0.057,1.2,False,Solitudine / Nessun Contatto,,,Nessuna,1,0,1,0.0,1,1,1,1,0,0,0,0,0,0,0,0,8500.0,2,1.0,1.0,0.0,False,0,0,0,0,0.02,monte_carlo_run_913_seed_955.log
914,19,1,-1,-1,1,-1,956,3101,0.13,2.42,False,Solitudine / Nessun Contatto,,,Nessuna,1,0,1,0.0,2,2,2,1,1,0,0,0,0,0,0,0,8500.0,2,1.0,1.0,0.0,False,0,0,1,1,0.02,monte_carlo_run_914_seed_956.log
915,19,1,-1,-1,1,-1,957,3101,0.108,1.64,False,Solitudine / Nessun Contatto,,,Nessuna,1,0,1,0.0,2,2,2,1,1,0,0,0,0,0,0,0,8500.0,2,1.0,1.0,0.0,False,0,0,0,1,0.02,monte_carlo_run_915_seed_957.log
916,19,1,-1,-1,1,-1,958,3101,0.083,1.67,False,Solitudine / Nessun Contatto,,,Nessuna,1,0,1,0.0,3,3,3,0,3,0,0,0,0,0,0,0,8500.0,1,0.985,0.985,0.0,False,0,0,0,3,0.02,monte_carlo_run_916_seed_958.log
917,19,1,-1,-1,1,-1,959,3101,0.065,1.3,False,Solitudine / Nessun Contatto,,,Nessuna,1,0,1,0.0,1,1,1,1,0,0,0,0,0,0,0,0,8500.0,2,1.0,1.0,0.0,False,0,0,0,0,0.02,monte_carlo_run_917_seed_959.log
918,19,1,-1,-1,1,-1,960,3101,0.139,2.89,False,Solitudine / Nessun Contatto,,,Nessuna,2,0,2,2.84,1,1,1,1,0,0,0,0,0,0,0,0,8500.0,2,1.002,1.002,0.0,False,0,0,0,0,96.04,monte_carlo_run_918_seed_960.log
919,19,1,-1,-1,1,-1,961,3101,0.072,1.18,False,Solitudine / Nessun Contatto,,,Nessuna,1,0,1,0.0,1,1,1,1,0,0,0,0,0,0,0,0,8500.0,2,1.0,1.0,0.0,False,0,0,0,0,0.02,monte_carlo_run_919_seed_961.log
920,19,1,-1,-1,1,-1,962,3101,0.095,1.3,False,Solitudine / Nessun Contatto,,,Nessuna,2,0,2,0.93,1,1,1,1,0,0,0,0,0,0,0,0,8500.0,2,1.001,1.001,0.0,False,0,0,0,0,39.15,monte_carlo_run_920_seed_962.log
921,19,1,-1,-1,1,-1,963,3101,0.117,2.51,False,Solitudine / Nessun Contatto,,,Nessuna,2,0,2,0.16,3,3,2,1,1,1,1,1,0,0,0,0,8500.04,2,1.003,0.775,-0.2281,False,0,0,1,1,9.43,monte_carlo_run_921_seed_963.log
922,19,1,-1,-1,1,-1,964,3101,0.067,0.92,False,Solitudine / Nessun Contatto,,,Nessuna,1,0,1,0.0,2,2,2,1,1,0,0,0,0,0,0,0,8500.0,2,1.0,1.0,0.0,False,0,0,0,1,0.02,monte_carlo_run_922_seed_964.log
923,19,1,-1,-1,1,-1,965,3101,0.094,1.2,False,Solitudine / Nessun Contatto,,,Nessuna,1,0,1,0.0,3,3,3,1,2,0,0,0,0,0,0,0,8500.0,2,1.001,1.001,0.0,False,0,0,2,3,0.02,monte_carlo_run_923_seed_965.log
924,19,1,-1,-1,1,-1,966,3101,0.128,1.55,False,Solitudine / Nessun Contatto,,,Nessuna,2,0,2,1.48,1,1,1,1,0,0,0,0,0,0,0,0,8500.0,2,1.001,1.001,0.0,False,0,0,0,0,51.08,monte_carlo_run_924_seed_966.log
925,19,1,-1,-1,1,-1,967,3101,0.133,2.3,False,Solitudine / Nessun Contatto,,,Nessuna,1,0,1,0.0,1,1,1,1,0,0,0,0,0,0,0,0,8500.0,2,1.0,1.0,0.0,False,0,0,0,0,0.02,monte_carlo_run_925_seed_967.log
926,19,1,-1,-1,1,-1,968,3101,0.098,1.73,False,Solitudine / Nessun Contatto,,,Nessuna,1,0,1,0.0,2,2,2,0,2,0,0,0,0,0,0,0,8500.0,1,0.985,0.985,0.0,False,0,0,0,1,0.02,monte_carlo_run_926_seed_968.log
927,19,1,-1,-1,1,-1,969,3101,0.09,1.84,False,Solitudine / Nessun Contatto,,,Nessuna,1,0,1,0.0,1,1,1,1,0,0,0,0,0,0,0,0,8500.0,2,1.0,1.0,0.0,False,0,0,0,0,0.02,monte_carlo_run_927_seed_969.log
928,19,1,-1,-1,1,-1,970,3101,0.131,1.57,False,Solitudine / Nessun Contatto,,,Nessuna,2,0,2,1.48,1,1,1,1,0,0,0,0,0,0,0,0,8500.0,2,1.001,1.001,0.0,False,0,0,0,0,50.74,monte_carlo_run_928_seed_970.log
929,19,1,-1,-1,1,-1,971,3101,0.138,3.44,False,Solitudine / Nessun Contatto,,,Nessuna,8,0,8,7.76,1,1,1,1,0,0,0,0,0,0,0,0,8500.0,2,1.166,1.166,0.0,False,5,0,0,0,661.3,monte_carlo_run_929_seed_971.log
930,19,1,-1,-1,1,-1,972,3101,0.106,1.7,False,Solitudine / Nessun Contatto,,,Nessuna,1,0,1,0.0,1,1,1,1,0,0,0,0,0,0,0,0,8500.0,2,1.0,1.0,0.0,False,0,0,0,0,0.02,monte_carlo_run_930_seed_972.log
931,19,1,-1,-1,1,-1,973,3101,0.057,0.85,False,Solitudine / Nessun Contatto,,,Nessuna,1,0,1,0.0,2,2,2,1,1,0,0,0,0,0,0,0,8500.0,2,1.0,1.0,0.0,False,0,0,1,1,0.02,monte_carlo_run_931_seed_973.log
932,19,1,-1,-1,1,-1,974,3101,0.138,2.39,False,Solitudine / Nessun Contatto,,,Nessuna,1,0,1,0.0,1,1,1,1,0,0,0,0,0,0,0,0,8500.0,2,1.0,1.0,0.0,False,0,0,0,0,0.02,monte_carlo_run_932_seed_974.log
933,19,1,-1,-1,1,-1,975,3101,0.14,2.87,False,Solitudine / Nessun Contatto,,,Nessuna,2,0,2,2.21,2,2,2,1,1,0,0,0,0,0,0,0,8500.0,2,1.023,1.023,0.0,False,0,0,1,1,74.73,monte_carlo_run_933_seed_975.log
934,19,1,-1,-1,1,-1,976,3101,0.091,2.08,False,Solitudine / Nessun Contatto,,,Nessuna,2,0,2,0.94,2,2,2,1,1,0,0,0,0,0,0,0,8500.0,2,1.013,1.013,0.0,False,0,0,1,1,41.1,monte_carlo_run_934_seed_976.log
935,19,1,-1,-1,1,-1,977,3101,0.1,1.72,False,Solitudine / Nessun Contatto,,,Nessuna,1,0,1,0.0,2,2,2,1,1,0,0,0,0,0,0,0,8500.0,2,1.0,1.0,0.0,False,0,0,0,1,0.02,monte_carlo_run_935_seed_977.log
936,19,1,-1,-1,1,-1,978,3101,0.147,2.53,False,Solitudine / Nessun Contatto,,,Nessuna,1,0,1,0.0,1,1,1,1,0,0,0,0,0,0,0,0,8500.0,2,1.0,1.0,0.0,False,0,0,0,0,0.02,monte_carlo_run_936_seed_978.log
937,19,1,-1,-1,1,-1,979,3101,0.099,2.43,False,Solitudine / Nessun Contatto,,,Nessuna,1,0,1,0.0,1,1,1,1,0,0,0,0,0,0,0,0,8500.0,2,1.0,1.0,0.0,False,0,0,0,0,0.02,monte_carlo_run_937_seed_979.log
938,19,1,-1,-1,1,-1,980,3101,0.106,1.55,False,Solitudine / Nessun Contatto,,,Nessuna,1,0,1,0.0,1,1,1,1,0,0,0,0,0,0,0,0,8500.0,2,1.0,1.0,0.0,False,0,0,0,0,0.02,monte_carlo_run_938_seed_980.log
939,19,1,-1,-1,1,-1,981,3101,0.081,1.12,False,Solitudine / Nessun Contatto,,,Nessuna,1,0,1,0.0,1,1,1,1,0,0,0,0,0,0,0,0,8500.0,2,1.0,1.0,0.0,False,0,0,0,0,0.02,monte_carlo_run_939_seed_981.log
940,19,1,-1,-1,1,-1,982,3101,0.075,1.48,False,Solitudine / Nessun Contatto,,,Nessuna,2,0,2,1.39,3,3,3,0,3,0,0,0,0,0,0,0,8500.0,1,0.923,0.923,0.0,False,0,0,1,2,74.21,monte_carlo_run_940_seed_982.log
941,19,1,-1,-1,1,-1,983,3101,0.083,1.2,False,Solitudine / Nessun Contatto,,,Nessuna,1,0,1,0.0,3,3,3,0,3,0,0,0,0,0,0,0,8500.0,1,0.985,0.985,0.0,False,0,0,1,2,0.02,monte_carlo_run_941_seed_983.log
942,19,1,-1,-1,1,-1,984,3101,0.057,1.1,False,Solitudine / Nessun Contatto,,,Nessuna,2,0,2,0.72,3,3,3,1,2,0,0,0,0,0,0,0,8500.0,2,1.026,1.026,0.0,False,0,0,2,2,50.53,monte_carlo_run_942_seed_984.log
943,19,1,-1,-1,1,-1,985,3101,0.055,1.22,False,Solitudine / Nessun Contatto,,,Nessuna,1,0,1,0.0,2,2,2,1,1,0,0,0,0,0,0,0,8500.0,2,1.0,1.0,0.0,False,0,0,1,1,0.02,monte_carlo_run_943_seed_985.log
944,19,1,-1,-1,1,-1,986,3101,0.107,2.32,False,Solitudine / Nessun Contatto,,,Nessuna,1,0,1,0.0,2,2,2,1,1,0,0,0,0,0,0,0,8500.0,2,1.0,1.0,0.0,False,0,0,1,1,0.02,monte_carlo_run_944_seed_986.log
945,19,1,-1,-1,1,-1,987,3101,0.06,0.91,False,Solitudine / Nessun Contatto,,,Nessuna,1,0,1,0.0,1,1,1,1,0,0,0,0,0,0,0,0,8500.0,2,1.0,1.0,0.0,False,0,0,0,0,0.02,monte_carlo_run_945_seed_987.log
946,19,1,-1,-1,1,-1,988,3101,0.104,1.62,False,Solitudine / Nessun Contatto,,,Nessuna,1,0,1,0.0,1,1,1,1,0,0,0,0,0,0,0,0,8500.0,2,1.0,1.0,0.0,False,0,0,0,0,0.02,monte_carlo_run_946_seed_988.log
947,19,1,-1,-1,1,-1,989,3101,0.117,2.89,False,Solitudine / Nessun Contatto,,,Nessuna,1,0,1,0.0,1,1,1,1,0,0,0,0,0,0,0,0,8500.0,2,1.0,1.0,0.0,False,0,0,0,0,0.02,monte_carlo_run_947_seed_989.log
948,19,1,-1,-1,1,-1,990,3101,0.126,3.06,False,Solitudine / Nessun Contatto,,,Nessuna,2,0,2,2.6,1,1,1,1,0,0,0,0,0,0,0,0,8500.0,2,1.002,1.002,0.0,False,0,0,0,0,89.82,monte_carlo_run_948_seed_990.log
949,19,1,-1,-1,1,-1,991,3101,0.113,2.48,False,Solitudine / Nessun Contatto,,,Nessuna,2,0,2,2.28,1,1,1,1,0,0,0,0,0,0,0,0,8500.0,2,1.002,1.002,0.0,False,0,0,0,0,81.07,monte_carlo_run_949_seed_991.log
950,19,1,-1,-1,1,-1,992,3101,0.124,2.23,False,Solitudine / Nessun Contatto,,,Nessuna,1,0,1,0.0,1,1,1,1,0,0,0,0,0,0,0,0,8500.0,2,1.0,1.0,0.0,False,0,0,0,0,0.02,monte_carlo_run_950_seed_992.log
951,20,1,-1,-1,1,1,993,3101,0.062,0.8,False,Solitudine / Nessun Contatto,,,Nessuna,1,0,1,0.0,1,1,1,1,0,0,0,0,0,0,0,0,8500.0,2,1.0,1.0,0.0,False,0,0,0,0,0.02,monte_carlo_run_951_seed_993.log
952,20,1,-1,-1,1,1,994,3101,0.094,2.34,False,Solitudine / Nessun Contatto,,,Nessuna,2,0,2,0.75,1,1,1,1,0,0,0,0,0,0,0,0,8500.0,2,1.001,1.001,0.0,False,0,0,0,0,31.72,monte_carlo_run_952_seed_994.log
953,20,1,-1,-1,1,1,995,3101,0.076,1.24,False,Solitudine / Nessun Contatto,,,Nessuna,2,0,2,0.0,2,2,2,2,0,0,0,0,0,0,0,0,8500.0,5,1.0,1.0,0.0,False,0,0,1,1,0.04,monte_carlo_run_953_seed_995.log
954,20,1,-1,-1,1,1,996,3101,0.126,3.12,False,Solitudine / Nessun Contatto,,,Nessuna,7,0,7,4.71,1,1,1,1,0,0,0,0,0,0,0,0,8500.0,2,1.101,1.101,0.0,False,4,0,0,0,496.07,monte_carlo_run_954_seed_996.log
955,20,1,-1,-1,1,1,997,3101,0.135,3.04,False,Solitudine / Nessun Contatto,,,Nessuna,6,0,6,4.06,1,1,1,1,0,0,0,0,0,0,0,0,8500.0,2,1.105,1.105,0.0,False,4,0,0,0,453.07,monte_carlo_run_955_seed_997.log
956,20,1,-1,-1,1,1,998,3101,0.137,2.67,False,Solitudine / Nessun Contatto,,,Nessuna,4,0,4,2.14,3,3,3,3,0,0,0,0,0,0,0,0,8500.0,9,1.042,1.042,0.0,False,0,0,2,2,72.72,monte_carlo_run_956_seed_998.log
957,20,1,-1,-1,1,1,999,3101,0.093,1.34,False,Solitudine / Nessun Contatto,,,Nessuna,1,0,1,0.0,1,1,1,1,0,0,0,0,0,0,0,0,8500.0,2,1.0,1.0,0.0,False,0,0,0,0,0.02,monte_carlo_run_957_seed_999.log
958,20,1,-1,-1,1,1,1000,3101,0.112,2.17,False,Solitudine / Nessun Contatto,,,Nessuna,1,0,1,0.0,1,1,1,1,0,0,0,0,0,0,0,0,8500.0,2,1.0,1.0,0.0,False,0,0,0,0,0.02,monte_carlo_run_958_seed_1000.log
959,20,1,-1,-1,1,1,1001,3101,0.067,1.46,False,Solitudine / Nessun Contatto,,,Nessuna,1,0,1,0.0,1,1,1,1,0,0,0,0,0,0,0,0,8500.0,2,1.0,1.0,0.0,False,0,0,0,0,0.02,monte_carlo_run_959_seed_1001.log
960,20,1,-1,-1,1,1,1002,3101,0.125,2.29,False,Solitudine / Nessun Contatto,,,Nessuna,1,0,1,0.0,1,1,1,1,0,0,0,0,0,0,0,0,8500.0,2,1.0,1.0,0.0,False,0,0,0,0,0.02,monte_carlo_run_960_seed_1002.log
961,20,1,-1,-1,1,1,1003,3101,0.07,1.37,False,Solitudine / Nessun Contatto,,,Nessuna,1,0,1,0.0,1,1,1,1,0,0,0,0,0,0,0,0,8500.0,2,1.0,1.0,0.0,False,0,0,0,0,0.02,monte_carlo_run_961_seed_1003.log
962,20,1,-1,-1,1,1,1004,3101,0.069,0.87,False,Solitudine / Nessun Contatto,,,Nessuna,1,0,1,0.0,1,1,1,1,0,0,0,0,0,0,0,0,8500.0,2,1.0,1.0,0.0,False,0,0,0,0,0.02,monte_carlo_run_962_seed_1004.log
963,20,1,-1,-1,1,1,1005,3101,0.098,2.41,False,Solitudine / Nessun Contatto,,,Nessuna,1,0,1,0.0,1,1,1,1,0,0,0,0,0,0,0,0,8500.0,2,1.0,1.0,0.0,False,0,0,0,0,0.02,monte_carlo_run_963_seed_1005.log
964,20,1,-1,-1,1,1,1006,3101,0.088,1.4,False,Solitudine / Nessun Contatto,,,Nessuna,1,0,1,0.0,1,1,1,1,0,0,0,0,0,0,0,0,8500.0,2,1.0,1.0,0.0,False,0,0,0,0,0.02,monte_carlo_run_964_seed_1006.log
965,20,1,-1,-1,1,1,1007,3101,0.088,1.67,False,Solitudine / Nessun Contatto,,,Nessuna,3,0,3,0.0,2,2,2,2,0,0,0,0,0,0,0,0,8500.0,6,1.006,1.006,0.0,False,0,0,1,1,19.16,monte_carlo_run_965_seed_1007.log
966,20,1,-1,-1,1,1,1008,3101,0.147,2.28,False,Solitudine / Nessun Contatto,,,Nessuna,1,0,1,0.0,1,1,1,1,0,0,0,0,0,0,0,0,8500.0,2,1.0,1.0,0.0,False,0,0,0,0,0.02,monte_carlo_run_966_seed_1008.log
967,20,1,-1,-1,1,1,1009,3101,0.137,2.87,False,Solitudine / Nessun Contatto,,,Nessuna,2,0,2,2.16,1,1,1,1,0,0,0,0,0,0,0,0,8500.0,2,1.002,1.002,0.0,False,0,0,0,0,73.29,monte_carlo_run_967_seed_1009.log
968,20,1,-1,-1,1,1,1010,3101,0.054,1.16,False,Solitudine / Nessun Contatto,,,Nessuna,1,0,1,0.0,1,1,1,1,0,0,0,0,0,0,0,0,8500.0,2,1.0,1.0,0.0,False,0,0,0,0,0.02,monte_carlo_run_968_seed_1010.log
969,20,1,-1,-1,1,1,1011,3101,0.137,2.34,False,Solitudine / Nessun Contatto,,,Nessuna,1,0,1,0.0,1,1,1,1,0,0,0,0,0,0,0,0,8500.0,2,1.0,1.0,0.0,False,0,0,0,0,0.02,monte_carlo_run_969_seed_1011.log
970,20,1,-1,-1,1,1,1012,3101,0.116,2.55,False,Solitudine / Nessun Contatto,,,Nessuna,3,0,3,3.03,1,1,1,1,0,0,0,0,0,0,0,0,8500.0,2,1.009,1.009,0.0,False,1,0,0,0,114.18,monte_carlo_run_970_seed_1012.log
971,20,1,-1,-1,1,1,1013,3101,0.122,2.58,False,Solitudine / Nessun Contatto,,,Nessuna,2,0,2,2.38,1,1,1,1,0,0,0,0,0,0,0,0,8500.0,2,1.002,1.002,0.0,False,0,0,0,0,83.05,monte_carlo_run_971_seed_1013.log
972,20,1,-1,-1,1,1,1014,3101,0.138,3.17,False,Solitudine / Nessun Contatto,,,Nessuna,6,0,6,11.6,2,2,1,1,0,1,1,1,0,0,0,0,8500.94,3,1.07,0.876,-0.1935,False,3,0,0,0,424.2,monte_carlo_run_972_seed_1014.log
973,20,1,-1,-1,1,1,1015,3101,0.064,0.84,False,Solitudine / Nessun Contatto,,,Nessuna,2,0,2,0.0,2,2,2,2,0,0,0,0,0,0,0,0,8500.0,6,1.0,1.0,0.0,False,0,0,0,1,0.04,monte_carlo_run_973_seed_1015.log
974,20,1,-1,-1,1,1,1016,3101,0.109,1.5,False,Solitudine / Nessun Contatto,,,Nessuna,3,0,3,0.0,3,3,3,3,0,0,0,0,0,0,0,0,8500.0,10,1.0,1.0,0.0,False,0,0,1,2,0.06,monte_carlo_run_974_seed_1016.log
975,20,1,-1,-1,1,1,1017,3101,0.1,1.7,False,Solitudine / Nessun Contatto,,,Nessuna,1,0,1,0.0,1,1,1,1,0,0,0,0,0,0,0,0,8500.0,2,1.0,1.0,0.0,False,0,0,0,0,0.02,monte_carlo_run_975_seed_1017.log
976,20,1,-1,-1,1,1,1018,3101,0.136,2.56,False,Solitudine / Nessun Contatto,,,Nessuna,2,0,2,2.54,1,1,1,1,0,0,0,0,0,0,0,0,8500.0,2,1.002,1.002,0.0,False,0,0,0,0,86.57,monte_carlo_run_976_seed_1018.log
977,20,1,-1,-1,1,1,1019,3101,0.137,1.67,False,Solitudine / Nessun Contatto,,,Nessuna,3,0,3,0.0,3,3,3,3,0,0,0,0,0,0,0,0,8500.0,8,1.001,1.001,0.0,False,0,0,2,2,0.06,monte_carlo_run_977_seed_1019.log
978,20,1,-1,-1,1,1,1020,3101,0.114,1.41,False,Solitudine / Nessun Contatto,,,Nessuna,1,0,1,0.0,1,1,1,1,0,0,0,0,0,0,0,0,8500.0,2,1.0,1.0,0.0,False,0,0,0,0,0.02,monte_carlo_run_978_seed_1020.log
979,20,1,-1,-1,1,1,1021,3101,0.102,1.62,False,Solitudine / Nessun Contatto,,,Nessuna,1,0,1,0.0,1,1,1,1,0,0,0,0,0,0,0,0,8500.0,2,1.0,1.0,0.0,False,0,0,0,0,0.02,monte_carlo_run_979_seed_1021.log
980,20,1,-1,-1,1,1,1022,3101,0.064,0.97,False,Solitudine / Nessun Contatto,,,Nessuna,2,0,2,0.0,2,2,2,2,0,0,0,0,0,0,0,0,8500.0,5,1.0,1.0,0.0,False,0,0,1,1,0.04,monte_carlo_run_980_seed_1022.log
981,20,1,-1,-1,1,1,1023,3101,0.147,3.28,False,Solitudine / Nessun Contatto,,,Nessuna,2,0,2,2.94,1,1,1,1,0,0,0,0,0,0,0,0,8500.0,2,1.002,1.002,0.0,False,0,0,0,0,79.92,monte_carlo_run_981_seed_1023.log
982,20,1,-1,-1,1,1,1024,3101,0.143,2.6,False,Solitudine / Nessun Contatto,,,Nessuna,1,0,1,0.0,1,1,1,1,0,0,0,0,0,0,0,0,8500.0,2,1.0,1.0,0.0,False,0,0,0,0,0.02,monte_carlo_run_982_seed_1024.log
983,20,1,-1,-1,1,1,1025,3101,0.061,0.93,False,Solitudine / Nessun Contatto,,,Nessuna,1,0,1,0.0,1,1,1,1,0,0,0,0,0,0,0,0,8500.0,2,1.0,1.0,0.0,False,0,0,0,0,0.02,monte_carlo_run_983_seed_1025.log
984,20,1,-1,-1,1,1,1026,3101,0.086,1.75,False,Solitudine / Nessun Contatto,,,Nessuna,2,0,2,1.6,1,1,1,1,0,0,0,0,0,0,0,0,8500.0,2,1.002,1.002,0.0,False,0,0,0,0,74.4,monte_carlo_run_984_seed_1026.log
985,20,1,-1,-1,1,1,1027,3101,0.125,3.12,True,Contatto Planetario / Biofirme,15.22,1.9,Collaborativa,2,0,4,3.9,2,2,2,2,0,0,0,0,0,0,0,0,8500.0,2,1.015,1.015,0.0,False,1,0,0,0,206.55,monte_carlo_run_985_seed_1027.log
986,20,1,-1,-1,1,1,1028,3101,0.087,1.08,False,Solitudine / Nessun Contatto,,,Nessuna,1,0,1,0.0,1,1,1,1,0,0,0,0,0,0,0,0,8500.0,2,1.0,1.0,0.0,False,0,0,0,0,0.02,monte_carlo_run_986_seed_1028.log
987,20,1,-1,-1,1,1,1029,3101,0.123,2.51,False,Solitudine / Nessun Contatto,,,Nessuna,14,0,14,6.61,3,3,3,3,0,0,0,0,0,0,0,0,8500.0,11,1.394,1.394,0.0,False,8,0,1,2,924.41,monte_carlo_run_987_seed_1029.log
988,20,1,-1,-1,1,1,1030,3101,0.053,0.69,False,Solitudine / Nessun Contatto,,,Nessuna,1,0,1,0.0,1,1,1,1,0,0,0,0,0,0,0,0,8500.0,2,1.0,1.0,0.0,False,0,0,0,0,0.02,monte_carlo_run_988_seed_1030.log
989,20,1,-1,-1,1,1,1031,3101,0.132,2.32,False,Solitudine / Nessun Contatto,,,Nessuna,2,0,2,0.0,2,2,2,2,0,0,0,0,0,0,0,0,8500.0,6,1.0,1.0,0.0,False,0,0,1,1,0.04,monte_carlo_run_989_seed_1031.log
990,20,1,-1,-1,1,1,1032,3101,0.092,1.82,False,Solitudine / Nessun Contatto,,,Nessuna,3,0,3,1.62,2,2,2,2,0,0,0,0,0,0,0,0,8500.0,6,1.017,1.017,0.0,False,0,0,1,1,70.49,monte_carlo_run_990_seed_1032.log
991,20,1,-1,-1,1,1,1033,3101,0.067,1.41,False,Solitudine / Nessun Contatto,,,Nessuna,2,0,2,0.0,2,2,2,2,0,0,0,0,0,0,0,0,8500.0,5,1.0,1.0,0.0,False,0,0,0,1,0.04,monte_carlo_run_991_seed_1033.log
992,20,1,-1,-1,1,1,1034,3101,0.072,1.07,False,Solitudine / Nessun Contatto,,,Nessuna,2,0,2,0.0,2,2,2,2,0,0,0,0,0,0,0,0,8500.0,5,1.0,1.0,0.0,False,0,0,1,1,0.04,monte_carlo_run_992_seed_1034.log
993,20,1,-1,-1,1,1,1035,3101,0.087,1.56,False,Solitudine / Nessun Contatto,,,Nessuna,1,0,1,0.0,1,1,1,1,0,0,0,0,0,0,0,0,8500.0,2,1.0,1.0,0.0,False,0,0,0,0,0.02,monte_carlo_run_993_seed_1035.log
994,20,1,-1,-1,1,1,1036,3101,0.076,1.5,False,Solitudine / Nessun Contatto,,,Nessuna,1,0,1,0.0,1,1,1,1,0,0,0,0,0,0,0,0,8500.0,2,1.0,1.0,0.0,False,0,0,0,0,0.02,monte_carlo_run_994_seed_1036.log
995,20,1,-1,-1,1,1,1037,3101,0.115,2.3,False,Solitudine / Nessun Contatto,,,Nessuna,1,0,1,0.0,1,1,1,1,0,0,0,0,0,0,0,0,8500.0,2,1.0,1.0,0.0,False,0,0,0,0,0.02,monte_carlo_run_995_seed_1037.log
996,20,1,-1,-1,1,1,1038,3101,0.143,2.02,False,Solitudine / Nessun Contatto,,,Nessuna,1,0,1,0.0,1,1,1,1,0,0,0,0,0,0,0,0,8500.0,2,1.0,1.0,0.0,False,0,0,0,0,0.02,monte_carlo_run_996_seed_1038.log
997,20,1,-1,-1,1,1,1039,3101,0.145,3.05,False,Solitudine / Nessun Contatto,,,Nessuna,4,0,4,2.25,3,2,2,2,0,1,1,1,0,0,0,0,8500.72,7,1.005,0.852,-0.1528,False,0,0,0,1,216.78,monte_carlo_run_997_seed_1039.log
998,20,1,-1,-1,1,1,1040,3101,0.057,1.0,False,Solitudine / Nessun Contatto,,,Nessuna,2,0,2,0.0,2,2,2,2,0,0,0,0,0,0,0,0,8500.0,6,1.0,1.0,0.0,False,0,0,1,1,0.04,monte_carlo_run_998_seed_1040.log
999,20,1,-1,-1,1,1,1041,3101,0.101,2.4,False,Solitudine / Nessun Contatto,,,Nessuna,1,0,1,0.0,1,1,1,1,0,0,0,0,0,0,0,0,8500.0,2,1.0,1.0,0.0,False,0,0,0,0,0.02,monte_carlo_run_999_seed_1041.log
1000,20,1,-1,-1,1,1,1042,3101,0.085,1.66,False,Solitudine / Nessun Contatto,,,Nessuna,2,0,2,1.49,1,1,1,1,0,0,0,0,0,0,0,0,8500.0,2,1.002,1.002,0.0,False,0,0,0,0,69.93,monte_carlo_run_1000_seed_1042.log
1001,21,1,-1,1,-1,-1,1043,3101,0.586,10.3,True,Incontro Flotta Deep-Space,768.7,0.0,Biosfera Primitiva,111,0,168,12.53,35,31,4,1,2,30,20,20,0,15,11,4,8630.14,49,1.272,1.6,0.3282,True,132,0,60,105,1000.15,monte_carlo_run_1001_seed_1043.log
1002,21,1,-1,1,-1,-1,1044,3101,0.526,7.38,True,Contatto Planetario / Biofirme,39.77,7.24,Ostile,4,1,165,25.2,33,22,5,2,2,27,24,24,0,14,12,2,8587.49,40,1.391,1.515,0.1244,True,126,0,37,52,1000.16,monte_carlo_run_1002_seed_1044.log
1003,21,1,-1,1,-1,-1,1045,3101,0.22,3.49,False,Solitudine / Nessun Contatto,,,Nessuna,2,0,2,2.84,1,1,1,1,0,0,0,0,0,0,0,0,8500.0,2,1.001,1.001,0.0,False,0,0,0,0,52.02,monte_carlo_run_1003_seed_1045.log
1004,21,1,-1,1,-1,-1,1046,3101,0.276,4.53,False,Solitudine / Nessun Contatto,,,Nessuna,51,0,51,16.26,8,8,1,1,0,7,7,7,0,3,2,1,8523.94,11,1.096,1.4,0.3041,True,39,0,3,6,1000.21,monte_carlo_run_1004_seed_1046.log
1005,21,1,-1,1,-1,-1,1047,3101,0.567,13.93,False,Solitudine / Nessun Contatto,,,Nessuna,225,0,225,21.46,37,27,4,1,2,33,17,17,0,12,8,4,8578.85,64,1.275,1.6,0.3253,True,182,0,60,107,1000.05,monte_carlo_run_1005_seed_1047.log
1006,21,1,-1,1,-1,-1,1048,3101,0.559,13.42,True,Contatto Planetario / Biofirme,107.18,14.59,Cauta,8,1,74,14.6,14,10,4,1,0,9,9,9,0,5,4,1,8542.59,18,1.381,1.512,0.1305,True,61,0,10,17,1000.93,monte_carlo_run_1006_seed_1048.log
1007,21,1,-1,1,-1,-1,1049,3101,0.24,3.21,False,Solitudine / Nessun Contatto,,,Nessuna,8,0,8,9.54,2,2,2,1,1,0,0,0,0,0,0,0,8500.0,2,1.192,1.192,0.0,False,6,0,1,1,350.71,monte_carlo_run_1007_seed_1049.log
1008,21,1,-1,1,-1,-1,1050,3101,0.583,13.41,True,Contatto Planetario / Biofirme,31.03,8.58,Ostile,3,2,92,22.49,18,10,3,1,1,12,12,12,0,5,5,0,8538.76,14,1.13,0.875,-0.2552,False,72,0,7,16,1000.28,monte_carlo_run_1008_seed_1050.log
1009,21,1,-1,1,-1,-1,1051,3101,0.368,6.81,False,Solitudine / Nessun Contatto,,,Nessuna,80,0,80,20.16,15,13,2,1,0,12,12,12,0,4,3,1,8532.01,15,1.104,1.347,0.243,True,63,0,5,11,1001.06,monte_carlo_run_1009_seed_1051.log
1010,21,1,-1,1,-1,-1,1052,3101,0.498,10.91,True,Contatto Planetario / Biofirme,197.55,13.18,Diffidente,19,0,131,17.02,27,22,4,2,2,23,21,21,0,14,11,3,8619.88,39,1.173,1.6,0.4275,True,103,0,61,89,1000.15,monte_carlo_run_1010_seed_1052.log
1011,21,1,-1,1,-1,-1,1053,3101,0.539,6.64,True,Incontro Flotta Deep-Space,907.55,7.3,Biosfera Primitiva,110,0,126,18.86,21,20,6,2,2,15,12,12,0,8,7,1,8546.37,23,1.042,1.446,0.4038,True,104,0,22,44,1000.26,monte_carlo_run_1011_seed_1053.log
1012,21,1,-1,1,-1,-1,1054,3101,0.4,8.1,False,Solitudine / Nessun Contatto,,,Nessuna,133,0,133,18.39,31,25,3,0,2,28,27,27,0,18,17,1,8632.81,41,0.981,1.6,0.6192,True,102,0,69,114,1000.25,monte_carlo_run_1012_seed_1054.log
1013,21,1,-1,1,-1,-1,1055,3101,0.343,5.9,False,Solitudine / Nessun Contatto,,,Nessuna,72,0,72,17.58,12,11,2,2,0,9,8,8,0,3,2,1,8530.1,14,1.18,1.097,-0.0828,False,56,0,3,7,1000.38,monte_carlo_run_1013_seed_1055.log
1014,21,1,-1,1,-1,-1,1056,3101,0.255,3.67,False,Solitudine / Nessun Contatto,,,Nessuna,23,0,23,12.32,2,2,2,2,0,0,0,0,0,0,0,0,8500.0,6,1.556,1.556,0.0,False,18,0,1,1,1004.21,monte_carlo_run_1014_seed_1056.log
1015,21,1,-1,1,-1,-1,1057,3101,0.421,5.39,True,Contatto Planetario / Biofirme,99.62,8.91,Collaborativa,8,0,43,11.98,4,4,2,1,1,2,2,2,0,1,1,0,8505.92,5,1.371,0.807,-0.5631,False,39,0,0,1,1005.82,monte_carlo_run_1015_seed_1057.log
1016,21,1,-1,1,-1,-1,1058,3101,0.39,9.32,True,Contatto Planetario / Biofirme,652.61,15.92,Predatoria,84,1,166,16.49,35,31,6,1,4,27,16,16,0,10,9,1,8580.07,33,0.946,1.436,0.4901,True,130,0,19,42,1001.2,monte_carlo_run_1016_seed_1058.log
1017,21,1,-1,1,-1,-1,1059,3101,0.492,10.25,True,Contatto Planetario / Biofirme,127.93,18.05,Diffidente,14,2,169,38.29,38,30,3,1,1,32,30,30,0,16,12,4,8608.88,52,1.348,1.6,0.2516,True,126,0,59,73,1000.32,monte_carlo_run_1017_seed_1059.log
1018,21,1,-1,1,-1,-1,1060,3101,0.411,5.39,True,Contatto Planetario / Biofirme,206.18,7.94,Cauta,15,0,57,14.56,10,8,4,1,2,6,6,6,0,4,4,0,8543.38,12,1.018,1.335,0.3173,True,46,0,6,11,1003.94,monte_carlo_run_1018_seed_1060.log
1019,21,1,-1,1,-1,-1,1061,3101,0.562,12.04,True,Incontro Flotta Deep-Space,395.84,10.2,Biosfera Primitiva,60,1,205,25.72,31,25,2,2,0,28,28,28,0,12,10,2,8601.33,37,1.023,1.6,0.5767,True,172,0,20,44,1000.25,monte_carlo_run_1019_seed_1061.log
1020,21,1,-1,1,-1,-1,1062,3101,0.585,8.52,True,Contatto Planetario / Biofirme,373.25,25.24,Cauta,37,1,179,30.3,39,29,2,1,1,36,35,35,0,17,16,1,8632.74,52,1.143,1.513,0.3699,True,136,0,51,75,1000.22,monte_carlo_run_1020_seed_1062.log
1021,21,1,-1,1,-1,-1,1063,3101,0.583,10.23,True,Contatto Planetario / Biofirme,22.45,5.79,Diffidente,3,0,78,12.0,19,15,5,0,4,14,14,14,0,12,6,6,8586.01,30,0.94,1.6,0.6605,True,60,0,65,85,1000.55,monte_carlo_run_1021_seed_1063.log
1022,21,1,-1,1,-1,-1,1064,3101,0.549,6.86,True,Incontro Flotta Deep-Space,541.96,7.86,Biosfera Primitiva,44,0,94,17.81,16,12,2,1,1,14,14,14,0,9,7,2,8561.0,22,1.024,1.515,0.4909,True,76,0,25,37,1000.89,monte_carlo_run_1022_seed_1064.log
1023,21,1,-1,1,-1,-1,1065,3101,0.296,4.23,True,Incontro Flotta Deep-Space,965.76,16.15,Biosfera Primitiva,28,0,28,17.71,7,6,1,0,1,6,6,6,0,4,4,0,8537.85,10,0.824,1.354,0.5298,True,19,0,6,10,1002.47,monte_carlo_run_1023_seed_1065.log
1024,21,1,-1,1,-1,-1,1066,3101,0.494,10.04,True,Incontro Flotta Deep-Space,586.44,18.93,Biosfera Primitiva,81,0,213,28.06,43,37,5,3,1,37,37,37,0,17,9,8,8638.15,53,1.152,1.6,0.4482,True,162,0,59,74,1000.04,monte_carlo_run_1024_seed_1066.log
1025,21,1,-1,1,-1,-1,1067,3101,0.249,4.23,False,Solitudine / Nessun Contatto,,,Nessuna,41,0,41,25.27,7,5,1,1,0,5,5,5,0,2,2,0,8520.32,8,1.582,1.014,-0.5684,False,32,0,0,1,1000.26,monte_carlo_run_1025_seed_1067.log
1026,21,1,-1,1,-1,-1,1068,3101,0.276,4.84,False,Solitudine / Nessun Contatto,,,Nessuna,62,0,62,18.67,14,10,3,1,2,10,6,6,0,1,1,0,8511.77,10,0.95,0.923,-0.0271,False,48,0,2,6,1000.31,monte_carlo_run_1026_seed_1068.log
1027,21,1,-1,1,-1,-1,1069,3101,0.471,7.26,True,Incontro Flotta Deep-Space,340.86,14.82,Biosfera Primitiva,33,0,133,19.01,34,26,3,1,1,31,30,30,0,13,10,3,8607.15,46,1.198,1.6,0.4019,True,99,0,60,71,1000.01,monte_carlo_run_1027_seed_1069.log
1028,21,1,-1,1,-1,-1,1070,3101,0.54,11.28,False,Solitudine / Nessun Contatto,,,Nessuna,77,0,77,8.12,13,8,1,1,0,11,11,11,0,4,3,1,8534.71,13,1.362,1.36,-0.0017,False,63,0,5,8,1000.99,monte_carlo_run_1028_seed_1070.log
1029,21,1,-1,1,-1,-1,1071,3101,0.554,8.17,False,Solitudine / Nessun Contatto,,,Nessuna,146,0,146,15.41,34,30,3,2,1,31,14,14,0,11,10,1,8593.68,42,1.088,1.6,0.5116,True,107,0,42,75,1000.31,monte_carlo_run_1029_seed_1071.log
1030,21,1,-1,1,-1,-1,1072,3101,0.502,12.39,True,Contatto Planetario / Biofirme,14.72,7.39,Cauta,2,1,182,23.36,33,24,5,1,3,27,25,25,0,13,9,4,8596.26,38,1.301,1.6,0.2988,True,146,0,33,47,1000.34,monte_carlo_run_1030_seed_1072.log
1031,21,1,-1,1,-1,-1,1073,3101,0.311,7.46,True,Contatto Planetario / Biofirme,584.67,8.27,Cauta,51,0,129,13.88,21,16,3,1,0,18,18,18,0,10,8,2,8571.06,21,1.115,1.557,0.4414,True,105,0,35,56,1000.02,monte_carlo_run_1031_seed_1073.log
1032,21,1,-1,1,-1,-1,1074,3101,0.488,10.94,True,Contatto Planetario / Biofirme,57.48,6.54,Cauta,4,0,182,30.75,30,26,6,2,2,24,21,21,0,18,10,8,8614.16,53,1.323,1.6,0.2769,True,147,0,78,88,1000.15,monte_carlo_run_1032_seed_1074.log
1033,21,1,-1,1,-1,-1,1075,3101,0.462,6.3,True,Contatto Planetario / Biofirme,170.63,11.56,Collaborativa,16,0,147,24.88,35,24,7,1,5,26,26,26,0,14,13,1,8596.14,35,0.968,1.499,0.5312,True,110,0,30,48,1000.56,monte_carlo_run_1033_seed_1075.log
1034,21,1,-1,1,-1,-1,1076,3101,0.379,7.04,True,Incontro Flotta Deep-Space,644.15,0.0,Biosfera Primitiva,72,0,134,16.21,22,16,1,1,0,21,21,21,0,9,9,0,8575.52,33,1.209,1.491,0.2817,True,108,0,18,27,1000.02,monte_carlo_run_1034_seed_1076.log
1035,21,1,-1,1,-1,-1,1077,3101,0.338,5.4,False,Solitudine / Nessun Contatto,,,Nessuna,61,0,61,19.53,9,6,1,0,1,8,8,8,0,4,3,1,8523.72,9,0.986,1.168,0.1816,True,52,0,3,8,1001.09,monte_carlo_run_1035_seed_1077.log
1036,21,1,-1,1,-1,-1,1078,3101,0.301,7.37,False,Solitudine / Nessun Contatto,,,Nessuna,160,0,160,6.66,27,20,5,1,4,21,12,12,0,9,6,3,8568.08,27,0.973,1.6,0.6271,True,129,0,50,79,1000.39,monte_carlo_run_1036_seed_1078.log
1037,21,1,-1,1,-1,-1,1079,3101,0.345,6.26,True,Incontro Flotta Deep-Space,719.04,7.06,Biosfera Primitiva,59,0,102,13.7,14,10,3,0,2,11,11,11,0,8,8,0,8544.49,16,0.943,1.448,0.5044,True,86,0,20,37,1000.05,monte_carlo_run_1037_seed_1079.log
1038,21,1,-1,1,-1,-1,1080,3101,0.299,7.24,False,Solitudine / Nessun Contatto,,,Nessuna,68,0,68,19.47,10,8,1,1,0,9,9,9,0,6,6,0,8545.5,15,1.142,1.306,0.1643,True,57,0,5,11,1001.27,monte_carlo_run_1038_seed_1080.log
1039,21,1,-1,1,-1,-1,1081,3101,0.344,5.55,True,Contatto Planetario / Biofirme,543.37,7.75,Cauta,36,0,61,17.42,12,11,2,1,0,10,10,10,0,8,6,2,8547.72,21,1.145,1.6,0.4548,True,49,0,24,32,1001.8,monte_carlo_run_1039_seed_1081.log
1040,21,1,-1,1,-1,-1,1082,3101,0.513,8.36,True,Incontro Flotta Deep-Space,705.57,0.0,Collaborativa,80,0,112,38.36,16,14,1,1,0,15,15,15,0,10,8,2,8560.78,31,1.486,1.487,0.0004,True,93,0,22,28,1001.74,monte_carlo_run_1040_seed_1082.log
1041,21,1,-1,1,-1,-1,1083,3101,0.248,4.82,False,Solitudine / Nessun Contatto,,,Nessuna,4,0,4,7.54,1,1,1,1,0,0,0,0,0,0,0,0,8500.0,2,1.035,1.035,0.0,False,3,0,0,0,205.62,monte_carlo_run_1041_seed_1083.log
1042,21,1,-1,1,-1,-1,1084,3101,0.447,9.52,True,Incontro Flotta Deep-Space,701.71,12.33,Biosfera Primitiva,89,3,195,26.18,33,25,3,1,2,26,24,24,0,11,10,1,8585.98,34,1.354,1.254,-0.1005,False,158,0,18,33,1001.22,monte_carlo_run_1042_seed_1084.log
1043,21,1,-1,1,-1,-1,1085,3101,0.29,5.89,True,Contatto Planetario / Biofirme,157.03,8.25,Predatoria,11,1,66,15.37,12,9,5,3,2,5,5,5,0,3,3,0,8531.48,9,1.352,1.239,-0.1126,False,53,0,1,4,1001.39,monte_carlo_run_1043_seed_1085.log
1044,21,1,-1,1,-1,-1,1086,3101,0.522,7.79,True,Incontro Flotta Deep-Space,583.5,12.16,Biosfera Primitiva,73,0,172,27.28,41,31,2,1,1,38,34,34,0,18,13,5,8637.54,57,1.121,1.6,0.4789,True,125,0,57,71,1000.03,monte_carlo_run_1044_seed_1086.log
1045,21,1,-1,1,-1,-1,1087,3101,0.316,5.16,True,Incontro Flotta Deep-Space,904.03,13.32,Biosfera Primitiva,63,0,76,16.72,11,8,1,1,0,9,9,9,0,4,3,1,8531.51,13,1.293,1.328,0.0353,True,63,0,2,6,1001.07,monte_carlo_run_1045_seed_1087.log
1046,21,1,-1,1,-1,-1,1088,3101,0.493,10.69,False,Solitudine / Nessun Contatto,,,Nessuna,129,0,129,18.38,23,16,3,1,2,19,19,19,0,6,6,0,8553.39,18,1.329,1.388,0.0592,True,106,0,5,11,1000.71,monte_carlo_run_1046_seed_1088.log
1047,21,1,-1,1,-1,-1,1089,3101,0.439,6.72,True,Incontro Flotta Deep-Space,403.33,5.85,Biosfera Primitiva,22,0,70,24.65,12,10,3,1,1,9,9,9,0,6,5,1,8536.09,15,1.16,1.439,0.2789,True,57,0,7,16,1000.92,monte_carlo_run_1047_seed_1089.log
1048,21,1,-1,1,-1,-1,1090,3101,0.423,8.74,True,Incontro Flotta Deep-Space,791.57,13.07,Collaborativa,136,0,191,30.11,34,25,1,1,0,33,30,30,0,17,14,3,8644.75,53,1.06,1.6,0.5399,True,151,0,57,75,1000.11,monte_carlo_run_1048_seed_1090.log
1049,21,1,-1,1,-1,-1,1091,3101,0.367,4.41,False,Solitudine / Nessun Contatto,,,Nessuna,35,1,35,17.38,8,6,3,1,2,4,4,4,0,1,1,0,8507.01,7,1.224,0.897,-0.3267,False,28,0,2,4,1000.21,monte_carlo_run_1049_seed_1091.log
1050,21,1,-1,1,-1,-1,1092,3101,0.523,10.12,False,Solitudine / Nessun Contatto,,,Nessuna,143,2,143,25.09,30,22,2,2,0,26,26,26,0,15,12,3,8612.13,46,1.237,1.6,0.3632,True,110,0,41,54,1000.15,monte_carlo_run_1050_seed_1092.log
1051,22,1,-1,1,-1,1,1093,3101,0.35,6.38,True,Contatto Planetario / Biofirme,13.67,4.78,Diffidente,4,0,132,12.12,28,22,3,1,1,23,7,7,0,2,2,0,8514.82,38,1.24,1.097,-0.1428,False,104,0,12,28,1000.52,monte_carlo_run_1051_seed_1093.log
1052,22,1,-1,1,-1,1,1094,3101,0.443,5.87,True,Contatto Planetario / Biofirme,11.62,5.15,Collaborativa,2,0,56,12.5,9,9,2,1,1,7,7,7,0,4,4,0,8525.74,10,1.353,1.148,-0.2046,False,45,0,4,7,1001.38,monte_carlo_run_1052_seed_1094.log
1053,22,1,-1,1,-1,1,1095,3101,0.384,8.03,True,Incontro Flotta Deep-Space,178.15,5.07,Leale alla Madrepatria,26,0,278,21.6,58,44,4,2,2,53,16,16,0,8,7,1,8551.19,83,0.974,1.566,0.5918,True,218,0,37,84,1000.06,monte_carlo_run_1053_seed_1095.log
1054,22,1,-1,1,-1,1,1096,3101,0.336,5.49,True,Incontro Flotta Deep-Space,817.98,5.55,Biosfera Primitiva,47,0,55,14.67,9,8,2,2,0,7,7,7,0,5,4,1,8539.69,17,1.063,1.56,0.497,True,46,0,10,15,1000.56,monte_carlo_run_1054_seed_1096.log
1055,22,1,-1,1,-1,1,1097,3101,0.282,5.84,True,Contatto Planetario / Biofirme,47.09,4.86,Diffidente,4,0,61,14.29,10,7,2,1,1,7,7,7,0,5,5,0,8530.27,14,0.794,1.445,0.6515,True,51,0,7,12,1001.55,monte_carlo_run_1055_seed_1097.log
1056,22,1,-1,1,-1,1,1098,3101,0.35,8.06,True,Incontro Flotta Deep-Space,523.12,10.56,Biosfera Primitiva,49,2,127,20.53,30,18,2,1,1,25,16,16,0,12,8,4,8566.61,42,1.28,1.6,0.3203,True,91,0,39,57,1000.33,monte_carlo_run_1056_seed_1098.log
1057,22,1,-1,1,-1,1,1099,3101,0.236,3.56,False,Solitudine / Nessun Contatto,,,Nessuna,21,0,21,7.66,4,3,2,1,1,2,1,1,0,1,1,0,8504.52,10,0.802,0.116,-0.6868,False,12,0,1,6,941.68,monte_carlo_run_1057_seed_1099.log
1058,22,1,-1,1,-1,1,1100,3101,0.532,12.06,True,Contatto Planetario / Biofirme,9.8,5.22,Cauta,2,0,176,24.41,35,28,3,2,1,30,28,28,0,17,11,6,8618.92,54,1.13,1.6,0.4704,True,137,0,81,93,1000.1,monte_carlo_run_1058_seed_1100.log
1059,22,1,-1,1,-1,1,1101,3101,0.4,7.99,True,Incontro Flotta Deep-Space,339.72,4.6,Biosfera Primitiva,61,1,166,18.09,32,24,4,2,2,26,23,23,0,10,5,5,8592.05,40,1.092,1.6,0.5082,True,132,0,30,54,1000.79,monte_carlo_run_1059_seed_1101.log
1060,22,1,-1,1,-1,1,1102,3101,0.274,6.36,True,Incontro Flotta Deep-Space,563.75,5.75,Biosfera Primitiva,33,1,51,12.83,8,5,1,0,1,6,6,6,0,4,3,1,8546.73,10,0.778,1.413,0.6341,True,43,0,6,10,1002.27,monte_carlo_run_1060_seed_1102.log
1061,22,1,-1,1,-1,1,1103,3101,0.313,5.55,True,Incontro Flotta Deep-Space,290.64,7.53,Biosfera Primitiva,20,0,53,16.49,14,13,2,1,1,12,12,12,0,7,5,2,8553.91,24,1.371,1.566,0.1953,True,37,0,15,25,1000.34,monte_carlo_run_1061_seed_1103.log
1062,22,1,-1,1,-1,1,1104,3101,0.259,3.41,False,Solitudine / Nessun Contatto,,,Nessuna,11,0,11,0.0,2,2,2,2,0,0,0,0,0,0,0,0,8500.0,6,1.01,1.01,0.0,False,8,0,0,1,420.67,monte_carlo_run_1062_seed_1104.log
1063,22,1,-1,1,-1,1,1105,3101,0.496,6.25,True,Incontro Flotta Deep-Space,625.02,8.88,Biosfera Primitiva,28,0,59,19.1,12,10,1,1,0,11,11,11,0,3,3,0,8537.6,16,1.237,1.252,0.0141,True,45,0,0,2,1000.37,monte_carlo_run_1063_seed_1105.log
1064,22,1,-1,1,-1,1,1106,3101,0.48,9.98,True,Incontro Flotta Deep-Space,48.23,0.0,Diffidente,8,0,370,21.6,74,62,2,1,1,69,36,36,0,23,20,3,8671.23,110,1.135,1.6,0.4652,True,291,0,128,214,1000.12,monte_carlo_run_1064_seed_1106.log
1065,22,1,-1,1,-1,1,1107,3101,0.412,8.62,True,Incontro Flotta Deep-Space,92.88,10.04,Collaborativa,16,1,151,21.59,28,21,3,2,1,23,11,11,0,6,5,1,8545.44,42,1.191,1.6,0.4088,True,119,0,47,89,1000.24,monte_carlo_run_1065_seed_1107.log
1066,22,1,-1,1,-1,1,1108,3101,0.595,7.98,True,Incontro Flotta Deep-Space,301.72,13.79,Collaborativa,54,1,313,22.2,60,42,5,2,3,53,20,20,0,14,11,3,8614.64,121,1.421,1.6,0.1788,True,247,0,161,311,1000.07,monte_carlo_run_1066_seed_1108.log
1067,22,1,-1,1,-1,1,1109,3101,0.559,7.81,True,Contatto Planetario / Biofirme,11.43,6.39,Cauta,4,0,135,14.0,27,23,4,1,3,23,1,1,0,1,1,0,8504.75,49,1.078,0.104,-0.9738,False,106,0,28,52,1000.01,monte_carlo_run_1067_seed_1109.log
1068,22,1,-1,1,-1,1,1110,3101,0.595,12.42,True,Contatto Planetario / Biofirme,28.2,10.42,Collaborativa,5,2,183,20.32,42,31,6,2,4,34,26,26,0,11,10,1,8576.72,54,1.218,1.524,0.3058,True,139,0,25,57,1000.79,monte_carlo_run_1068_seed_1110.log
1069,22,1,-1,1,-1,1,1111,3101,0.507,6.92,True,Incontro Flotta Deep-Space,666.52,11.88,Leale alla Madrepatria,68,0,112,18.32,27,16,3,2,1,21,9,9,0,4,4,0,8540.3,44,1.208,1.6,0.3922,True,83,0,27,58,1001.0,monte_carlo_run_1069_seed_1111.log
1070,22,1,-1,1,-1,1,1112,3101,0.465,9.72,False,Solitudine / Nessun Contatto,,,Nessuna,126,1,126,14.55,26,20,2,1,1,23,10,10,0,5,4,1,8540.2,49,1.089,1.6,0.5115,True,98,0,38,70,1000.02,monte_carlo_run_1070_seed_1112.log
1071,22,1,-1,1,-1,1,1113,3101,0.501,8.47,True,Contatto Planetario / Biofirme,3.62,1.81,Cauta,2,1,150,30.37,27,23,4,1,2,22,22,22,0,14,10,4,8621.38,36,1.21,1.6,0.39,True,119,0,37,50,1000.25,monte_carlo_run_1071_seed_1113.log
1072,22,1,-1,1,-1,1,1114,3101,0.223,5.27,True,Incontro Flotta Deep-Space,783.53,15.96,Collaborativa,37,0,62,20.32,11,6,2,0,2,9,9,9,0,4,4,0,8533.69,14,0.99,1.153,0.163,True,50,0,2,7,1000.64,monte_carlo_run_1072_seed_1114.log
1073,22,1,-1,1,-1,1,1115,3101,0.314,5.52,False,Solitudine / Nessun Contatto,,,Nessuna,79,0,79,15.18,11,9,2,1,1,9,9,9,0,4,4,0,8527.83,14,1.139,1.28,0.1418,True,65,0,1,6,1001.66,monte_carlo_run_1073_seed_1115.log
1074,22,1,-1,1,-1,1,1116,3101,0.497,7.08,False,Solitudine / Nessun Contatto,,,Nessuna,111,0,111,25.96,15,12,1,1,0,13,13,13,0,4,4,0,8551.06,16,1.544,1.091,-0.4529,False,92,0,0,5,1000.94,monte_carlo_run_1074_seed_1116.log
1075,22,1,-1,1,-1,1,1117,3101,0.422,5.31,False,Solitudine / Nessun Contatto,,,Nessuna,85,1,85,17.36,17,15,2,0,2,14,14,14,0,10,7,3,8573.01,23,0.901,1.565,0.6634,True,67,0,25,37,1000.41,monte_carlo_run_1075_seed_1117.log
1076,22,1,-1,1,-1,1,1118,3101,0.517,12.59,True,Incontro Flotta Deep-Space,336.68,10.6,Biosfera Primitiva,48,0,245,25.9,40,32,3,1,1,36,35,35,0,22,18,4,8662.21,61,1.23,1.6,0.3695,True,200,0,64,77,1000.24,monte_carlo_run_1076_seed_1118.log
1077,22,1,-1,1,-1,1,1119,3101,0.558,9.34,True,Contatto Planetario / Biofirme,34.52,7.54,Collaborativa,4,0,155,15.56,22,19,4,2,2,18,12,12,0,9,9,0,8571.17,32,1.243,1.6,0.3566,True,130,0,17,37,1000.3,monte_carlo_run_1077_seed_1119.log
1078,22,1,-1,1,-1,1,1120,3101,0.482,10.04,True,Incontro Flotta Deep-Space,25.72,4.95,Collaborativa,5,0,180,31.85,32,24,4,2,2,27,25,25,0,18,11,7,8669.97,53,1.25,1.6,0.3503,True,146,0,56,77,1000.39,monte_carlo_run_1078_seed_1120.log
1079,22,1,-1,1,-1,1,1121,3101,0.261,4.09,True,Incontro Flotta Deep-Space,366.14,1.52,Biosfera Primitiva,10,0,31,19.25,4,4,1,1,0,3,3,3,0,1,1,0,8510.77,8,1.413,1.23,-0.182,False,23,0,0,1,1003.04,monte_carlo_run_1079_seed_1121.log
1080,22,1,-1,1,-1,1,1122,3101,0.425,8.72,True,Contatto Planetario / Biofirme,150.15,9.0,Ostile,8,0,67,14.63,14,11,2,0,2,12,12,12,0,8,7,1,8547.6,25,0.842,1.593,0.7505,True,52,0,27,34,1000.86,monte_carlo_run_1080_seed_1122.log
1081,22,1,-1,1,-1,1,1123,3101,0.445,9.83,True,Contatto Planetario / Biofirme,423.28,21.47,Collaborativa,46,0,143,25.89,25,21,2,1,1,22,22,22,0,11,6,5,8575.23,38,1.416,1.6,0.184,True,115,0,21,29,1000.77,monte_carlo_run_1081_seed_1123.log
1082,22,1,-1,1,-1,1,1124,3101,0.595,12.75,True,Incontro Flotta Deep-Space,9.11,5.42,Cauta,3,1,229,32.42,35,24,4,2,2,30,30,30,0,18,12,6,8613.75,55,1.215,1.6,0.3847,True,188,0,63,84,1000.03,monte_carlo_run_1082_seed_1124.log
1083,22,1,-1,1,-1,1,1125,3101,0.597,14.78,True,Contatto Planetario / Biofirme,406.05,16.09,Ostile,73,0,320,28.52,52,41,5,2,2,45,38,38,0,26,19,7,8696.67,78,1.372,1.6,0.2276,True,264,0,93,110,1000.22,monte_carlo_run_1083_seed_1125.log
1084,22,1,-1,1,-1,1,1126,3101,0.408,8.35,True,Incontro Flotta Deep-Space,552.54,9.59,Biosfera Primitiva,42,1,114,13.7,24,17,2,1,1,21,21,21,0,6,4,2,8550.73,32,1.313,1.53,0.2177,True,89,0,12,17,1000.07,monte_carlo_run_1084_seed_1126.log
1085,22,1,-1,1,-1,1,1127,3101,0.245,5.84,True,Incontro Flotta Deep-Space,181.52,2.9,Collaborativa,17,0,48,8.36,8,3,2,0,2,6,6,6,0,4,4,0,8540.8,14,0.928,1.471,0.5429,True,40,0,8,15,1000.82,monte_carlo_run_1085_seed_1127.log
1086,22,1,-1,1,-1,1,1128,3101,0.46,10.5,True,Incontro Flotta Deep-Space,0.02,6.29,Predatoria,2,0,140,11.78,25,22,4,1,3,21,6,6,0,3,3,0,8530.79,42,1.208,1.019,-0.1888,False,112,0,13,42,1000.53,monte_carlo_run_1086_seed_1128.log
1087,22,1,-1,1,-1,1,1129,3101,0.347,4.97,False,Solitudine / Nessun Contatto,,,Nessuna,45,0,45,20.52,7,7,1,1,0,6,6,6,0,3,3,0,8521.48,8,1.07,1.251,0.1816,True,36,0,2,5,1001.26,monte_carlo_run_1087_seed_1129.log
1088,22,1,-1,1,-1,1,1130,3101,0.254,5.42,True,Incontro Flotta Deep-Space,331.77,0.0,Collaborativa,35,0,159,16.06,28,24,4,2,2,24,8,8,0,4,3,1,8528.06,43,1.043,1.227,0.1839,True,128,0,16,32,1000.31,monte_carlo_run_1088_seed_1130.log
1089,22,1,-1,1,-1,1,1131,3101,0.233,4.33,False,Solitudine / Nessun Contatto,,,Nessuna,1,0,1,0.0,1,1,1,1,0,0,0,0,0,0,0,0,8500.0,2,1.0,1.0,0.0,False,0,0,0,0,0.02,monte_carlo_run_1089_seed_1131.log
1090,22,1,-1,1,-1,1,1132,3101,0.535,11.31,True,Contatto Planetario / Biofirme,110.53,8.04,Ostile,6,0,169,15.13,26,21,3,1,0,23,19,19,0,13,11,2,8581.27,37,1.398,1.6,0.2023,True,140,0,22,38,1000.64,monte_carlo_run_1090_seed_1132.log
1091,22,1,-1,1,-1,1,1133,3101,0.512,11.74,True,Incontro Flotta Deep-Space,587.84,3.69,Leale alla Madrepatria,178,0,330,13.87,59,39,4,2,0,52,8,8,0,4,4,0,8532.93,107,1.437,1.356,-0.0817,False,264,0,98,153,1000.35,monte_carlo_run_1091_seed_1133.log
1092,22,1,-1,1,-1,1,1134,3101,0.445,6.39,True,Contatto Planetario / Biofirme,146.57,12.48,Predatoria,10,0,67,22.45,12,12,2,1,1,10,10,10,0,3,3,0,8539.16,13,1.074,1.333,0.2591,True,53,0,1,4,1000.01,monte_carlo_run_1092_seed_1134.log
1093,22,1,-1,1,-1,1,1135,3101,0.415,7.6,True,Contatto Planetario / Biofirme,79.97,7.63,Predatoria,9,1,214,24.7,32,24,3,2,1,28,26,26,0,18,10,8,8616.87,52,1.198,1.6,0.4023,True,179,0,58,73,1000.08,monte_carlo_run_1093_seed_1135.log
1094,22,1,-1,1,-1,1,1136,3101,0.269,4.63,False,Solitudine / Nessun Contatto,,,Nessuna,1,0,1,0.0,1,1,1,1,0,0,0,0,0,0,0,0,8500.0,2,1.0,1.0,0.0,False,0,0,0,0,0.02,monte_carlo_run_1094_seed_1136.log
1095,22,1,-1,1,-1,1,1137,3101,0.598,10.37,True,Contatto Planetario / Biofirme,21.35,11.16,Predatoria,7,0,240,11.16,44,34,6,1,3,36,11,11,0,6,6,0,8543.18,76,1.358,1.593,0.2341,True,194,0,80,124,1000.02,monte_carlo_run_1095_seed_1137.log
1096,22,1,-1,1,-1,1,1138,3101,0.223,3.87,False,Solitudine / Nessun Contatto,,,Nessuna,12,0,12,8.64,2,1,1,1,0,0,0,0,0,0,0,0,8500.0,3,1.352,1.352,0.0,False,8,0,0,0,1006.15,monte_carlo_run_1096_seed_1138.log
1097,22,1,-1,1,-1,1,1139,3101,0.562,7.48,True,Contatto Planetario / Biofirme,121.82,16.09,Collaborativa,12,0,94,18.08,18,14,4,2,2,13,13,13,0,8,8,0,8579.79,22,1.293,1.519,0.2263,True,76,0,18,28,1000.26,monte_carlo_run_1097_seed_1139.log
1098,22,1,-1,1,-1,1,1140,3101,0.346,4.6,True,Incontro Flotta Deep-Space,375.96,0.0,Biosfera Primitiva,32,0,82,14.8,12,8,2,1,1,10,2,2,0,2,2,0,8519.85,27,1.314,0.273,-1.041,False,65,0,12,28,1000.42,monte_carlo_run_1098_seed_1140.log
1099,22,1,-1,1,-1,1,1141,3101,0.401,7.79,True,Incontro Flotta Deep-Space,319.38,1.62,Biosfera Primitiva,18,0,93,16.94,19,16,3,0,3,15,15,15,0,7,4,3,8554.69,21,0.864,1.336,0.4715,True,73,0,14,24,1000.61,monte_carlo_run_1099_seed_1141.log
1100,22,1,-1,1,-1,1,1142,3101,0.526,6.79,True,Incontro Flotta Deep-Space,210.19,4.86,Collaborativa,19,1,165,23.47,33,23,5,1,3,26,19,19,0,14,12,2,8598.86,41,1.097,1.6,0.5033,True,129,0,42,81,1000.09,monte_carlo_run_1100_seed_1142.log
1101,23,1,-1,1,1,-1,1143,3101,0.501,11.39,True,Incontro Flotta Deep-Space,613.8,9.35,Collaborativa,51,0,93,18.83,6,4,3,2,1,3,2,2,0,2,2,0,8513.42,10,1.485,1.499,0.0141,True,85,0,3,8,1002.61,monte_carlo_run_1101_seed_1143.log
1102,23,1,-1,1,1,-1,1144,3101,0.294,6.61,True,Contatto Planetario / Biofirme,212.13,8.88,Ostile,9,0,49,18.18,4,3,3,1,2,1,1,1,0,1,1,0,8504.04,5,1.389,0.845,-0.5446,False,45,0,0,1,1000.92,monte_carlo_run_1102_seed_1144.log
1103,23,1,-1,1,1,-1,1145,3101,0.234,3.78,False,Solitudine / Nessun Contatto,,,Nessuna,5,0,5,6.25,2,2,2,1,1,0,0,0,0,0,0,0,8500.0,2,1.066,1.066,0.0,False,2,0,1,1,169.27,monte_carlo_run_1103_seed_1145.log
1104,23,1,-1,1,1,-1,1146,3101,0.553,11.5,True,Contatto Planetario / Biofirme,890.82,12.92,Predatoria,129,2,151,27.89,16,10,2,1,0,12,12,12,0,8,8,0,8565.58,16,1.489,1.23,-0.2595,False,133,0,9,18,1000.15,monte_carlo_run_1104_seed_1146.log
1105,23,1,-1,1,1,-1,1147,3101,0.239,4.08,False,Solitudine / Nessun Contatto,,,Nessuna,5,0,5,6.96,1,1,1,1,0,0,0,0,0,0,0,0,8500.0,2,1.033,1.033,0.0,False,3,0,0,0,195.09,monte_carlo_run_1105_seed_1147.log
1106,23,1,-1,1,1,-1,1148,3101,0.368,7.49,False,Solitudine / Nessun Contatto,,,Nessuna,54,0,54,14.37,5,4,2,1,0,2,2,2,0,2,2,0,8508.0,5,1.365,0.74,-0.6252,False,47,0,2,8,1000.78,monte_carlo_run_1106_seed_1148.log
1107,23,1,-1,1,1,-1,1149,3101,0.574,14.14,True,Contatto Planetario / Biofirme,37.82,11.12,Collaborativa,3,1,43,27.89,6,3,2,1,1,3,3,3,0,2,2,0,8508.95,7,1.403,0.856,-0.5475,False,37,0,1,4,1008.61,monte_carlo_run_1107_seed_1149.log
1108,23,1,-1,1,1,-1,1150,3101,0.447,9.1,True,Incontro Flotta Deep-Space,683.14,6.75,Biosfera Primitiva,47,0,82,21.54,9,6,1,1,0,8,8,8,0,4,4,0,8527.89,11,1.149,1.333,0.1836,True,71,0,6,10,1001.08,monte_carlo_run_1108_seed_1150.log
1109,23,1,-1,1,1,-1,1151,3101,0.361,8.76,False,Solitudine / Nessun Contatto,,,Nessuna,84,0,84,18.83,7,6,2,2,0,4,3,3,0,1,1,0,8514.73,11,1.6,1.11,-0.4897,False,77,0,1,3,1000.03,monte_carlo_run_1109_seed_1151.log
1110,23,1,-1,1,1,-1,1152,3101,0.438,10.09,True,Incontro Flotta Deep-Space,296.72,0.0,Biosfera Primitiva,25,0,113,21.27,13,8,1,1,0,11,11,11,0,6,5,1,8540.06,21,1.526,1.401,-0.1248,False,101,0,9,11,1000.12,monte_carlo_run_1110_seed_1152.log
1111,23,1,-1,1,1,-1,1153,3101,0.52,7.58,False,Solitudine / Nessun Contatto,,,Nessuna,86,0,86,22.94,8,6,1,1,0,7,7,7,0,4,4,0,8529.5,10,1.03,1.148,0.1174,True,77,0,3,6,1000.11,monte_carlo_run_1111_seed_1153.log
1112,23,1,-1,1,1,-1,1154,3101,0.372,6.12,False,Solitudine / Nessun Contatto,,,Nessuna,64,0,64,14.78,7,6,3,2,0,4,4,4,0,2,2,0,8508.59,8,1.311,1.107,-0.2043,False,58,0,1,4,1000.93,monte_carlo_run_1112_seed_1154.log
1113,23,1,-1,1,1,-1,1155,3101,0.46,6.41,True,Contatto Planetario / Biofirme,221.35,8.27,Collaborativa,14,0,55,18.16,8,6,3,1,2,4,4,4,0,2,2,0,8513.22,9,1.358,1.114,-0.2445,False,48,0,3,7,1001.54,monte_carlo_run_1113_seed_1155.log
1114,23,1,-1,1,1,-1,1156,3101,0.564,8.75,True,Incontro Flotta Deep-Space,634.56,0.0,Biosfera Primitiva,47,0,73,8.65,5,5,1,1,0,4,4,4,0,2,2,0,8516.34,9,1.521,1.285,-0.236,False,68,0,1,3,1002.79,monte_carlo_run_1114_seed_1156.log
1115,23,1,-1,1,1,-1,1157,3101,0.306,6.11,True,Contatto Planetario / Biofirme,683.17,16.96,Cauta,49,0,77,25.04,10,9,2,1,1,8,8,8,0,7,7,0,8552.48,14,1.377,1.239,-0.1378,False,67,0,5,14,1003.06,monte_carlo_run_1115_seed_1157.log
1116,23,1,-1,1,1,-1,1158,3101,0.359,5.51,False,Solitudine / Nessun Contatto,,,Nessuna,32,0,32,15.64,7,5,2,1,1,4,4,4,0,1,1,0,8511.52,8,1.516,1.137,-0.3798,False,26,0,1,3,1001.48,monte_carlo_run_1116_seed_1158.log
1117,23,1,-1,1,1,-1,1159,3101,0.441,8.59,True,Incontro Flotta Deep-Space,720.03,14.26,Collaborativa,70,0,119,20.35,14,10,3,2,1,11,11,11,0,8,6,2,8567.46,18,1.076,1.468,0.3925,True,102,0,22,29,1000.5,monte_carlo_run_1117_seed_1159.log
1118,23,1,-1,1,1,-1,1160,3101,0.249,3.87,False,Solitudine / Nessun Contatto,,,Nessuna,14,0,14,13.22,3,3,3,2,1,0,0,0,0,0,0,0,8500.0,5,1.6,1.6,0.0,False,10,0,2,2,1003.65,monte_carlo_run_1118_seed_1160.log
1119,23,1,-1,1,1,-1,1161,3101,0.513,8.93,True,Contatto Planetario / Biofirme,744.03,9.43,Diffidente,51,0,64,13.91,4,4,2,1,1,2,2,2,0,2,2,0,8513.46,7,1.526,1.217,-0.309,False,60,0,1,3,1000.33,monte_carlo_run_1119_seed_1161.log
1120,23,1,-1,1,1,-1,1162,3101,0.401,9.99,True,Contatto Planetario / Biofirme,108.21,14.06,Collaborativa,10,1,102,23.6,10,7,2,1,1,7,7,7,0,4,4,0,8528.34,13,1.512,1.392,-0.1208,False,91,0,2,6,1000.05,monte_carlo_run_1120_seed_1162.log
1121,23,1,-1,1,1,-1,1163,3101,0.479,11.67,True,Contatto Planetario / Biofirme,104.81,13.08,Collaborativa,11,0,169,16.44,14,11,2,2,0,12,12,12,0,6,6,0,8543.31,21,1.499,1.421,-0.0786,False,154,0,5,11,1000.46,monte_carlo_run_1121_seed_1163.log
1122,23,1,-1,1,1,-1,1164,3101,0.596,7.76,False,Solitudine / Nessun Contatto,,,Nessuna,96,0,96,17.08,6,5,1,1,0,5,5,5,0,3,3,0,8530.67,9,1.276,0.845,-0.4313,False,89,0,0,3,1002.8,monte_carlo_run_1122_seed_1164.log
1123,23,1,-1,1,1,-1,1165,3101,0.36,8.85,True,Incontro Flotta Deep-Space,725.24,11.84,Biosfera Primitiva,56,0,85,20.67,8,5,1,1,0,7,7,7,0,6,5,1,8533.68,14,1.175,1.423,0.248,True,76,0,7,12,1000.11,monte_carlo_run_1123_seed_1165.log
1124,23,1,-1,1,1,-1,1166,3101,0.33,6.9,True,Contatto Planetario / Biofirme,693.14,12.48,Cauta,56,0,92,17.96,10,8,3,1,2,7,6,6,0,2,2,0,8511.24,12,1.364,0.957,-0.4064,False,81,0,1,4,1001.35,monte_carlo_run_1124_seed_1166.log
1125,23,1,-1,1,1,-1,1167,3101,0.428,10.11,True,Incontro Flotta Deep-Space,375.49,6.53,Biosfera Primitiva,40,0,78,14.32,7,6,1,1,0,6,6,6,0,3,3,0,8524.67,13,1.484,1.401,-0.0833,False,71,0,3,6,1001.07,monte_carlo_run_1125_seed_1167.log
1126,23,1,-1,1,1,-1,1168,3101,0.295,4.64,False,Solitudine / Nessun Contatto,,,Nessuna,20,0,20,15.64,3,2,1,0,1,2,2,2,0,2,2,0,8515.61,4,0.875,1.15,0.2753,True,15,0,1,3,1001.97,monte_carlo_run_1126_seed_1168.log
1127,23,1,-1,1,1,-1,1169,3101,0.571,9.92,False,Solitudine / Nessun Contatto,,,Nessuna,57,0,57,19.51,6,5,1,1,0,5,5,5,0,2,2,0,8517.16,10,1.386,1.209,-0.1769,False,49,0,0,2,1001.14,monte_carlo_run_1127_seed_1169.log
1128,23,1,-1,1,1,-1,1170,3101,0.316,3.85,False,Solitudine / Nessun Contatto,,,Nessuna,10,0,10,9.09,1,1,1,1,0,0,0,0,0,0,0,0,8500.0,3,1.395,1.395,0.0,False,9,0,0,0,1000.32,monte_carlo_run_1128_seed_1170.log
1129,23,1,-1,1,1,-1,1171,3101,0.359,5.63,False,Solitudine / Nessun Contatto,,,Nessuna,43,0,43,15.64,4,3,1,1,0,3,3,3,0,1,1,0,8513.74,6,1.28,0.94,-0.34,False,39,0,0,1,1000.53,monte_carlo_run_1129_seed_1171.log
1130,23,1,-1,1,1,-1,1172,3101,0.477,10.8,True,Contatto Planetario / Biofirme,274.26,17.99,Diffidente,35,0,156,22.65,16,14,4,2,2,12,12,12,0,8,5,3,8561.85,27,1.299,1.6,0.301,True,136,0,22,27,1000.91,monte_carlo_run_1130_seed_1172.log
1131,23,1,-1,1,1,-1,1173,3101,0.372,5.27,False,Solitudine / Nessun Contatto,,,Nessuna,47,0,47,10.79,5,3,1,1,0,3,3,3,0,3,3,0,8518.08,8,1.248,1.413,0.1643,True,43,0,5,10,1001.44,monte_carlo_run_1131_seed_1173.log
1132,23,1,-1,1,1,-1,1174,3101,0.347,7.26,True,Incontro Flotta Deep-Space,394.89,6.83,Biosfera Primitiva,22,1,49,12.55,8,5,2,1,1,5,5,5,0,3,3,0,8522.62,11,1.176,1.356,0.18,True,40,0,3,6,1000.53,monte_carlo_run_1132_seed_1174.log
1133,23,1,-1,1,1,-1,1175,3101,0.244,5.65,False,Solitudine / Nessun Contatto,,,Nessuna,17,0,17,8.74,4,3,2,1,1,1,1,1,0,1,1,0,8504.37,3,1.141,0.1,-1.0404,False,15,0,2,4,1003.32,monte_carlo_run_1133_seed_1175.log
1134,23,1,-1,1,1,-1,1176,3101,0.242,5.66,True,Incontro Flotta Deep-Space,786.57,12.56,Biosfera Primitiva,52,0,79,14.22,7,6,2,1,1,5,2,2,0,2,2,0,8509.96,10,1.316,1.312,-0.0041,False,68,0,3,8,1002.63,monte_carlo_run_1134_seed_1176.log
1135,23,1,-1,1,1,-1,1177,3101,0.457,7.03,True,Contatto Planetario / Biofirme,136.35,14.42,Ostile,11,0,116,14.42,13,13,4,2,2,9,8,8,0,6,4,2,8543.09,18,1.191,1.59,0.3995,True,102,0,15,22,1000.64,monte_carlo_run_1135_seed_1177.log
1136,23,1,-1,1,1,-1,1178,3101,0.386,6.4,True,Contatto Planetario / Biofirme,208.2,10.23,Diffidente,15,0,34,11.06,4,4,3,2,1,1,1,1,0,0,0,0,8500.88,5,1.6,0.847,-0.7529,False,31,0,1,1,1001.07,monte_carlo_run_1136_seed_1178.log
1137,23,1,-1,1,1,-1,1179,3101,0.515,12.17,False,Solitudine / Nessun Contatto,,,Nessuna,245,0,245,36.27,21,16,1,1,0,20,20,20,0,10,8,2,8577.44,29,1.577,1.344,-0.2333,False,221,0,10,15,1001.22,monte_carlo_run_1137_seed_1179.log
1138,23,1,-1,1,1,-1,1180,3101,0.545,7.04,False,Solitudine / Nessun Contatto,,,Nessuna,100,0,100,18.09,5,5,1,1,0,4,4,4,0,3,3,0,8522.49,8,1.444,0.956,-0.4873,False,94,0,2,4,1001.01,monte_carlo_run_1138_seed_1180.log
1139,23,1,-1,1,1,-1,1181,3101,0.361,5.17,False,Solitudine / Nessun Contatto,,,Nessuna,45,0,45,13.52,4,2,2,1,1,2,0,0,0,0,0,0,8500.0,8,1.165,1.165,0.0,False,41,0,1,6,1001.9,monte_carlo_run_1139_seed_1181.log
1140,23,1,-1,1,1,-1,1182,3101,0.216,4.76,False,Solitudine / Nessun Contatto,,,Nessuna,29,0,29,15.72,3,2,1,1,0,1,1,1,0,1,1,0,8509.69,5,1.49,1.127,-0.3632,False,25,0,0,1,1000.28,monte_carlo_run_1140_seed_1182.log
1141,23,1,-1,1,1,-1,1183,3101,0.284,3.85,False,Solitudine / Nessun Contatto,,,Nessuna,50,0,50,14.96,3,3,3,3,0,0,0,0,0,0,0,0,8500.0,9,1.6,1.6,0.0,False,41,0,2,2,1004.11,monte_carlo_run_1141_seed_1183.log
1142,23,1,-1,1,1,-1,1184,3101,0.34,7.26,True,Contatto Planetario / Biofirme,16.26,5.53,Diffidente,2,0,43,12.55,3,3,3,1,1,0,0,0,0,0,0,0,8500.0,3,1.303,1.303,0.0,False,40,0,0,1,1003.18,monte_carlo_run_1142_seed_1184.log
1143,23,1,-1,1,1,-1,1185,3101,0.424,6.8,True,Contatto Planetario / Biofirme,220.29,9.15,Collaborativa,13,0,108,21.61,10,7,3,1,2,7,6,6,0,4,4,0,8529.03,12,1.335,1.305,-0.0306,False,98,0,3,7,1000.56,monte_carlo_run_1143_seed_1185.log
1144,23,1,-1,1,1,-1,1186,3101,0.482,8.83,True,Incontro Flotta Deep-Space,211.24,0.0,Biosfera Primitiva,21,0,121,15.2,12,6,1,1,0,10,10,10,0,7,5,2,8539.76,25,1.481,1.6,0.1192,True,109,0,19,26,1001.32,monte_carlo_run_1144_seed_1186.log
1145,23,1,-1,1,1,-1,1187,3101,0.464,10.69,True,Incontro Flotta Deep-Space,839.34,0.0,Leale alla Madrepatria,76,1,107,32.64,16,12,2,1,1,13,11,11,0,3,3,0,8521.71,16,1.142,1.132,-0.0107,False,84,0,1,6,1001.39,monte_carlo_run_1145_seed_1187.log
1146,23,1,-1,1,1,-1,1188,3101,0.214,4.07,True,Contatto Planetario / Biofirme,33.04,6.68,Diffidente,3,0,24,13.94,3,3,2,0,2,1,1,1,0,1,1,0,8508.7,4,0.945,0.467,-0.4775,False,20,0,0,1,1000.15,monte_carlo_run_1146_seed_1188.log
1147,23,1,-1,1,1,-1,1189,3101,0.254,3.97,False,Solitudine / Nessun Contatto,,,Nessuna,20,0,20,13.45,2,2,1,1,0,1,1,1,0,1,1,0,8504.47,3,1.027,0.272,-0.7554,False,17,0,0,1,1001.49,monte_carlo_run_1147_seed_1189.log
1148,23,1,-1,1,1,-1,1190,3101,0.372,7.71,True,Incontro Flotta Deep-Space,852.96,12.23,Biosfera Primitiva,58,0,78,17.81,7,4,2,1,1,5,5,5,0,4,4,0,8530.25,11,1.091,1.216,0.1255,True,69,0,0,4,1000.31,monte_carlo_run_1148_seed_1190.log
1149,23,1,-1,1,1,-1,1191,3101,0.415,5.45,False,Solitudine / Nessun Contatto,,,Nessuna,52,0,52,16.3,4,4,1,1,0,3,3,3,0,2,2,0,8512.32,6,1.165,0.843,-0.322,False,47,0,1,3,1003.2,monte_carlo_run_1149_seed_1191.log
1150,23,1,-1,1,1,-1,1192,3101,0.507,6.67,True,Contatto Planetario / Biofirme,857.05,20.8,Collaborativa,61,0,86,23.47,6,6,2,2,0,4,3,3,0,2,2,0,8520.06,10,1.407,1.432,0.0248,True,77,0,0,2,1001.86,monte_carlo_run_1150_seed_1192.log
1151,24,1,-1,1,1,1,1193,3101,0.41,8.07,True,Incontro Flotta Deep-Space,505.33,4.15,Collaborativa,35,1,57,10.27,7,5,1,1,0,5,5,5,0,4,3,1,8532.69,10,1.236,1.394,0.1585,True,49,0,5,10,1001.18,monte_carlo_run_1151_seed_1193.log
1152,24,1,-1,1,1,1,1194,3101,0.488,7.13,True,Incontro Flotta Deep-Space,728.05,13.81,Predatoria,117,0,160,21.31,11,9,3,2,1,8,1,1,0,1,1,0,8504.46,29,1.6,0.155,-1.4447,False,146,0,9,16,1000.2,monte_carlo_run_1152_seed_1194.log
1153,24,1,-1,1,1,1,1195,3101,0.466,11.11,True,Contatto Planetario / Biofirme,71.18,11.72,Cauta,7,1,70,16.99,12,7,3,1,1,8,8,8,0,3,3,0,8527.66,10,1.319,1.352,0.0328,True,59,0,1,4,1001.16,monte_carlo_run_1153_seed_1195.log
1154,24,1,-1,1,1,1,1196,3101,0.408,7.9,True,Contatto Planetario / Biofirme,265.61,16.34,Cauta,38,0,184,21.08,22,17,4,3,1,17,6,6,0,5,5,0,8529.79,40,1.139,1.065,-0.0746,False,162,0,23,50,1000.97,monte_carlo_run_1154_seed_1196.log
1155,24,1,-1,1,1,1,1197,3101,0.3,6.05,False,Solitudine / Nessun Contatto,,,Nessuna,43,0,43,16.55,3,3,1,1,0,2,2,2,0,1,1,0,8510.68,5,1.299,0.839,-0.46,False,39,0,0,1,1000.76,monte_carlo_run_1155_seed_1197.log
1156,24,1,-1,1,1,1,1198,3101,0.236,5.38,False,Solitudine / Nessun Contatto,,,Nessuna,26,0,26,13.28,3,3,1,1,0,2,2,2,0,1,1,0,8505.65,5,1.066,0.829,-0.2365,False,23,0,0,1,1000.79,monte_carlo_run_1156_seed_1198.log
1157,24,1,-1,1,1,1,1199,3101,0.267,3.26,False,Solitudine / Nessun Contatto,,,Nessuna,29,0,29,9.56,4,4,3,2,1,1,1,1,0,1,1,0,8505.25,12,1.202,0.1,-1.1024,False,20,0,3,5,1001.45,monte_carlo_run_1157_seed_1199.log
1158,24,1,-1,1,1,1,1200,3101,0.585,9.32,True,Contatto Planetario / Biofirme,4.8,2.81,Diffidente,6,0,127,16.62,11,9,5,2,3,5,1,1,0,1,1,0,8506.8,22,1.6,1.11,-0.4903,False,116,0,1,10,1000.83,monte_carlo_run_1158_seed_1200.log
1159,24,1,-1,1,1,1,1201,3101,0.328,4.76,False,Solitudine / Nessun Contatto,,,Nessuna,27,0,27,14.31,1,1,1,1,0,0,0,0,0,0,0,0,8500.0,4,1.559,1.559,0.0,False,25,0,0,0,1001.62,monte_carlo_run_1159_seed_1201.log
1160,24,1,-1,1,1,1,1202,3101,0.211,4.08,False,Solitudine / Nessun Contatto,,,Nessuna,57,0,57,13.16,5,4,2,1,1,3,0,0,0,0,0,0,8500.0,16,1.564,1.564,0.0,False,45,0,3,7,1000.52,monte_carlo_run_1160_seed_1202.log
1161,24,1,-1,1,1,1,1203,3101,0.233,4.67,True,Incontro Flotta Deep-Space,739.89,10.55,Biosfera Primitiva,76,0,96,18.3,6,6,4,3,1,2,2,2,0,2,2,0,8512.98,15,1.178,0.48,-0.6981,False,86,0,3,8,1000.91,monte_carlo_run_1161_seed_1203.log
1162,24,1,-1,1,1,1,1204,3101,0.469,5.73,True,Incontro Flotta Deep-Space,0.04,3.99,Cauta,4,0,70,17.74,7,5,3,3,0,4,1,1,0,0,0,0,8501.02,20,1.6,1.067,-0.5325,False,63,0,5,10,1002.2,monte_carlo_run_1162_seed_1204.log
1163,24,1,-1,1,1,1,1205,3101,0.366,8.43,False,Solitudine / Nessun Contatto,,,Nessuna,52,0,52,13.69,4,3,1,1,0,3,3,3,0,2,2,0,8518.54,8,1.353,1.281,-0.0715,False,48,0,1,3,1000.02,monte_carlo_run_1163_seed_1205.log
1164,24,1,-1,1,1,1,1206,3101,0.218,3.96,True,Incontro Flotta Deep-Space,242.36,0.0,Biosfera Primitiva,6,0,29,13.89,4,4,1,0,1,3,3,3,0,3,3,0,8518.11,7,0.885,1.28,0.3949,True,22,0,2,6,1003.73,monte_carlo_run_1164_seed_1206.log
1165,24,1,-1,1,1,1,1207,3101,0.338,6.98,True,Incontro Flotta Deep-Space,728.69,14.92,Diffidente,70,0,116,18.37,9,8,2,1,1,7,1,1,0,0,0,0,8501.27,21,1.6,0.95,-0.6505,False,106,0,4,9,1000.79,monte_carlo_run_1165_seed_1207.log
1166,24,1,-1,1,1,1,1208,3101,0.298,6.97,False,Solitudine / Nessun Contatto,,,Nessuna,166,0,166,15.36,17,13,3,2,1,14,3,3,0,1,1,0,8508.42,27,1.399,0.885,-0.5145,False,147,0,0,6,1000.09,monte_carlo_run_1166_seed_1208.log
1167,24,1,-1,1,1,1,1209,3101,0.4,5.86,True,Incontro Flotta Deep-Space,706.63,0.0,Collaborativa,64,0,107,17.88,8,8,2,2,0,6,4,4,0,2,2,0,8512.07,14,1.086,0.819,-0.2668,False,98,0,2,5,1000.46,monte_carlo_run_1167_seed_1209.log
1168,24,1,-1,1,1,1,1210,3101,0.421,6.19,True,Incontro Flotta Deep-Space,855.33,3.95,Biosfera Primitiva,66,0,75,18.77,7,6,1,1,0,6,6,6,0,3,2,1,8520.86,10,1.329,1.262,-0.0673,False,68,0,3,6,1000.3,monte_carlo_run_1168_seed_1210.log
1169,24,1,-1,1,1,1,1211,3101,0.511,7.51,True,Incontro Flotta Deep-Space,82.34,8.97,Collaborativa,16,0,41,10.72,5,4,2,2,0,2,0,0,0,0,0,0,8500.0,12,1.457,1.457,0.0,False,36,0,1,3,1002.7,monte_carlo_run_1169_seed_1211.log
1170,24,1,-1,1,1,1,1212,3101,0.516,9.71,False,Solitudine / Nessun Contatto,,,Nessuna,63,1,63,17.21,6,3,1,1,0,4,4,4,0,1,1,0,8504.96,6,1.312,0.867,-0.4449,False,55,0,0,1,1006.74,monte_carlo_run_1170_seed_1212.log
1171,24,1,-1,1,1,1,1213,3101,0.403,5.08,False,Solitudine / Nessun Contatto,,,Nessuna,149,0,149,16.17,10,9,3,2,1,7,4,4,0,4,3,1,8521.45,25,1.256,1.458,0.2026,True,137,0,9,18,1000.08,monte_carlo_run_1171_seed_1213.log
1172,24,1,-1,1,1,1,1214,3101,0.381,7.31,True,Incontro Flotta Deep-Space,532.05,10.78,Diffidente,95,0,190,18.84,11,11,4,3,1,7,1,1,0,1,1,0,8504.52,30,1.246,0.1,-1.146,False,179,0,5,12,1001.05,monte_carlo_run_1172_seed_1214.log
1173,24,1,-1,1,1,1,1215,3101,0.429,8.79,True,Contatto Planetario / Biofirme,25.63,4.66,Cauta,3,0,47,8.68,6,5,3,1,2,3,3,3,0,1,1,0,8507.78,7,1.591,1.152,-0.4394,False,40,0,0,1,1004.53,monte_carlo_run_1173_seed_1215.log
1174,24,1,-1,1,1,1,1216,3101,0.288,7.05,True,Contatto Planetario / Biofirme,89.42,6.62,Predatoria,6,0,74,10.2,7,6,3,1,2,4,4,4,0,2,2,0,8514.07,9,1.45,1.202,-0.2482,False,66,0,1,3,1001.19,monte_carlo_run_1174_seed_1216.log
1175,24,1,-1,1,1,1,1217,3101,0.534,13.1,True,Contatto Planetario / Biofirme,188.29,28.5,Collaborativa,31,0,187,28.5,14,11,4,2,2,9,8,8,0,5,4,1,8541.93,24,1.587,1.6,0.013,True,172,0,8,10,1000.3,monte_carlo_run_1175_seed_1217.log
1176,24,1,-1,1,1,1,1218,3101,0.571,9.54,True,Contatto Planetario / Biofirme,552.72,21.48,Cauta,56,0,130,22.8,11,8,3,2,1,8,3,3,0,1,1,0,8506.46,22,1.252,0.868,-0.3833,False,117,0,1,8,1000.37,monte_carlo_run_1176_seed_1218.log
1177,24,1,-1,1,1,1,1219,3101,0.42,9.3,True,Contatto Planetario / Biofirme,309.58,20.64,Ostile,22,0,90,20.64,7,5,2,1,1,5,5,5,0,2,2,0,8517.48,8,1.364,0.911,-0.4531,False,80,0,1,3,1001.52,monte_carlo_run_1177_seed_1219.log
1178,24,1,-1,1,1,1,1220,3101,0.294,3.58,False,Solitudine / Nessun Contatto,,,Nessuna,20,0,20,18.39,3,2,1,1,0,2,2,2,0,0,0,0,8502.28,6,1.456,0.802,-0.654,False,14,0,0,0,1000.54,monte_carlo_run_1178_seed_1220.log
1179,24,1,-1,1,1,1,1221,3101,0.403,7.53,False,Solitudine / Nessun Contatto,,,Nessuna,34,0,34,15.29,1,1,1,1,0,0,0,0,0,0,0,0,8500.0,4,1.6,1.6,0.0,False,33,0,0,0,1004.06,monte_carlo_run_1179_seed_1221.log
1180,24,1,-1,1,1,1,1222,3101,0.24,5.49,False,Solitudine / Nessun Contatto,,,Nessuna,91,0,91,17.29,6,5,4,3,1,2,1,1,0,0,0,0,8500.1,15,1.6,0.845,-0.7552,False,85,0,3,6,1000.05,monte_carlo_run_1180_seed_1222.log
1181,24,1,-1,1,1,1,1223,3101,0.591,9.21,True,Incontro Flotta Deep-Space,458.72,0.0,Cauta,44,1,60,14.87,5,4,2,2,0,2,0,0,0,0,0,0,8500.0,14,1.6,1.6,0.0,False,54,0,2,6,1002.09,monte_carlo_run_1181_seed_1223.log
1182,24,1,-1,1,1,1,1224,3101,0.358,7.7,True,Contatto Planetario / Biofirme,20.97,7.51,Predatoria,6,0,121,15.55,12,10,3,2,1,9,1,1,0,1,1,0,8505.82,26,1.27,0.101,-1.1695,False,107,0,5,13,1000.38,monte_carlo_run_1182_seed_1224.log
1183,24,1,-1,1,1,1,1225,3101,0.23,5.63,False,Solitudine / Nessun Contatto,,,Nessuna,75,0,75,14.39,4,4,2,2,0,2,0,0,0,0,0,0,8500.0,12,1.592,1.592,0.0,False,71,0,1,3,1000.69,monte_carlo_run_1183_seed_1225.log
1184,24,1,-1,1,1,1,1226,3101,0.218,4.23,False,Solitudine / Nessun Contatto,,,Nessuna,5,0,5,7.73,2,2,1,0,1,1,1,1,0,1,1,0,8506.99,3,0.996,1.097,0.1006,True,2,0,0,1,278.8,monte_carlo_run_1184_seed_1226.log
1185,24,1,-1,1,1,1,1227,3101,0.361,8.27,False,Solitudine / Nessun Contatto,,,Nessuna,88,0,88,23.54,10,6,1,1,0,9,9,9,0,2,2,0,8522.68,12,1.225,0.97,-0.2552,False,76,0,0,3,1002.24,monte_carlo_run_1185_seed_1227.log
1186,24,1,-1,1,1,1,1228,3101,0.449,6.14,True,Incontro Flotta Deep-Space,0.02,1.88,Predatoria,2,0,66,4.42,6,6,2,1,1,4,0,0,0,0,0,0,8500.0,18,1.187,1.187,0.0,False,60,0,1,11,1000.04,monte_carlo_run_1186_seed_1228.log
1187,24,1,-1,1,1,1,1229,3101,0.488,11.69,True,Incontro Flotta Deep-Space,566.4,8.08,Biosfera Primitiva,51,0,90,16.27,7,6,1,1,0,6,6,6,0,3,3,0,8523.34,13,1.534,1.423,-0.1115,False,82,0,2,5,1003.38,monte_carlo_run_1187_seed_1229.log
1188,24,1,-1,1,1,1,1230,3101,0.539,7.49,True,Incontro Flotta Deep-Space,669.16,11.58,Cauta,156,1,245,28.78,24,19,2,2,0,21,17,17,0,10,7,3,8564.9,41,1.462,1.589,0.1273,True,219,0,32,40,1000.06,monte_carlo_run_1188_seed_1230.log
1189,24,1,-1,1,1,1,1231,3101,0.315,6.97,True,Incontro Flotta Deep-Space,232.39,0.0,Biosfera Primitiva,11,0,69,16.47,6,6,2,1,1,4,4,4,0,2,2,0,8513.2,9,1.286,1.205,-0.0815,False,60,0,0,3,1000.29,monte_carlo_run_1189_seed_1231.log
1190,24,1,-1,1,1,1,1232,3101,0.327,4.36,False,Solitudine / Nessun Contatto,,,Nessuna,3,0,3,4.34,1,1,1,1,0,0,0,0,0,0,0,0,8500.0,2,1.017,1.017,0.0,False,2,0,0,0,129.69,monte_carlo_run_1190_seed_1232.log
1191,24,1,-1,1,1,1,1233,3101,0.595,9.18,True,Contatto Planetario / Biofirme,230.07,17.3,Ostile,17,1,100,21.32,12,8,2,1,1,9,9,9,0,3,2,1,8525.99,15,1.503,1.267,-0.2366,False,88,0,1,3,1000.52,monte_carlo_run_1191_seed_1233.log
1192,24,1,-1,1,1,1,1234,3101,0.551,7.19,False,Solitudine / Nessun Contatto,,,Nessuna,89,0,89,27.98,11,8,1,1,0,10,10,10,0,3,3,0,8531.09,12,1.428,1.19,-0.2379,False,77,0,1,3,1000.18,monte_carlo_run_1192_seed_1234.log
1193,24,1,-1,1,1,1,1235,3101,0.449,5.65,True,Incontro Flotta Deep-Space,555.22,7.01,Collaborativa,52,0,98,22.45,7,5,1,1,0,6,6,6,0,4,4,0,8535.53,13,1.295,1.379,0.0839,True,89,0,5,9,1000.04,monte_carlo_run_1193_seed_1235.log
1194,24,1,-1,1,1,1,1236,3101,0.311,4.19,True,Incontro Flotta Deep-Space,156.19,12.82,Collaborativa,17,0,22,20.44,5,4,2,2,0,3,0,0,0,0,0,0,8500.0,13,1.428,1.428,0.0,False,17,0,2,5,1007.68,monte_carlo_run_1194_seed_1236.log
1195,24,1,-1,1,1,1,1237,3101,0.41,6.02,False,Solitudine / Nessun Contatto,,,Nessuna,48,0,48,17.16,6,4,1,1,0,5,5,5,0,0,0,0,8505.98,9,1.6,0.928,-0.6721,False,42,0,0,0,1000.28,monte_carlo_run_1195_seed_1237.log
1196,24,1,-1,1,1,1,1238,3101,0.278,6.06,True,Incontro Flotta Deep-Space,320.75,0.0,Cauta,28,0,69,14.83,6,5,2,2,0,4,4,4,0,4,3,1,8534.63,15,1.262,1.421,0.1596,True,60,0,7,12,1002.95,monte_carlo_run_1196_seed_1238.log
1197,24,1,-1,1,1,1,1239,3101,0.353,8.73,True,Incontro Flotta Deep-Space,475.18,20.12,Biosfera Primitiva,44,0,103,30.01,8,7,1,1,0,7,7,7,0,5,5,0,8543.13,14,1.6,1.456,-0.1443,False,95,0,7,10,1000.54,monte_carlo_run_1197_seed_1239.log
1198,24,1,-1,1,1,1,1240,3101,0.347,6.77,True,Incontro Flotta Deep-Space,822.2,12.15,Collaborativa,103,0,133,20.68,12,11,2,1,1,10,5,5,0,4,4,0,8521.44,26,1.189,1.211,0.0223,True,119,0,6,14,1000.23,monte_carlo_run_1198_seed_1240.log
1199,24,1,-1,1,1,1,1241,3101,0.489,8.57,True,Contatto Planetario / Biofirme,139.29,9.32,Cauta,12,0,80,19.41,10,9,3,1,2,7,7,7,0,3,3,0,8525.09,11,1.379,1.114,-0.265,False,69,0,2,6,1000.44,monte_carlo_run_1199_seed_1241.log
1200,24,1,-1,1,1,1,1242,3101,0.325,5.89,False,Solitudine / Nessun Contatto,,,Nessuna,77,0,77,21.37,9,7,1,1,0,8,8,8,0,2,2,0,8524.7,9,1.344,1.188,-0.1552,False,67,0,0,1,1000.02,monte_carlo_run_1200_seed_1242.log
1201,25,1,1,-1,-1,-1,1243,3101,0.068,1.27,False,Solitudine / Nessun Contatto,,,Nessuna,1,0,1,0.0,1,1,1,1,0,0,0,0,0,0,0,0,8500.0,2,1.0,1.0,0.0,False,0,0,0,0,0.02,monte_carlo_run_1201_seed_1243.log
1202,25,1,1,-1,-1,-1,1244,3101,0.057,1.04,False,Solitudine / Nessun Contatto,,,Nessuna,1,0,1,0.0,3,3,3,1,2,0,0,0,0,0,0,0,8500.0,2,1.0,1.0,0.0,False,0,0,0,2,0.02,monte_carlo_run_1202_seed_1244.log
1203,25,1,1,-1,-1,-1,1245,3101,0.116,2.11,False,Solitudine / Nessun Contatto,,,Nessuna,1,0,1,0.0,2,2,2,0,2,0,0,0,0,0,0,0,8500.0,1,0.985,0.985,0.0,False,0,0,0,1,0.02,monte_carlo_run_1203_seed_1245.log
1204,25,1,1,-1,-1,-1,1246,3101,0.058,1.03,False,Solitudine / Nessun Contatto,,,Nessuna,1,0,1,0.0,2,2,2,0,2,0,0,0,0,0,0,0,8500.0,1,0.985,0.985,0.0,False,0,0,0,1,0.02,monte_carlo_run_1204_seed_1246.log
1205,25,1,1,-1,-1,-1,1247,3101,0.109,1.36,False,Solitudine / Nessun Contatto,,,Nessuna,1,0,1,0.0,2,2,2,1,1,0,0,0,0,0,0,0,8500.0,2,1.0,1.0,0.0,False,0,0,1,1,0.02,monte_carlo_run_1205_seed_1247.log
1206,25,1,1,-1,-1,-1,1248,3101,0.142,1.9,False,Solitudine / Nessun Contatto,,,Nessuna,1,0,1,0.0,3,3,3,0,3,0,0,0,0,0,0,0,8500.0,1,0.985,0.985,0.0,False,0,0,0,3,0.02,monte_carlo_run_1206_seed_1248.log
1207,25,1,1,-1,-1,-1,1249,3101,0.13,2.0,False,Solitudine / Nessun Contatto,,,Nessuna,1,0,1,0.0,2,2,2,0,2,0,0,0,0,0,0,0,8500.0,1,0.985,0.985,0.0,False,0,0,0,1,0.02,monte_carlo_run_1207_seed_1249.log
1208,25,1,1,-1,-1,-1,1250,3101,0.119,1.94,False,Solitudine / Nessun Contatto,,,Nessuna,2,1,2,1.29,2,1,1,1,0,0,0,0,0,0,0,0,8500.0,2,1.021,1.021,0.0,False,0,0,0,0,45.26,monte_carlo_run_1208_seed_1250.log
1209,25,1,1,-1,-1,-1,1251,3101,0.109,1.86,False,Solitudine / Nessun Contatto,,,Nessuna,2,0,2,1.37,2,2,2,0,2,0,0,0,0,0,0,0,8500.0,1,0.933,0.933,0.0,False,0,0,0,1,50.45,monte_carlo_run_1209_seed_1251.log
1210,25,1,1,-1,-1,-1,1252,3101,0.134,2.78,False,Solitudine / Nessun Contatto,,,Nessuna,1,0,1,0.0,1,1,1,1,0,0,0,0,0,0,0,0,8500.0,2,1.0,1.0,0.0,False,0,0,0,0,0.02,monte_carlo_run_1210_seed_1252.log
1211,25,1,1,-1,-1,-1,1253,3101,0.128,3.05,False,Solitudine / Nessun Contatto,,,Nessuna,4,0,4,4.55,1,1,1,1,0,0,0,0,0,0,0,0,8500.0,2,1.026,1.026,0.0,False,2,0,0,0,218.25,monte_carlo_run_1211_seed_1253.log
1212,25,1,1,-1,-1,-1,1254,3101,0.086,1.29,False,Solitudine / Nessun Contatto,,,Nessuna,2,0,2,0.64,3,3,3,0,3,0,0,0,0,0,0,0,8500.0,2,0.91,0.91,0.0,False,0,0,1,3,29.84,monte_carlo_run_1212_seed_1254.log
1213,25,1,1,-1,-1,-1,1255,3101,0.054,1.35,False,Solitudine / Nessun Contatto,,,Nessuna,1,0,1,0.0,1,1,1,1,0,0,0,0,0,0,0,0,8500.0,2,1.0,1.0,0.0,False,0,0,0,0,0.02,monte_carlo_run_1213_seed_1255.log
1214,25,1,1,-1,-1,-1,1256,3101,0.107,1.56,False,Solitudine / Nessun Contatto,,,Nessuna,1,0,1,0.0,1,1,1,1,0,0,0,0,0,0,0,0,8500.0,2,1.0,1.0,0.0,False,0,0,0,0,0.02,monte_carlo_run_1214_seed_1256.log
1215,25,1,1,-1,-1,-1,1257,3101,0.074,1.61,False,Solitudine / Nessun Contatto,,,Nessuna,1,0,1,0.0,3,3,3,1,2,0,0,0,0,0,0,0,8500.0,2,1.0,1.0,0.0,False,0,0,1,2,0.02,monte_carlo_run_1215_seed_1257.log
1216,25,1,1,-1,-1,-1,1258,3101,0.097,2.16,False,Solitudine / Nessun Contatto,,,Nessuna,1,0,1,0.0,1,1,1,1,0,0,0,0,0,0,0,0,8500.0,2,1.0,1.0,0.0,False,0,0,0,0,0.02,monte_carlo_run_1216_seed_1258.log
1217,25,1,1,-1,-1,-1,1259,3101,0.085,1.2,False,Solitudine / Nessun Contatto,,,Nessuna,1,0,1,0.0,2,2,2,0,2,0,0,0,0,0,0,0,8500.0,1,0.985,0.985,0.0,False,0,0,0,1,0.02,monte_carlo_run_1217_seed_1259.log
1218,25,1,1,-1,-1,-1,1260,3101,0.111,2.1,False,Solitudine / Nessun Contatto,,,Nessuna,1,0,1,0.0,3,3,3,0,3,0,0,0,0,0,0,0,8500.0,1,0.985,0.985,0.0,False,0,0,1,3,0.02,monte_carlo_run_1218_seed_1260.log
1219,25,1,1,-1,-1,-1,1261,3101,0.074,1.15,False,Solitudine / Nessun Contatto,,,Nessuna,1,0,1,0.0,2,2,2,1,1,0,0,0,0,0,0,0,8500.0,2,1.0,1.0,0.0,False,0,0,0,1,0.02,monte_carlo_run_1219_seed_1261.log
1220,25,1,1,-1,-1,-1,1262,3101,0.115,2.83,False,Solitudine / Nessun Contatto,,,Nessuna,3,0,3,3.95,1,1,1,1,0,0,0,0,0,0,0,0,8500.0,2,1.012,1.012,0.0,False,1,0,0,0,149.48,monte_carlo_run_1220_seed_1262.log
1221,25,1,1,-1,-1,-1,1263,3101,0.114,2.18,False,Solitudine / Nessun Contatto,,,Nessuna,1,0,1,0.0,2,2,2,1,1,0,0,0,0,0,0,0,8500.0,2,1.0,1.0,0.0,False,0,0,1,1,0.02,monte_carlo_run_1221_seed_1263.log
1222,25,1,1,-1,-1,-1,1264,3101,0.14,3.06,False,Solitudine / Nessun Contatto,,,Nessuna,1,0,1,0.0,3,3,3,1,2,0,0,0,0,0,0,0,8500.0,2,1.0,1.0,0.0,False,0,0,1,2,0.02,monte_carlo_run_1222_seed_1264.log
1223,25,1,1,-1,-1,-1,1265,3101,0.112,2.04,False,Solitudine / Nessun Contatto,,,Nessuna,1,0,1,0.0,3,3,3,1,2,0,0,0,0,0,0,0,8500.0,2,1.0,1.0,0.0,False,0,0,1,3,0.02,monte_carlo_run_1223_seed_1265.log
1224,25,1,1,-1,-1,-1,1266,3101,0.135,2.36,False,Solitudine / Nessun Contatto,,,Nessuna,1,0,1,0.0,1,1,1,1,0,0,0,0,0,0,0,0,8500.0,2,1.0,1.0,0.0,False,0,0,0,0,0.02,monte_carlo_run_1224_seed_1266.log
1225,25,1,1,-1,-1,-1,1267,3101,0.104,1.95,False,Solitudine / Nessun Contatto,,,Nessuna,1,0,1,0.0,2,2,2,1,1,0,0,0,0,0,0,0,8500.0,2,1.0,1.0,0.0,False,0,0,1,1,0.02,monte_carlo_run_1225_seed_1267.log
1226,25,1,1,-1,-1,-1,1268,3101,0.098,1.8,False,Solitudine / Nessun Contatto,,,Nessuna,2,0,2,1.08,2,2,2,0,2,0,0,0,0,0,0,0,8500.0,1,0.875,0.875,0.0,False,0,0,0,1,43.96,monte_carlo_run_1226_seed_1268.log
1227,25,1,1,-1,-1,-1,1269,3101,0.135,2.17,False,Solitudine / Nessun Contatto,,,Nessuna,1,0,1,0.0,1,1,1,1,0,0,0,0,0,0,0,0,8500.0,2,1.0,1.0,0.0,False,0,0,0,0,0.02,monte_carlo_run_1227_seed_1269.log
1228,25,1,1,-1,-1,-1,1270,3101,0.119,2.75,False,Solitudine / Nessun Contatto,,,Nessuna,2,0,2,2.01,3,3,3,1,2,0,0,0,0,0,0,0,8500.0,2,1.041,1.041,0.0,False,0,0,2,3,70.49,monte_carlo_run_1228_seed_1270.log
1229,25,1,1,-1,-1,-1,1271,3101,0.054,1.15,False,Solitudine / Nessun Contatto,,,Nessuna,1,0,1,0.0,1,1,1,1,0,0,0,0,0,0,0,0,8500.0,2,1.0,1.0,0.0,False,0,0,0,0,0.02,monte_carlo_run_1229_seed_1271.log
1230,25,1,1,-1,-1,-1,1272,3101,0.129,3.16,False,Solitudine / Nessun Contatto,,,Nessuna,1,0,1,0.0,1,1,1,1,0,0,0,0,0,0,0,0,8500.0,2,1.0,1.0,0.0,False,0,0,0,0,0.02,monte_carlo_run_1230_seed_1272.log
1231,25,1,1,-1,-1,-1,1273,3101,0.104,2.05,False,Solitudine / Nessun Contatto,,,Nessuna,1,0,1,0.0,1,1,1,1,0,0,0,0,0,0,0,0,8500.0,2,1.0,1.0,0.0,False,0,0,0,0,0.02,monte_carlo_run_1231_seed_1273.log
1232,25,1,1,-1,-1,-1,1274,3101,0.104,2.16,False,Solitudine / Nessun Contatto,,,Nessuna,1,0,1,0.0,3,3,3,1,2,0,0,0,0,0,0,0,8500.0,2,1.001,1.001,0.0,False,0,0,3,3,0.02,monte_carlo_run_1232_seed_1274.log
1233,25,1,1,-1,-1,-1,1275,3101,0.135,3.16,False,Solitudine / Nessun Contatto,,,Nessuna,7,0,7,4.0,4,4,3,0,0,1,1,1,0,1,1,0,8513.62,2,0.163,0.562,0.3991,True,5,0,0,4,621.44,monte_carlo_run_1233_seed_1275.log
1234,25,1,1,-1,-1,-1,1276,3101,0.094,2.17,False,Solitudine / Nessun Contatto,,,Nessuna,1,0,1,0.0,2,2,2,1,1,0,0,0,0,0,0,0,8500.0,2,1.0,1.0,0.0,False,0,0,1,1,0.02,monte_carlo_run_1234_seed_1276.log
1235,25,1,1,-1,-1,-1,1277,3101,0.129,2.8,False,Solitudine / Nessun Contatto,,,Nessuna,1,0,1,0.0,1,1,1,1,0,0,0,0,0,0,0,0,8500.0,2,1.0,1.0,0.0,False,0,0,0,0,0.02,monte_carlo_run_1235_seed_1277.log
1236,25,1,1,-1,-1,-1,1278,3101,0.117,2.64,False,Solitudine / Nessun Contatto,,,Nessuna,1,0,1,0.0,1,1,1,1,0,0,0,0,0,0,0,0,8500.0,2,1.0,1.0,0.0,False,0,0,0,0,0.02,monte_carlo_run_1236_seed_1278.log
1237,25,1,1,-1,-1,-1,1279,3101,0.107,1.33,False,Solitudine / Nessun Contatto,,,Nessuna,1,0,1,0.0,2,2,2,1,1,0,0,0,0,0,0,0,8500.0,2,1.0,1.0,0.0,False,0,0,0,1,0.02,monte_carlo_run_1237_seed_1279.log
1238,25,1,1,-1,-1,-1,1280,3101,0.116,2.73,False,Solitudine / Nessun Contatto,,,Nessuna,3,0,3,2.11,1,1,1,1,0,0,0,0,0,0,0,0,8500.0,2,1.028,1.028,0.0,False,2,0,0,0,214.3,monte_carlo_run_1238_seed_1280.log
1239,25,1,1,-1,-1,-1,1281,3101,0.072,1.76,False,Solitudine / Nessun Contatto,,,Nessuna,1,0,1,0.0,1,1,1,1,0,0,0,0,0,0,0,0,8500.0,2,1.0,1.0,0.0,False,0,0,0,0,0.02,monte_carlo_run_1239_seed_1281.log
1240,25,1,1,-1,-1,-1,1282,3101,0.059,1.42,False,Solitudine / Nessun Contatto,,,Nessuna,1,0,1,0.0,1,1,1,1,0,0,0,0,0,0,0,0,8500.0,2,1.0,1.0,0.0,False,0,0,0,0,0.02,monte_carlo_run_1240_seed_1282.log
1241,25,1,1,-1,-1,-1,1283,3101,0.146,3.5,False,Solitudine / Nessun Contatto,,,Nessuna,7,0,7,6.44,4,3,2,1,1,2,2,2,0,0,0,0,8502.14,5,1.369,0.923,-0.4461,False,4,0,1,1,919.45,monte_carlo_run_1241_seed_1283.log
1242,25,1,1,-1,-1,-1,1284,3101,0.055,0.99,False,Solitudine / Nessun Contatto,,,Nessuna,1,0,1,0.0,1,1,1,1,0,0,0,0,0,0,0,0,8500.0,2,1.0,1.0,0.0,False,0,0,0,0,0.02,monte_carlo_run_1242_seed_1284.log
1243,25,1,1,-1,-1,-1,1285,3101,0.072,1.23,False,Solitudine / Nessun Contatto,,,Nessuna,1,0,1,0.0,1,1,1,1,0,0,0,0,0,0,0,0,8500.0,2,1.0,1.0,0.0,False,0,0,0,0,0.02,monte_carlo_run_1243_seed_1285.log
1244,25,1,1,-1,-1,-1,1286,3101,0.056,1.09,False,Solitudine / Nessun Contatto,,,Nessuna,1,0,1,0.0,1,1,1,1,0,0,0,0,0,0,0,0,8500.0,2,1.0,1.0,0.0,False,0,0,0,0,0.02,monte_carlo_run_1244_seed_1286.log
1245,25,1,1,-1,-1,-1,1287,3101,0.106,2.38,False,Solitudine / Nessun Contatto,,,Nessuna,1,0,1,0.0,2,2,2,1,1,0,0,0,0,0,0,0,8500.0,2,1.0,1.0,0.0,False,0,0,1,1,0.02,monte_carlo_run_1245_seed_1287.log
1246,25,1,1,-1,-1,-1,1288,3101,0.106,2.41,False,Solitudine / Nessun Contatto,,,Nessuna,1,0,1,0.0,1,1,1,1,0,0,0,0,0,0,0,0,8500.0,2,1.0,1.0,0.0,False,0,0,0,0,0.02,monte_carlo_run_1246_seed_1288.log
1247,25,1,1,-1,-1,-1,1289,3101,0.095,1.88,False,Solitudine / Nessun Contatto,,,Nessuna,1,0,1,0.0,1,1,1,1,0,0,0,0,0,0,0,0,8500.0,2,1.0,1.0,0.0,False,0,0,0,0,0.02,monte_carlo_run_1247_seed_1289.log
1248,25,1,1,-1,-1,-1,1290,3101,0.135,3.36,False,Solitudine / Nessun Contatto,,,Nessuna,4,0,4,4.17,1,1,1,1,0,0,0,0,0,0,0,0,8500.0,2,1.022,1.022,0.0,False,1,0,0,0,266.25,monte_carlo_run_1248_seed_1290.log
1249,25,1,1,-1,-1,-1,1291,3101,0.149,2.84,False,Solitudine / Nessun Contatto,,,Nessuna,2,0,2,0.46,1,1,1,1,0,0,0,0,0,0,0,0,8500.0,2,1.0,1.0,0.0,False,0,0,0,0,18.38,monte_carlo_run_1249_seed_1291.log
1250,25,1,1,-1,-1,-1,1292,3101,0.088,2.12,False,Solitudine / Nessun Contatto,,,Nessuna,1,0,1,0.0,3,3,3,1,2,0,0,0,0,0,0,0,8500.0,2,1.001,1.001,0.0,False,0,0,2,3,0.02,monte_carlo_run_1250_seed_1292.log
1251,26,1,1,-1,-1,1,1293,3101,0.128,2.8,False,Solitudine / Nessun Contatto,,,Nessuna,1,0,1,0.0,1,1,1,1,0,0,0,0,0,0,0,0,8500.0,2,1.0,1.0,0.0,False,0,0,0,0,0.02,monte_carlo_run_1251_seed_1293.log
1252,26,1,1,-1,-1,1,1294,3101,0.109,1.99,False,Solitudine / Nessun Contatto,,,Nessuna,2,0,2,0.0,2,2,2,2,0,0,0,0,0,0,0,0,8500.0,6,1.0,1.0,0.0,False,0,0,1,1,0.04,monte_carlo_run_1252_seed_1294.log
1253,26,1,1,-1,-1,1,1295,3101,0.149,2.71,True,Contatto Planetario / Biofirme,16.57,2.47,Diffidente,2,0,2,2.47,2,2,2,1,1,0,0,0,0,0,0,0,8500.0,2,1.002,1.002,0.0,False,0,0,0,0,82.44,monte_carlo_run_1253_seed_1295.log
1254,26,1,1,-1,-1,1,1296,3101,0.078,1.37,False,Solitudine / Nessun Contatto,,,Nessuna,3,0,3,0.0,3,3,3,3,0,0,0,0,0,0,0,0,8500.0,10,1.0,1.0,0.0,False,0,0,2,3,0.06,monte_carlo_run_1254_seed_1296.log
1255,26,1,1,-1,-1,1,1297,3101,0.149,1.85,False,Solitudine / Nessun Contatto,,,Nessuna,3,0,3,0.0,2,2,2,2,0,0,0,0,0,0,0,0,8500.0,6,1.002,1.002,0.0,False,0,0,0,1,57.88,monte_carlo_run_1255_seed_1297.log
1256,26,1,1,-1,-1,1,1298,3101,0.145,3.28,False,Solitudine / Nessun Contatto,,,Nessuna,2,0,2,0.0,2,2,2,2,0,0,0,0,0,0,0,0,8500.0,5,1.0,1.0,0.0,False,0,0,1,1,0.04,monte_carlo_run_1256_seed_1298.log
1257,26,1,1,-1,-1,1,1299,3101,0.084,1.51,False,Solitudine / Nessun Contatto,,,Nessuna,1,0,1,0.0,1,1,1,1,0,0,0,0,0,0,0,0,8500.0,2,1.0,1.0,0.0,False,0,0,0,0,0.02,monte_carlo_run_1257_seed_1299.log
1258,26,1,1,-1,-1,1,1300,3101,0.145,2.66,False,Solitudine / Nessun Contatto,,,Nessuna,2,0,2,0.0,2,2,2,2,0,0,0,0,0,0,0,0,8500.0,6,1.0,1.0,0.0,False,0,0,1,1,0.04,monte_carlo_run_1258_seed_1300.log
1259,26,1,1,-1,-1,1,1301,3101,0.113,2.12,False,Solitudine / Nessun Contatto,,,Nessuna,7,0,7,0.0,3,3,3,3,0,0,0,0,0,0,0,0,8500.0,9,1.159,1.159,0.0,False,4,0,2,2,305.91,monte_carlo_run_1259_seed_1301.log
1260,26,1,1,-1,-1,1,1302,3101,0.08,1.89,False,Solitudine / Nessun Contatto,,,Nessuna,1,0,1,0.0,1,1,1,1,0,0,0,0,0,0,0,0,8500.0,2,1.0,1.0,0.0,False,0,0,0,0,0.02,monte_carlo_run_1260_seed_1302.log
1261,26,1,1,-1,-1,1,1303,3101,0.065,0.9,False,Solitudine / Nessun Contatto,,,Nessuna,2,0,2,0.0,2,2,2,2,0,0,0,0,0,0,0,0,8500.0,5,1.0,1.0,0.0,False,0,0,1,1,0.04,monte_carlo_run_1261_seed_1303.log
1262,26,1,1,-1,-1,1,1304,3101,0.108,2.48,False,Solitudine / Nessun Contatto,,,Nessuna,2,0,2,0.0,2,2,2,2,0,0,0,0,0,0,0,0,8500.0,6,1.0,1.0,0.0,False,0,0,1,1,0.04,monte_carlo_run_1262_seed_1304.log
1263,26,1,1,-1,-1,1,1305,3101,0.073,1.44,False,Solitudine / Nessun Contatto,,,Nessuna,2,0,2,0.95,1,1,1,1,0,0,0,0,0,0,0,0,8500.0,2,1.001,1.001,0.0,False,0,0,0,0,52.06,monte_carlo_run_1263_seed_1305.log
1264,26,1,1,-1,-1,1,1306,3101,0.141,1.89,False,Solitudine / Nessun Contatto,,,Nessuna,3,0,3,0.0,2,2,2,2,0,0,0,0,0,0,0,0,8500.0,6,1.019,1.019,0.0,False,0,0,1,1,62.1,monte_carlo_run_1264_seed_1306.log
1265,26,1,1,-1,-1,1,1307,3101,0.063,1.49,False,Solitudine / Nessun Contatto,,,Nessuna,1,0,1,0.0,1,1,1,1,0,0,0,0,0,0,0,0,8500.0,2,1.0,1.0,0.0,False,0,0,0,0,0.02,monte_carlo_run_1265_seed_1307.log
1266,26,1,1,-1,-1,1,1308,3101,0.146,2.28,False,Solitudine / Nessun Contatto,,,Nessuna,2,0,2,0.0,2,2,2,2,0,0,0,0,0,0,0,0,8500.0,6,1.0,1.0,0.0,False,0,0,1,1,0.04,monte_carlo_run_1266_seed_1308.log
1267,26,1,1,-1,-1,1,1309,3101,0.117,1.95,False,Solitudine / Nessun Contatto,,,Nessuna,2,0,2,0.0,2,2,2,2,0,0,0,0,0,0,0,0,8500.0,5,1.0,1.0,0.0,False,0,0,1,1,0.04,monte_carlo_run_1267_seed_1309.log
1268,26,1,1,-1,-1,1,1310,3101,0.119,1.58,False,Solitudine / Nessun Contatto,,,Nessuna,3,0,3,0.0,3,3,3,3,0,0,0,0,0,0,0,0,8500.0,10,1.0,1.0,0.0,False,0,0,1,2,0.06,monte_carlo_run_1268_seed_1310.log
1269,26,1,1,-1,-1,1,1311,3101,0.058,1.42,False,Solitudine / Nessun Contatto,,,Nessuna,1,0,1,0.0,1,1,1,1,0,0,0,0,0,0,0,0,8500.0,2,1.0,1.0,0.0,False,0,0,0,0,0.02,monte_carlo_run_1269_seed_1311.log
1270,26,1,1,-1,-1,1,1312,3101,0.061,1.25,False,Solitudine / Nessun Contatto,,,Nessuna,2,0,2,0.0,2,2,2,2,0,0,0,0,0,0,0,0,8500.0,6,1.0,1.0,0.0,False,0,0,0,1,0.04,monte_carlo_run_1270_seed_1312.log
1271,26,1,1,-1,-1,1,1313,3101,0.14,3.41,False,Solitudine / Nessun Contatto,,,Nessuna,2,0,2,2.85,1,1,1,1,0,0,0,0,0,0,0,0,8500.0,2,1.002,1.002,0.0,False,0,0,0,0,96.21,monte_carlo_run_1271_seed_1313.log
1272,26,1,1,-1,-1,1,1314,3101,0.099,1.28,False,Solitudine / Nessun Contatto,,,Nessuna,2,0,2,0.0,2,2,2,2,0,0,0,0,0,0,0,0,8500.0,6,1.0,1.0,0.0,False,0,0,0,1,0.04,monte_carlo_run_1272_seed_1314.log
1273,26,1,1,-1,-1,1,1315,3101,0.056,1.04,False,Solitudine / Nessun Contatto,,,Nessuna,4,0,4,0.9,3,3,3,3,0,0,0,0,0,0,0,0,8500.0,10,1.029,1.029,0.0,False,0,0,2,2,64.42,monte_carlo_run_1273_seed_1315.log
1274,26,1,1,-1,-1,1,1316,3101,0.145,1.91,False,Solitudine / Nessun Contatto,,,Nessuna,2,0,2,0.0,2,2,2,2,0,0,0,0,0,0,0,0,8500.0,6,1.0,1.0,0.0,False,0,0,1,1,0.04,monte_carlo_run_1274_seed_1316.log
1275,26,1,1,-1,-1,1,1317,3101,0.076,1.67,False,Solitudine / Nessun Contatto,,,Nessuna,1,0,1,0.0,1,1,1,1,0,0,0,0,0,0,0,0,8500.0,2,1.0,1.0,0.0,False,0,0,0,0,0.02,monte_carlo_run_1275_seed_1317.log
1276,26,1,1,-1,-1,1,1318,3101,0.137,2.48,False,Solitudine / Nessun Contatto,,,Nessuna,1,0,1,0.0,1,1,1,1,0,0,0,0,0,0,0,0,8500.0,2,1.0,1.0,0.0,False,0,0,0,0,0.02,monte_carlo_run_1276_seed_1318.log
1277,26,1,1,-1,-1,1,1319,3101,0.08,1.04,False,Solitudine / Nessun Contatto,,,Nessuna,2,0,2,0.0,2,2,2,2,0,0,0,0,0,0,0,0,8500.0,5,1.0,1.0,0.0,False,0,0,1,1,0.04,monte_carlo_run_1277_seed_1319.log
1278,26,1,1,-1,-1,1,1320,3101,0.109,1.91,False,Solitudine / Nessun Contatto,,,Nessuna,4,0,4,1.83,2,2,2,2,0,0,0,0,0,0,0,0,8500.0,6,1.018,1.018,0.0,False,0,0,1,1,67.12,monte_carlo_run_1278_seed_1320.log
1279,26,1,1,-1,-1,1,1321,3101,0.056,0.73,False,Solitudine / Nessun Contatto,,,Nessuna,1,0,1,0.0,1,1,1,1,0,0,0,0,0,0,0,0,8500.0,2,1.0,1.0,0.0,False,0,0,0,0,0.02,monte_carlo_run_1279_seed_1321.log
1280,26,1,1,-1,-1,1,1322,3101,0.077,1.07,False,Solitudine / Nessun Contatto,,,Nessuna,2,0,2,0.0,2,2,2,2,0,0,0,0,0,0,0,0,8500.0,6,1.0,1.0,0.0,False,0,0,0,1,0.04,monte_carlo_run_1280_seed_1322.log
1281,26,1,1,-1,-1,1,1323,3101,0.135,2.18,False,Solitudine / Nessun Contatto,,,Nessuna,2,0,2,1.87,1,1,1,1,0,0,0,0,0,0,0,0,8500.0,2,1.002,1.002,0.0,False,0,0,0,0,63.6,monte_carlo_run_1281_seed_1323.log
1282,26,1,1,-1,-1,1,1324,3101,0.114,2.24,False,Solitudine / Nessun Contatto,,,Nessuna,2,0,2,0.0,2,2,2,2,0,0,0,0,0,0,0,0,8500.0,6,1.0,1.0,0.0,False,0,0,0,1,0.04,monte_carlo_run_1282_seed_1324.log
1283,26,1,1,-1,-1,1,1325,3101,0.138,1.98,False,Solitudine / Nessun Contatto,,,Nessuna,3,0,3,1.85,1,1,1,1,0,0,0,0,0,0,0,0,8500.0,2,1.002,1.002,0.0,False,0,0,0,0,98.75,monte_carlo_run_1283_seed_1325.log
1284,26,1,1,-1,-1,1,1326,3101,0.056,1.23,False,Solitudine / Nessun Contatto,,,Nessuna,4,0,4,0.71,3,3,3,3,0,0,0,0,0,0,0,0,8500.0,8,1.026,1.026,0.0,False,0,0,3,3,50.58,monte_carlo_run_1284_seed_1326.log
1285,26,1,1,-1,-1,1,1327,3101,0.089,2.2,False,Solitudine / Nessun Contatto,,,Nessuna,5,0,5,0.0,2,2,2,2,0,0,0,0,0,0,0,0,8500.0,5,1.002,1.002,0.0,False,2,0,0,1,109.5,monte_carlo_run_1285_seed_1327.log
1286,26,1,1,-1,-1,1,1328,3101,0.108,2.15,False,Solitudine / Nessun Contatto,,,Nessuna,1,0,1,0.0,1,1,1,1,0,0,0,0,0,0,0,0,8500.0,2,1.0,1.0,0.0,False,0,0,0,0,0.02,monte_carlo_run_1286_seed_1328.log
1287,26,1,1,-1,-1,1,1329,3101,0.116,1.91,False,Solitudine / Nessun Contatto,,,Nessuna,1,0,1,0.0,1,1,1,1,0,0,0,0,0,0,0,0,8500.0,2,1.0,1.0,0.0,False,0,0,0,0,0.02,monte_carlo_run_1287_seed_1329.log
1288,26,1,1,-1,-1,1,1330,3101,0.113,1.57,False,Solitudine / Nessun Contatto,,,Nessuna,3,0,3,1.78,1,1,1,1,0,0,0,0,0,0,0,0,8500.0,2,1.005,1.005,0.0,False,1,0,0,0,69.47,monte_carlo_run_1288_seed_1330.log
1289,26,1,1,-1,-1,1,1331,3101,0.065,0.83,False,Solitudine / Nessun Contatto,,,Nessuna,3,0,3,0.0,3,3,3,3,0,0,0,0,0,0,0,0,8500.0,10,1.0,1.0,0.0,False,0,0,1,2,0.06,monte_carlo_run_1289_seed_1331.log
1290,26,1,1,-1,-1,1,1332,3101,0.1,1.3,False,Solitudine / Nessun Contatto,,,Nessuna,2,0,2,0.0,2,2,2,2,0,0,0,0,0,0,0,0,8500.0,6,1.0,1.0,0.0,False,0,0,0,1,0.04,monte_carlo_run_1290_seed_1332.log
1291,26,1,1,-1,-1,1,1333,3101,0.067,0.93,False,Solitudine / Nessun Contatto,,,Nessuna,1,0,1,0.0,1,1,1,1,0,0,0,0,0,0,0,0,8500.0,2,1.0,1.0,0.0,False,0,0,0,0,0.02,monte_carlo_run_1291_seed_1333.log
1292,26,1,1,-1,-1,1,1334,3101,0.135,1.78,False,Solitudine / Nessun Contatto,,,Nessuna,3,0,3,0.0,2,2,2,2,0,0,0,0,0,0,0,0,8500.0,6,1.017,1.017,0.0,False,0,0,1,1,55.18,monte_carlo_run_1292_seed_1334.log
1293,26,1,1,-1,-1,1,1335,3101,0.061,0.91,False,Solitudine / Nessun Contatto,,,Nessuna,1,0,1,0.0,1,1,1,1,0,0,0,0,0,0,0,0,8500.0,2,1.0,1.0,0.0,False,0,0,0,0,0.02,monte_carlo_run_1293_seed_1335.log
1294,26,1,1,-1,-1,1,1336,3101,0.098,1.36,False,Solitudine / Nessun Contatto,,,Nessuna,2,0,2,0.0,2,2,2,2,0,0,0,0,0,0,0,0,8500.0,5,1.0,1.0,0.0,False,0,0,1,1,0.04,monte_carlo_run_1294_seed_1336.log
1295,26,1,1,-1,-1,1,1337,3101,0.125,1.99,False,Solitudine / Nessun Contatto,,,Nessuna,2,0,2,1.86,1,1,1,1,0,0,0,0,0,0,0,0,8500.0,2,1.002,1.002,0.0,False,0,0,0,0,64.42,monte_carlo_run_1295_seed_1337.log
1296,26,1,1,-1,-1,1,1338,3101,0.073,1.3,False,Solitudine / Nessun Contatto,,,Nessuna,2,0,2,0.0,2,2,2,2,0,0,0,0,0,0,0,0,8500.0,6,1.0,1.0,0.0,False,0,0,0,1,0.04,monte_carlo_run_1296_seed_1338.log
1297,26,1,1,-1,-1,1,1339,3101,0.104,1.28,False,Solitudine / Nessun Contatto,,,Nessuna,1,0,1,0.0,1,1,1,1,0,0,0,0,0,0,0,0,8500.0,2,1.0,1.0,0.0,False,0,0,0,0,0.02,monte_carlo_run_1297_seed_1339.log
1298,26,1,1,-1,-1,1,1340,3101,0.056,0.98,False,Solitudine / Nessun Contatto,,,Nessuna,2,0,2,0.0,2,2,2,2,0,0,0,0,0,0,0,0,8500.0,6,1.0,1.0,0.0,False,0,0,0,1,0.04,monte_carlo_run_1298_seed_1340.log
1299,26,1,1,-1,-1,1,1341,3101,0.127,2.35,False,Solitudine / Nessun Contatto,,,Nessuna,4,0,4,4.43,2,1,1,1,0,1,1,1,0,1,1,0,8503.74,3,1.044,1.097,0.0531,True,2,0,0,1,330.2,monte_carlo_run_1299_seed_1341.log
1300,26,1,1,-1,-1,1,1342,3101,0.065,0.99,False,Solitudine / Nessun Contatto,,,Nessuna,1,0,1,0.0,1,1,1,1,0,0,0,0,0,0,0,0,8500.0,2,1.0,1.0,0.0,False,0,0,0,0,0.02,monte_carlo_run_1300_seed_1342.log
1301,27,1,1,-1,1,-1,1343,3101,0.115,2.22,False,Solitudine / Nessun Contatto,,,Nessuna,3,0,3,1.59,3,3,2,1,1,1,1,1,0,0,0,0,8500.38,2,1.026,0.832,-0.1944,False,0,0,1,1,96.73,monte_carlo_run_1301_seed_1343.log
1302,27,1,1,-1,1,-1,1344,3101,0.058,1.14,False,Solitudine / Nessun Contatto,,,Nessuna,1,0,1,0.0,2,2,2,0,2,0,0,0,0,0,0,0,8500.0,1,0.985,0.985,0.0,False,0,0,0,1,0.02,monte_carlo_run_1302_seed_1344.log
1303,27,1,1,-1,1,-1,1345,3101,0.079,0.97,False,Solitudine / Nessun Contatto,,,Nessuna,1,0,1,0.0,1,1,1,1,0,0,0,0,0,0,0,0,8500.0,2,1.0,1.0,0.0,False,0,0,0,0,0.02,monte_carlo_run_1303_seed_1345.log
1304,27,1,1,-1,1,-1,1346,3101,0.073,1.65,False,Solitudine / Nessun Contatto,,,Nessuna,1,0,1,0.0,3,3,3,1,2,0,0,0,0,0,0,0,8500.0,2,1.0,1.0,0.0,False,0,0,0,2,0.02,monte_carlo_run_1304_seed_1346.log
1305,27,1,1,-1,1,-1,1347,3101,0.13,2.63,False,Solitudine / Nessun Contatto,,,Nessuna,1,0,1,0.0,3,3,3,0,3,0,0,0,0,0,0,0,8500.0,1,0.985,0.985,0.0,False,0,0,1,2,0.02,monte_carlo_run_1305_seed_1347.log
1306,27,1,1,-1,1,-1,1348,3101,0.102,2.32,False,Solitudine / Nessun Contatto,,,Nessuna,2,0,2,2.29,2,2,2,0,2,0,0,0,0,0,0,0,8500.0,1,0.837,0.837,0.0,False,0,0,0,1,89.92,monte_carlo_run_1306_seed_1348.log
1307,27,1,1,-1,1,-1,1349,3101,0.104,2.26,False,Solitudine / Nessun Contatto,,,Nessuna,1,0,1,0.0,1,1,1,1,0,0,0,0,0,0,0,0,8500.0,2,1.0,1.0,0.0,False,0,0,0,0,0.02,monte_carlo_run_1307_seed_1349.log
1308,27,1,1,-1,1,-1,1350,3101,0.091,1.78,False,Solitudine / Nessun Contatto,,,Nessuna,1,0,1,0.0,1,1,1,1,0,0,0,0,0,0,0,0,8500.0,2,1.0,1.0,0.0,False,0,0,0,0,0.02,monte_carlo_run_1308_seed_1350.log
1309,27,1,1,-1,1,-1,1351,3101,0.065,1.59,False,Solitudine / Nessun Contatto,,,Nessuna,1,0,1,0.0,3,3,3,0,3,0,0,0,0,0,0,0,8500.0,1,0.985,0.985,0.0,False,0,0,1,2,0.02,monte_carlo_run_1309_seed_1351.log
1310,27,1,1,-1,1,-1,1352,3101,0.116,2.61,False,Solitudine / Nessun Contatto,,,Nessuna,3,0,3,2.59,1,1,1,1,0,0,0,0,0,0,0,0,8500.0,2,1.004,1.004,0.0,False,0,0,0,0,153.02,monte_carlo_run_1310_seed_1352.log
1311,27,1,1,-1,1,-1,1353,3101,0.07,1.21,False,Solitudine / Nessun Contatto,,,Nessuna,1,0,1,0.0,1,1,1,1,0,0,0,0,0,0,0,0,8500.0,2,1.0,1.0,0.0,False,0,0,0,0,0.02,monte_carlo_run_1311_seed_1353.log
1312,27,1,1,-1,1,-1,1354,3101,0.088,1.84,False,Solitudine / Nessun Contatto,,,Nessuna,2,0,2,0.91,2,2,2,1,1,0,0,0,0,0,0,0,8500.0,2,1.013,1.013,0.0,False,0,0,1,1,41.52,monte_carlo_run_1312_seed_1354.log
1313,27,1,1,-1,1,-1,1355,3101,0.069,1.04,False,Solitudine / Nessun Contatto,,,Nessuna,1,0,1,0.0,1,1,1,1,0,0,0,0,0,0,0,0,8500.0,2,1.0,1.0,0.0,False,0,0,0,0,0.02,monte_carlo_run_1313_seed_1355.log
1314,27,1,1,-1,1,-1,1356,3101,0.114,2.77,False,Solitudine / Nessun Contatto,,,Nessuna,2,0,2,1.77,1,1,1,1,0,0,0,0,0,0,0,0,8500.0,2,1.002,1.002,0.0,False,0,0,0,0,62.86,monte_carlo_run_1314_seed_1356.log
1315,27,1,1,-1,1,-1,1357,3101,0.081,1.13,False,Solitudine / Nessun Contatto,,,Nessuna,1,0,1,0.0,2,2,2,1,1,0,0,0,0,0,0,0,8500.0,2,1.0,1.0,0.0,False,0,0,1,1,0.02,monte_carlo_run_1315_seed_1357.log
1316,27,1,1,-1,1,-1,1358,3101,0.145,2.69,False,Solitudine / Nessun Contatto,,,Nessuna,1,0,1,0.0,3,3,3,0,3,0,0,0,0,0,0,0,8500.0,1,0.985,0.985,0.0,False,0,0,0,3,0.02,monte_carlo_run_1316_seed_1358.log
1317,27,1,1,-1,1,-1,1359,3101,0.098,2.33,False,Solitudine / Nessun Contatto,,,Nessuna,1,0,1,0.0,1,1,1,1,0,0,0,0,0,0,0,0,8500.0,2,1.0,1.0,0.0,False,0,0,0,0,0.02,monte_carlo_run_1317_seed_1359.log
1318,27,1,1,-1,1,-1,1360,3101,0.099,1.28,False,Solitudine / Nessun Contatto,,,Nessuna,1,0,1,0.0,1,1,1,1,0,0,0,0,0,0,0,0,8500.0,2,1.0,1.0,0.0,False,0,0,0,0,0.02,monte_carlo_run_1318_seed_1360.log
1319,27,1,1,-1,1,-1,1361,3101,0.114,1.48,False,Solitudine / Nessun Contatto,,,Nessuna,2,0,2,1.34,1,1,1,1,0,0,0,0,0,0,0,0,8500.0,2,1.001,1.001,0.0,False,0,0,0,0,47.35,monte_carlo_run_1319_seed_1361.log
1320,27,1,1,-1,1,-1,1362,3101,0.07,1.67,False,Solitudine / Nessun Contatto,,,Nessuna,1,0,1,0.0,1,1,1,1,0,0,0,0,0,0,0,0,8500.0,2,1.0,1.0,0.0,False,0,0,0,0,0.02,monte_carlo_run_1320_seed_1362.log
1321,27,1,1,-1,1,-1,1363,3101,0.131,3.18,False,Solitudine / Nessun Contatto,,,Nessuna,2,0,2,1.41,1,1,1,1,0,0,0,0,0,0,0,0,8500.0,2,1.001,1.001,0.0,False,0,0,0,0,48.35,monte_carlo_run_1321_seed_1363.log
1322,27,1,1,-1,1,-1,1364,3101,0.124,2.37,False,Solitudine / Nessun Contatto,,,Nessuna,1,0,1,0.0,2,2,2,1,1,0,0,0,0,0,0,0,8500.0,2,1.0,1.0,0.0,False,0,0,0,1,0.02,monte_carlo_run_1322_seed_1364.log
1323,27,1,1,-1,1,-1,1365,3101,0.087,1.05,False,Solitudine / Nessun Contatto,,,Nessuna,1,0,1,0.0,2,2,2,1,1,0,0,0,0,0,0,0,8500.0,2,1.0,1.0,0.0,False,0,0,0,1,0.02,monte_carlo_run_1323_seed_1365.log
1324,27,1,1,-1,1,-1,1366,3101,0.135,3.06,False,Solitudine / Nessun Contatto,,,Nessuna,6,0,6,3.99,3,2,2,1,1,0,0,0,0,0,0,0,8500.0,3,1.128,1.128,0.0,False,2,0,2,2,229.17,monte_carlo_run_1324_seed_1366.log
1325,27,1,1,-1,1,-1,1367,3101,0.073,1.07,False,Solitudine / Nessun Contatto,,,Nessuna,1,0,1,0.0,1,1,1,1,0,0,0,0,0,0,0,0,8500.0,2,1.0,1.0,0.0,False,0,0,0,0,0.02,monte_carlo_run_1325_seed_1367.log
1326,27,1,1,-1,1,-1,1368,3101,0.1,1.25,False,Solitudine / Nessun Contatto,,,Nessuna,1,0,1,0.0,2,2,2,1,1,0,0,0,0,0,0,0,8500.0,2,1.0,1.0,0.0,False,0,0,1,1,0.02,monte_carlo_run_1326_seed_1368.log
1327,27,1,1,-1,1,-1,1369,3101,0.085,1.48,False,Solitudine / Nessun Contatto,,,Nessuna,1,0,1,0.0,1,1,1,1,0,0,0,0,0,0,0,0,8500.0,2,1.0,1.0,0.0,False,0,0,0,0,0.02,monte_carlo_run_1327_seed_1369.log
1328,27,1,1,-1,1,-1,1370,3101,0.128,2.63,False,Solitudine / Nessun Contatto,,,Nessuna,1,0,1,0.0,2,2,2,1,1,0,0,0,0,0,0,0,8500.0,2,1.0,1.0,0.0,False,0,0,0,1,0.02,monte_carlo_run_1328_seed_1370.log
1329,27,1,1,-1,1,-1,1371,3101,0.089,1.93,False,Solitudine / Nessun Contatto,,,Nessuna,1,0,1,0.0,2,2,2,1,1,0,0,0,0,0,0,0,8500.0,2,1.0,1.0,0.0,False,0,0,0,1,0.02,monte_carlo_run_1329_seed_1371.log
1330,27,1,1,-1,1,-1,1372,3101,0.075,1.24,False,Solitudine / Nessun Contatto,,,Nessuna,1,0,1,0.0,2,2,2,1,1,0,0,0,0,0,0,0,8500.0,2,1.0,1.0,0.0,False,0,0,1,1,0.02,monte_carlo_run_1330_seed_1372.log
1331,27,1,1,-1,1,-1,1373,3101,0.086,1.11,False,Solitudine / Nessun Contatto,,,Nessuna,3,0,3,1.69,1,1,1,1,0,0,0,0,0,0,0,0,8500.0,2,1.008,1.008,0.0,False,1,0,0,0,92.3,monte_carlo_run_1331_seed_1373.log
1332,27,1,1,-1,1,-1,1374,3101,0.079,1.45,False,Solitudine / Nessun Contatto,,,Nessuna,2,0,2,1.21,4,4,3,1,2,1,1,1,0,0,0,0,8500.16,2,1.036,0.875,-0.1617,False,0,0,3,3,61.43,monte_carlo_run_1332_seed_1374.log
1333,27,1,1,-1,1,-1,1375,3101,0.085,2.12,False,Solitudine / Nessun Contatto,,,Nessuna,1,0,1,0.0,2,2,2,0,2,0,0,0,0,0,0,0,8500.0,1,0.985,0.985,0.0,False,0,0,0,1,0.02,monte_carlo_run_1333_seed_1375.log
1334,27,1,1,-1,1,-1,1376,3101,0.149,3.37,False,Solitudine / Nessun Contatto,,,Nessuna,2,0,2,3.27,1,1,1,1,0,0,0,0,0,0,0,0,8500.0,2,1.002,1.002,0.0,False,0,0,0,0,87.81,monte_carlo_run_1334_seed_1376.log
1335,27,1,1,-1,1,-1,1377,3101,0.1,1.97,False,Solitudine / Nessun Contatto,,,Nessuna,2,0,2,1.45,1,1,1,1,0,0,0,0,0,0,0,0,8500.0,2,1.001,1.001,0.0,False,0,0,0,0,57.82,monte_carlo_run_1335_seed_1377.log
1336,27,1,1,-1,1,-1,1378,3101,0.069,1.59,False,Solitudine / Nessun Contatto,,,Nessuna,2,0,2,1.39,1,1,1,1,0,0,0,0,0,0,0,0,8500.0,2,1.002,1.002,0.0,False,0,0,0,0,80.5,monte_carlo_run_1336_seed_1378.log
1337,27,1,1,-1,1,-1,1379,3101,0.138,2.23,False,Solitudine / Nessun Contatto,,,Nessuna,1,0,1,0.0,2,2,2,1,1,0,0,0,0,0,0,0,8500.0,2,1.0,1.0,0.0,False,0,0,1,1,0.02,monte_carlo_run_1337_seed_1379.log
1338,27,1,1,-1,1,-1,1380,3101,0.099,1.6,False,Solitudine / Nessun Contatto,,,Nessuna,1,0,1,0.0,2,2,2,1,1,0,0,0,0,0,0,0,8500.0,2,1.0,1.0,0.0,False,0,0,0,1,0.02,monte_carlo_run_1338_seed_1380.log
1339,27,1,1,-1,1,-1,1381,3101,0.114,1.96,False,Solitudine / Nessun Contatto,,,Nessuna,1,0,1,0.0,1,1,1,1,0,0,0,0,0,0,0,0,8500.0,2,1.0,1.0,0.0,False,0,0,0,0,0.02,monte_carlo_run_1339_seed_1381.log
1340,27,1,1,-1,1,-1,1382,3101,0.085,1.73,False,Solitudine / Nessun Contatto,,,Nessuna,2,0,2,1.37,1,1,1,1,0,0,0,0,0,0,0,0,8500.0,2,1.002,1.002,0.0,False,0,0,0,0,64.57,monte_carlo_run_1340_seed_1382.log
1341,27,1,1,-1,1,-1,1383,3101,0.065,1.37,False,Solitudine / Nessun Contatto,,,Nessuna,1,0,1,0.0,1,1,1,1,0,0,0,0,0,0,0,0,8500.0,2,1.0,1.0,0.0,False,0,0,0,0,0.02,monte_carlo_run_1341_seed_1383.log
1342,27,1,1,-1,1,-1,1384,3101,0.085,1.85,False,Solitudine / Nessun Contatto,,,Nessuna,1,0,1,0.0,1,1,1,1,0,0,0,0,0,0,0,0,8500.0,2,1.0,1.0,0.0,False,0,0,0,0,0.02,monte_carlo_run_1342_seed_1384.log
1343,27,1,1,-1,1,-1,1385,3101,0.066,1.18,False,Solitudine / Nessun Contatto,,,Nessuna,1,0,1,0.0,1,1,1,1,0,0,0,0,0,0,0,0,8500.0,2,1.0,1.0,0.0,False,0,0,0,0,0.02,monte_carlo_run_1343_seed_1385.log
1344,27,1,1,-1,1,-1,1386,3101,0.104,1.25,False,Solitudine / Nessun Contatto,,,Nessuna,1,0,1,0.0,1,1,1,1,0,0,0,0,0,0,0,0,8500.0,2,1.0,1.0,0.0,False,0,0,0,0,0.02,monte_carlo_run_1344_seed_1386.log
1345,27,1,1,-1,1,-1,1387,3101,0.086,1.88,False,Solitudine / Nessun Contatto,,,Nessuna,1,0,1,0.0,2,2,2,0,2,0,0,0,0,0,0,0,8500.0,1,0.985,0.985,0.0,False,0,0,0,1,0.02,monte_carlo_run_1345_seed_1387.log
1346,27,1,1,-1,1,-1,1388,3101,0.096,2.06,False,Solitudine / Nessun Contatto,,,Nessuna,1,0,1,0.0,2,2,2,1,1,0,0,0,0,0,0,0,8500.0,2,1.0,1.0,0.0,False,0,0,1,1,0.02,monte_carlo_run_1346_seed_1388.log
1347,27,1,1,-1,1,-1,1389,3101,0.073,1.7,False,Solitudine / Nessun Contatto,,,Nessuna,2,0,2,1.62,1,1,1,1,0,0,0,0,0,0,0,0,8500.0,2,1.002,1.002,0.0,False,0,0,0,0,88.61,monte_carlo_run_1347_seed_1389.log
1348,27,1,1,-1,1,-1,1390,3101,0.081,1.01,False,Solitudine / Nessun Contatto,,,Nessuna,1,0,1,0.0,2,2,2,1,1,0,0,0,0,0,0,0,8500.0,2,1.0,1.0,0.0,False,0,0,1,1,0.02,monte_carlo_run_1348_seed_1390.log
1349,27,1,1,-1,1,-1,1391,3101,0.134,2.7,False,Solitudine / Nessun Contatto,,,Nessuna,2,0,2,1.57,1,1,1,1,0,0,0,0,0,0,0,0,8500.0,2,1.002,1.002,0.0,False,0,0,0,0,53.56,monte_carlo_run_1349_seed_1391.log
1350,27,1,1,-1,1,-1,1392,3101,0.063,1.51,False,Solitudine / Nessun Contatto,,,Nessuna,1,0,1,0.0,1,1,1,1,0,0,0,0,0,0,0,0,8500.0,2,1.0,1.0,0.0,False,0,0,0,0,0.02,monte_carlo_run_1350_seed_1392.log
1351,28,1,1,-1,1,1,1393,3101,0.11,1.36,False,Solitudine / Nessun Contatto,,,Nessuna,1,0,1,0.0,1,1,1,1,0,0,0,0,0,0,0,0,8500.0,2,1.0,1.0,0.0,False,0,0,0,0,0.02,monte_carlo_run_1351_seed_1393.log
1352,28,1,1,-1,1,1,1394,3101,0.114,2.04,False,Solitudine / Nessun Contatto,,,Nessuna,1,0,1,0.0,1,1,1,1,0,0,0,0,0,0,0,0,8500.0,2,1.0,1.0,0.0,False,0,0,0,0,0.02,monte_carlo_run_1352_seed_1394.log
1353,28,1,1,-1,1,1,1395,3101,0.098,2.2,False,Solitudine / Nessun Contatto,,,Nessuna,1,0,1,0.0,1,1,1,1,0,0,0,0,0,0,0,0,8500.0,2,1.0,1.0,0.0,False,0,0,0,0,0.02,monte_carlo_run_1353_seed_1395.log
1354,28,1,1,-1,1,1,1396,3101,0.096,1.74,False,Solitudine / Nessun Contatto,,,Nessuna,4,0,4,0.0,3,3,3,3,0,0,0,0,0,0,0,0,8500.0,10,1.017,1.017,0.0,False,0,0,1,2,56.62,monte_carlo_run_1354_seed_1396.log
1355,28,1,1,-1,1,1,1397,3101,0.137,1.67,False,Solitudine / Nessun Contatto,,,Nessuna,3,0,3,0.0,2,2,2,2,0,0,0,0,0,0,0,0,8500.0,6,1.009,1.009,0.0,False,0,0,1,1,29.19,monte_carlo_run_1355_seed_1397.log
1356,28,1,1,-1,1,1,1398,3101,0.13,2.79,False,Solitudine / Nessun Contatto,,,Nessuna,3,0,3,3.26,1,1,1,1,0,0,0,0,0,0,0,0,8500.0,2,1.009,1.009,0.0,False,1,0,0,0,121.46,monte_carlo_run_1356_seed_1398.log
1357,28,1,1,-1,1,1,1399,3101,0.112,1.53,False,Solitudine / Nessun Contatto,,,Nessuna,2,0,2,0.0,2,2,2,2,0,0,0,0,0,0,0,0,8500.0,5,1.0,1.0,0.0,False,0,0,1,1,0.04,monte_carlo_run_1357_seed_1399.log
1358,28,1,1,-1,1,1,1400,3101,0.073,1.35,False,Solitudine / Nessun Contatto,,,Nessuna,1,0,1,0.0,1,1,1,1,0,0,0,0,0,0,0,0,8500.0,2,1.0,1.0,0.0,False,0,0,0,0,0.02,monte_carlo_run_1358_seed_1400.log
1359,28,1,1,-1,1,1,1401,3101,0.103,1.72,False,Solitudine / Nessun Contatto,,,Nessuna,2,0,2,0.0,2,2,2,2,0,0,0,0,0,0,0,0,8500.0,5,1.0,1.0,0.0,False,0,0,1,1,0.04,monte_carlo_run_1359_seed_1401.log
1360,28,1,1,-1,1,1,1402,3101,0.107,1.99,False,Solitudine / Nessun Contatto,,,Nessuna,2,0,2,0.0,2,2,2,2,0,0,0,0,0,0,0,0,8500.0,6,1.0,1.0,0.0,False,0,0,0,1,0.04,monte_carlo_run_1360_seed_1402.log
1361,28,1,1,-1,1,1,1403,3101,0.107,1.29,False,Solitudine / Nessun Contatto,,,Nessuna,2,0,2,0.0,2,2,2,2,0,0,0,0,0,0,0,0,8500.0,5,1.0,1.0,0.0,False,0,0,0,1,0.04,monte_carlo_run_1361_seed_1403.log
1362,28,1,1,-1,1,1,1404,3101,0.098,1.22,False,Solitudine / Nessun Contatto,,,Nessuna,1,0,1,0.0,1,1,1,1,0,0,0,0,0,0,0,0,8500.0,2,1.0,1.0,0.0,False,0,0,0,0,0.02,monte_carlo_run_1362_seed_1404.log
1363,28,1,1,-1,1,1,1405,3101,0.072,0.89,False,Solitudine / Nessun Contatto,,,Nessuna,2,0,2,0.65,2,1,1,1,0,1,1,1,0,0,0,0,8500.02,2,1.001,0.722,-0.2785,False,0,0,0,0,36.11,monte_carlo_run_1363_seed_1405.log
1364,28,1,1,-1,1,1,1406,3101,0.126,2.41,False,Solitudine / Nessun Contatto,,,Nessuna,1,0,1,0.0,1,1,1,1,0,0,0,0,0,0,0,0,8500.0,2,1.0,1.0,0.0,False,0,0,0,0,0.02,monte_carlo_run_1364_seed_1406.log
1365,28,1,1,-1,1,1,1407,3101,0.074,1.1,False,Solitudine / Nessun Contatto,,,Nessuna,1,0,1,0.0,1,1,1,1,0,0,0,0,0,0,0,0,8500.0,2,1.0,1.0,0.0,False,0,0,0,0,0.02,monte_carlo_run_1365_seed_1407.log
1366,28,1,1,-1,1,1,1408,3101,0.131,1.91,False,Solitudine / Nessun Contatto,,,Nessuna,4,0,4,0.98,3,3,3,3,0,0,0,0,0,0,0,0,8500.0,10,1.02,1.02,0.0,False,0,0,3,3,33.52,monte_carlo_run_1366_seed_1408.log
1367,28,1,1,-1,1,1,1409,3101,0.095,1.37,False,Solitudine / Nessun Contatto,,,Nessuna,1,0,1,0.0,1,1,1,1,0,0,0,0,0,0,0,0,8500.0,2,1.0,1.0,0.0,False,0,0,0,0,0.02,monte_carlo_run_1367_seed_1409.log
1368,28,1,1,-1,1,1,1410,3101,0.112,2.64,False,Solitudine / Nessun Contatto,,,Nessuna,2,0,2,1.46,1,1,1,1,0,0,0,0,0,0,0,0,8500.0,2,1.001,1.001,0.0,False,0,0,0,0,52.17,monte_carlo_run_1368_seed_1410.log
1369,28,1,1,-1,1,1,1411,3101,0.084,1.11,False,Solitudine / Nessun Contatto,,,Nessuna,2,0,2,0.0,2,2,2,2,0,0,0,0,0,0,0,0,8500.0,6,1.0,1.0,0.0,False,0,0,0,1,0.04,monte_carlo_run_1369_seed_1411.log
1370,28,1,1,-1,1,1,1412,3101,0.098,1.66,False,Solitudine / Nessun Contatto,,,Nessuna,1,0,1,0.0,1,1,1,1,0,0,0,0,0,0,0,0,8500.0,2,1.0,1.0,0.0,False,0,0,0,0,0.02,monte_carlo_run_1370_seed_1412.log
1371,28,1,1,-1,1,1,1413,3101,0.055,1.17,False,Solitudine / Nessun Contatto,,,Nessuna,2,0,2,0.0,2,2,2,2,0,0,0,0,0,0,0,0,8500.0,5,1.0,1.0,0.0,False,0,0,1,1,0.04,monte_carlo_run_1371_seed_1413.log
1372,28,1,1,-1,1,1,1414,3101,0.088,1.34,False,Solitudine / Nessun Contatto,,,Nessuna,1,0,1,0.0,1,1,1,1,0,0,0,0,0,0,0,0,8500.0,2,1.0,1.0,0.0,False,0,0,0,0,0.02,monte_carlo_run_1372_seed_1414.log
1373,28,1,1,-1,1,1,1415,3101,0.056,0.75,False,Solitudine / Nessun Contatto,,,Nessuna,1,0,1,0.0,1,1,1,1,0,0,0,0,0,0,0,0,8500.0,2,1.0,1.0,0.0,False,0,0,0,0,0.02,monte_carlo_run_1373_seed_1415.log
1374,28,1,1,-1,1,1,1416,3101,0.067,0.91,False,Solitudine / Nessun Contatto,,,Nessuna,2,0,2,0.0,2,2,2,2,0,0,0,0,0,0,0,0,8500.0,5,1.0,1.0,0.0,False,0,0,0,1,0.04,monte_carlo_run_1374_seed_1416.log
1375,28,1,1,-1,1,1,1417,3101,0.136,3.24,False,Solitudine / Nessun Contatto,,,Nessuna,3,0,3,2.28,3,3,2,2,0,1,0,0,0,0,0,0,8500.0,7,1.015,1.015,0.0,False,0,0,1,1,77.71,monte_carlo_run_1375_seed_1417.log
1376,28,1,1,-1,1,1,1418,3101,0.055,1.1,False,Solitudine / Nessun Contatto,,,Nessuna,2,0,2,0.0,2,2,2,2,0,0,0,0,0,0,0,0,8500.0,5,1.0,1.0,0.0,False,0,0,0,1,0.04,monte_carlo_run_1376_seed_1418.log
1377,28,1,1,-1,1,1,1419,3101,0.053,0.78,False,Solitudine / Nessun Contatto,,,Nessuna,3,0,3,0.0,3,3,3,3,0,0,0,0,0,0,0,0,8500.0,9,1.001,1.001,0.0,False,0,0,2,2,0.06,monte_carlo_run_1377_seed_1419.log
1378,28,1,1,-1,1,1,1420,3101,0.072,1.74,False,Solitudine / Nessun Contatto,,,Nessuna,2,0,2,0.0,2,2,2,2,0,0,0,0,0,0,0,0,8500.0,6,1.0,1.0,0.0,False,0,0,1,1,0.04,monte_carlo_run_1378_seed_1420.log
1379,28,1,1,-1,1,1,1421,3101,0.107,2.44,False,Solitudine / Nessun Contatto,,,Nessuna,3,0,3,1.97,2,2,2,2,0,0,0,0,0,0,0,0,8500.0,5,1.002,1.002,0.0,False,0,0,0,1,73.54,monte_carlo_run_1379_seed_1421.log
1380,28,1,1,-1,1,1,1422,3101,0.079,1.72,False,Solitudine / Nessun Contatto,,,Nessuna,1,0,1,0.0,1,1,1,1,0,0,0,0,0,0,0,0,8500.0,2,1.0,1.0,0.0,False,0,0,0,0,0.02,monte_carlo_run_1380_seed_1422.log
1381,28,1,1,-1,1,1,1423,3101,0.053,1.29,False,Solitudine / Nessun Contatto,,,Nessuna,1,0,1,0.0,1,1,1,1,0,0,0,0,0,0,0,0,8500.0,2,1.0,1.0,0.0,False,0,0,0,0,0.02,monte_carlo_run_1381_seed_1423.log
1382,28,1,1,-1,1,1,1424,3101,0.148,3.23,False,Solitudine / Nessun Contatto,,,Nessuna,2,0,2,2.56,1,1,1,1,0,0,0,0,0,0,0,0,8500.0,2,1.002,1.002,0.0,False,0,0,0,0,69.23,monte_carlo_run_1382_seed_1424.log
1383,28,1,1,-1,1,1,1425,3101,0.141,3.14,False,Solitudine / Nessun Contatto,,,Nessuna,17,0,17,12.97,1,1,1,1,0,0,0,0,0,0,0,0,8500.0,4,1.457,1.457,0.0,False,13,0,0,0,1005.28,monte_carlo_run_1383_seed_1425.log
1384,28,1,1,-1,1,1,1426,3101,0.069,0.92,False,Solitudine / Nessun Contatto,,,Nessuna,3,0,3,0.0,2,2,2,2,0,0,0,0,0,0,0,0,8500.0,5,1.005,1.005,0.0,False,0,0,1,1,19.41,monte_carlo_run_1384_seed_1426.log
1385,28,1,1,-1,1,1,1427,3101,0.08,1.26,False,Solitudine / Nessun Contatto,,,Nessuna,3,0,3,0.0,3,3,3,3,0,0,0,0,0,0,0,0,8500.0,8,1.0,1.0,0.0,False,0,0,1,2,0.06,monte_carlo_run_1385_seed_1427.log
1386,28,1,1,-1,1,1,1428,3101,0.11,2.7,False,Solitudine / Nessun Contatto,,,Nessuna,1,0,1,0.0,1,1,1,1,0,0,0,0,0,0,0,0,8500.0,2,1.0,1.0,0.0,False,0,0,0,0,0.02,monte_carlo_run_1386_seed_1428.log
1387,28,1,1,-1,1,1,1429,3101,0.066,1.59,False,Solitudine / Nessun Contatto,,,Nessuna,3,0,3,0.0,3,3,3,3,0,0,0,0,0,0,0,0,8500.0,10,1.0,1.0,0.0,False,0,0,1,3,0.06,monte_carlo_run_1387_seed_1429.log
1388,28,1,1,-1,1,1,1430,3101,0.092,2.07,False,Solitudine / Nessun Contatto,,,Nessuna,2,0,2,1.58,1,1,1,1,0,0,0,0,0,0,0,0,8500.0,2,1.002,1.002,0.0,False,0,0,0,0,68.74,monte_carlo_run_1388_seed_1430.log
1389,28,1,1,-1,1,1,1431,3101,0.066,1.55,False,Solitudine / Nessun Contatto,,,Nessuna,1,0,1,0.0,1,1,1,1,0,0,0,0,0,0,0,0,8500.0,2,1.0,1.0,0.0,False,0,0,0,0,0.02,monte_carlo_run_1389_seed_1431.log
1390,28,1,1,-1,1,1,1432,3101,0.11,1.92,False,Solitudine / Nessun Contatto,,,Nessuna,4,0,4,0.0,3,3,3,3,0,0,0,0,0,0,0,0,8500.0,9,1.018,1.018,0.0,False,0,0,1,2,58.82,monte_carlo_run_1390_seed_1432.log
1391,28,1,1,-1,1,1,1433,3101,0.125,2.52,False,Solitudine / Nessun Contatto,,,Nessuna,1,0,1,0.0,1,1,1,1,0,0,0,0,0,0,0,0,8500.0,2,1.0,1.0,0.0,False,0,0,0,0,0.02,monte_carlo_run_1391_seed_1433.log
1392,28,1,1,-1,1,1,1434,3101,0.116,2.22,False,Solitudine / Nessun Contatto,,,Nessuna,7,0,7,3.35,3,2,2,2,0,1,1,1,0,1,1,0,8507.5,8,1.148,1.246,0.0979,True,1,0,1,2,444.59,monte_carlo_run_1392_seed_1434.log
1393,28,1,1,-1,1,1,1435,3101,0.133,2.64,False,Solitudine / Nessun Contatto,,,Nessuna,5,0,5,1.84,2,2,2,2,0,0,0,0,0,0,0,0,8500.0,5,1.063,1.063,0.0,False,2,0,1,1,158.54,monte_carlo_run_1393_seed_1435.log
1394,28,1,1,-1,1,1,1436,3101,0.091,1.22,False,Solitudine / Nessun Contatto,,,Nessuna,2,0,2,0.0,2,2,2,2,0,0,0,0,0,0,0,0,8500.0,6,1.0,1.0,0.0,False,0,0,0,1,0.04,monte_carlo_run_1394_seed_1436.log
1395,28,1,1,-1,1,1,1437,3101,0.092,1.53,False,Solitudine / Nessun Contatto,,,Nessuna,1,0,1,0.0,1,1,1,1,0,0,0,0,0,0,0,0,8500.0,2,1.0,1.0,0.0,False,0,0,0,0,0.02,monte_carlo_run_1395_seed_1437.log
1396,28,1,1,-1,1,1,1438,3101,0.079,1.16,False,Solitudine / Nessun Contatto,,,Nessuna,1,0,1,0.0,1,1,1,1,0,0,0,0,0,0,0,0,8500.0,2,1.0,1.0,0.0,False,0,0,0,0,0.02,monte_carlo_run_1396_seed_1438.log
1397,28,1,1,-1,1,1,1439,3101,0.112,1.48,False,Solitudine / Nessun Contatto,,,Nessuna,1,0,1,0.0,1,1,1,1,0,0,0,0,0,0,0,0,8500.0,2,1.0,1.0,0.0,False,0,0,0,0,0.02,monte_carlo_run_1397_seed_1439.log
1398,28,1,1,-1,1,1,1440,3101,0.083,1.74,False,Solitudine / Nessun Contatto,,,Nessuna,3,0,3,0.91,2,2,2,2,0,0,0,0,0,0,0,0,8500.0,5,1.014,1.014,0.0,False,0,0,1,1,43.63,monte_carlo_run_1398_seed_1440.log
1399,28,1,1,-1,1,1,1441,3101,0.127,2.54,False,Solitudine / Nessun Contatto,,,Nessuna,5,0,5,3.2,2,2,2,2,0,0,0,0,0,0,0,0,8500.0,6,1.016,1.016,0.0,False,1,0,0,1,230.19,monte_carlo_run_1399_seed_1441.log
1400,28,1,1,-1,1,1,1442,3101,0.06,0.84,False,Solitudine / Nessun Contatto,,,Nessuna,3,0,3,0.0,3,3,3,3,0,0,0,0,0,0,0,0,8500.0,9,1.0,1.0,0.0,False,0,0,1,2,0.06,monte_carlo_run_1400_seed_1442.log
1401,29,1,1,1,-1,-1,1443,3101,0.485,7.28,True,Contatto Planetario / Biofirme,260.26,15.01,Collaborativa,27,0,232,18.72,44,37,4,1,1,39,36,36,0,22,19,3,8655.86,59,1.099,1.6,0.5005,True,183,0,86,129,1000.07,monte_carlo_run_1401_seed_1443.log
1402,29,1,1,1,-1,-1,1444,3101,0.517,9.33,True,Incontro Flotta Deep-Space,465.2,7.2,Biosfera Primitiva,47,1,196,24.28,41,34,3,0,3,36,32,32,0,15,15,0,8615.22,48,0.975,1.565,0.5899,True,150,0,29,54,1000.06,monte_carlo_run_1402_seed_1444.log
1403,29,1,1,1,-1,-1,1445,3101,0.297,6.62,True,Incontro Flotta Deep-Space,232.8,6.48,Biosfera Primitiva,11,0,59,18.79,10,9,2,1,1,8,8,8,0,5,5,0,8541.42,14,1.201,1.312,0.1113,True,49,0,5,9,1001.24,monte_carlo_run_1403_seed_1445.log
1404,29,1,1,1,-1,-1,1446,3101,0.233,4.79,False,Solitudine / Nessun Contatto,,,Nessuna,49,0,49,16.41,4,4,1,1,0,3,3,3,0,1,1,0,8506.54,5,1.127,0.95,-0.1763,False,43,0,0,1,1000.88,monte_carlo_run_1404_seed_1446.log
1405,29,1,1,1,-1,-1,1447,3101,0.216,5.09,False,Solitudine / Nessun Contatto,,,Nessuna,36,0,36,21.31,8,6,3,1,2,5,5,5,0,1,1,0,8516.87,9,1.529,1.181,-0.3484,False,28,0,0,0,1002.2,monte_carlo_run_1405_seed_1447.log
1406,29,1,1,1,-1,-1,1448,3101,0.427,10.21,True,Contatto Planetario / Biofirme,436.31,20.87,Cauta,56,2,173,27.9,34,26,3,2,1,29,27,27,0,18,11,7,8663.03,49,1.187,1.6,0.4134,True,137,0,58,69,1000.07,monte_carlo_run_1406_seed_1448.log
1407,29,1,1,1,-1,-1,1449,3101,0.515,7.84,True,Contatto Planetario / Biofirme,188.25,8.91,Predatoria,12,1,144,27.28,31,23,6,1,3,22,22,22,0,9,9,0,8570.52,28,1.135,1.279,0.1441,True,110,0,7,20,1000.86,monte_carlo_run_1407_seed_1449.log
1408,29,1,1,1,-1,-1,1450,3101,0.306,7.62,False,Solitudine / Nessun Contatto,,,Nessuna,94,0,94,19.39,17,15,3,0,3,14,14,14,0,8,6,2,8555.72,21,0.969,1.507,0.538,True,74,0,16,26,1000.54,monte_carlo_run_1408_seed_1450.log
1409,29,1,1,1,-1,-1,1451,3101,0.42,5.19,True,Incontro Flotta Deep-Space,424.6,12.31,Biosfera Primitiva,22,0,43,18.15,4,4,1,1,0,3,3,3,0,2,2,0,8509.81,7,1.436,1.233,-0.2031,False,39,0,0,3,1001.14,monte_carlo_run_1409_seed_1451.log
1410,29,1,1,1,-1,-1,1452,3101,0.324,7.06,True,Contatto Planetario / Biofirme,298.51,16.85,Cauta,14,0,97,21.35,18,12,3,1,2,12,12,12,0,3,2,1,8523.36,13,1.256,1.146,-0.11,False,75,0,2,5,1000.05,monte_carlo_run_1410_seed_1452.log
1411,29,1,1,1,-1,-1,1453,3101,0.546,8.78,True,Incontro Flotta Deep-Space,406.61,8.06,Biosfera Primitiva,48,0,134,15.26,19,14,2,1,1,17,17,17,0,14,10,4,8582.2,38,1.032,1.6,0.5683,True,113,0,48,63,1000.29,monte_carlo_run_1411_seed_1453.log
1412,29,1,1,1,-1,-1,1454,3101,0.293,7.03,True,Contatto Planetario / Biofirme,49.24,10.03,Collaborativa,5,0,58,16.04,13,12,4,1,2,9,9,9,0,6,5,1,8548.28,18,1.017,1.458,0.4408,True,43,0,10,18,1001.4,monte_carlo_run_1412_seed_1454.log
1413,29,1,1,1,-1,-1,1455,3101,0.352,6.68,False,Solitudine / Nessun Contatto,,,Nessuna,65,0,65,21.22,13,10,2,1,1,9,9,9,0,6,4,2,8546.7,16,1.028,1.326,0.2978,True,52,0,17,23,1001.02,monte_carlo_run_1413_seed_1455.log
1414,29,1,1,1,-1,-1,1456,3101,0.5,10.97,True,Contatto Planetario / Biofirme,371.49,22.96,Collaborativa,60,1,235,22.96,30,21,2,1,1,26,26,26,0,16,13,3,8605.31,45,1.227,1.6,0.3734,True,202,0,46,62,1000.14,monte_carlo_run_1414_seed_1456.log
1415,29,1,1,1,-1,-1,1457,3101,0.599,8.94,True,Contatto Planetario / Biofirme,136.89,9.1,Predatoria,13,1,172,23.66,43,35,5,1,3,35,29,29,0,16,15,1,8612.85,45,0.963,1.425,0.462,True,126,0,43,95,1000.18,monte_carlo_run_1415_seed_1457.log
1416,29,1,1,1,-1,-1,1458,3101,0.313,6.21,True,Contatto Planetario / Biofirme,481.9,24.17,Diffidente,23,0,75,25.61,20,16,3,3,0,16,16,16,0,7,5,2,8547.22,22,1.161,1.452,0.2904,True,53,0,12,22,1000.19,monte_carlo_run_1416_seed_1458.log
1417,29,1,1,1,-1,-1,1459,3101,0.46,9.09,True,Incontro Flotta Deep-Space,752.15,14.71,Biosfera Primitiva,109,0,181,21.57,32,26,2,1,1,29,17,17,0,11,8,3,8576.91,40,1.229,1.6,0.3706,True,144,0,27,46,1000.36,monte_carlo_run_1417_seed_1459.log
1418,29,1,1,1,-1,-1,1460,3101,0.258,6.35,False,Solitudine / Nessun Contatto,,,Nessuna,65,0,65,21.96,10,8,2,1,1,8,8,8,0,5,5,0,8531.31,10,1.066,1.194,0.1277,True,55,0,5,7,1001.08,monte_carlo_run_1418_seed_1460.log
1419,29,1,1,1,-1,-1,1461,3101,0.236,3.15,False,Solitudine / Nessun Contatto,,,Nessuna,1,0,1,0.0,3,3,3,0,3,0,0,0,0,0,0,0,8500.0,1,0.985,0.985,0.0,False,0,0,0,2,0.02,monte_carlo_run_1419_seed_1461.log
1420,29,1,1,1,-1,-1,1462,3101,0.328,4.76,True,Contatto Planetario / Biofirme,233.73,10.45,Collaborativa,13,0,37,15.54,7,6,3,1,1,4,4,4,0,1,1,0,8516.72,7,1.14,0.843,-0.2969,False,29,0,0,1,1000.59,monte_carlo_run_1420_seed_1462.log
1421,29,1,1,1,-1,-1,1463,3101,0.416,8.5,True,Contatto Planetario / Biofirme,5.35,2.22,Collaborativa,2,1,76,26.78,11,8,4,1,1,6,6,6,0,5,5,0,8536.5,12,1.238,1.373,0.1343,True,64,0,7,13,1000.42,monte_carlo_run_1421_seed_1463.log
1422,29,1,1,1,-1,-1,1464,3101,0.54,12.31,False,Solitudine / Nessun Contatto,,,Nessuna,106,0,106,12.84,15,9,2,1,0,12,12,12,0,5,5,0,8540.75,17,1.233,1.325,0.092,True,89,0,4,12,1000.03,monte_carlo_run_1422_seed_1464.log
1423,29,1,1,1,-1,-1,1465,3101,0.539,9.79,True,Contatto Planetario / Biofirme,217.12,22.38,Collaborativa,18,0,149,24.63,27,23,2,1,1,25,24,24,0,13,10,3,8600.3,40,1.402,1.6,0.1979,True,118,0,26,35,1000.05,monte_carlo_run_1423_seed_1465.log
1424,29,1,1,1,-1,-1,1466,3101,0.333,4.95,False,Solitudine / Nessun Contatto,,,Nessuna,78,0,78,14.22,12,9,4,1,2,8,8,8,0,3,3,0,8524.74,13,1.448,1.355,-0.0934,False,64,0,5,10,1000.43,monte_carlo_run_1424_seed_1466.log
1425,29,1,1,1,-1,-1,1467,3101,0.467,9.93,False,Solitudine / Nessun Contatto,,,Nessuna,133,1,133,18.05,33,22,2,1,1,29,29,29,0,12,12,0,8605.69,38,1.02,1.567,0.5466,True,98,0,22,38,1000.06,monte_carlo_run_1425_seed_1467.log
1426,29,1,1,1,-1,-1,1468,3101,0.367,8.32,True,Incontro Flotta Deep-Space,476.58,10.01,Biosfera Primitiva,57,0,166,20.39,24,19,2,2,0,22,22,22,0,8,8,0,8571.19,29,1.569,1.448,-0.1217,False,139,0,8,15,1000.57,monte_carlo_run_1426_seed_1468.log
1427,29,1,1,1,-1,-1,1469,3101,0.218,3.0,False,Solitudine / Nessun Contatto,,,Nessuna,1,0,1,0.0,2,2,2,1,1,0,0,0,0,0,0,0,8500.0,2,1.0,1.0,0.0,False,0,0,0,1,0.02,monte_carlo_run_1427_seed_1469.log
1428,29,1,1,1,-1,-1,1470,3101,0.454,10.12,True,Contatto Planetario / Biofirme,42.23,7.15,Cauta,3,0,172,26.85,30,25,3,2,1,27,27,27,0,13,13,0,8588.2,34,1.32,1.466,0.1458,True,137,0,17,35,1001.23,monte_carlo_run_1428_seed_1470.log
1429,29,1,1,1,-1,-1,1471,3101,0.598,13.77,True,Contatto Planetario / Biofirme,135.44,11.4,Cauta,12,1,143,21.7,27,20,3,1,2,23,21,21,0,14,11,3,8588.97,39,1.345,1.6,0.2545,True,116,0,32,48,1000.03,monte_carlo_run_1429_seed_1471.log
1430,29,1,1,1,-1,-1,1472,3101,0.366,8.02,True,Incontro Flotta Deep-Space,734.95,0.0,Biosfera Primitiva,44,0,67,18.91,13,10,1,1,0,11,11,11,0,8,7,1,8561.08,17,1.026,1.528,0.502,True,54,0,19,29,1000.78,monte_carlo_run_1430_seed_1472.log
1431,29,1,1,1,-1,-1,1473,3101,0.378,4.72,True,Incontro Flotta Deep-Space,778.94,8.99,Biosfera Primitiva,52,0,60,18.81,8,7,2,1,0,6,6,6,0,4,4,0,8523.59,9,1.104,1.299,0.1946,True,48,0,2,6,1000.22,monte_carlo_run_1431_seed_1473.log
1432,29,1,1,1,-1,-1,1474,3101,0.513,11.98,True,Contatto Planetario / Biofirme,107.14,15.02,Cauta,9,1,66,15.4,11,7,3,1,2,7,7,7,0,5,4,1,8542.35,14,1.179,1.473,0.2949,True,52,0,8,12,1001.27,monte_carlo_run_1432_seed_1474.log
1433,29,1,1,1,-1,-1,1475,3101,0.599,13.43,True,Contatto Planetario / Biofirme,116.8,9.3,Diffidente,12,2,228,24.26,44,33,3,1,2,39,37,37,0,16,12,4,8618.52,65,1.264,1.581,0.318,True,181,0,43,60,1000.01,monte_carlo_run_1433_seed_1475.log
1434,29,1,1,1,-1,-1,1476,3101,0.556,7.87,True,Incontro Flotta Deep-Space,417.99,2.71,Collaborativa,49,1,112,20.59,20,15,3,1,2,16,16,16,0,8,7,1,8555.85,28,1.105,1.596,0.4911,True,90,0,19,31,1000.55,monte_carlo_run_1434_seed_1476.log
1435,29,1,1,1,-1,-1,1477,3101,0.226,4.37,False,Solitudine / Nessun Contatto,,,Nessuna,52,0,52,12.72,11,10,2,0,2,9,9,9,0,6,5,1,8535.83,13,0.959,1.302,0.3422,True,38,0,11,21,1000.12,monte_carlo_run_1435_seed_1477.log
1436,29,1,1,1,-1,-1,1478,3101,0.305,4.1,False,Solitudine / Nessun Contatto,,,Nessuna,28,0,28,14.35,6,3,1,0,1,4,4,4,0,1,1,0,8510.07,4,0.751,0.972,0.2211,True,23,0,0,3,1000.1,monte_carlo_run_1436_seed_1478.log
1437,29,1,1,1,-1,-1,1479,3101,0.242,3.56,False,Solitudine / Nessun Contatto,,,Nessuna,6,0,6,6.5,3,3,3,1,2,0,0,0,0,0,0,0,8500.0,2,1.152,1.152,0.0,False,3,0,2,2,223.55,monte_carlo_run_1437_seed_1479.log
1438,29,1,1,1,-1,-1,1480,3101,0.286,4.91,True,Incontro Flotta Deep-Space,381.05,0.0,Biosfera Primitiva,17,0,100,12.23,22,17,4,1,3,16,2,2,0,2,2,0,8511.1,24,0.96,1.073,0.1136,True,77,0,24,46,1000.49,monte_carlo_run_1438_seed_1480.log
1439,29,1,1,1,-1,-1,1481,3101,0.584,11.85,True,Incontro Flotta Deep-Space,237.09,8.7,Biosfera Primitiva,19,1,80,22.56,16,10,2,1,1,12,11,11,0,8,6,2,8561.02,27,1.07,1.6,0.5299,True,61,0,24,36,1000.0,monte_carlo_run_1439_seed_1481.log
1440,29,1,1,1,-1,-1,1482,3101,0.513,10.68,True,Contatto Planetario / Biofirme,137.59,11.01,Diffidente,11,0,93,11.01,14,10,3,2,1,10,10,10,0,6,5,1,8545.26,18,1.454,1.484,0.03,True,78,0,10,15,1000.48,monte_carlo_run_1440_seed_1482.log
1441,29,1,1,1,-1,-1,1483,3101,0.432,8.87,True,Contatto Planetario / Biofirme,8.77,3.79,Collaborativa,2,0,125,16.16,23,21,4,1,3,18,18,18,0,9,9,0,8558.86,25,1.08,1.521,0.4411,True,101,0,18,27,1000.42,monte_carlo_run_1441_seed_1483.log
1442,29,1,1,1,-1,-1,1484,3101,0.398,5.2,False,Solitudine / Nessun Contatto,,,Nessuna,113,1,113,16.6,20,14,2,1,0,16,15,15,0,10,9,1,8583.2,28,1.133,1.425,0.2926,True,92,0,27,46,1000.1,monte_carlo_run_1442_seed_1484.log
1443,29,1,1,1,-1,-1,1485,3101,0.587,7.65,True,Contatto Planetario / Biofirme,128.15,14.07,Collaborativa,9,2,264,21.03,46,37,4,2,2,40,30,30,0,17,11,6,8626.9,62,1.065,1.6,0.5353,True,211,0,84,106,1000.04,monte_carlo_run_1443_seed_1485.log
1444,29,1,1,1,-1,-1,1486,3101,0.23,5.59,True,Incontro Flotta Deep-Space,808.36,19.29,Biosfera Primitiva,36,0,45,23.64,7,6,1,1,0,6,6,6,0,6,4,2,8543.53,12,1.203,1.34,0.1367,True,38,0,15,16,1000.39,monte_carlo_run_1444_seed_1486.log
1445,29,1,1,1,-1,-1,1487,3101,0.274,4.03,True,Incontro Flotta Deep-Space,221.82,3.41,Collaborativa,6,0,14,13.43,4,3,1,0,1,3,3,3,0,2,2,0,8510.38,6,0.66,1.245,0.585,True,8,0,1,3,1012.16,monte_carlo_run_1445_seed_1487.log
1446,29,1,1,1,-1,-1,1488,3101,0.397,9.09,True,Contatto Planetario / Biofirme,438.72,15.94,Diffidente,54,0,204,31.85,34,23,6,1,4,27,27,27,0,13,10,3,8609.61,38,1.415,1.56,0.1443,True,169,0,24,38,1000.76,monte_carlo_run_1446_seed_1488.log
1447,29,1,1,1,-1,-1,1489,3101,0.444,5.88,True,Contatto Planetario / Biofirme,5.81,2.58,Cauta,2,1,91,16.61,24,12,2,1,1,19,19,19,0,9,5,4,8574.33,32,1.045,1.6,0.5547,True,65,0,29,39,1000.1,monte_carlo_run_1447_seed_1489.log
1448,29,1,1,1,-1,-1,1490,3101,0.439,7.64,True,Incontro Flotta Deep-Space,910.71,16.07,Biosfera Primitiva,114,1,140,24.88,33,24,4,1,2,25,25,25,0,9,8,1,8576.81,23,1.091,1.251,0.1607,True,105,0,14,23,1000.44,monte_carlo_run_1448_seed_1490.log
1449,29,1,1,1,-1,-1,1491,3101,0.21,4.13,True,Incontro Flotta Deep-Space,341.48,6.43,Biosfera Primitiva,11,0,29,15.56,7,7,2,1,1,5,5,5,0,3,3,0,8521.51,10,1.105,1.275,0.1704,True,19,0,0,4,1002.36,monte_carlo_run_1449_seed_1491.log
1450,29,1,1,1,-1,-1,1492,3101,0.557,9.24,True,Contatto Planetario / Biofirme,64.41,6.23,Cauta,5,1,214,23.11,42,31,3,2,1,36,34,34,0,20,11,9,8637.37,59,1.273,1.6,0.3269,True,169,0,66,82,1000.08,monte_carlo_run_1450_seed_1492.log
1451,30,1,1,1,-1,1,1493,3101,0.52,10.71,True,Contatto Planetario / Biofirme,149.26,11.06,Ostile,18,2,300,24.05,51,34,6,1,5,39,31,31,0,19,17,2,8639.88,58,1.237,1.557,0.32,True,243,0,38,74,1000.34,monte_carlo_run_1451_seed_1493.log
1452,30,1,1,1,-1,1,1494,3101,0.426,9.41,True,Incontro Flotta Deep-Space,446.83,4.92,Biosfera Primitiva,89,0,253,7.47,50,41,5,1,4,44,5,5,0,1,0,1,8507.26,93,1.6,1.403,-0.1975,False,198,0,71,125,1000.4,monte_carlo_run_1452_seed_1494.log
1453,30,1,1,1,-1,1,1495,3101,0.534,9.13,True,Contatto Planetario / Biofirme,86.01,24.19,Collaborativa,16,2,379,24.19,70,53,10,4,6,56,23,23,0,17,15,2,8609.13,108,1.162,1.545,0.3829,True,303,0,93,184,1000.29,monte_carlo_run_1453_seed_1495.log
1454,30,1,1,1,-1,1,1496,3101,0.341,4.41,False,Solitudine / Nessun Contatto,,,Nessuna,39,0,39,20.97,3,3,1,1,0,2,2,2,0,2,2,0,8511.72,7,1.574,1.303,-0.2711,False,32,0,1,2,1001.2,monte_carlo_run_1454_seed_1496.log
1455,30,1,1,1,-1,1,1497,3101,0.377,8.39,True,Contatto Planetario / Biofirme,97.53,7.28,Ostile,17,0,178,14.3,35,24,5,0,4,28,8,8,0,7,5,2,8547.76,54,0.834,1.596,0.762,True,138,0,54,96,1000.01,monte_carlo_run_1455_seed_1497.log
1456,30,1,1,1,-1,1,1498,3101,0.511,8.03,True,Contatto Planetario / Biofirme,26.52,7.38,Ostile,5,0,50,10.95,14,11,2,1,1,12,12,12,0,3,3,0,8532.79,19,1.559,1.434,-0.1249,False,36,0,3,6,1001.5,monte_carlo_run_1456_seed_1498.log
1457,30,1,1,1,-1,1,1499,3101,0.319,6.26,True,Contatto Planetario / Biofirme,12.53,4.0,Collaborativa,7,0,216,25.26,37,30,5,2,2,31,13,13,0,9,7,2,8561.57,75,1.285,1.6,0.3149,True,176,0,88,161,1000.46,monte_carlo_run_1457_seed_1499.log
1458,30,1,1,1,-1,1,1500,3101,0.419,10.25,True,Incontro Flotta Deep-Space,285.12,6.89,Biosfera Primitiva,24,0,103,12.9,14,10,1,1,0,13,13,13,0,9,9,0,8565.0,24,1.131,1.6,0.4688,True,87,0,18,28,1000.1,monte_carlo_run_1458_seed_1500.log
1459,30,1,1,1,-1,1,1501,3101,0.298,5.7,True,Contatto Planetario / Biofirme,16.57,4.94,Diffidente,5,0,40,14.3,6,6,3,2,1,3,3,3,0,0,0,0,8500.6,8,1.499,1.06,-0.4394,False,34,0,0,1,1001.2,monte_carlo_run_1459_seed_1501.log
1460,30,1,1,1,-1,1,1502,3101,0.358,5.24,True,Contatto Planetario / Biofirme,6.67,2.39,Diffidente,2,0,71,16.38,14,12,3,2,1,10,10,10,0,8,4,4,8544.32,18,1.002,1.375,0.3738,True,55,0,27,36,1000.12,monte_carlo_run_1460_seed_1502.log
1461,30,1,1,1,-1,1,1503,3101,0.258,5.43,True,Incontro Flotta Deep-Space,949.16,13.14,Biosfera Primitiva,40,0,42,13.14,5,4,1,1,0,3,3,3,0,2,2,0,8518.93,7,1.151,1.068,-0.0831,False,36,0,0,3,1000.23,monte_carlo_run_1461_seed_1503.log
1462,30,1,1,1,-1,1,1504,3101,0.454,9.96,True,Incontro Flotta Deep-Space,234.15,0.0,Biosfera Primitiva,30,0,299,25.61,55,44,4,2,2,50,20,20,0,13,11,2,8603.18,109,1.036,1.6,0.5645,True,237,0,123,209,1000.01,monte_carlo_run_1462_seed_1504.log
1463,30,1,1,1,-1,1,1505,3101,0.55,7.03,True,Contatto Planetario / Biofirme,387.01,20.59,Collaborativa,34,1,163,29.94,27,22,4,1,2,22,15,15,0,9,8,1,8549.45,36,1.334,1.322,-0.0116,False,131,0,18,42,1000.14,monte_carlo_run_1463_seed_1505.log
1464,30,1,1,1,-1,1,1506,3101,0.467,10.77,True,Contatto Planetario / Biofirme,646.43,14.66,Ostile,42,1,98,28.69,15,14,3,3,0,11,11,11,0,5,5,0,8543.53,17,1.365,1.244,-0.1207,False,79,0,2,7,1000.47,monte_carlo_run_1464_seed_1506.log
1465,30,1,1,1,-1,1,1507,3101,0.287,4.35,False,Solitudine / Nessun Contatto,,,Nessuna,115,0,115,10.74,20,19,5,3,2,14,0,0,0,0,0,0,8500.0,37,1.566,1.566,0.0,False,89,0,15,26,1000.84,monte_carlo_run_1465_seed_1507.log
1466,30,1,1,1,-1,1,1508,3101,0.353,5.34,False,Solitudine / Nessun Contatto,,,Nessuna,38,1,38,18.28,7,6,1,1,0,5,5,5,0,3,3,0,8521.58,10,1.092,1.266,0.1738,True,31,0,2,6,1000.3,monte_carlo_run_1466_seed_1508.log
1467,30,1,1,1,-1,1,1509,3101,0.463,6.62,True,Incontro Flotta Deep-Space,290.28,6.62,Collaborativa,39,0,181,25.3,38,30,4,2,2,32,20,20,0,9,7,2,8581.49,63,1.209,1.6,0.3913,True,140,0,45,91,1000.61,monte_carlo_run_1467_seed_1509.log
1468,30,1,1,1,-1,1,1510,3101,0.223,4.3,True,Incontro Flotta Deep-Space,637.77,9.63,Biosfera Primitiva,23,0,54,14.99,10,9,1,1,0,9,9,9,0,4,3,1,8542.25,13,1.005,1.34,0.335,True,41,0,5,10,1004.21,monte_carlo_run_1468_seed_1510.log
1469,30,1,1,1,-1,1,1511,3101,0.338,5.58,True,Incontro Flotta Deep-Space,408.06,1.47,Biosfera Primitiva,13,0,49,13.29,10,10,1,0,1,9,9,9,0,3,3,0,8520.34,11,0.99,1.345,0.3546,True,37,0,3,6,1001.27,monte_carlo_run_1469_seed_1511.log
1470,30,1,1,1,-1,1,1512,3101,0.556,9.06,False,Solitudine / Nessun Contatto,,,Nessuna,35,0,35,6.82,8,7,2,2,0,6,6,6,0,2,2,0,8520.12,10,1.549,1.146,-0.4034,False,27,0,0,2,1000.6,monte_carlo_run_1470_seed_1512.log
1471,30,1,1,1,-1,1,1513,3101,0.227,5.41,True,Incontro Flotta Deep-Space,830.47,16.13,Biosfera Primitiva,186,0,243,20.02,41,32,8,4,4,32,10,10,0,3,3,0,8528.48,64,1.105,1.139,0.0343,True,199,0,23,53,1000.03,monte_carlo_run_1471_seed_1513.log
1472,30,1,1,1,-1,1,1514,3101,0.303,6.29,True,Incontro Flotta Deep-Space,240.43,5.99,Biosfera Primitiva,13,0,50,15.86,7,5,1,1,0,6,6,6,0,3,3,0,8522.81,12,1.048,1.444,0.396,True,43,0,3,6,1000.02,monte_carlo_run_1472_seed_1514.log
1473,30,1,1,1,-1,1,1515,3101,0.221,4.03,True,Incontro Flotta Deep-Space,230.54,4.01,Diffidente,21,0,36,7.75,4,2,1,1,0,2,1,1,0,1,1,0,8505.47,14,1.481,1.47,-0.011,False,29,0,3,6,1003.45,monte_carlo_run_1473_seed_1515.log
1474,30,1,1,1,-1,1,1516,3101,0.423,8.48,True,Contatto Planetario / Biofirme,51.82,8.25,Diffidente,14,0,276,17.68,57,44,7,4,3,46,5,5,0,2,2,0,8515.95,86,1.501,1.158,-0.3433,False,219,0,79,144,1000.13,monte_carlo_run_1474_seed_1516.log
1475,30,1,1,1,-1,1,1517,3101,0.21,4.67,False,Solitudine / Nessun Contatto,,,Nessuna,43,0,43,23.79,7,6,2,1,1,5,5,5,0,2,2,0,8511.55,7,1.055,0.897,-0.1575,False,36,0,0,3,1002.75,monte_carlo_run_1475_seed_1517.log
1476,30,1,1,1,-1,1,1518,3101,0.539,8.22,True,Contatto Planetario / Biofirme,27.71,10.47,Cauta,11,0,236,14.09,51,40,7,4,2,43,20,20,0,8,6,2,8558.53,93,1.176,1.6,0.4239,True,184,0,98,160,1000.01,monte_carlo_run_1476_seed_1518.log
1477,30,1,1,1,-1,1,1519,3101,0.44,5.81,True,Contatto Planetario / Biofirme,263.83,13.62,Cauta,48,0,188,22.19,38,26,6,0,5,30,18,18,0,10,9,1,8585.17,60,0.995,1.29,0.2947,True,147,0,39,80,1000.08,monte_carlo_run_1477_seed_1519.log
1478,30,1,1,1,-1,1,1520,3101,0.305,6.43,True,Incontro Flotta Deep-Space,562.88,6.05,Biosfera Primitiva,54,0,112,12.98,19,15,2,2,0,15,15,15,0,8,7,1,8556.25,25,1.013,1.521,0.5083,True,92,0,17,27,1001.12,monte_carlo_run_1478_seed_1520.log
1479,30,1,1,1,-1,1,1521,3101,0.395,6.0,True,Incontro Flotta Deep-Space,176.02,0.0,Leale alla Madrepatria,19,0,153,12.65,26,20,4,1,2,21,11,11,0,7,6,1,8540.57,31,0.965,1.271,0.3064,True,123,0,19,36,1000.21,monte_carlo_run_1479_seed_1521.log
1480,30,1,1,1,-1,1,1522,3101,0.562,10.11,True,Incontro Flotta Deep-Space,215.95,5.02,Collaborativa,29,0,288,36.81,44,29,6,2,3,34,34,34,0,22,14,8,8660.0,63,1.384,1.6,0.2163,True,238,0,60,71,1000.75,monte_carlo_run_1480_seed_1522.log
1481,30,1,1,1,-1,1,1523,3101,0.258,4.95,True,Incontro Flotta Deep-Space,493.37,14.07,Biosfera Primitiva,16,1,58,17.02,11,6,2,1,0,7,7,7,0,2,2,0,8516.51,11,1.027,1.326,0.2993,True,43,0,1,3,1002.15,monte_carlo_run_1481_seed_1523.log
1482,30,1,1,1,-1,1,1524,3101,0.358,4.82,False,Solitudine / Nessun Contatto,,,Nessuna,141,0,141,12.29,18,15,4,2,1,13,1,1,0,1,1,0,8506.17,35,1.265,0.1,-1.1645,False,118,0,17,23,1000.59,monte_carlo_run_1482_seed_1524.log
1483,30,1,1,1,-1,1,1525,3101,0.366,4.61,True,Contatto Planetario / Biofirme,16.98,5.27,Collaborativa,3,0,34,24.4,7,6,2,1,1,5,5,5,0,2,2,0,8511.72,11,1.513,1.356,-0.1572,False,24,0,1,1,1000.13,monte_carlo_run_1483_seed_1525.log
1484,30,1,1,1,-1,1,1526,3101,0.562,13.17,False,Solitudine / Nessun Contatto,,,Nessuna,126,0,126,10.48,26,22,2,1,1,24,23,23,0,15,11,4,8602.98,39,1.107,1.6,0.4925,True,97,0,43,60,1001.21,monte_carlo_run_1484_seed_1526.log
1485,30,1,1,1,-1,1,1527,3101,0.549,7.79,True,Incontro Flotta Deep-Space,480.54,20.63,Biosfera Primitiva,79,1,166,26.44,27,19,4,1,2,21,9,9,0,5,5,0,8528.22,39,1.333,1.392,0.059,True,138,0,14,38,1000.99,monte_carlo_run_1485_seed_1527.log
1486,30,1,1,1,-1,1,1528,3101,0.57,7.89,True,Incontro Flotta Deep-Space,778.64,7.44,Collaborativa,57,0,107,21.47,21,18,4,3,1,17,17,17,0,8,8,0,8562.42,21,1.132,1.505,0.3731,True,84,0,15,21,1000.3,monte_carlo_run_1486_seed_1528.log
1487,30,1,1,1,-1,1,1529,3101,0.565,7.35,True,Incontro Flotta Deep-Space,60.55,0.0,Diffidente,14,2,252,22.8,56,41,6,1,4,45,16,16,0,11,10,1,8574.2,93,1.0,1.514,0.5138,True,193,0,89,173,1000.97,monte_carlo_run_1487_seed_1529.log
1488,30,1,1,1,-1,1,1530,3101,0.374,5.06,True,Contatto Planetario / Biofirme,673.95,11.62,Cauta,44,0,76,14.7,14,10,3,1,2,11,11,11,0,7,6,1,8548.54,15,0.964,1.412,0.4479,True,61,0,11,18,1000.1,monte_carlo_run_1488_seed_1530.log
1489,30,1,1,1,-1,1,1531,3101,0.532,12.42,True,Incontro Flotta Deep-Space,252.75,6.8,Biosfera Primitiva,31,2,222,35.12,37,27,1,1,0,34,34,34,0,21,14,7,8666.56,57,1.416,1.514,0.0978,True,179,0,69,92,1000.4,monte_carlo_run_1489_seed_1531.log
1490,30,1,1,1,-1,1,1532,3101,0.502,8.25,True,Contatto Planetario / Biofirme,1.99,1.0,Ostile,2,0,68,6.25,15,11,3,2,1,12,12,12,0,6,5,1,8535.4,18,1.056,1.39,0.3337,True,52,0,11,18,1000.2,monte_carlo_run_1490_seed_1532.log
1491,30,1,1,1,-1,1,1533,3101,0.258,4.17,False,Solitudine / Nessun Contatto,,,Nessuna,4,0,4,5.48,1,1,1,1,0,0,0,0,0,0,0,0,8500.0,2,1.026,1.026,0.0,False,2,0,0,0,188.6,monte_carlo_run_1491_seed_1533.log
1492,30,1,1,1,-1,1,1534,3101,0.484,9.63,True,Incontro Flotta Deep-Space,39.96,8.76,Collaborativa,10,0,342,24.69,67,50,7,3,4,56,31,31,0,22,15,7,8667.15,116,1.118,1.6,0.4823,True,267,0,121,185,1000.04,monte_carlo_run_1492_seed_1534.log
1493,30,1,1,1,-1,1,1535,3101,0.556,8.21,True,Incontro Flotta Deep-Space,8.91,6.56,Ostile,4,0,32,10.71,6,6,2,0,1,4,1,1,0,1,1,0,8503.05,14,0.33,0.1,-0.2302,False,26,0,3,15,1008.27,monte_carlo_run_1493_seed_1535.log
1494,30,1,1,1,-1,1,1536,3101,0.386,6.6,False,Solitudine / Nessun Contatto,,,Nessuna,60,0,60,20.82,8,8,1,1,0,7,7,7,0,1,1,0,8513.4,9,1.275,0.953,-0.3216,False,51,0,0,1,1000.84,monte_carlo_run_1494_seed_1536.log
1495,30,1,1,1,-1,1,1537,3101,0.259,5.94,True,Incontro Flotta Deep-Space,526.66,9.88,Collaborativa,43,0,86,14.09,14,10,1,1,0,13,11,11,0,5,5,0,8537.86,16,1.26,1.337,0.0771,True,70,0,5,12,1001.29,monte_carlo_run_1495_seed_1537.log
1496,30,1,1,1,-1,1,1538,3101,0.575,10.76,True,Incontro Flotta Deep-Space,429.53,16.12,Collaborativa,74,0,239,25.29,48,35,2,1,1,43,41,41,0,23,20,3,8668.91,70,1.286,1.6,0.3139,True,184,0,91,116,1000.03,monte_carlo_run_1496_seed_1538.log
1497,30,1,1,1,-1,1,1539,3101,0.508,7.6,True,Incontro Flotta Deep-Space,259.52,7.1,Biosfera Primitiva,31,1,87,13.56,21,12,1,1,0,16,12,12,0,11,6,5,8576.83,41,1.006,1.6,0.5939,True,64,0,58,74,1000.99,monte_carlo_run_1497_seed_1539.log
1498,30,1,1,1,-1,1,1540,3101,0.32,4.22,True,Incontro Flotta Deep-Space,499.86,5.5,Biosfera Primitiva,30,0,46,7.43,8,7,2,2,0,6,1,1,0,1,1,0,8512.16,23,1.496,1.37,-0.1266,False,33,0,6,18,1000.09,monte_carlo_run_1498_seed_1540.log
1499,30,1,1,1,-1,1,1541,3101,0.389,7.21,True,Incontro Flotta Deep-Space,384.89,7.68,Collaborativa,35,0,94,12.63,14,12,3,1,2,11,11,11,0,8,6,2,8557.52,21,1.268,1.554,0.2854,True,79,0,15,20,1000.15,monte_carlo_run_1499_seed_1541.log
1500,30,1,1,1,-1,1,1542,3101,0.361,7.86,True,Contatto Planetario / Biofirme,39.35,5.74,Cauta,3,1,110,14.88,18,14,2,0,2,13,13,13,0,7,5,2,8540.5,22,0.955,1.518,0.5627,True,89,0,13,19,1000.05,monte_carlo_run_1500_seed_1542.log
1501,31,1,1,1,1,-1,1543,3101,0.446,9.43,True,Contatto Planetario / Biofirme,627.47,21.96,Cauta,51,0,90,21.96,9,7,2,1,1,6,6,6,0,5,5,0,8544.67,11,1.294,1.394,0.0992,True,80,0,5,10,1000.17,monte_carlo_run_1501_seed_1543.log
1502,31,1,1,1,1,-1,1544,3101,0.563,11.26,False,Solitudine / Nessun Contatto,,,Nessuna,83,0,83,19.66,4,4,1,1,0,3,3,3,0,1,1,0,8513.65,7,1.534,0.933,-0.6012,False,77,0,0,1,1003.6,monte_carlo_run_1502_seed_1544.log
1503,31,1,1,1,1,-1,1545,3101,0.255,4.9,False,Solitudine / Nessun Contatto,,,Nessuna,29,0,29,14.76,2,2,1,1,0,1,1,1,0,1,1,0,8504.3,4,1.116,0.37,-0.7461,False,27,0,0,1,1002.74,monte_carlo_run_1503_seed_1545.log
1504,31,1,1,1,1,-1,1546,3101,0.488,7.54,True,Contatto Planetario / Biofirme,46.23,9.85,Collaborativa,6,0,114,17.31,14,9,2,1,1,10,8,8,0,6,4,2,8550.38,17,1.212,1.6,0.3881,True,99,0,13,20,1004.12,monte_carlo_run_1504_seed_1546.log
1505,31,1,1,1,1,-1,1547,3101,0.331,7.94,False,Solitudine / Nessun Contatto,,,Nessuna,68,0,68,15.95,3,3,1,1,0,2,2,2,0,0,0,0,8501.83,6,1.6,0.971,-0.6287,False,64,0,0,0,1000.03,monte_carlo_run_1505_seed_1547.log
1506,31,1,1,1,1,-1,1548,3101,0.29,4.15,False,Solitudine / Nessun Contatto,,,Nessuna,1,0,1,0.0,1,1,1,1,0,0,0,0,0,0,0,0,8500.0,2,1.0,1.0,0.0,False,0,0,0,0,0.02,monte_carlo_run_1506_seed_1548.log
1507,31,1,1,1,1,-1,1549,3101,0.503,7.23,True,Contatto Planetario / Biofirme,261.56,8.71,Collaborativa,15,0,139,21.65,15,10,3,1,2,12,12,12,0,6,6,0,8534.49,14,1.209,1.323,0.1141,True,122,0,7,12,1000.01,monte_carlo_run_1507_seed_1549.log
1508,31,1,1,1,1,-1,1550,3101,0.496,10.17,True,Incontro Flotta Deep-Space,922.79,16.52,Biosfera Primitiva,109,1,109,17.84,9,8,1,1,0,7,7,7,0,6,4,2,8553.13,15,1.395,1.444,0.049,True,100,0,10,17,1000.2,monte_carlo_run_1508_seed_1550.log
1509,31,1,1,1,1,-1,1551,3101,0.302,5.38,False,Solitudine / Nessun Contatto,,,Nessuna,23,0,23,16.35,5,4,2,0,1,2,2,2,0,1,1,0,8514.44,4,0.991,0.885,-0.1059,False,20,0,1,4,1001.1,monte_carlo_run_1509_seed_1551.log
1510,31,1,1,1,1,-1,1552,3101,0.595,14.55,True,Incontro Flotta Deep-Space,233.74,10.66,Biosfera Primitiva,31,0,319,28.34,30,28,3,2,0,27,23,23,0,16,14,2,8601.57,54,1.508,1.6,0.0925,True,289,0,35,50,1000.48,monte_carlo_run_1510_seed_1552.log
1511,31,1,1,1,1,-1,1553,3101,0.23,3.04,False,Solitudine / Nessun Contatto,,,Nessuna,1,0,1,0.0,2,2,2,1,1,0,0,0,0,0,0,0,8500.0,2,1.0,1.0,0.0,False,0,0,1,1,0.02,monte_carlo_run_1511_seed_1553.log
1512,31,1,1,1,1,-1,1554,3101,0.414,8.78,False,Solitudine / Nessun Contatto,,,Nessuna,44,0,44,16.01,4,3,3,1,0,1,1,1,0,1,1,0,8507.77,4,1.185,0.407,-0.7782,False,40,0,1,5,1005.59,monte_carlo_run_1512_seed_1554.log
1513,31,1,1,1,1,-1,1555,3101,0.536,10.32,True,Contatto Planetario / Biofirme,16.98,9.1,Cauta,2,1,66,21.73,6,4,1,1,0,3,3,3,0,1,1,0,8508.37,5,1.473,0.865,-0.6081,False,59,0,1,3,1001.03,monte_carlo_run_1513_seed_1555.log
1514,31,1,1,1,1,-1,1556,3101,0.317,6.3,False,Solitudine / Nessun Contatto,,,Nessuna,33,0,33,22.56,5,5,3,2,1,2,2,2,0,0,0,0,8502.41,7,1.6,1.058,-0.542,False,28,0,2,2,1002.2,monte_carlo_run_1514_seed_1556.log
1515,31,1,1,1,1,-1,1557,3101,0.495,8.01,True,Incontro Flotta Deep-Space,698.57,0.0,Biosfera Primitiva,67,0,129,22.66,15,10,2,2,0,12,12,12,0,5,4,1,8550.4,15,1.264,1.527,0.2628,True,111,0,7,12,1002.79,monte_carlo_run_1515_seed_1557.log
1516,31,1,1,1,1,-1,1558,3101,0.228,5.56,False,Solitudine / Nessun Contatto,,,Nessuna,44,0,44,21.14,5,5,1,0,1,4,4,4,0,3,3,0,8523.51,7,0.944,1.16,0.2158,True,37,0,3,5,1000.45,monte_carlo_run_1516_seed_1558.log
1517,31,1,1,1,1,-1,1559,3101,0.439,5.52,True,Incontro Flotta Deep-Space,976.75,16.5,Biosfera Primitiva,69,0,70,19.58,10,7,1,0,1,8,8,8,0,6,4,2,8539.83,15,0.997,1.264,0.2674,True,60,0,7,15,1000.57,monte_carlo_run_1517_seed_1559.log
1518,31,1,1,1,1,-1,1560,3101,0.566,12.2,False,Solitudine / Nessun Contatto,,,Nessuna,188,1,188,37.4,13,10,2,1,1,10,10,10,0,8,6,2,8556.15,23,1.6,1.419,-0.1806,False,172,0,13,17,1001.47,monte_carlo_run_1518_seed_1560.log
1519,31,1,1,1,1,-1,1561,3101,0.317,4.36,False,Solitudine / Nessun Contatto,,,Nessuna,33,0,33,11.8,3,3,1,0,1,2,2,2,0,1,1,0,8511.12,5,0.861,0.857,-0.0042,False,24,0,0,1,1000.26,monte_carlo_run_1519_seed_1561.log
1520,31,1,1,1,1,-1,1562,3101,0.427,7.73,True,Contatto Planetario / Biofirme,874.45,23.17,Ostile,57,0,71,26.3,6,6,2,1,1,4,4,4,0,2,2,0,8512.39,8,1.42,1.102,-0.318,False,61,0,0,2,1001.67,monte_carlo_run_1520_seed_1562.log
1521,31,1,1,1,1,-1,1563,3101,0.599,13.4,False,Solitudine / Nessun Contatto,,,Nessuna,163,1,163,38.49,16,13,1,1,0,14,14,14,0,10,9,1,8561.89,25,1.556,1.449,-0.107,False,144,0,15,23,1000.02,monte_carlo_run_1521_seed_1563.log
1522,31,1,1,1,1,-1,1564,3101,0.394,8.54,True,Incontro Flotta Deep-Space,360.58,6.15,Biosfera Primitiva,33,0,81,14.5,10,7,1,1,0,9,9,9,0,7,6,1,8545.93,19,1.153,1.587,0.4336,True,68,0,17,25,1000.84,monte_carlo_run_1522_seed_1564.log
1523,31,1,1,1,1,-1,1565,3101,0.242,3.65,False,Solitudine / Nessun Contatto,,,Nessuna,2,0,2,2.68,1,1,1,1,0,0,0,0,0,0,0,0,8500.0,2,1.001,1.001,0.0,False,0,0,0,0,48.1,monte_carlo_run_1523_seed_1565.log
1524,31,1,1,1,1,-1,1566,3101,0.262,5.23,False,Solitudine / Nessun Contatto,,,Nessuna,32,0,32,18.5,4,4,1,1,0,3,3,3,0,2,2,0,8511.01,7,1.516,1.197,-0.3184,False,27,0,0,3,1001.25,monte_carlo_run_1524_seed_1566.log
1525,31,1,1,1,1,-1,1567,3101,0.464,11.04,True,Contatto Planetario / Biofirme,19.61,9.1,Ostile,2,0,44,20.94,4,2,2,1,0,1,1,1,0,1,1,0,8503.66,4,1.198,1.071,-0.1264,False,41,0,1,3,1000.26,monte_carlo_run_1525_seed_1567.log
1526,31,1,1,1,1,-1,1568,3101,0.341,5.02,True,Incontro Flotta Deep-Space,808.29,4.23,Biosfera Primitiva,38,0,50,22.62,7,5,1,1,0,6,6,6,0,5,5,0,8531.49,10,1.026,1.28,0.2541,True,43,0,2,9,1000.97,monte_carlo_run_1526_seed_1568.log
1527,31,1,1,1,1,-1,1569,3101,0.565,12.42,True,Contatto Planetario / Biofirme,104.75,10.34,Cauta,8,0,102,16.52,7,5,1,1,0,5,5,5,0,2,1,1,8515.94,11,1.585,1.463,-0.1219,False,95,0,3,6,1002.69,monte_carlo_run_1527_seed_1569.log
1528,31,1,1,1,1,-1,1570,3101,0.537,9.03,True,Contatto Planetario / Biofirme,13.75,7.39,Diffidente,2,0,78,23.51,10,8,5,1,2,5,5,5,0,4,4,0,8518.92,8,1.356,1.319,-0.0377,False,66,0,1,6,1002.69,monte_carlo_run_1528_seed_1570.log
1529,31,1,1,1,1,-1,1571,3101,0.563,7.74,True,Contatto Planetario / Biofirme,128.32,11.48,Cauta,10,0,76,22.66,5,3,2,1,1,3,3,3,0,2,2,0,8511.93,7,1.284,0.888,-0.3965,False,71,0,2,6,1000.21,monte_carlo_run_1529_seed_1571.log
1530,31,1,1,1,1,-1,1572,3101,0.211,2.71,False,Solitudine / Nessun Contatto,,,Nessuna,1,0,1,0.0,1,1,1,1,0,0,0,0,0,0,0,0,8500.0,2,1.0,1.0,0.0,False,0,0,0,0,0.02,monte_carlo_run_1530_seed_1572.log
1531,31,1,1,1,1,-1,1573,3101,0.408,9.89,True,Incontro Flotta Deep-Space,744.59,18.07,Biosfera Primitiva,69,0,99,27.26,12,9,2,1,0,9,9,9,0,7,6,1,8547.12,18,1.128,1.376,0.2476,True,86,0,9,13,1001.02,monte_carlo_run_1531_seed_1573.log
1532,31,1,1,1,1,-1,1574,3101,0.299,7.34,False,Solitudine / Nessun Contatto,,,Nessuna,85,0,85,16.72,11,9,1,1,0,10,8,8,0,4,4,0,8530.1,15,1.147,1.284,0.1371,True,71,0,4,10,1001.61,monte_carlo_run_1532_seed_1574.log
1533,31,1,1,1,1,-1,1575,3101,0.282,4.8,False,Solitudine / Nessun Contatto,,,Nessuna,34,0,34,17.66,3,3,2,1,1,1,1,1,0,0,0,0,8500.21,4,1.6,0.877,-0.7229,False,32,0,1,1,1000.53,monte_carlo_run_1533_seed_1575.log
1534,31,1,1,1,1,-1,1576,3101,0.519,10.95,True,Incontro Flotta Deep-Space,456.01,10.27,Biosfera Primitiva,62,0,190,33.66,19,13,2,1,1,17,14,14,0,8,6,2,8564.03,34,1.526,1.559,0.0327,True,168,0,19,27,1000.05,monte_carlo_run_1534_seed_1576.log
1535,31,1,1,1,1,-1,1577,3101,0.565,14.02,True,Contatto Planetario / Biofirme,27.35,13.4,Diffidente,3,2,162,26.26,15,10,2,2,0,10,10,10,0,7,6,1,8546.35,24,1.6,1.426,-0.1743,False,147,0,10,14,1001.44,monte_carlo_run_1535_seed_1577.log
1536,31,1,1,1,1,-1,1578,3101,0.591,10.74,False,Solitudine / Nessun Contatto,,,Nessuna,91,1,91,19.75,11,6,1,1,0,8,7,7,0,5,5,0,8539.34,17,1.271,1.5,0.2285,True,79,0,8,14,1002.3,monte_carlo_run_1536_seed_1578.log
1537,31,1,1,1,1,-1,1579,3101,0.502,10.98,False,Solitudine / Nessun Contatto,,,Nessuna,162,1,162,19.94,18,14,2,2,0,14,12,12,0,6,6,0,8538.7,20,1.427,1.271,-0.1556,False,141,0,7,12,1000.5,monte_carlo_run_1537_seed_1579.log
1538,31,1,1,1,1,-1,1580,3101,0.399,5.47,False,Solitudine / Nessun Contatto,,,Nessuna,70,0,70,21.98,4,3,1,1,0,3,3,3,0,1,1,0,8507.18,8,1.4,0.917,-0.4824,False,66,0,0,1,1000.14,monte_carlo_run_1538_seed_1580.log
1539,31,1,1,1,1,-1,1581,3101,0.462,10.98,True,Incontro Flotta Deep-Space,749.17,11.88,Biosfera Primitiva,85,1,109,24.14,10,6,1,1,0,7,7,7,0,6,4,2,8543.69,17,1.541,1.504,-0.0367,False,99,0,9,15,1000.02,monte_carlo_run_1539_seed_1581.log
1540,31,1,1,1,1,-1,1582,3101,0.377,4.7,True,Contatto Planetario / Biofirme,505.93,11.56,Predatoria,18,0,39,16.19,3,3,2,1,0,1,1,1,0,1,1,0,8508.93,3,1.176,0.902,-0.2742,False,36,0,0,3,1005.32,monte_carlo_run_1540_seed_1582.log
1541,31,1,1,1,1,-1,1583,3101,0.298,3.9,False,Solitudine / Nessun Contatto,,,Nessuna,16,0,16,10.65,2,2,1,1,0,1,1,1,0,1,1,0,8504.59,4,1.389,1.164,-0.2248,False,10,0,0,1,1000.18,monte_carlo_run_1541_seed_1583.log
1542,31,1,1,1,1,-1,1584,3101,0.376,7.2,True,Incontro Flotta Deep-Space,870.84,0.0,Biosfera Primitiva,56,0,64,20.54,6,5,1,1,0,5,5,5,0,3,3,0,8525.04,9,1.072,1.25,0.1783,True,56,0,1,4,1002.81,monte_carlo_run_1542_seed_1584.log
1543,31,1,1,1,1,-1,1585,3101,0.449,8.33,True,Contatto Planetario / Biofirme,860.38,16.97,Diffidente,120,0,157,22.89,14,11,2,1,1,12,12,12,0,8,7,1,8561.97,22,1.393,1.467,0.0744,True,141,0,13,19,1000.07,monte_carlo_run_1543_seed_1585.log
1544,31,1,1,1,1,-1,1586,3101,0.295,6.91,False,Solitudine / Nessun Contatto,,,Nessuna,86,0,86,16.84,7,5,1,1,0,6,6,6,0,5,5,0,8541.59,12,1.46,1.344,-0.116,False,76,0,5,10,1001.44,monte_carlo_run_1544_seed_1586.log
1545,31,1,1,1,1,-1,1587,3101,0.564,10.55,False,Solitudine / Nessun Contatto,,,Nessuna,129,0,129,21.43,12,10,2,1,1,10,10,10,0,5,4,1,8545.93,18,1.6,1.443,-0.157,False,116,0,9,12,1000.02,monte_carlo_run_1545_seed_1587.log
1546,31,1,1,1,1,-1,1588,3101,0.401,6.27,True,Contatto Planetario / Biofirme,68.46,8.44,Ostile,5,0,74,17.62,7,6,3,1,2,3,3,3,0,3,3,0,8533.63,8,1.3,1.111,-0.1887,False,66,0,4,7,1002.57,monte_carlo_run_1546_seed_1588.log
1547,31,1,1,1,1,-1,1589,3101,0.301,5.96,True,Contatto Planetario / Biofirme,454.34,14.79,Diffidente,18,0,43,19.06,5,3,2,1,0,2,2,2,0,2,2,0,8508.11,9,1.197,1.419,0.2216,True,38,0,2,4,1001.03,monte_carlo_run_1547_seed_1589.log
1548,31,1,1,1,1,-1,1590,3101,0.281,4.63,False,Solitudine / Nessun Contatto,,,Nessuna,46,0,46,14.57,3,2,1,1,0,2,2,2,0,1,1,0,8503.69,6,1.185,0.92,-0.2649,False,42,0,0,1,1002.57,monte_carlo_run_1548_seed_1590.log
1549,31,1,1,1,1,-1,1591,3101,0.594,14.37,False,Solitudine / Nessun Contatto,,,Nessuna,83,2,83,24.39,11,9,1,1,0,8,8,8,0,5,4,1,8536.46,17,1.524,1.534,0.0101,True,70,0,5,8,1001.19,monte_carlo_run_1549_seed_1591.log
1550,31,1,1,1,1,-1,1592,3101,0.277,4.14,False,Solitudine / Nessun Contatto,,,Nessuna,27,0,27,19.78,2,2,1,1,0,1,1,1,0,0,0,0,8501.18,5,1.531,0.798,-0.7324,False,24,0,0,0,1000.99,monte_carlo_run_1550_seed_1592.log
1551,32,1,1,1,1,1,1593,3101,0.584,9.59,True,Incontro Flotta Deep-Space,747.62,13.82,Biosfera Primitiva,118,0,143,17.79,9,6,1,1,0,8,7,7,0,4,3,1,8523.0,20,1.514,1.6,0.0861,True,133,0,3,8,1000.11,monte_carlo_run_1551_seed_1593.log
1552,32,1,1,1,1,1,1594,3101,0.565,7.48,False,Solitudine / Nessun Contatto,,,Nessuna,63,0,63,21.75,6,6,1,1,0,5,5,5,0,3,3,0,8533.88,10,1.6,1.25,-0.3495,False,56,0,2,3,1001.02,monte_carlo_run_1552_seed_1594.log
1553,32,1,1,1,1,1,1595,3101,0.312,6.83,True,Incontro Flotta Deep-Space,833.44,0.0,Collaborativa,98,1,137,10.58,11,8,2,2,0,8,6,6,0,2,2,0,8520.56,15,1.148,1.244,0.0968,True,125,0,2,5,1000.07,monte_carlo_run_1553_seed_1595.log
1554,32,1,1,1,1,1,1596,3101,0.461,6.85,True,Incontro Flotta Deep-Space,252.35,11.13,Cauta,29,0,93,15.7,7,4,2,2,0,4,4,4,0,3,3,0,8525.08,13,1.087,0.781,-0.3063,False,85,0,4,8,1000.62,monte_carlo_run_1554_seed_1596.log
1555,32,1,1,1,1,1,1597,3101,0.512,12.75,False,Solitudine / Nessun Contatto,,,Nessuna,212,2,212,36.16,22,16,2,2,0,17,12,12,0,6,5,1,8541.16,38,1.518,1.498,-0.0195,False,189,0,16,26,1000.13,monte_carlo_run_1555_seed_1597.log
1556,32,1,1,1,1,1,1598,3101,0.243,3.38,False,Solitudine / Nessun Contatto,,,Nessuna,7,0,7,7.6,1,1,1,1,0,0,0,0,0,0,0,0,8500.0,2,1.083,1.083,0.0,False,5,0,0,0,314.01,monte_carlo_run_1556_seed_1598.log
1557,32,1,1,1,1,1,1599,3101,0.309,5.92,False,Solitudine / Nessun Contatto,,,Nessuna,208,0,208,14.99,14,13,3,0,3,11,2,2,0,2,2,0,8513.93,22,0.927,0.172,-0.7544,False,190,0,7,27,1000.97,monte_carlo_run_1557_seed_1599.log
1558,32,1,1,1,1,1,1600,3101,0.586,10.17,True,Incontro Flotta Deep-Space,0.02,8.77,Collaborativa,3,0,226,34.21,19,13,1,1,0,16,10,10,0,7,6,1,8543.08,36,1.525,1.499,-0.0257,False,204,0,11,21,1001.36,monte_carlo_run_1558_seed_1600.log
1559,32,1,1,1,1,1,1601,3101,0.364,5.36,False,Solitudine / Nessun Contatto,,,Nessuna,61,0,61,17.23,5,3,1,1,0,4,4,4,0,2,1,1,8511.32,10,1.6,1.388,-0.212,False,56,0,1,3,1003.51,monte_carlo_run_1559_seed_1601.log
1560,32,1,1,1,1,1,1602,3101,0.422,7.19,True,Incontro Flotta Deep-Space,464.9,12.67,Leale alla Madrepatria,47,0,150,21.6,14,11,2,2,0,12,6,6,0,3,3,0,8519.32,24,1.211,0.975,-0.2363,False,133,0,2,12,1000.11,monte_carlo_run_1560_seed_1602.log
1561,32,1,1,1,1,1,1603,3101,0.297,7.08,True,Incontro Flotta Deep-Space,325.07,0.0,Biosfera Primitiva,16,1,71,18.89,6,5,1,1,0,4,4,4,0,1,1,0,8513.58,9,1.6,1.228,-0.3721,False,65,0,0,1,1000.27,monte_carlo_run_1561_seed_1603.log
1562,32,1,1,1,1,1,1604,3101,0.537,6.84,True,Contatto Planetario / Biofirme,725.57,16.11,Cauta,94,0,141,21.71,8,6,2,1,1,5,2,2,0,1,1,0,8506.54,17,1.6,1.6,0.0,False,132,0,2,2,1000.74,monte_carlo_run_1562_seed_1604.log
1563,32,1,1,1,1,1,1605,3101,0.367,7.16,True,Incontro Flotta Deep-Space,231.5,0.0,Collaborativa,11,0,30,14.88,4,2,1,1,0,3,3,3,0,3,3,0,8518.0,9,1.324,1.22,-0.1034,False,25,0,0,6,1003.72,monte_carlo_run_1563_seed_1605.log
1564,32,1,1,1,1,1,1606,3101,0.434,7.21,True,Incontro Flotta Deep-Space,375.36,11.46,Leale alla Madrepatria,45,0,136,16.78,11,10,3,2,1,8,3,3,0,2,2,0,8511.26,20,1.232,0.86,-0.3717,False,125,0,1,6,1000.41,monte_carlo_run_1564_seed_1606.log
1565,32,1,1,1,1,1,1607,3101,0.267,6.34,False,Solitudine / Nessun Contatto,,,Nessuna,39,0,39,14.4,5,3,1,1,0,4,4,4,0,2,2,0,8523.53,8,1.535,1.142,-0.3932,False,34,0,0,1,1000.54,monte_carlo_run_1565_seed_1607.log
1566,32,1,1,1,1,1,1608,3101,0.368,5.45,False,Solitudine / Nessun Contatto,,,Nessuna,86,1,86,18.28,9,6,1,1,0,7,7,7,0,5,4,1,8541.46,10,1.294,1.118,-0.1756,False,75,0,3,8,1000.86,monte_carlo_run_1566_seed_1608.log
1567,32,1,1,1,1,1,1609,3101,0.28,4.93,True,Incontro Flotta Deep-Space,942.38,9.87,Biosfera Primitiva,57,0,58,14.86,6,6,1,1,0,5,5,5,0,4,4,0,8526.95,10,1.302,1.231,-0.0702,False,52,0,3,7,1000.25,monte_carlo_run_1567_seed_1609.log
1568,32,1,1,1,1,1,1610,3101,0.412,9.01,True,Incontro Flotta Deep-Space,259.74,6.75,Biosfera Primitiva,17,0,57,22.42,5,3,1,1,0,4,4,4,0,2,2,0,8515.06,11,1.6,1.418,-0.182,False,52,0,1,3,1002.71,monte_carlo_run_1568_seed_1610.log
1569,32,1,1,1,1,1,1611,3101,0.398,7.49,True,Contatto Planetario / Biofirme,17.42,6.94,Collaborativa,2,0,66,17.65,9,8,3,1,2,6,6,6,0,1,1,0,8506.68,9,1.215,0.896,-0.3194,False,57,0,0,1,1000.15,monte_carlo_run_1569_seed_1611.log
1570,32,1,1,1,1,1,1612,3101,0.371,5.65,False,Solitudine / Nessun Contatto,,,Nessuna,68,1,68,17.33,7,5,1,1,0,5,5,5,0,2,2,0,8524.07,8,1.054,0.859,-0.1946,False,61,0,1,3,1000.37,monte_carlo_run_1570_seed_1612.log
1571,32,1,1,1,1,1,1613,3101,0.35,8.05,True,Incontro Flotta Deep-Space,245.01,12.48,Ostile,40,0,182,15.15,12,9,2,2,0,9,2,2,0,2,2,0,8512.9,27,1.146,0.126,-1.0209,False,164,0,2,14,1000.09,monte_carlo_run_1571_seed_1613.log
1572,32,1,1,1,1,1,1614,3101,0.438,10.56,True,Incontro Flotta Deep-Space,0.02,10.05,Diffidente,2,0,172,29.57,10,8,1,1,0,8,3,3,0,3,2,1,8517.84,28,1.588,1.447,-0.1418,False,160,0,12,19,1001.06,monte_carlo_run_1572_seed_1614.log
1573,32,1,1,1,1,1,1615,3101,0.277,5.73,False,Solitudine / Nessun Contatto,,,Nessuna,34,0,34,17.02,2,1,1,1,0,1,1,1,0,0,0,0,8501.32,5,1.587,0.969,-0.6181,False,32,0,0,0,1001.23,monte_carlo_run_1573_seed_1615.log
1574,32,1,1,1,1,1,1616,3101,0.363,6.32,True,Contatto Planetario / Biofirme,145.98,7.69,Diffidente,8,0,45,19.54,3,3,2,1,1,1,1,1,0,1,1,0,8509.71,4,1.347,0.23,-1.1161,False,42,0,0,1,1001.69,monte_carlo_run_1574_seed_1616.log
1575,32,1,1,1,1,1,1617,3101,0.385,9.27,True,Contatto Planetario / Biofirme,712.99,13.14,Diffidente,58,2,119,22.06,15,10,2,1,0,11,11,11,0,5,5,0,8546.05,16,1.149,1.223,0.0742,True,100,0,2,6,1000.24,monte_carlo_run_1575_seed_1617.log
1576,32,1,1,1,1,1,1618,3101,0.218,5.4,False,Solitudine / Nessun Contatto,,,Nessuna,56,0,56,15.16,5,5,1,1,0,4,4,4,0,2,2,0,8521.94,7,1.101,0.823,-0.2786,False,51,0,1,3,1000.16,monte_carlo_run_1576_seed_1618.log
1577,32,1,1,1,1,1,1619,3101,0.509,6.38,True,Contatto Planetario / Biofirme,158.85,7.88,Collaborativa,19,0,105,14.99,11,10,2,1,1,9,7,7,0,4,4,0,8528.81,16,0.832,0.902,0.0697,True,92,0,4,12,1002.3,monte_carlo_run_1577_seed_1619.log
1578,32,1,1,1,1,1,1620,3101,0.448,10.4,True,Incontro Flotta Deep-Space,292.6,10.11,Biosfera Primitiva,20,0,88,23.09,9,7,1,1,0,8,8,8,0,6,5,1,8530.61,18,1.207,1.527,0.3204,True,78,0,10,16,1001.28,monte_carlo_run_1578_seed_1620.log
1579,32,1,1,1,1,1,1621,3101,0.467,7.69,True,Incontro Flotta Deep-Space,691.27,11.45,Collaborativa,84,0,122,23.0,12,9,1,1,0,11,11,11,0,5,5,0,8535.69,15,1.383,1.413,0.0302,True,108,0,7,11,1001.29,monte_carlo_run_1579_seed_1621.log
1580,32,1,1,1,1,1,1622,3101,0.411,5.97,True,Contatto Planetario / Biofirme,919.98,26.84,Predatoria,48,0,50,30.08,7,7,3,2,1,4,4,4,0,3,3,0,8512.3,9,1.417,1.214,-0.2029,False,43,0,2,4,1000.94,monte_carlo_run_1580_seed_1622.log
1581,32,1,1,1,1,1,1623,3101,0.33,6.9,False,Solitudine / Nessun Contatto,,,Nessuna,77,0,77,18.35,5,4,1,1,0,3,0,0,0,0,0,0,8500.0,14,1.565,1.565,0.0,False,68,0,0,5,1000.86,monte_carlo_run_1581_seed_1623.log
1582,32,1,1,1,1,1,1624,3101,0.394,5.96,True,Contatto Planetario / Biofirme,414.04,15.6,Ostile,51,1,140,21.91,14,12,4,1,2,9,3,3,0,0,0,0,8501.46,25,1.6,1.056,-0.5442,False,125,0,8,15,1000.07,monte_carlo_run_1582_seed_1624.log
1583,32,1,1,1,1,1,1625,3101,0.55,8.69,True,Incontro Flotta Deep-Space,716.85,0.0,Cauta,98,0,153,23.89,10,9,1,1,0,8,3,3,0,1,1,0,8511.07,20,1.498,0.963,-0.5346,False,141,0,1,4,1000.62,monte_carlo_run_1583_seed_1625.log
1584,32,1,1,1,1,1,1626,3101,0.37,4.91,False,Solitudine / Nessun Contatto,,,Nessuna,42,0,42,20.48,2,2,1,1,0,1,1,1,0,1,1,0,8503.93,5,1.523,1.01,-0.5129,False,39,0,0,1,1000.31,monte_carlo_run_1584_seed_1626.log
1585,32,1,1,1,1,1,1627,3101,0.527,8.76,True,Incontro Flotta Deep-Space,276.26,8.03,Biosfera Primitiva,17,0,72,24.13,8,8,4,1,3,4,4,4,0,2,2,0,8521.23,9,1.244,1.376,0.1316,True,64,0,1,3,1002.51,monte_carlo_run_1585_seed_1627.log
1586,32,1,1,1,1,1,1628,3101,0.417,6.9,True,Contatto Planetario / Biofirme,11.81,4.93,Diffidente,2,0,68,13.82,8,6,2,1,1,5,5,5,0,2,2,0,8512.82,9,1.6,1.288,-0.3117,False,58,0,0,1,1000.62,monte_carlo_run_1586_seed_1628.log
1587,32,1,1,1,1,1,1629,3101,0.378,4.58,False,Solitudine / Nessun Contatto,,,Nessuna,69,0,69,29.72,5,2,1,0,1,3,2,2,0,1,1,0,8510.86,8,0.988,0.803,-0.1856,False,61,0,0,3,1002.95,monte_carlo_run_1587_seed_1629.log
1588,32,1,1,1,1,1,1630,3101,0.317,4.24,False,Solitudine / Nessun Contatto,,,Nessuna,23,0,23,16.67,4,3,1,0,1,3,3,3,0,3,3,0,8520.1,8,0.771,1.405,0.6346,True,16,0,3,6,1000.52,monte_carlo_run_1588_seed_1630.log
1589,32,1,1,1,1,1,1631,3101,0.585,14.29,True,Incontro Flotta Deep-Space,748.9,9.04,Biosfera Primitiva,134,1,209,35.31,15,12,1,1,0,13,13,13,0,12,10,2,8590.8,35,1.568,1.6,0.032,True,192,0,25,32,1000.13,monte_carlo_run_1589_seed_1631.log
1590,32,1,1,1,1,1,1632,3101,0.334,8.22,True,Incontro Flotta Deep-Space,941.49,0.0,Biosfera Primitiva,107,0,122,13.79,13,12,4,1,2,9,5,5,0,3,3,0,8514.7,24,1.285,1.438,0.1527,True,106,0,8,24,1000.0,monte_carlo_run_1590_seed_1632.log
1591,32,1,1,1,1,1,1633,3101,0.259,5.81,False,Solitudine / Nessun Contatto,,,Nessuna,101,0,101,14.57,12,6,3,1,1,7,2,2,0,1,1,0,8505.04,18,1.31,0.764,-0.5467,False,88,0,1,8,1000.78,monte_carlo_run_1591_seed_1633.log
1592,32,1,1,1,1,1,1634,3101,0.353,5.43,False,Solitudine / Nessun Contatto,,,Nessuna,45,0,45,20.9,2,2,1,1,0,1,1,1,0,1,1,0,8503.42,5,1.248,0.509,-0.739,False,43,0,0,1,1000.55,monte_carlo_run_1592_seed_1634.log
1593,32,1,1,1,1,1,1635,3101,0.498,11.91,True,Incontro Flotta Deep-Space,108.89,13.78,Diffidente,22,0,160,25.24,15,13,4,1,3,9,6,6,0,5,5,0,8540.4,29,1.411,1.561,0.1504,True,143,0,11,22,1000.65,monte_carlo_run_1593_seed_1635.log
1594,32,1,1,1,1,1,1636,3101,0.511,6.63,True,Incontro Flotta Deep-Space,301.59,7.15,Biosfera Primitiva,12,0,48,28.07,9,8,1,1,0,8,8,8,0,4,3,1,8521.71,12,1.594,1.341,-0.2533,False,37,0,2,4,1004.26,monte_carlo_run_1594_seed_1636.log
1595,32,1,1,1,1,1,1637,3101,0.367,8.71,True,Contatto Planetario / Biofirme,662.76,19.49,Diffidente,50,0,86,23.17,9,7,2,1,1,7,7,7,0,5,5,0,8538.7,13,1.239,1.234,-0.0045,False,77,0,1,4,1000.83,monte_carlo_run_1595_seed_1637.log
1596,32,1,1,1,1,1,1638,3101,0.527,11.86,True,Incontro Flotta Deep-Space,578.48,8.22,Collaborativa,51,2,92,33.59,14,7,1,1,0,11,11,11,0,7,4,3,8551.96,23,1.4,1.542,0.1427,True,78,0,14,19,1001.67,monte_carlo_run_1596_seed_1638.log
1597,32,1,1,1,1,1,1639,3101,0.558,6.82,False,Solitudine / Nessun Contatto,,,Nessuna,76,0,76,20.97,6,6,1,1,0,5,5,5,0,2,2,0,8513.24,9,1.202,0.894,-0.3081,False,70,0,0,2,1001.13,monte_carlo_run_1597_seed_1639.log
1598,32,1,1,1,1,1,1640,3101,0.473,10.94,True,Contatto Planetario / Biofirme,305.23,17.56,Collaborativa,32,0,95,25.37,9,6,2,1,1,7,7,7,0,4,4,0,8523.95,13,1.6,1.357,-0.2426,False,85,0,2,4,1000.88,monte_carlo_run_1598_seed_1640.log
1599,32,1,1,1,1,1,1641,3101,0.298,3.73,False,Solitudine / Nessun Contatto,,,Nessuna,29,1,29,22.68,5,3,1,1,0,2,2,2,0,2,2,0,8511.19,10,1.034,0.792,-0.2417,False,20,0,2,5,1001.08,monte_carlo_run_1599_seed_1641.log
1600,32,1,1,1,1,1,1642,3101,0.459,10.98,True,Contatto Planetario / Biofirme,227.24,11.5,Diffidente,13,0,46,14.25,3,3,2,1,1,1,1,1,0,1,1,0,8514.08,5,1.231,0.625,-0.6062,False,42,0,0,1,1000.55,monte_carlo_run_1600_seed_1642.log
1601,33,0,0,0,0,0,1643,3101,0.178,3.86,False,Solitudine / Nessun Contatto,,,Nessuna,7,0,7,4.42,2,2,2,2,0,0,0,0,0,0,0,0,8500.0,3,1.188,1.188,0.0,False,3,0,1,1,441.48,monte_carlo_run_1601_seed_1643.log
1602,33,0,0,0,0,0,1644,3101,0.133,3.31,False,Solitudine / Nessun Contatto,,,Nessuna,26,0,26,5.13,7,7,3,3,0,4,1,1,0,0,0,0,8500.56,20,1.472,0.843,-0.6282,False,13,0,3,5,1002.12,monte_carlo_run_1602_seed_1644.log
1603,33,0,0,0,0,0,1645,3101,0.267,3.35,False,Solitudine / Nessun Contatto,,,Nessuna,7,0,7,6.37,3,3,2,2,0,1,1,1,0,0,0,0,8500.7,5,1.131,0.893,-0.2384,False,2,0,1,1,347.88,monte_carlo_run_1603_seed_1645.log
1604,33,0,0,0,0,0,1646,3101,0.268,6.06,False,Solitudine / Nessun Contatto,,,Nessuna,37,0,37,10.12,5,5,1,1,0,4,4,4,0,1,1,0,8507.59,7,1.335,0.873,-0.4612,False,32,0,0,1,1000.96,monte_carlo_run_1604_seed_1646.log
1605,33,0,0,0,0,0,1647,3101,0.335,5.47,False,Solitudine / Nessun Contatto,,,Nessuna,52,0,52,15.73,8,5,1,1,0,6,6,6,0,4,4,0,8525.9,8,1.067,1.178,0.1106,True,44,0,2,9,1000.16,monte_carlo_run_1605_seed_1647.log
1606,33,0,0,0,0,0,1648,3101,0.215,4.86,False,Solitudine / Nessun Contatto,,,Nessuna,55,0,55,15.03,8,7,2,1,1,6,6,6,0,2,2,0,8523.1,11,1.179,1.292,0.1128,True,46,0,1,3,1003.48,monte_carlo_run_1606_seed_1648.log
1607,33,0,0,0,0,0,1649,3101,0.13,2.58,False,Solitudine / Nessun Contatto,,,Nessuna,1,0,1,0.0,1,1,1,1,0,0,0,0,0,0,0,0,8500.0,2,1.0,1.0,0.0,False,0,0,0,0,0.02,monte_carlo_run_1607_seed_1649.log
1608,33,0,0,0,0,0,1650,3101,0.311,7.72,True,Contatto Planetario / Biofirme,382.55,12.75,Ostile,15,0,84,21.99,12,8,2,2,0,10,10,10,0,5,5,0,8536.15,12,1.066,1.198,0.1324,True,71,0,3,10,1001.57,monte_carlo_run_1608_seed_1650.log
1609,33,0,0,0,0,0,1651,3101,0.244,4.16,False,Solitudine / Nessun Contatto,,,Nessuna,2,0,2,1.9,1,1,1,1,0,0,0,0,0,0,0,0,8500.0,2,1.001,1.001,0.0,False,0,0,0,0,33.99,monte_carlo_run_1609_seed_1651.log
1610,33,0,0,0,0,0,1652,3101,0.123,2.72,False,Solitudine / Nessun Contatto,,,Nessuna,2,0,2,0.0,2,2,2,2,0,0,0,0,0,0,0,0,8500.0,5,1.0,1.0,0.0,False,0,0,0,1,0.04,monte_carlo_run_1610_seed_1652.log
1611,33,0,0,0,0,0,1653,3101,0.279,6.2,True,Contatto Planetario / Biofirme,195.77,11.57,Collaborativa,8,0,61,15.22,10,8,4,2,1,6,4,4,0,2,2,0,8519.76,9,1.127,0.97,-0.1565,False,50,0,2,9,1001.41,monte_carlo_run_1611_seed_1653.log
1612,33,0,0,0,0,0,1654,3101,0.21,4.39,False,Solitudine / Nessun Contatto,,,Nessuna,50,0,50,17.59,8,7,2,1,1,6,6,6,0,3,3,0,8529.2,7,1.101,1.105,0.0037,True,37,0,0,6,1000.85,monte_carlo_run_1612_seed_1654.log
1613,33,0,0,0,0,0,1655,3101,0.245,5.8,False,Solitudine / Nessun Contatto,,,Nessuna,33,1,33,10.48,2,1,1,1,0,0,0,0,0,0,0,0,8500.0,4,1.594,1.594,0.0,False,31,0,0,0,1001.51,monte_carlo_run_1613_seed_1655.log
1614,33,0,0,0,0,0,1656,3101,0.133,1.63,False,Solitudine / Nessun Contatto,,,Nessuna,1,0,1,0.0,2,2,2,1,1,0,0,0,0,0,0,0,8500.0,2,1.0,1.0,0.0,False,0,0,1,1,0.02,monte_carlo_run_1614_seed_1656.log
1615,33,0,0,0,0,0,1657,3101,0.284,4.56,True,Incontro Flotta Deep-Space,881.65,11.76,Biosfera Primitiva,26,0,27,14.91,4,2,1,1,0,3,3,3,0,1,1,0,8506.19,8,1.097,0.858,-0.2386,False,23,0,0,1,1000.45,monte_carlo_run_1615_seed_1657.log
1616,33,0,0,0,0,0,1658,3101,0.125,1.61,False,Solitudine / Nessun Contatto,,,Nessuna,1,0,1,0.0,1,1,1,1,0,0,0,0,0,0,0,0,8500.0,2,1.0,1.0,0.0,False,0,0,0,0,0.02,monte_carlo_run_1616_seed_1658.log
1617,33,0,0,0,0,0,1659,3101,0.294,5.3,True,Incontro Flotta Deep-Space,782.47,5.33,Biosfera Primitiva,35,0,43,13.77,4,3,1,1,0,3,3,3,0,3,2,1,8518.7,8,1.227,1.32,0.093,True,38,0,3,6,1001.0,monte_carlo_run_1617_seed_1659.log
1618,33,0,0,0,0,0,1660,3101,0.252,4.69,False,Solitudine / Nessun Contatto,,,Nessuna,35,0,35,24.43,3,3,1,1,0,2,2,2,0,1,1,0,8503.74,4,1.099,0.891,-0.2082,False,32,0,0,1,1004.47,monte_carlo_run_1618_seed_1660.log
1619,33,0,0,0,0,0,1661,3101,0.161,2.91,False,Solitudine / Nessun Contatto,,,Nessuna,4,0,4,4.56,3,3,3,0,3,0,0,0,0,0,0,0,8500.0,1,0.748,0.748,0.0,False,3,0,1,3,244.82,monte_carlo_run_1619_seed_1661.log
1620,33,0,0,0,0,0,1662,3101,0.262,5.6,False,Solitudine / Nessun Contatto,,,Nessuna,36,0,36,25.52,4,2,1,1,0,3,3,3,0,0,0,0,8504.16,7,1.576,0.861,-0.7156,False,32,0,0,0,1006.46,monte_carlo_run_1620_seed_1662.log
1621,33,0,0,0,0,0,1663,3101,0.341,4.71,False,Solitudine / Nessun Contatto,,,Nessuna,135,0,135,17.66,15,13,2,1,1,12,5,5,0,2,2,0,8516.93,23,1.001,0.898,-0.103,False,116,0,7,16,1000.99,monte_carlo_run_1621_seed_1663.log
1622,33,0,0,0,0,0,1664,3101,0.251,3.12,False,Solitudine / Nessun Contatto,,,Nessuna,11,0,11,1.39,3,3,3,3,0,0,0,0,0,0,0,0,8500.0,9,1.24,1.24,0.0,False,7,0,2,2,484.53,monte_carlo_run_1622_seed_1664.log
1623,33,0,0,0,0,0,1665,3101,0.18,3.12,False,Solitudine / Nessun Contatto,,,Nessuna,5,0,5,3.61,2,2,2,2,0,0,0,0,0,0,0,0,8500.0,5,1.032,1.032,0.0,False,1,0,1,1,92.19,monte_carlo_run_1623_seed_1665.log
1624,33,0,0,0,0,0,1666,3101,0.276,4.77,False,Solitudine / Nessun Contatto,,,Nessuna,67,0,67,20.12,6,2,1,1,0,5,5,5,0,2,2,0,8514.03,10,1.6,1.32,-0.2804,False,59,0,0,1,1000.09,monte_carlo_run_1624_seed_1666.log
1625,33,0,0,0,0,0,1667,3101,0.132,2.03,False,Solitudine / Nessun Contatto,,,Nessuna,1,0,1,0.0,1,1,1,1,0,0,0,0,0,0,0,0,8500.0,2,1.0,1.0,0.0,False,0,0,0,0,0.02,monte_carlo_run_1625_seed_1667.log
1626,33,0,0,0,0,0,1668,3101,0.286,4.67,False,Solitudine / Nessun Contatto,,,Nessuna,51,0,51,16.72,7,6,2,1,1,5,5,5,0,1,1,0,8510.32,8,1.6,1.151,-0.4491,False,44,0,0,1,1000.48,monte_carlo_run_1626_seed_1668.log
1627,33,0,0,0,0,0,1669,3101,0.232,2.96,False,Solitudine / Nessun Contatto,,,Nessuna,2,0,2,2.12,1,1,1,1,0,0,0,0,0,0,0,0,8500.0,2,1.001,1.001,0.0,False,0,0,0,0,38.33,monte_carlo_run_1627_seed_1669.log
1628,33,0,0,0,0,0,1670,3101,0.131,1.8,False,Solitudine / Nessun Contatto,,,Nessuna,1,0,1,0.0,1,1,1,1,0,0,0,0,0,0,0,0,8500.0,2,1.0,1.0,0.0,False,0,0,0,0,0.02,monte_carlo_run_1628_seed_1670.log
1629,33,0,0,0,0,0,1671,3101,0.347,5.69,True,Incontro Flotta Deep-Space,301.69,0.0,Diffidente,40,0,143,18.86,19,13,3,3,0,16,5,5,0,3,3,0,8525.53,24,1.083,1.204,0.1213,True,120,0,7,14,1001.5,monte_carlo_run_1629_seed_1671.log
1630,33,0,0,0,0,0,1672,3101,0.284,4.62,False,Solitudine / Nessun Contatto,,,Nessuna,66,0,66,20.45,9,8,3,1,2,6,3,3,0,3,3,0,8519.58,13,0.821,1.298,0.4765,True,54,0,6,11,1000.25,monte_carlo_run_1630_seed_1672.log
1631,33,0,0,0,0,0,1673,3101,0.272,3.46,False,Solitudine / Nessun Contatto,,,Nessuna,2,0,2,3.09,2,1,1,1,0,0,0,0,0,0,0,0,8500.0,2,1.002,1.002,0.0,False,0,0,0,1,53.93,monte_carlo_run_1631_seed_1673.log
1632,33,0,0,0,0,0,1674,3101,0.29,4.69,False,Solitudine / Nessun Contatto,,,Nessuna,27,0,27,18.89,4,4,1,0,1,3,3,3,0,2,2,0,8511.09,4,0.878,1.175,0.2966,True,21,0,1,3,1000.51,monte_carlo_run_1632_seed_1674.log
1633,33,0,0,0,0,0,1675,3101,0.333,6.45,True,Incontro Flotta Deep-Space,824.31,22.42,Biosfera Primitiva,78,0,97,24.56,13,10,1,1,0,12,12,12,0,10,7,3,8554.38,22,1.308,1.458,0.1504,True,83,0,19,27,1003.47,monte_carlo_run_1633_seed_1675.log
1634,33,0,0,0,0,0,1676,3101,0.231,3.4,False,Solitudine / Nessun Contatto,,,Nessuna,8,0,8,9.43,2,2,2,1,0,0,0,0,0,0,0,0,8500.0,2,1.108,1.108,0.0,False,5,0,0,0,390.05,monte_carlo_run_1634_seed_1676.log
1635,33,0,0,0,0,0,1677,3101,0.222,3.79,False,Solitudine / Nessun Contatto,,,Nessuna,43,0,43,27.08,2,2,1,1,0,1,1,1,0,1,1,0,8505.77,5,1.6,1.143,-0.4573,False,39,0,0,1,1003.27,monte_carlo_run_1635_seed_1677.log
1636,33,0,0,0,0,0,1678,3101,0.218,3.28,False,Solitudine / Nessun Contatto,,,Nessuna,3,0,3,3.57,1,1,1,1,0,0,0,0,0,0,0,0,8500.0,2,1.007,1.007,0.0,False,1,0,0,0,82.12,monte_carlo_run_1636_seed_1678.log
1637,33,0,0,0,0,0,1679,3101,0.224,3.58,False,Solitudine / Nessun Contatto,,,Nessuna,40,0,40,4.34,6,4,2,1,1,3,1,1,0,0,0,0,8500.83,12,0.888,0.829,-0.0592,False,31,0,3,7,1004.21,monte_carlo_run_1637_seed_1679.log
1638,33,0,0,0,0,0,1680,3101,0.271,5.57,False,Solitudine / Nessun Contatto,,,Nessuna,72,0,72,10.88,10,7,2,2,0,7,2,2,0,0,0,0,8501.7,15,1.593,0.77,-0.8226,False,61,0,1,1,1000.01,monte_carlo_run_1638_seed_1680.log
1639,33,0,0,0,0,0,1681,3101,0.176,4.32,True,Incontro Flotta Deep-Space,349.2,8.51,Biosfera Primitiva,13,0,31,11.74,7,5,1,0,1,6,6,6,0,5,4,1,8533.32,13,0.872,1.492,0.62,True,22,0,10,15,1001.64,monte_carlo_run_1639_seed_1681.log
1640,33,0,0,0,0,0,1682,3101,0.185,2.9,False,Solitudine / Nessun Contatto,,,Nessuna,4,0,4,2.54,2,2,2,2,0,0,0,0,0,0,0,0,8500.0,4,1.033,1.033,0.0,False,0,0,1,1,109.4,monte_carlo_run_1640_seed_1682.log
1641,33,0,0,0,0,0,1683,3101,0.17,3.52,False,Solitudine / Nessun Contatto,,,Nessuna,29,0,29,10.47,3,1,1,1,0,0,0,0,0,0,0,0,8500.0,7,1.592,1.592,0.0,False,18,0,3,3,1000.24,monte_carlo_run_1641_seed_1683.log
1642,33,0,0,0,0,0,1684,3101,0.159,3.38,False,Solitudine / Nessun Contatto,,,Nessuna,19,0,19,0.0,4,4,3,3,0,1,0,0,0,0,0,0,8500.0,13,1.414,1.414,0.0,False,12,0,3,6,1003.13,monte_carlo_run_1642_seed_1684.log
1643,33,0,0,0,0,0,1685,3101,0.258,4.86,False,Solitudine / Nessun Contatto,,,Nessuna,30,0,30,14.65,3,2,1,1,0,2,2,2,0,2,2,0,8517.17,5,1.029,1.086,0.0567,True,27,0,1,3,1001.7,monte_carlo_run_1643_seed_1685.log
1644,33,0,0,0,0,0,1686,3101,0.3,5.88,False,Solitudine / Nessun Contatto,,,Nessuna,72,0,72,13.66,10,9,1,1,0,9,9,9,0,3,3,0,8529.68,13,1.265,1.248,-0.0169,False,58,0,0,4,1000.54,monte_carlo_run_1644_seed_1686.log
1645,33,0,0,0,0,0,1687,3101,0.254,4.1,True,Incontro Flotta Deep-Space,667.86,4.14,Biosfera Primitiva,36,0,44,10.9,8,6,2,1,1,6,6,6,0,4,3,1,8530.32,12,1.128,1.411,0.2822,True,33,0,6,10,1000.1,monte_carlo_run_1645_seed_1687.log
1646,33,0,0,0,0,0,1688,3101,0.252,5.25,True,Contatto Planetario / Biofirme,71.85,9.39,Ostile,4,0,25,15.88,4,4,3,0,1,1,1,1,0,1,1,0,8504.81,2,0.43,0.883,0.4525,True,21,0,0,6,1000.38,monte_carlo_run_1646_seed_1688.log
1647,33,0,0,0,0,0,1689,3101,0.298,5.39,True,Incontro Flotta Deep-Space,734.25,14.18,Biosfera Primitiva,50,0,77,14.18,12,10,1,1,0,11,11,11,0,8,6,2,8553.49,20,1.169,1.399,0.2302,True,64,0,14,25,1000.86,monte_carlo_run_1647_seed_1689.log
1648,33,0,0,0,0,0,1690,3101,0.262,3.22,False,Solitudine / Nessun Contatto,,,Nessuna,1,0,1,0.0,1,1,1,1,0,0,0,0,0,0,0,0,8500.0,2,1.0,1.0,0.0,False,0,0,0,0,0.02,monte_carlo_run_1648_seed_1690.log
1649,33,0,0,0,0,0,1691,3101,0.248,3.93,False,Solitudine / Nessun Contatto,,,Nessuna,33,0,33,13.91,4,4,3,2,1,1,1,1,0,1,1,0,8517.07,6,1.123,0.101,-1.0227,False,25,0,2,4,1000.32,monte_carlo_run_1649_seed_1691.log
1650,33,0,0,0,0,0,1692,3101,0.293,4.36,True,Incontro Flotta Deep-Space,497.5,10.36,Cauta,59,0,70,15.33,4,4,3,3,0,1,1,1,0,1,1,0,8504.33,13,1.412,0.102,-1.3103,False,64,0,2,5,1001.14,monte_carlo_run_1650_seed_1692.log
1651,34,0,0,0,0,0,1693,3101,0.138,2.84,False,Solitudine / Nessun Contatto,,,Nessuna,3,0,3,4.31,2,2,1,1,0,1,1,1,0,0,0,0,8502.14,3,1.004,0.874,-0.1307,False,0,0,0,0,181.38,monte_carlo_run_1651_seed_1693.log
1652,34,0,0,0,0,0,1694,3101,0.34,5.43,False,Solitudine / Nessun Contatto,,,Nessuna,61,0,61,17.4,6,4,1,0,1,4,4,4,0,2,2,0,8515.53,9,0.914,0.883,-0.0311,False,54,0,1,3,1002.46,monte_carlo_run_1652_seed_1694.log
1653,34,0,0,0,0,0,1695,3101,0.174,2.14,False,Solitudine / Nessun Contatto,,,Nessuna,3,0,3,0.0,3,3,3,2,1,0,0,0,0,0,0,0,8500.0,4,1.006,1.006,0.0,False,0,0,3,3,10.84,monte_carlo_run_1653_seed_1695.log
1654,34,0,0,0,0,0,1696,3101,0.216,2.59,False,Solitudine / Nessun Contatto,,,Nessuna,1,0,1,0.0,1,1,1,1,0,0,0,0,0,0,0,0,8500.0,2,1.0,1.0,0.0,False,0,0,0,0,0.02,monte_carlo_run_1654_seed_1696.log
1655,34,0,0,0,0,0,1697,3101,0.18,3.12,False,Solitudine / Nessun Contatto,,,Nessuna,1,0,1,0.0,2,2,2,1,1,0,0,0,0,0,0,0,8500.0,2,1.0,1.0,0.0,False,0,0,0,1,0.02,monte_carlo_run_1655_seed_1697.log
1656,34,0,0,0,0,0,1698,3101,0.129,2.56,False,Solitudine / Nessun Contatto,,,Nessuna,1,0,1,0.0,1,1,1,1,0,0,0,0,0,0,0,0,8500.0,2,1.0,1.0,0.0,False,0,0,0,0,0.02,monte_carlo_run_1656_seed_1698.log
1657,34,0,0,0,0,0,1699,3101,0.322,7.35,True,Contatto Planetario / Biofirme,9.72,3.13,Diffidente,2,0,56,13.63,7,6,2,2,0,5,5,5,0,2,2,0,8521.33,9,1.209,1.175,-0.0341,False,49,0,0,3,1002.88,monte_carlo_run_1657_seed_1699.log
1658,34,0,0,0,0,0,1700,3101,0.274,4.64,True,Contatto Planetario / Biofirme,13.39,3.67,Cauta,2,0,42,21.16,7,5,3,2,1,4,4,4,0,3,3,0,8523.43,8,1.043,1.332,0.2889,True,35,0,1,6,1001.46,monte_carlo_run_1658_seed_1700.log
1659,34,0,0,0,0,0,1701,3101,0.262,6.24,True,Incontro Flotta Deep-Space,220.68,4.75,Collaborativa,12,0,49,15.87,7,4,2,1,0,5,5,5,0,2,2,0,8511.62,10,1.114,1.26,0.1457,True,40,0,0,3,1000.08,monte_carlo_run_1659_seed_1701.log
1660,34,0,0,0,0,0,1702,3101,0.193,3.52,False,Solitudine / Nessun Contatto,,,Nessuna,20,0,20,11.07,2,2,2,2,0,0,0,0,0,0,0,0,8500.0,6,1.462,1.462,0.0,False,14,0,0,1,1001.44,monte_carlo_run_1660_seed_1702.log
1661,34,0,0,0,0,0,1703,3101,0.232,4.21,False,Solitudine / Nessun Contatto,,,Nessuna,27,0,27,22.17,2,2,1,1,0,1,1,1,0,1,1,0,8506.04,5,1.563,1.156,-0.4074,False,23,0,0,0,1000.24,monte_carlo_run_1661_seed_1703.log
1662,34,0,0,0,0,0,1704,3101,0.172,3.69,False,Solitudine / Nessun Contatto,,,Nessuna,5,0,5,8.95,1,1,1,1,0,0,0,0,0,0,0,0,8500.0,2,1.082,1.082,0.0,False,4,0,0,0,357.69,monte_carlo_run_1662_seed_1704.log
1663,34,0,0,0,0,0,1705,3101,0.202,4.71,False,Solitudine / Nessun Contatto,,,Nessuna,26,0,26,14.99,2,1,1,1,0,1,1,1,0,0,0,0,8500.96,5,1.547,0.897,-0.6501,False,23,0,0,0,1003.26,monte_carlo_run_1663_seed_1705.log
1664,34,0,0,0,0,0,1706,3101,0.128,2.9,False,Solitudine / Nessun Contatto,,,Nessuna,5,0,5,4.74,1,1,1,1,0,0,0,0,0,0,0,0,8500.0,2,1.075,1.075,0.0,False,4,0,0,0,332.18,monte_carlo_run_1664_seed_1706.log
1665,34,0,0,0,0,0,1707,3101,0.313,5.2,False,Solitudine / Nessun Contatto,,,Nessuna,42,0,42,30.63,4,4,1,1,0,3,3,3,0,1,1,0,8508.73,8,1.538,1.223,-0.3143,False,34,0,0,0,1000.27,monte_carlo_run_1665_seed_1707.log
1666,34,0,0,0,0,0,1708,3101,0.293,5.94,False,Solitudine / Nessun Contatto,,,Nessuna,38,0,38,13.08,3,3,1,1,0,2,2,2,0,0,0,0,8501.82,6,1.592,0.895,-0.6973,False,35,0,0,0,1001.79,monte_carlo_run_1666_seed_1708.log
1667,34,0,0,0,0,0,1709,3101,0.256,5.06,False,Solitudine / Nessun Contatto,,,Nessuna,27,0,27,13.87,4,4,1,0,1,3,3,3,0,2,2,0,8515.26,5,0.998,1.156,0.1584,True,21,0,1,3,1000.21,monte_carlo_run_1667_seed_1709.log
1668,34,0,0,0,0,0,1710,3101,0.269,3.72,False,Solitudine / Nessun Contatto,,,Nessuna,21,0,21,7.06,3,2,1,1,0,1,1,1,0,0,0,0,8500.86,8,1.555,0.797,-0.7578,False,17,0,1,1,1003.96,monte_carlo_run_1668_seed_1710.log
1669,34,0,0,0,0,0,1711,3101,0.323,5.06,True,Incontro Flotta Deep-Space,533.23,8.2,Biosfera Primitiva,39,0,75,13.59,14,11,1,0,1,13,13,13,0,10,8,2,8577.61,28,0.938,1.6,0.6625,True,60,0,41,53,1000.09,monte_carlo_run_1669_seed_1711.log
1670,34,0,0,0,0,0,1712,3101,0.199,2.4,False,Solitudine / Nessun Contatto,,,Nessuna,1,0,1,0.0,1,1,1,1,0,0,0,0,0,0,0,0,8500.0,2,1.0,1.0,0.0,False,0,0,0,0,0.02,monte_carlo_run_1670_seed_1712.log
1671,34,0,0,0,0,0,1713,3101,0.164,3.88,False,Solitudine / Nessun Contatto,,,Nessuna,6,0,6,3.57,3,3,2,2,0,1,0,0,0,0,0,0,8500.0,5,1.027,1.027,0.0,False,3,0,0,1,202.52,monte_carlo_run_1671_seed_1713.log
1672,34,0,0,0,0,0,1714,3101,0.183,4.52,True,Incontro Flotta Deep-Space,63.05,0.0,Ostile,8,0,82,10.54,11,9,1,1,0,9,9,9,0,4,4,0,8529.49,16,1.089,1.248,0.1592,True,69,0,5,13,1000.47,monte_carlo_run_1672_seed_1714.log
1673,34,0,0,0,0,0,1715,3101,0.247,6.17,True,Contatto Planetario / Biofirme,483.36,11.66,Cauta,40,0,87,13.9,13,9,5,2,2,8,1,1,0,0,0,0,8500.93,22,1.119,0.783,-0.3364,False,74,0,10,17,1001.74,monte_carlo_run_1673_seed_1715.log
1674,34,0,0,0,0,0,1716,3101,0.148,2.88,False,Solitudine / Nessun Contatto,,,Nessuna,1,0,1,0.0,1,1,1,1,0,0,0,0,0,0,0,0,8500.0,2,1.0,1.0,0.0,False,0,0,0,0,0.02,monte_carlo_run_1674_seed_1716.log
1675,34,0,0,0,0,0,1717,3101,0.3,4.18,False,Solitudine / Nessun Contatto,,,Nessuna,32,0,32,17.88,5,3,1,1,0,3,3,3,0,3,3,0,8515.5,6,1.093,1.333,0.2397,True,27,0,3,7,1005.44,monte_carlo_run_1675_seed_1717.log
1676,34,0,0,0,0,0,1718,3101,0.326,8.02,True,Contatto Planetario / Biofirme,646.13,11.24,Diffidente,32,1,59,16.19,9,6,3,2,1,5,5,5,0,2,2,0,8511.59,7,1.143,0.76,-0.383,False,50,0,0,2,1000.93,monte_carlo_run_1676_seed_1718.log
1677,34,0,0,0,0,0,1719,3101,0.178,4.21,True,Incontro Flotta Deep-Space,538.54,9.47,Collaborativa,22,0,45,13.06,5,4,1,1,0,4,4,4,0,2,2,0,8514.35,9,1.579,1.266,-0.3126,False,37,0,1,3,1001.46,monte_carlo_run_1677_seed_1719.log
1678,34,0,0,0,0,0,1720,3101,0.184,2.28,False,Solitudine / Nessun Contatto,,,Nessuna,1,0,1,0.0,1,1,1,1,0,0,0,0,0,0,0,0,8500.0,2,1.0,1.0,0.0,False,0,0,0,0,0.02,monte_carlo_run_1678_seed_1720.log
1679,34,0,0,0,0,0,1721,3101,0.201,4.74,True,Incontro Flotta Deep-Space,805.39,7.89,Biosfera Primitiva,53,0,62,11.93,15,10,1,0,1,11,11,11,0,7,2,5,8556.23,24,0.926,1.591,0.6652,True,47,0,21,28,1000.89,monte_carlo_run_1679_seed_1721.log
1680,34,0,0,0,0,0,1722,3101,0.278,4.26,True,Incontro Flotta Deep-Space,100.21,7.73,Collaborativa,10,0,21,16.92,3,3,2,2,0,1,0,0,0,0,0,0,8500.0,9,1.514,1.514,0.0,False,17,0,1,1,1004.65,monte_carlo_run_1680_seed_1722.log
1681,34,0,0,0,0,0,1723,3101,0.229,3.35,False,Solitudine / Nessun Contatto,,,Nessuna,2,0,2,3.0,1,1,1,1,0,0,0,0,0,0,0,0,8500.0,2,1.001,1.001,0.0,False,0,0,0,0,54.52,monte_carlo_run_1681_seed_1723.log
1682,34,0,0,0,0,0,1724,3101,0.165,3.05,False,Solitudine / Nessun Contatto,,,Nessuna,4,0,4,4.34,1,1,1,1,0,0,0,0,0,0,0,0,8500.0,2,1.034,1.034,0.0,False,2,0,0,0,246.85,monte_carlo_run_1682_seed_1724.log
1683,34,0,0,0,0,0,1725,3101,0.278,6.43,False,Solitudine / Nessun Contatto,,,Nessuna,70,0,70,13.26,9,8,1,0,1,8,8,8,0,4,4,0,8536.83,13,0.778,1.275,0.4967,True,59,0,3,10,1000.74,monte_carlo_run_1683_seed_1725.log
1684,34,0,0,0,0,0,1726,3101,0.148,3.26,False,Solitudine / Nessun Contatto,,,Nessuna,1,0,1,0.0,1,1,1,1,0,0,0,0,0,0,0,0,8500.0,2,1.0,1.0,0.0,False,0,0,0,0,0.02,monte_carlo_run_1684_seed_1726.log
1685,34,0,0,0,0,0,1727,3101,0.31,6.33,True,Incontro Flotta Deep-Space,500.92,7.39,Cauta,75,0,146,11.76,21,15,2,0,2,18,13,13,0,5,5,0,8543.86,22,0.949,0.897,-0.052,False,124,0,5,15,1000.34,monte_carlo_run_1685_seed_1727.log
1686,34,0,0,0,0,0,1728,3101,0.197,3.56,False,Solitudine / Nessun Contatto,,,Nessuna,1,0,1,0.0,1,1,1,1,0,0,0,0,0,0,0,0,8500.0,2,1.0,1.0,0.0,False,0,0,0,0,0.02,monte_carlo_run_1686_seed_1728.log
1687,34,0,0,0,0,0,1729,3101,0.306,6.9,True,Incontro Flotta Deep-Space,892.42,6.34,Biosfera Primitiva,53,0,67,15.45,8,7,2,1,1,6,6,6,0,3,3,0,8528.31,9,1.328,1.303,-0.0243,False,57,0,3,6,1002.13,monte_carlo_run_1687_seed_1729.log
1688,34,0,0,0,0,0,1730,3101,0.192,3.18,False,Solitudine / Nessun Contatto,,,Nessuna,4,0,4,5.99,1,1,1,1,0,0,0,0,0,0,0,0,8500.0,2,1.022,1.022,0.0,False,2,0,0,0,167.78,monte_carlo_run_1688_seed_1730.log
1689,34,0,0,0,0,0,1731,3101,0.249,3.06,False,Solitudine / Nessun Contatto,,,Nessuna,10,0,10,8.32,1,1,1,1,0,0,0,0,0,0,0,0,8500.0,2,1.152,1.152,0.0,False,6,0,0,0,488.35,monte_carlo_run_1689_seed_1731.log
1690,34,0,0,0,0,0,1732,3101,0.209,3.35,False,Solitudine / Nessun Contatto,,,Nessuna,10,0,10,8.61,1,1,1,1,0,0,0,0,0,0,0,0,8500.0,3,1.365,1.365,0.0,False,8,0,0,0,1001.74,monte_carlo_run_1690_seed_1732.log
1691,34,0,0,0,0,0,1733,3101,0.268,4.32,True,Incontro Flotta Deep-Space,912.22,13.07,Biosfera Primitiva,49,0,54,18.98,8,8,1,1,0,7,7,7,0,4,2,2,8523.13,13,1.32,1.279,-0.0414,False,44,0,5,8,1000.61,monte_carlo_run_1691_seed_1733.log
1692,34,0,0,0,0,0,1734,3101,0.163,3.83,False,Solitudine / Nessun Contatto,,,Nessuna,51,0,51,16.15,7,6,2,1,1,4,4,4,0,3,3,0,8521.25,8,1.012,1.04,0.0281,True,40,0,2,7,1000.87,monte_carlo_run_1692_seed_1734.log
1693,34,0,0,0,0,0,1735,3101,0.218,5.1,False,Solitudine / Nessun Contatto,,,Nessuna,39,0,39,19.65,8,6,3,2,1,5,5,5,0,2,2,0,8521.14,8,1.143,1.066,-0.0779,False,30,0,0,2,1003.04,monte_carlo_run_1693_seed_1735.log
1694,34,0,0,0,0,0,1736,3101,0.212,3.63,False,Solitudine / Nessun Contatto,,,Nessuna,1,0,1,0.0,2,2,2,1,1,0,0,0,0,0,0,0,8500.0,2,1.0,1.0,0.0,False,0,0,0,1,0.02,monte_carlo_run_1694_seed_1736.log
1695,34,0,0,0,0,0,1737,3101,0.127,2.87,False,Solitudine / Nessun Contatto,,,Nessuna,1,0,1,0.0,1,1,1,1,0,0,0,0,0,0,0,0,8500.0,2,1.0,1.0,0.0,False,0,0,0,0,0.02,monte_carlo_run_1695_seed_1737.log
1696,34,0,0,0,0,0,1738,3101,0.163,2.16,False,Solitudine / Nessun Contatto,,,Nessuna,2,0,2,0.0,2,2,2,2,0,0,0,0,0,0,0,0,8500.0,5,1.0,1.0,0.0,False,0,0,1,1,0.04,monte_carlo_run_1696_seed_1738.log
1697,34,0,0,0,0,0,1739,3101,0.273,3.8,False,Solitudine / Nessun Contatto,,,Nessuna,35,0,35,3.39,5,4,2,2,0,3,0,0,0,0,0,0,8500.0,12,1.366,1.366,0.0,False,27,0,2,4,1000.32,monte_carlo_run_1697_seed_1739.log
1698,34,0,0,0,0,0,1740,3101,0.347,7.45,False,Solitudine / Nessun Contatto,,,Nessuna,223,0,223,16.22,22,18,3,1,2,17,6,6,0,3,3,0,8524.3,30,1.147,0.912,-0.235,False,198,0,8,29,1000.15,monte_carlo_run_1698_seed_1740.log
1699,34,0,0,0,0,0,1741,3101,0.324,7.75,True,Incontro Flotta Deep-Space,30.21,0.0,Ostile,7,0,155,13.97,25,18,3,1,1,20,6,6,0,3,3,0,8522.63,38,0.912,1.01,0.0981,True,128,0,16,55,1000.29,monte_carlo_run_1699_seed_1741.log
1700,34,0,0,0,0,0,1742,3101,0.338,6.87,True,Incontro Flotta Deep-Space,445.38,3.55,Cauta,64,1,140,13.62,18,15,6,3,1,10,4,4,0,2,2,0,8511.5,25,1.328,1.128,-0.1998,False,120,0,10,21,1000.36,monte_carlo_run_1700_seed_1742.log
