run_id,treatment_id,factor_A,factor_B,factor_C,factor_D,factor_E,seed,num_stars,ship_speed_c,max_reach_ly,first_contact_occurred,contact_type,time_to_first_contact_years,contact_distance_ly,contact_disposition,systems_before_contact,archeological_relics_found,total_systems_explored,max_expansion_radius_ly,planets_habitable_surveyed,planets_with_life_surveyed,planets_with_intel_surveyed,planets_with_spacefaring_surveyed,prime_directive_encounters,colonies_founded,colonies_active,total_earth_colonies,colonies_collapsed,colonies_sovereign,colonies_secession_hostile,colonies_secession_loyal,total_human_pop_millions,total_fleets_activated,earth_final_lc,max_colony_lc,delta_lc_max,colony_surpassed_earth,total_starbases,fallen_starbases,total_trade_routes,total_wars,simulation_duration_years,log_filename
1,1,-1,-1,-1,-1,-1,43,3101,0.082,1.56,False,Solitudine / Nessun Contatto,,,Nessuna,2,0,2,1.48,2,2,2,0,2,0,0,0,0,0,0,0,8500.0,2,0.977,0.977,0.0,False,0,0,0,1,93.57,monte_carlo_run_1_seed_43.log
2,1,-1,-1,-1,-1,-1,44,3101,0.079,1.47,False,Solitudine / Nessun Contatto,,,Nessuna,1,0,1,0.0,1,1,1,1,0,0,0,0,0,0,0,0,8500.0,2,1.0,1.0,0.0,False,0,0,0,0,0.02,monte_carlo_run_2_seed_44.log
3,1,-1,-1,-1,-1,-1,45,3101,0.056,1.06,False,Solitudine / Nessun Contatto,,,Nessuna,1,0,1,0.0,1,1,1,1,0,0,0,0,0,0,0,0,8500.0,2,1.0,1.0,0.0,False,0,0,0,0,0.02,monte_carlo_run_3_seed_45.log
4,1,-1,-1,-1,-1,-1,46,3101,0.079,1.6,False,Solitudine / Nessun Contatto,,,Nessuna,1,0,1,0.0,1,1,1,1,0,0,0,0,0,0,0,0,8500.0,2,1.0,1.0,0.0,False,0,0,0,0,0.02,monte_carlo_run_4_seed_46.log
5,1,-1,-1,-1,-1,-1,47,3101,0.078,1.62,False,Solitudine / Nessun Contatto,,,Nessuna,1,0,1,0.0,1,1,1,1,0,0,0,0,0,0,0,0,8500.0,2,1.0,1.0,0.0,False,0,0,0,0,0.02,monte_carlo_run_5_seed_47.log
6,1,-1,-1,-1,-1,-1,48,3101,0.071,1.58,False,Solitudine / Nessun Contatto,,,Nessuna,1,0,1,0.0,2,2,2,0,2,0,0,0,0,0,0,0,8500.0,1,0.985,0.985,0.0,False,0,0,0,1,0.02,monte_carlo_run_6_seed_48.log
7,1,-1,-1,-1,-1,-1,49,3101,0.133,2.89,False,Solitudine / Nessun Contatto,,,Nessuna,1,0,1,0.0,2,2,2,0,2,0,0,0,0,0,0,0,8500.0,1,0.985,0.985,0.0,False,0,0,0,1,0.02,monte_carlo_run_7_seed_49.log
8,1,-1,-1,-1,-1,-1,50,3101,0.054,1.21,False,Solitudine / Nessun Contatto,,,Nessuna,1,0,1,0.0,2,2,2,1,1,0,0,0,0,0,0,0,8500.0,2,1.0,1.0,0.0,False,0,0,0,1,0.02,monte_carlo_run_8_seed_50.log
9,1,-1,-1,-1,-1,-1,51,3101,0.062,0.78,False,Solitudine / Nessun Contatto,,,Nessuna,1,0,1,0.0,1,1,1,1,0,0,0,0,0,0,0,0,8500.0,2,1.0,1.0,0.0,False,0,0,0,0,0.02,monte_carlo_run_9_seed_51.log
10,1,-1,-1,-1,-1,-1,52,3101,0.057,1.14,False,Solitudine / Nessun Contatto,,,Nessuna,1,0,1,0.0,1,1,1,1,0,0,0,0,0,0,0,0,8500.0,2,1.0,1.0,0.0,False,0,0,0,0,0.02,monte_carlo_run_10_seed_52.log
11,1,-1,-1,-1,-1,-1,53,3101,0.065,0.86,False,Solitudine / Nessun Contatto,,,Nessuna,1,0,1,0.0,2,2,2,1,1,0,0,0,0,0,0,0,8500.0,2,1.0,1.0,0.0,False,0,0,0,1,0.02,monte_carlo_run_11_seed_53.log
12,1,-1,-1,-1,-1,-1,54,3101,0.098,2.17,False,Solitudine / Nessun Contatto,,,Nessuna,2,0,2,2.12,3,2,2,0,2,1,1,1,0,0,0,0,8500.02,1,0.951,0.788,-0.1623,False,0,0,0,1,86.71,monte_carlo_run_12_seed_54.log
13,1,-1,-1,-1,-1,-1,55,3101,0.148,2.21,False,Solitudine / Nessun Contatto,,,Nessuna,3,0,3,1.45,1,1,1,1,0,0,0,0,0,0,0,0,8500.0,2,1.003,1.003,0.0,False,2,0,0,0,148.59,monte_carlo_run_13_seed_55.log
14,1,-1,-1,-1,-1,-1,56,3101,0.064,1.52,False,Solitudine / Nessun Contatto,,,Nessuna,2,0,2,0.96,1,1,1,1,0,0,0,0,0,0,0,0,8500.0,2,1.0,1.0,0.0,False,0,0,0,0,85.81,monte_carlo_run_14_seed_56.log
15,1,-1,-1,-1,-1,-1,57,3101,0.094,1.46,False,Solitudine / Nessun Contatto,,,Nessuna,1,0,1,0.0,1,1,1,1,0,0,0,0,0,0,0,0,8500.0,2,1.0,1.0,0.0,False,0,0,0,0,0.02,monte_carlo_run_15_seed_57.log
16,1,-1,-1,-1,-1,-1,58,3101,0.141,2.29,False,Solitudine / Nessun Contatto,,,Nessuna,1,0,1,0.0,1,1,1,1,0,0,0,0,0,0,0,0,8500.0,2,1.0,1.0,0.0,False,0,0,0,0,0.02,monte_carlo_run_16_seed_58.log
17,1,-1,-1,-1,-1,-1,59,3101,0.145,3.42,False,Solitudine / Nessun Contatto,,,Nessuna,9,0,9,7.34,1,1,1,1,0,0,0,0,0,0,0,0,8500.0,2,1.04,1.04,0.0,False,7,0,0,0,738.06,monte_carlo_run_17_seed_59.log
18,1,-1,-1,-1,-1,-1,60,3101,0.136,3.06,False,Solitudine / Nessun Contatto,,,Nessuna,3,0,3,3.72,1,1,1,1,0,0,0,0,0,0,0,0,8500.0,2,1.002,1.002,0.0,False,1,0,0,0,170.98,monte_carlo_run_18_seed_60.log
19,1,-1,-1,-1,-1,-1,61,3101,0.127,1.54,False,Solitudine / Nessun Contatto,,,Nessuna,1,0,1,0.0,1,1,1,1,0,0,0,0,0,0,0,0,8500.0,2,1.0,1.0,0.0,False,0,0,0,0,0.02,monte_carlo_run_19_seed_61.log
20,1,-1,-1,-1,-1,-1,62,3101,0.122,1.6,False,Solitudine / Nessun Contatto,,,Nessuna,2,0,2,1.59,2,2,2,1,1,0,0,0,0,0,0,0,8500.0,2,1.005,1.005,0.0,False,0,0,1,1,94.66,monte_carlo_run_20_seed_62.log
21,1,-1,-1,-1,-1,-1,63,3101,0.077,0.93,False,Solitudine / Nessun Contatto,,,Nessuna,2,0,2,0.9,2,2,1,1,0,1,1,1,0,0,0,0,8500.04,2,1.0,0.712,-0.2887,False,0,0,0,0,46.81,monte_carlo_run_21_seed_63.log
22,1,-1,-1,-1,-1,-1,64,3101,0.057,1.31,False,Solitudine / Nessun Contatto,,,Nessuna,1,0,1,0.0,1,1,1,1,0,0,0,0,0,0,0,0,8500.0,2,1.0,1.0,0.0,False,0,0,0,0,0.02,monte_carlo_run_22_seed_64.log
23,1,-1,-1,-1,-1,-1,65,3101,0.127,2.0,False,Solitudine / Nessun Contatto,,,Nessuna,1,0,1,0.0,1,1,1,1,0,0,0,0,0,0,0,0,8500.0,2,1.0,1.0,0.0,False,0,0,0,0,0.02,monte_carlo_run_23_seed_65.log
24,1,-1,-1,-1,-1,-1,66,3101,0.132,2.28,False,Solitudine / Nessun Contatto,,,Nessuna,1,0,1,0.0,3,3,3,1,2,0,0,0,0,0,0,0,8500.0,2,1.001,1.001,0.0,False,0,0,2,3,0.02,monte_carlo_run_24_seed_66.log
25,1,-1,-1,-1,-1,-1,67,3101,0.065,0.87,False,Solitudine / Nessun Contatto,,,Nessuna,1,0,1,0.0,3,3,3,0,3,0,0,0,0,0,0,0,8500.0,1,0.985,0.985,0.0,False,0,0,0,2,0.02,monte_carlo_run_25_seed_67.log
26,1,-1,-1,-1,-1,-1,68,3101,0.138,2.03,False,Solitudine / Nessun Contatto,,,Nessuna,1,0,1,0.0,2,2,2,1,1,0,0,0,0,0,0,0,8500.0,2,1.0,1.0,0.0,False,0,0,0,1,0.02,monte_carlo_run_26_seed_68.log
27,1,-1,-1,-1,-1,-1,69,3101,0.12,2.99,False,Solitudine / Nessun Contatto,,,Nessuna,1,0,1,0.0,2,2,2,0,2,0,0,0,0,0,0,0,8500.0,1,0.985,0.985,0.0,False,0,0,0,1,0.02,monte_carlo_run_27_seed_69.log
28,1,-1,-1,-1,-1,-1,70,3101,0.067,1.57,False,Solitudine / Nessun Contatto,,,Nessuna,2,0,2,1.29,3,3,3,1,2,0,0,0,0,0,0,0,8500.0,2,1.006,1.006,0.0,False,0,0,3,3,92.28,monte_carlo_run_28_seed_70.log
29,1,-1,-1,-1,-1,-1,71,3101,0.109,2.54,False,Solitudine / Nessun Contatto,,,Nessuna,1,0,1,0.0,1,1,1,1,0,0,0,0,0,0,0,0,8500.0,2,1.0,1.0,0.0,False,0,0,0,0,0.02,monte_carlo_run_29_seed_71.log
30,1,-1,-1,-1,-1,-1,72,3101,0.096,2.12,False,Solitudine / Nessun Contatto,,,Nessuna,2,0,2,2.05,2,2,1,1,0,1,1,1,0,0,0,0,8500.25,2,1.0,0.8,-0.2004,False,0,0,0,0,118.69,monte_carlo_run_30_seed_72.log
31,1,-1,-1,-1,-1,-1,73,3101,0.138,3.39,False,Solitudine / Nessun Contatto,,,Nessuna,3,0,3,3.47,1,1,1,1,0,0,0,0,0,0,0,0,8500.0,2,1.002,1.002,0.0,False,1,0,0,0,171.81,monte_carlo_run_31_seed_73.log
32,1,-1,-1,-1,-1,-1,74,3101,0.145,3.37,True,Contatto Planetario / Biofirme,301.59,9.73,Collaborativa,8,0,19,13.55,3,3,3,1,2,0,0,0,0,0,0,0,8500.0,3,1.234,1.234,0.0,False,15,0,1,1,1795.32,monte_carlo_run_32_seed_74.log
33,1,-1,-1,-1,-1,-1,75,3101,0.065,1.2,False,Solitudine / Nessun Contatto,,,Nessuna,1,0,1,0.0,1,1,1,1,0,0,0,0,0,0,0,0,8500.0,2,1.0,1.0,0.0,False,0,0,0,0,0.02,monte_carlo_run_33_seed_75.log
34,1,-1,-1,-1,-1,-1,76,3101,0.144,3.5,False,Solitudine / Nessun Contatto,,,Nessuna,2,0,2,3.18,1,1,1,1,0,0,0,0,0,0,0,0,8500.0,2,1.0,1.0,0.0,False,0,0,0,0,88.24,monte_carlo_run_34_seed_76.log
35,1,-1,-1,-1,-1,-1,77,3101,0.071,1.35,False,Solitudine / Nessun Contatto,,,Nessuna,1,0,1,0.0,2,2,2,1,1,0,0,0,0,0,0,0,8500.0,2,1.0,1.0,0.0,False,0,0,1,1,0.02,monte_carlo_run_35_seed_77.log
36,1,-1,-1,-1,-1,-1,78,3101,0.086,1.97,False,Solitudine / Nessun Contatto,,,Nessuna,1,0,1,0.0,2,2,2,1,1,0,0,0,0,0,0,0,8500.0,2,1.0,1.0,0.0,False,0,0,1,1,0.02,monte_carlo_run_36_seed_78.log
37,1,-1,-1,-1,-1,-1,79,3101,0.144,3.27,False,Solitudine / Nessun Contatto,,,Nessuna,4,0,4,2.96,1,1,1,1,0,0,0,0,0,0,0,0,8500.0,2,1.001,1.001,0.0,False,0,0,0,0,227.68,monte_carlo_run_37_seed_79.log
38,1,-1,-1,-1,-1,-1,80,3101,0.145,3.01,False,Solitudine / Nessun Contatto,,,Nessuna,2,0,2,2.99,4,3,3,0,3,1,1,1,0,0,0,0,8500.02,2,0.985,0.805,-0.1797,False,0,0,1,2,82.57,monte_carlo_run_38_seed_80.log
39,1,-1,-1,-1,-1,-1,81,3101,0.144,2.16,False,Solitudine / Nessun Contatto,,,Nessuna,1,0,1,0.0,1,1,1,1,0,0,0,0,0,0,0,0,8500.0,2,1.0,1.0,0.0,False,0,0,0,0,0.02,monte_carlo_run_39_seed_81.log
40,1,-1,-1,-1,-1,-1,82,3101,0.063,1.15,False,Solitudine / Nessun Contatto,,,Nessuna,1,0,1,0.0,3,3,3,1,2,0,0,0,0,0,0,0,8500.0,2,1.0,1.0,0.0,False,0,0,0,3,0.02,monte_carlo_run_40_seed_82.log
41,1,-1,-1,-1,-1,-1,83,3101,0.058,0.8,False,Solitudine / Nessun Contatto,,,Nessuna,1,0,1,0.0,1,1,1,1,0,0,0,0,0,0,0,0,8500.0,2,1.0,1.0,0.0,False,0,0,0,0,0.02,monte_carlo_run_41_seed_83.log
42,1,-1,-1,-1,-1,-1,84,3101,0.137,1.77,False,Solitudine / Nessun Contatto,,,Nessuna,1,0,1,0.0,1,1,1,1,0,0,0,0,0,0,0,0,8500.0,2,1.0,1.0,0.0,False,0,0,0,0,0.02,monte_carlo_run_42_seed_84.log
43,1,-1,-1,-1,-1,-1,85,3101,0.057,0.93,False,Solitudine / Nessun Contatto,,,Nessuna,1,0,1,0.0,1,1,1,1,0,0,0,0,0,0,0,0,8500.0,2,1.0,1.0,0.0,False,0,0,0,0,0.02,monte_carlo_run_43_seed_85.log
44,1,-1,-1,-1,-1,-1,86,3101,0.096,1.99,False,Solitudine / Nessun Contatto,,,Nessuna,1,0,1,0.0,3,3,3,1,2,0,0,0,0,0,0,0,8500.0,2,1.001,1.001,0.0,False,0,0,2,2,0.02,monte_carlo_run_44_seed_86.log
45,1,-1,-1,-1,-1,-1,87,3101,0.125,2.93,False,Solitudine / Nessun Contatto,,,Nessuna,2,0,2,2.75,2,2,1,1,0,1,1,1,0,0,0,0,8500.02,2,1.0,0.763,-0.2369,False,0,0,0,0,88.02,monte_carlo_run_45_seed_87.log
46,1,-1,-1,-1,-1,-1,88,3101,0.096,1.24,False,Solitudine / Nessun Contatto,,,Nessuna,1,0,1,0.0,1,1,1,1,0,0,0,0,0,0,0,0,8500.0,2,1.0,1.0,0.0,False,0,0,0,0,0.02,monte_carlo_run_46_seed_88.log
47,1,-1,-1,-1,-1,-1,89,3101,0.144,3.14,False,Solitudine / Nessun Contatto,,,Nessuna,8,0,8,6.74,2,2,1,1,0,1,1,1,0,1,1,0,8509.91,3,1.049,1.116,0.0667,True,6,0,0,1,929.47,monte_carlo_run_47_seed_89.log
48,1,-1,-1,-1,-1,-1,90,3101,0.053,1.21,False,Solitudine / Nessun Contatto,,,Nessuna,1,0,1,0.0,2,2,2,0,2,0,0,0,0,0,0,0,8500.0,1,0.985,0.985,0.0,False,0,0,0,1,0.02,monte_carlo_run_48_seed_90.log
49,1,-1,-1,-1,-1,-1,91,3101,0.136,1.81,False,Solitudine / Nessun Contatto,,,Nessuna,1,0,1,0.0,2,2,2,1,1,0,0,0,0,0,0,0,8500.0,2,1.0,1.0,0.0,False,0,0,1,1,0.02,monte_carlo_run_49_seed_91.log
50,1,-1,-1,-1,-1,-1,92,3101,0.07,1.52,False,Solitudine / Nessun Contatto,,,Nessuna,1,0,1,0.0,2,2,2,0,2,0,0,0,0,0,0,0,8500.0,1,0.985,0.985,0.0,False,0,0,0,1,0.02,monte_carlo_run_50_seed_92.log
51,2,-1,-1,-1,-1,1,93,3101,0.057,0.73,False,Solitudine / Nessun Contatto,,,Nessuna,3,0,3,0.0,3,3,3,3,0,0,0,0,0,0,0,0,8500.0,9,1.0,1.0,0.0,False,0,0,1,2,0.06,monte_carlo_run_51_seed_93.log
52,2,-1,-1,-1,-1,1,94,3101,0.133,2.41,False,Solitudine / Nessun Contatto,,,Nessuna,4,0,4,1.83,2,2,2,2,0,0,0,0,0,0,0,0,8500.0,5,1.001,1.001,0.0,False,0,0,1,1,110.96,monte_carlo_run_52_seed_94.log
53,2,-1,-1,-1,-1,1,95,3101,0.112,2.15,False,Solitudine / Nessun Contatto,,,Nessuna,3,0,3,2.96,1,1,1,1,0,0,0,0,0,0,0,0,8500.0,2,1.002,1.002,0.0,False,1,0,0,0,139.19,monte_carlo_run_53_seed_95.log
54,2,-1,-1,-1,-1,1,96,3101,0.085,1.06,False,Solitudine / Nessun Contatto,,,Nessuna,3,0,3,0.0,3,3,3,3,0,0,0,0,0,0,0,0,8500.0,9,1.001,1.001,0.0,False,0,0,3,3,0.06,monte_carlo_run_54_seed_96.log
55,2,-1,-1,-1,-1,1,97,3101,0.093,2.2,False,Solitudine / Nessun Contatto,,,Nessuna,2,0,2,0.0,2,2,2,2,0,0,0,0,0,0,0,0,8500.0,5,1.0,1.0,0.0,False,0,0,0,1,0.04,monte_carlo_run_55_seed_97.log
56,2,-1,-1,-1,-1,1,98,3101,0.118,2.32,False,Solitudine / Nessun Contatto,,,Nessuna,1,0,1,0.0,1,1,1,1,0,0,0,0,0,0,0,0,8500.0,2,1.0,1.0,0.0,False,0,0,0,0,0.02,monte_carlo_run_56_seed_98.log
57,2,-1,-1,-1,-1,1,99,3101,0.115,2.57,False,Solitudine / Nessun Contatto,,,Nessuna,3,0,3,0.0,3,3,3,3,0,0,0,0,0,0,0,0,8500.0,8,1.0,1.0,0.0,False,0,0,1,2,0.06,monte_carlo_run_57_seed_99.log
58,2,-1,-1,-1,-1,1,100,3101,0.094,1.94,False,Solitudine / Nessun Contatto,,,Nessuna,7,0,7,4.28,2,2,2,2,0,0,0,0,0,0,0,0,8500.0,5,1.012,1.012,0.0,False,4,0,0,1,336.97,monte_carlo_run_58_seed_100.log
59,2,-1,-1,-1,-1,1,101,3101,0.114,2.22,False,Solitudine / Nessun Contatto,,,Nessuna,2,0,2,0.0,2,2,2,2,0,0,0,0,0,0,0,0,8500.0,5,1.0,1.0,0.0,False,0,0,1,1,0.04,monte_carlo_run_59_seed_101.log
60,2,-1,-1,-1,-1,1,102,3101,0.068,1.44,False,Solitudine / Nessun Contatto,,,Nessuna,1,0,1,0.0,1,1,1,1,0,0,0,0,0,0,0,0,8500.0,2,1.0,1.0,0.0,False,0,0,0,0,0.02,monte_carlo_run_60_seed_102.log
61,2,-1,-1,-1,-1,1,103,3101,0.146,2.1,False,Solitudine / Nessun Contatto,,,Nessuna,2,0,2,0.0,2,2,2,2,0,0,0,0,0,0,0,0,8500.0,5,1.0,1.0,0.0,False,0,0,0,1,0.04,monte_carlo_run_61_seed_103.log
62,2,-1,-1,-1,-1,1,104,3101,0.118,2.56,False,Solitudine / Nessun Contatto,,,Nessuna,4,0,4,2.41,2,2,2,2,0,0,0,0,0,0,0,0,8500.0,6,1.0,1.0,0.0,False,0,0,0,1,116.61,monte_carlo_run_62_seed_104.log
63,2,-1,-1,-1,-1,1,105,3101,0.111,2.46,False,Solitudine / Nessun Contatto,,,Nessuna,1,0,1,0.0,1,1,1,1,0,0,0,0,0,0,0,0,8500.0,2,1.0,1.0,0.0,False,0,0,0,0,0.02,monte_carlo_run_63_seed_105.log
64,2,-1,-1,-1,-1,1,106,3101,0.144,1.73,False,Solitudine / Nessun Contatto,,,Nessuna,3,0,3,0.0,3,3,3,3,0,0,0,0,0,0,0,0,8500.0,10,1.001,1.001,0.0,False,0,0,2,2,0.06,monte_carlo_run_64_seed_106.log
65,2,-1,-1,-1,-1,1,107,3101,0.059,1.14,False,Solitudine / Nessun Contatto,,,Nessuna,2,0,2,0.0,2,2,2,2,0,0,0,0,0,0,0,0,8500.0,6,1.0,1.0,0.0,False,0,0,0,1,0.04,monte_carlo_run_65_seed_107.log
66,2,-1,-1,-1,-1,1,108,3101,0.137,2.33,False,Solitudine / Nessun Contatto,,,Nessuna,4,0,4,2.31,3,3,2,2,0,1,0,0,0,0,0,0,8500.0,5,1.006,1.006,0.0,False,0,0,1,1,112.37,monte_carlo_run_66_seed_108.log
67,2,-1,-1,-1,-1,1,109,3101,0.106,2.38,False,Solitudine / Nessun Contatto,,,Nessuna,2,0,2,1.98,1,1,1,1,0,0,0,0,0,0,0,0,8500.0,2,1.0,1.0,0.0,False,0,0,0,0,109.0,monte_carlo_run_67_seed_109.log
68,2,-1,-1,-1,-1,1,110,3101,0.095,1.76,False,Solitudine / Nessun Contatto,,,Nessuna,1,0,1,0.0,1,1,1,1,0,0,0,0,0,0,0,0,8500.0,2,1.0,1.0,0.0,False,0,0,0,0,0.02,monte_carlo_run_68_seed_110.log
69,2,-1,-1,-1,-1,1,111,3101,0.103,1.95,False,Solitudine / Nessun Contatto,,,Nessuna,1,0,1,0.0,1,1,1,1,0,0,0,0,0,0,0,0,8500.0,2,1.0,1.0,0.0,False,0,0,0,0,0.02,monte_carlo_run_69_seed_111.log
70,2,-1,-1,-1,-1,1,112,3101,0.079,1.95,False,Solitudine / Nessun Contatto,,,Nessuna,6,0,6,1.92,3,3,2,2,0,1,1,1,0,0,0,0,8501.56,7,1.011,0.95,-0.061,False,2,0,0,1,495.09,monte_carlo_run_70_seed_112.log
71,2,-1,-1,-1,-1,1,113,3101,0.063,1.36,False,Solitudine / Nessun Contatto,,,Nessuna,4,0,4,0.0,3,3,3,3,0,0,0,0,0,0,0,0,8500.0,9,1.004,1.004,0.0,False,0,0,2,2,34.5,monte_carlo_run_71_seed_113.log
72,2,-1,-1,-1,-1,1,114,3101,0.062,1.35,False,Solitudine / Nessun Contatto,,,Nessuna,2,0,2,0.0,2,2,2,2,0,0,0,0,0,0,0,0,8500.0,6,1.0,1.0,0.0,False,0,0,1,1,0.04,monte_carlo_run_72_seed_114.log
73,2,-1,-1,-1,-1,1,115,3101,0.076,1.82,False,Solitudine / Nessun Contatto,,,Nessuna,2,0,2,0.0,2,2,2,2,0,0,0,0,0,0,0,0,8500.0,6,1.0,1.0,0.0,False,0,0,0,1,0.04,monte_carlo_run_73_seed_115.log
74,2,-1,-1,-1,-1,1,116,3101,0.082,1.02,False,Solitudine / Nessun Contatto,,,Nessuna,1,0,1,0.0,1,1,1,1,0,0,0,0,0,0,0,0,8500.0,2,1.0,1.0,0.0,False,0,0,0,0,0.02,monte_carlo_run_74_seed_116.log
75,2,-1,-1,-1,-1,1,117,3101,0.1,1.22,False,Solitudine / Nessun Contatto,,,Nessuna,1,0,1,0.0,1,1,1,1,0,0,0,0,0,0,0,0,8500.0,2,1.0,1.0,0.0,False,0,0,0,0,0.02,monte_carlo_run_75_seed_117.log
76,2,-1,-1,-1,-1,1,118,3101,0.094,1.91,False,Solitudine / Nessun Contatto,,,Nessuna,1,0,1,0.0,1,1,1,1,0,0,0,0,0,0,0,0,8500.0,2,1.0,1.0,0.0,False,0,0,0,0,0.02,monte_carlo_run_76_seed_118.log
77,2,-1,-1,-1,-1,1,119,3101,0.121,2.51,False,Solitudine / Nessun Contatto,,,Nessuna,4,0,4,3.01,1,1,1,1,0,0,0,0,0,0,0,0,8500.0,2,1.003,1.003,0.0,False,1,0,0,0,199.46,monte_carlo_run_77_seed_119.log
78,2,-1,-1,-1,-1,1,120,3101,0.14,3.06,False,Solitudine / Nessun Contatto,,,Nessuna,10,0,10,8.81,3,2,1,1,0,2,2,2,0,1,1,0,8508.69,4,1.011,1.151,0.1399,True,5,0,0,1,869.71,monte_carlo_run_78_seed_120.log
79,2,-1,-1,-1,-1,1,121,3101,0.13,2.43,False,Solitudine / Nessun Contatto,,,Nessuna,1,0,1,0.0,1,1,1,1,0,0,0,0,0,0,0,0,8500.0,2,1.0,1.0,0.0,False,0,0,0,0,0.02,monte_carlo_run_79_seed_121.log
80,2,-1,-1,-1,-1,1,122,3101,0.128,2.88,False,Solitudine / Nessun Contatto,,,Nessuna,3,0,3,3.51,1,1,1,1,0,0,0,0,0,0,0,0,8500.0,2,1.002,1.002,0.0,False,1,0,0,0,161.31,monte_carlo_run_80_seed_122.log
81,2,-1,-1,-1,-1,1,123,3101,0.066,0.89,False,Solitudine / Nessun Contatto,,,Nessuna,1,0,1,0.0,1,1,1,1,0,0,0,0,0,0,0,0,8500.0,2,1.0,1.0,0.0,False,0,0,0,0,0.02,monte_carlo_run_81_seed_123.log
82,2,-1,-1,-1,-1,1,124,3101,0.1,1.33,False,Solitudine / Nessun Contatto,,,Nessuna,2,0,2,0.0,2,2,2,2,0,0,0,0,0,0,0,0,8500.0,6,1.0,1.0,0.0,False,0,0,0,1,0.04,monte_carlo_run_82_seed_124.log
83,2,-1,-1,-1,-1,1,125,3101,0.082,1.42,False,Solitudine / Nessun Contatto,,,Nessuna,1,0,1,0.0,1,1,1,1,0,0,0,0,0,0,0,0,8500.0,2,1.0,1.0,0.0,False,0,0,0,0,0.02,monte_carlo_run_83_seed_125.log
84,2,-1,-1,-1,-1,1,126,3101,0.128,2.55,False,Solitudine / Nessun Contatto,,,Nessuna,3,0,3,2.42,2,2,2,2,0,0,0,0,0,0,0,0,8500.0,5,1.0,1.0,0.0,False,0,0,0,1,75.48,monte_carlo_run_84_seed_126.log
85,2,-1,-1,-1,-1,1,127,3101,0.123,2.64,False,Solitudine / Nessun Contatto,,,Nessuna,4,0,4,3.57,2,2,2,2,0,0,0,0,0,0,0,0,8500.0,6,1.01,1.01,0.0,False,1,0,1,1,174.65,monte_carlo_run_85_seed_127.log
86,2,-1,-1,-1,-1,1,128,3101,0.139,1.9,False,Solitudine / Nessun Contatto,,,Nessuna,3,0,3,0.0,2,2,2,2,0,0,0,0,0,0,0,0,8500.0,5,1.0,1.0,0.0,False,0,0,0,1,48.08,monte_carlo_run_86_seed_128.log
87,2,-1,-1,-1,-1,1,129,3101,0.095,1.4,False,Solitudine / Nessun Contatto,,,Nessuna,3,0,3,2.26,1,1,1,1,0,0,0,0,0,0,0,0,8500.0,2,1.002,1.002,0.0,False,1,0,0,0,119.23,monte_carlo_run_87_seed_129.log
88,2,-1,-1,-1,-1,1,130,3101,0.127,2.1,False,Solitudine / Nessun Contatto,,,Nessuna,2,0,2,0.0,2,2,2,2,0,0,0,0,0,0,0,0,8500.0,5,1.0,1.0,0.0,False,0,0,1,1,0.04,monte_carlo_run_88_seed_130.log
89,2,-1,-1,-1,-1,1,131,3101,0.064,0.88,False,Solitudine / Nessun Contatto,,,Nessuna,2,0,2,0.0,2,2,2,2,0,0,0,0,0,0,0,0,8500.0,6,1.0,1.0,0.0,False,0,0,0,1,0.04,monte_carlo_run_89_seed_131.log
90,2,-1,-1,-1,-1,1,132,3101,0.145,2.58,False,Solitudine / Nessun Contatto,,,Nessuna,5,0,5,0.0,3,3,3,3,0,0,0,0,0,0,0,0,8500.0,9,1.006,1.006,0.0,False,1,0,1,3,170.31,monte_carlo_run_90_seed_132.log
91,2,-1,-1,-1,-1,1,133,3101,0.143,2.51,False,Solitudine / Nessun Contatto,,,Nessuna,1,0,1,0.0,1,1,1,1,0,0,0,0,0,0,0,0,8500.0,2,1.0,1.0,0.0,False,0,0,0,0,0.02,monte_carlo_run_91_seed_133.log
92,2,-1,-1,-1,-1,1,134,3101,0.087,1.52,False,Solitudine / Nessun Contatto,,,Nessuna,3,0,3,0.0,2,2,2,2,0,0,0,0,0,0,0,0,8500.0,5,1.002,1.002,0.0,False,0,0,1,1,31.6,monte_carlo_run_92_seed_134.log
93,2,-1,-1,-1,-1,1,135,3101,0.082,1.84,False,Solitudine / Nessun Contatto,,,Nessuna,1,0,1,0.0,1,1,1,1,0,0,0,0,0,0,0,0,8500.0,2,1.0,1.0,0.0,False,0,0,0,0,0.02,monte_carlo_run_93_seed_135.log
94,2,-1,-1,-1,-1,1,136,3101,0.143,1.78,False,Solitudine / Nessun Contatto,,,Nessuna,4,0,4,1.18,2,2,2,2,0,0,0,0,0,0,0,0,8500.0,6,1.0,1.0,0.0,False,0,0,0,1,35.21,monte_carlo_run_94_seed_136.log
95,2,-1,-1,-1,-1,1,137,3101,0.095,2.34,False,Solitudine / Nessun Contatto,,,Nessuna,1,0,1,0.0,1,1,1,1,0,0,0,0,0,0,0,0,8500.0,2,1.0,1.0,0.0,False,0,0,0,0,0.02,monte_carlo_run_95_seed_137.log
96,2,-1,-1,-1,-1,1,138,3101,0.12,2.6,False,Solitudine / Nessun Contatto,,,Nessuna,2,0,2,1.78,1,1,1,1,0,0,0,0,0,0,0,0,8500.0,2,1.0,1.0,0.0,False,0,0,0,0,106.72,monte_carlo_run_96_seed_138.log
97,2,-1,-1,-1,-1,1,139,3101,0.058,1.45,False,Solitudine / Nessun Contatto,,,Nessuna,2,0,2,0.0,2,2,2,2,0,0,0,0,0,0,0,0,8500.0,6,1.0,1.0,0.0,False,0,0,1,1,0.04,monte_carlo_run_97_seed_139.log
98,2,-1,-1,-1,-1,1,140,3101,0.137,3.37,False,Solitudine / Nessun Contatto,,,Nessuna,3,0,3,3.75,1,1,1,1,0,0,0,0,0,0,0,0,8500.0,2,1.002,1.002,0.0,False,1,0,0,0,179.74,monte_carlo_run_98_seed_140.log
99,2,-1,-1,-1,-1,1,141,3101,0.062,0.83,False,Solitudine / Nessun Contatto,,,Nessuna,1,0,1,0.0,1,1,1,1,0,0,0,0,0,0,0,0,8500.0,2,1.0,1.0,0.0,False,0,0,0,0,0.02,monte_carlo_run_99_seed_141.log
100,2,-1,-1,-1,-1,1,142,3101,0.145,1.74,False,Solitudine / Nessun Contatto,,,Nessuna,1,0,1,0.0,1,1,1,1,0,0,0,0,0,0,0,0,8500.0,2,1.0,1.0,0.0,False,0,0,0,0,0.02,monte_carlo_run_100_seed_142.log
101,3,-1,-1,-1,1,-1,143,3101,0.137,2.81,False,Solitudine / Nessun Contatto,,,Nessuna,6,0,6,6.76,1,1,1,1,0,0,0,0,0,0,0,0,8500.0,2,1.014,1.014,0.0,False,4,0,0,0,366.11,monte_carlo_run_101_seed_143.log
102,3,-1,-1,-1,1,-1,144,3101,0.061,1.48,False,Solitudine / Nessun Contatto,,,Nessuna,1,0,1,0.0,1,1,1,1,0,0,0,0,0,0,0,0,8500.0,2,1.0,1.0,0.0,False,0,0,0,0,0.02,monte_carlo_run_102_seed_144.log
103,3,-1,-1,-1,1,-1,145,3101,0.082,1.29,False,Solitudine / Nessun Contatto,,,Nessuna,1,0,1,0.0,1,1,1,1,0,0,0,0,0,0,0,0,8500.0,2,1.0,1.0,0.0,False,0,0,0,0,0.02,monte_carlo_run_103_seed_145.log
104,3,-1,-1,-1,1,-1,146,3101,0.123,3.05,False,Solitudine / Nessun Contatto,,,Nessuna,1,0,1,0.0,1,1,1,1,0,0,0,0,0,0,0,0,8500.0,2,1.0,1.0,0.0,False,0,0,0,0,0.02,monte_carlo_run_104_seed_146.log
105,3,-1,-1,-1,1,-1,147,3101,0.089,1.82,False,Solitudine / Nessun Contatto,,,Nessuna,1,0,1,0.0,3,3,3,1,2,0,0,0,0,0,0,0,8500.0,2,1.0,1.0,0.0,False,0,0,0,3,0.02,monte_carlo_run_105_seed_147.log
106,3,-1,-1,-1,1,-1,148,3101,0.084,2.02,False,Solitudine / Nessun Contatto,,,Nessuna,2,0,2,1.7,1,1,1,1,0,0,0,0,0,0,0,0,8500.0,2,1.0,1.0,0.0,False,0,0,0,0,106.01,monte_carlo_run_106_seed_148.log
107,3,-1,-1,-1,1,-1,149,3101,0.114,2.68,False,Solitudine / Nessun Contatto,,,Nessuna,1,0,1,0.0,3,3,3,1,2,0,0,0,0,0,0,0,8500.0,2,1.001,1.001,0.0,False,0,0,2,3,0.02,monte_carlo_run_107_seed_149.log
108,3,-1,-1,-1,1,-1,150,3101,0.095,2.08,False,Solitudine / Nessun Contatto,,,Nessuna,1,0,1,0.0,2,2,2,1,1,0,0,0,0,0,0,0,8500.0,2,1.0,1.0,0.0,False,0,0,0,1,0.02,monte_carlo_run_108_seed_150.log
109,3,-1,-1,-1,1,-1,151,3101,0.103,1.86,False,Solitudine / Nessun Contatto,,,Nessuna,1,0,1,0.0,2,2,2,1,1,0,0,0,0,0,0,0,8500.0,2,1.0,1.0,0.0,False,0,0,0,1,0.02,monte_carlo_run_109_seed_151.log
110,3,-1,-1,-1,1,-1,152,3101,0.073,1.57,False,Solitudine / Nessun Contatto,,,Nessuna,1,0,1,0.0,1,1,1,1,0,0,0,0,0,0,0,0,8500.0,2,1.0,1.0,0.0,False,0,0,0,0,0.02,monte_carlo_run_110_seed_152.log
111,3,-1,-1,-1,1,-1,153,3101,0.147,2.62,False,Solitudine / Nessun Contatto,,,Nessuna,1,0,1,0.0,1,1,1,1,0,0,0,0,0,0,0,0,8500.0,2,1.0,1.0,0.0,False,0,0,0,0,0.02,monte_carlo_run_111_seed_153.log
112,3,-1,-1,-1,1,-1,154,3101,0.081,1.56,False,Solitudine / Nessun Contatto,,,Nessuna,1,0,1,0.0,1,1,1,1,0,0,0,0,0,0,0,0,8500.0,2,1.0,1.0,0.0,False,0,0,0,0,0.02,monte_carlo_run_112_seed_154.log
113,3,-1,-1,-1,1,-1,155,3101,0.101,2.4,False,Solitudine / Nessun Contatto,,,Nessuna,1,0,1,0.0,3,3,3,0,3,0,0,0,0,0,0,0,8500.0,1,0.985,0.985,0.0,False,0,0,1,3,0.02,monte_carlo_run_113_seed_155.log
114,3,-1,-1,-1,1,-1,156,3101,0.097,1.92,False,Solitudine / Nessun Contatto,,,Nessuna,1,0,1,0.0,3,3,3,1,2,0,0,0,0,0,0,0,8500.0,2,1.001,1.001,0.0,False,0,0,2,2,0.02,monte_carlo_run_114_seed_156.log
115,3,-1,-1,-1,1,-1,157,3101,0.115,1.81,False,Solitudine / Nessun Contatto,,,Nessuna,2,0,2,1.44,1,1,1,1,0,0,0,0,0,0,0,0,8500.0,2,1.0,1.0,0.0,False,0,0,0,0,49.97,monte_carlo_run_115_seed_157.log
116,3,-1,-1,-1,1,-1,158,3101,0.097,1.9,False,Solitudine / Nessun Contatto,,,Nessuna,1,0,1,0.0,1,1,1,1,0,0,0,0,0,0,0,0,8500.0,2,1.0,1.0,0.0,False,0,0,0,0,0.02,monte_carlo_run_116_seed_158.log
117,3,-1,-1,-1,1,-1,159,3101,0.06,1.48,False,Solitudine / Nessun Contatto,,,Nessuna,1,0,1,0.0,1,1,1,1,0,0,0,0,0,0,0,0,8500.0,2,1.0,1.0,0.0,False,0,0,0,0,0.02,monte_carlo_run_117_seed_159.log
118,3,-1,-1,-1,1,-1,160,3101,0.089,1.48,False,Solitudine / Nessun Contatto,,,Nessuna,1,0,1,0.0,1,1,1,1,0,0,0,0,0,0,0,0,8500.0,2,1.0,1.0,0.0,False,0,0,0,0,0.02,monte_carlo_run_118_seed_160.log
119,3,-1,-1,-1,1,-1,161,3101,0.066,1.49,False,Solitudine / Nessun Contatto,,,Nessuna,1,0,1,0.0,2,2,2,1,1,0,0,0,0,0,0,0,8500.0,2,1.0,1.0,0.0,False,0,0,0,1,0.02,monte_carlo_run_119_seed_161.log
120,3,-1,-1,-1,1,-1,162,3101,0.069,1.16,False,Solitudine / Nessun Contatto,,,Nessuna,2,0,2,1.01,3,3,3,1,2,0,0,0,0,0,0,0,8500.0,2,1.008,1.008,0.0,False,0,0,3,3,85.19,monte_carlo_run_120_seed_162.log
121,3,-1,-1,-1,1,-1,163,3101,0.062,1.47,False,Solitudine / Nessun Contatto,,,Nessuna,1,0,1,0.0,2,2,2,1,1,0,0,0,0,0,0,0,8500.0,2,1.0,1.0,0.0,False,0,0,1,1,0.02,monte_carlo_run_121_seed_163.log
122,3,-1,-1,-1,1,-1,164,3101,0.109,1.7,False,Solitudine / Nessun Contatto,,,Nessuna,3,0,3,1.21,3,3,3,1,2,0,0,0,0,0,0,0,8500.0,2,1.006,1.006,0.0,False,2,0,1,2,128.44,monte_carlo_run_122_seed_164.log
123,3,-1,-1,-1,1,-1,165,3101,0.095,1.99,False,Solitudine / Nessun Contatto,,,Nessuna,2,0,2,1.13,1,1,1,1,0,0,0,0,0,0,0,0,8500.0,2,1.0,1.0,0.0,False,0,0,0,0,47.71,monte_carlo_run_123_seed_165.log
124,3,-1,-1,-1,1,-1,166,3101,0.12,2.1,False,Solitudine / Nessun Contatto,,,Nessuna,1,0,1,0.0,1,1,1,1,0,0,0,0,0,0,0,0,8500.0,2,1.0,1.0,0.0,False,0,0,0,0,0.02,monte_carlo_run_124_seed_166.log
125,3,-1,-1,-1,1,-1,167,3101,0.06,0.87,False,Solitudine / Nessun Contatto,,,Nessuna,1,0,1,0.0,2,2,2,1,1,0,0,0,0,0,0,0,8500.0,2,1.0,1.0,0.0,False,0,0,1,1,0.02,monte_carlo_run_125_seed_167.log
126,3,-1,-1,-1,1,-1,168,3101,0.123,2.67,False,Solitudine / Nessun Contatto,,,Nessuna,3,0,3,2.41,2,2,2,1,1,0,0,0,0,0,0,0,8500.0,2,1.005,1.005,0.0,False,0,0,1,1,170.15,monte_carlo_run_126_seed_168.log
127,3,-1,-1,-1,1,-1,169,3101,0.093,1.24,False,Solitudine / Nessun Contatto,,,Nessuna,1,0,1,0.0,2,2,2,1,1,0,0,0,0,0,0,0,8500.0,2,1.0,1.0,0.0,False,0,0,1,1,0.02,monte_carlo_run_127_seed_169.log
128,3,-1,-1,-1,1,-1,170,3101,0.144,2.91,False,Solitudine / Nessun Contatto,,,Nessuna,2,0,2,2.82,2,2,2,1,1,0,0,0,0,0,0,0,8500.0,2,1.007,1.007,0.0,False,0,0,1,1,133.91,monte_carlo_run_128_seed_170.log
129,3,-1,-1,-1,1,-1,171,3101,0.132,2.86,False,Solitudine / Nessun Contatto,,,Nessuna,1,0,1,0.0,2,2,2,1,1,0,0,0,0,0,0,0,8500.0,2,1.0,1.0,0.0,False,0,0,0,1,0.02,monte_carlo_run_129_seed_171.log
130,3,-1,-1,-1,1,-1,172,3101,0.094,1.5,False,Solitudine / Nessun Contatto,,,Nessuna,1,0,1,0.0,2,2,2,1,1,0,0,0,0,0,0,0,8500.0,2,1.0,1.0,0.0,False,0,0,1,1,0.02,monte_carlo_run_130_seed_172.log
131,3,-1,-1,-1,1,-1,173,3101,0.087,2.01,False,Solitudine / Nessun Contatto,,,Nessuna,1,0,1,0.0,1,1,1,1,0,0,0,0,0,0,0,0,8500.0,2,1.0,1.0,0.0,False,0,0,0,0,0.02,monte_carlo_run_131_seed_173.log
132,3,-1,-1,-1,1,-1,174,3101,0.123,1.59,False,Solitudine / Nessun Contatto,,,Nessuna,1,0,1,0.0,2,2,2,0,2,0,0,0,0,0,0,0,8500.0,1,0.985,0.985,0.0,False,0,0,0,1,0.02,monte_carlo_run_132_seed_174.log
133,3,-1,-1,-1,1,-1,175,3101,0.118,2.03,False,Solitudine / Nessun Contatto,,,Nessuna,2,0,2,0.79,2,2,2,1,1,0,0,0,0,0,0,0,8500.0,2,1.002,1.002,0.0,False,0,0,1,1,26.68,monte_carlo_run_133_seed_175.log
134,3,-1,-1,-1,1,-1,176,3101,0.146,1.82,False,Solitudine / Nessun Contatto,,,Nessuna,1,0,1,0.0,3,3,3,1,2,0,0,0,0,0,0,0,8500.0,2,1.0,1.0,0.0,False,0,0,1,3,0.02,monte_carlo_run_134_seed_176.log
135,3,-1,-1,-1,1,-1,177,3101,0.062,0.83,False,Solitudine / Nessun Contatto,,,Nessuna,1,0,1,0.0,3,3,3,1,2,0,0,0,0,0,0,0,8500.0,2,1.001,1.001,0.0,False,0,0,2,2,0.02,monte_carlo_run_135_seed_177.log
136,3,-1,-1,-1,1,-1,178,3101,0.097,1.6,False,Solitudine / Nessun Contatto,,,Nessuna,1,0,1,0.0,1,1,1,1,0,0,0,0,0,0,0,0,8500.0,2,1.0,1.0,0.0,False,0,0,0,0,0.02,monte_carlo_run_136_seed_178.log
137,3,-1,-1,-1,1,-1,179,3101,0.063,0.8,False,Solitudine / Nessun Contatto,,,Nessuna,1,0,1,0.0,1,1,1,1,0,0,0,0,0,0,0,0,8500.0,2,1.0,1.0,0.0,False,0,0,0,0,0.02,monte_carlo_run_137_seed_179.log
138,3,-1,-1,-1,1,-1,180,3101,0.086,1.26,False,Solitudine / Nessun Contatto,,,Nessuna,1,0,1,0.0,1,1,1,1,0,0,0,0,0,0,0,0,8500.0,2,1.0,1.0,0.0,False,0,0,0,0,0.02,monte_carlo_run_138_seed_180.log
139,3,-1,-1,-1,1,-1,181,3101,0.12,1.89,False,Solitudine / Nessun Contatto,,,Nessuna,1,0,1,0.0,1,1,1,1,0,0,0,0,0,0,0,0,8500.0,2,1.0,1.0,0.0,False,0,0,0,0,0.02,monte_carlo_run_139_seed_181.log
140,3,-1,-1,-1,1,-1,182,3101,0.098,1.94,False,Solitudine / Nessun Contatto,,,Nessuna,1,0,1,0.0,1,1,1,1,0,0,0,0,0,0,0,0,8500.0,2,1.0,1.0,0.0,False,0,0,0,0,0.02,monte_carlo_run_140_seed_182.log
141,3,-1,-1,-1,1,-1,183,3101,0.053,0.7,False,Solitudine / Nessun Contatto,,,Nessuna,1,0,1,0.0,2,2,2,1,1,0,0,0,0,0,0,0,8500.0,2,1.0,1.0,0.0,False,0,0,1,1,0.02,monte_carlo_run_141_seed_183.log
142,3,-1,-1,-1,1,-1,184,3101,0.109,2.23,False,Solitudine / Nessun Contatto,,,Nessuna,1,0,1,0.0,2,2,2,1,1,0,0,0,0,0,0,0,8500.0,2,1.0,1.0,0.0,False,0,0,0,1,0.02,monte_carlo_run_142_seed_184.log
143,3,-1,-1,-1,1,-1,185,3101,0.088,1.75,False,Solitudine / Nessun Contatto,,,Nessuna,1,0,1,0.0,2,2,2,1,1,0,0,0,0,0,0,0,8500.0,2,1.0,1.0,0.0,False,0,0,1,1,0.02,monte_carlo_run_143_seed_185.log
144,3,-1,-1,-1,1,-1,186,3101,0.106,2.36,False,Solitudine / Nessun Contatto,,,Nessuna,2,0,2,1.79,3,3,3,1,2,0,0,0,0,0,0,0,8500.0,2,1.009,1.009,0.0,False,0,0,2,2,98.24,monte_carlo_run_144_seed_186.log
145,3,-1,-1,-1,1,-1,187,3101,0.143,2.98,False,Solitudine / Nessun Contatto,,,Nessuna,3,0,3,2.56,1,1,1,1,0,0,0,0,0,0,0,0,8500.0,2,1.001,1.001,0.0,False,0,0,0,0,192.68,monte_carlo_run_145_seed_187.log
146,3,-1,-1,-1,1,-1,188,3101,0.149,3.29,False,Solitudine / Nessun Contatto,,,Nessuna,3,0,3,2.85,1,1,1,1,0,0,0,0,0,0,0,0,8500.0,2,1.0,1.0,0.0,False,0,0,0,0,148.32,monte_carlo_run_146_seed_188.log
147,3,-1,-1,-1,1,-1,189,3101,0.104,1.47,False,Solitudine / Nessun Contatto,,,Nessuna,1,0,1,0.0,3,3,3,1,2,0,0,0,0,0,0,0,8500.0,2,1.0,1.0,0.0,False,0,0,1,2,0.02,monte_carlo_run_147_seed_189.log
148,3,-1,-1,-1,1,-1,190,3101,0.118,1.66,False,Solitudine / Nessun Contatto,,,Nessuna,1,0,1,0.0,1,1,1,1,0,0,0,0,0,0,0,0,8500.0,2,1.0,1.0,0.0,False,0,0,0,0,0.02,monte_carlo_run_148_seed_190.log
149,3,-1,-1,-1,1,-1,191,3101,0.068,1.07,False,Solitudine / Nessun Contatto,,,Nessuna,1,0,1,0.0,2,2,2,1,1,0,0,0,0,0,0,0,8500.0,2,1.0,1.0,0.0,False,0,0,0,1,0.02,monte_carlo_run_149_seed_191.log
150,3,-1,-1,-1,1,-1,192,3101,0.114,2.55,False,Solitudine / Nessun Contatto,,,Nessuna,2,0,2,1.19,1,1,1,1,0,0,0,0,0,0,0,0,8500.0,2,1.0,1.0,0.0,False,0,0,0,0,41.89,monte_carlo_run_150_seed_192.log
151,4,-1,-1,-1,1,1,193,3101,0.138,1.97,False,Solitudine / Nessun Contatto,,,Nessuna,3,0,3,0.0,3,3,3,3,0,0,0,0,0,0,0,0,8500.0,10,1.0,1.0,0.0,False,0,0,1,2,0.06,monte_carlo_run_151_seed_193.log
152,4,-1,-1,-1,1,1,194,3101,0.103,1.9,False,Solitudine / Nessun Contatto,,,Nessuna,4,0,4,0.0,4,4,3,3,0,1,0,0,0,0,0,0,8500.0,9,1.002,1.002,0.0,False,0,0,1,3,37.08,monte_carlo_run_152_seed_194.log
153,4,-1,-1,-1,1,1,195,3101,0.066,1.35,False,Solitudine / Nessun Contatto,,,Nessuna,2,0,2,0.0,2,2,2,2,0,0,0,0,0,0,0,0,8500.0,5,1.0,1.0,0.0,False,0,0,0,1,0.04,monte_carlo_run_153_seed_195.log
154,4,-1,-1,-1,1,1,196,3101,0.089,1.3,False,Solitudine / Nessun Contatto,,,Nessuna,2,0,2,0.77,1,1,1,1,0,0,0,0,0,0,0,0,8500.0,2,1.0,1.0,0.0,False,0,0,0,0,34.75,monte_carlo_run_154_seed_196.log
155,4,-1,-1,-1,1,1,197,3101,0.146,3.55,False,Solitudine / Nessun Contatto,,,Nessuna,13,0,13,6.5,1,1,1,1,0,0,0,0,0,0,0,0,8500.0,2,1.112,1.112,0.0,False,9,0,0,0,1503.38,monte_carlo_run_155_seed_197.log
156,4,-1,-1,-1,1,1,198,3101,0.12,1.7,False,Solitudine / Nessun Contatto,,,Nessuna,1,0,1,0.0,1,1,1,1,0,0,0,0,0,0,0,0,8500.0,2,1.0,1.0,0.0,False,0,0,0,0,0.02,monte_carlo_run_156_seed_198.log
157,4,-1,-1,-1,1,1,199,3101,0.112,1.94,False,Solitudine / Nessun Contatto,,,Nessuna,2,0,2,1.65,1,1,1,1,0,0,0,0,0,0,0,0,8500.0,2,1.0,1.0,0.0,False,0,0,0,0,103.22,monte_carlo_run_157_seed_199.log
158,4,-1,-1,-1,1,1,200,3101,0.143,1.93,False,Solitudine / Nessun Contatto,,,Nessuna,3,0,3,2.25,1,1,1,1,0,0,0,0,0,0,0,0,8500.0,2,1.002,1.002,0.0,False,1,0,0,0,130.38,monte_carlo_run_158_seed_200.log
159,4,-1,-1,-1,1,1,201,3101,0.145,2.25,False,Solitudine / Nessun Contatto,,,Nessuna,3,0,3,0.0,3,3,3,3,0,0,0,0,0,0,0,0,8500.0,10,1.001,1.001,0.0,False,0,0,2,3,0.06,monte_carlo_run_159_seed_201.log
160,4,-1,-1,-1,1,1,202,3101,0.084,1.93,False,Solitudine / Nessun Contatto,,,Nessuna,3,0,3,0.0,3,3,3,3,0,0,0,0,0,0,0,0,8500.0,9,1.001,1.001,0.0,False,0,0,2,2,0.06,monte_carlo_run_160_seed_202.log
161,4,-1,-1,-1,1,1,203,3101,0.108,1.55,False,Solitudine / Nessun Contatto,,,Nessuna,1,0,1,0.0,1,1,1,1,0,0,0,0,0,0,0,0,8500.0,2,1.0,1.0,0.0,False,0,0,0,0,0.02,monte_carlo_run_161_seed_203.log
162,4,-1,-1,-1,1,1,204,3101,0.143,3.37,False,Solitudine / Nessun Contatto,,,Nessuna,1,0,1,0.0,1,1,1,1,0,0,0,0,0,0,0,0,8500.0,2,1.0,1.0,0.0,False,0,0,0,0,0.02,monte_carlo_run_162_seed_204.log
163,4,-1,-1,-1,1,1,205,3101,0.107,1.74,False,Solitudine / Nessun Contatto,,,Nessuna,3,0,3,0.0,3,3,3,3,0,0,0,0,0,0,0,0,8500.0,10,1.0,1.0,0.0,False,0,0,1,3,0.06,monte_carlo_run_163_seed_205.log
164,4,-1,-1,-1,1,1,206,3101,0.129,1.64,False,Solitudine / Nessun Contatto,,,Nessuna,1,0,1,0.0,1,1,1,1,0,0,0,0,0,0,0,0,8500.0,2,1.0,1.0,0.0,False,0,0,0,0,0.02,monte_carlo_run_164_seed_206.log
165,4,-1,-1,-1,1,1,207,3101,0.138,2.89,False,Solitudine / Nessun Contatto,,,Nessuna,2,0,2,1.6,1,1,1,1,0,0,0,0,0,0,0,0,8500.0,2,1.0,1.0,0.0,False,0,0,0,0,46.43,monte_carlo_run_165_seed_207.log
166,4,-1,-1,-1,1,1,208,3101,0.108,1.47,False,Solitudine / Nessun Contatto,,,Nessuna,3,0,3,1.29,2,2,2,2,0,0,0,0,0,0,0,0,8500.0,6,1.003,1.003,0.0,False,0,0,1,1,47.72,monte_carlo_run_166_seed_208.log
167,4,-1,-1,-1,1,1,209,3101,0.122,1.9,False,Solitudine / Nessun Contatto,,,Nessuna,1,0,1,0.0,1,1,1,1,0,0,0,0,0,0,0,0,8500.0,2,1.0,1.0,0.0,False,0,0,0,0,0.02,monte_carlo_run_167_seed_209.log
168,4,-1,-1,-1,1,1,210,3101,0.062,0.91,False,Solitudine / Nessun Contatto,,,Nessuna,3,0,3,0.0,3,3,3,3,0,0,0,0,0,0,0,0,8500.0,10,1.0,1.0,0.0,False,0,0,1,2,0.06,monte_carlo_run_168_seed_210.log
169,4,-1,-1,-1,1,1,211,3101,0.075,1.41,False,Solitudine / Nessun Contatto,,,Nessuna,3,0,3,0.0,3,3,3,3,0,0,0,0,0,0,0,0,8500.0,10,1.001,1.001,0.0,False,0,0,3,3,0.06,monte_carlo_run_169_seed_211.log
170,4,-1,-1,-1,1,1,212,3101,0.106,2.07,False,Solitudine / Nessun Contatto,,,Nessuna,2,0,2,0.0,2,2,2,2,0,0,0,0,0,0,0,0,8500.0,6,1.0,1.0,0.0,False,0,0,0,1,0.04,monte_carlo_run_170_seed_212.log
171,4,-1,-1,-1,1,1,213,3101,0.1,1.73,False,Solitudine / Nessun Contatto,,,Nessuna,2,0,2,0.0,2,2,2,2,0,0,0,0,0,0,0,0,8500.0,5,1.0,1.0,0.0,False,0,0,1,1,0.04,monte_carlo_run_171_seed_213.log
172,4,-1,-1,-1,1,1,214,3101,0.098,2.28,False,Solitudine / Nessun Contatto,,,Nessuna,3,0,3,0.0,2,2,2,2,0,0,0,0,0,0,0,0,8500.0,5,1.006,1.006,0.0,False,0,0,1,1,113.8,monte_carlo_run_172_seed_214.log
173,4,-1,-1,-1,1,1,215,3101,0.111,2.15,False,Solitudine / Nessun Contatto,,,Nessuna,2,0,2,0.0,2,2,2,2,0,0,0,0,0,0,0,0,8500.0,6,1.0,1.0,0.0,False,0,0,1,1,0.04,monte_carlo_run_173_seed_215.log
174,4,-1,-1,-1,1,1,216,3101,0.073,1.18,False,Solitudine / Nessun Contatto,,,Nessuna,1,0,1,0.0,1,1,1,1,0,0,0,0,0,0,0,0,8500.0,2,1.0,1.0,0.0,False,0,0,0,0,0.02,monte_carlo_run_174_seed_216.log
175,4,-1,-1,-1,1,1,217,3101,0.087,2.03,False,Solitudine / Nessun Contatto,,,Nessuna,2,0,2,0.0,2,2,2,2,0,0,0,0,0,0,0,0,8500.0,6,1.0,1.0,0.0,False,0,0,1,1,0.04,monte_carlo_run_175_seed_217.log
176,4,-1,-1,-1,1,1,218,3101,0.062,1.25,False,Solitudine / Nessun Contatto,,,Nessuna,2,0,2,0.0,2,2,2,2,0,0,0,0,0,0,0,0,8500.0,5,1.0,1.0,0.0,False,0,0,1,1,0.04,monte_carlo_run_176_seed_218.log
177,4,-1,-1,-1,1,1,219,3101,0.122,1.56,False,Solitudine / Nessun Contatto,,,Nessuna,1,0,1,0.0,1,1,1,1,0,0,0,0,0,0,0,0,8500.0,2,1.0,1.0,0.0,False,0,0,0,0,0.02,monte_carlo_run_177_seed_219.log
178,4,-1,-1,-1,1,1,220,3101,0.129,1.61,False,Solitudine / Nessun Contatto,,,Nessuna,1,0,1,0.0,1,1,1,1,0,0,0,0,0,0,0,0,8500.0,2,1.0,1.0,0.0,False,0,0,0,0,0.02,monte_carlo_run_178_seed_220.log
179,4,-1,-1,-1,1,1,221,3101,0.091,1.79,False,Solitudine / Nessun Contatto,,,Nessuna,1,0,1,0.0,1,1,1,1,0,0,0,0,0,0,0,0,8500.0,2,1.0,1.0,0.0,False,0,0,0,0,0.02,monte_carlo_run_179_seed_221.log
180,4,-1,-1,-1,1,1,222,3101,0.139,2.87,False,Solitudine / Nessun Contatto,,,Nessuna,3,0,3,2.28,1,1,1,1,0,0,0,0,0,0,0,0,8500.0,2,1.001,1.001,0.0,False,0,0,0,0,175.59,monte_carlo_run_180_seed_222.log
181,4,-1,-1,-1,1,1,223,3101,0.104,1.99,False,Solitudine / Nessun Contatto,,,Nessuna,1,0,1,0.0,1,1,1,1,0,0,0,0,0,0,0,0,8500.0,2,1.0,1.0,0.0,False,0,0,0,0,0.02,monte_carlo_run_181_seed_223.log
182,4,-1,-1,-1,1,1,224,3101,0.146,2.89,False,Solitudine / Nessun Contatto,,,Nessuna,9,0,9,3.17,2,2,2,2,0,0,0,0,0,0,0,0,8500.0,5,1.017,1.017,0.0,False,3,0,1,1,289.93,monte_carlo_run_182_seed_224.log
183,4,-1,-1,-1,1,1,225,3101,0.133,2.3,False,Solitudine / Nessun Contatto,,,Nessuna,3,0,3,0.0,3,3,3,3,0,0,0,0,0,0,0,0,8500.0,10,1.0,1.0,0.0,False,0,0,0,2,0.06,monte_carlo_run_183_seed_225.log
184,4,-1,-1,-1,1,1,226,3101,0.077,1.66,False,Solitudine / Nessun Contatto,,,Nessuna,2,0,2,0.0,2,2,2,2,0,0,0,0,0,0,0,0,8500.0,6,1.0,1.0,0.0,False,0,0,0,1,0.04,monte_carlo_run_184_seed_226.log
185,4,-1,-1,-1,1,1,227,3101,0.09,1.43,False,Solitudine / Nessun Contatto,,,Nessuna,1,0,1,0.0,1,1,1,1,0,0,0,0,0,0,0,0,8500.0,2,1.0,1.0,0.0,False,0,0,0,0,0.02,monte_carlo_run_185_seed_227.log
186,4,-1,-1,-1,1,1,228,3101,0.139,2.44,False,Solitudine / Nessun Contatto,,,Nessuna,11,0,11,2.51,4,4,3,3,0,1,1,1,0,0,0,0,8501.27,10,1.012,0.825,-0.1863,False,4,0,1,3,339.69,monte_carlo_run_186_seed_228.log
187,4,-1,-1,-1,1,1,229,3101,0.084,1.02,False,Solitudine / Nessun Contatto,,,Nessuna,1,0,1,0.0,1,1,1,1,0,0,0,0,0,0,0,0,8500.0,2,1.0,1.0,0.0,False,0,0,0,0,0.02,monte_carlo_run_187_seed_229.log
188,4,-1,-1,-1,1,1,230,3101,0.054,1.17,False,Solitudine / Nessun Contatto,,,Nessuna,2,0,2,0.0,2,2,2,2,0,0,0,0,0,0,0,0,8500.0,5,1.0,1.0,0.0,False,0,0,1,1,0.04,monte_carlo_run_188_seed_230.log
189,4,-1,-1,-1,1,1,231,3101,0.084,1.37,False,Solitudine / Nessun Contatto,,,Nessuna,2,0,2,0.0,2,2,2,2,0,0,0,0,0,0,0,0,8500.0,6,1.0,1.0,0.0,False,0,0,1,1,0.04,monte_carlo_run_189_seed_231.log
190,4,-1,-1,-1,1,1,232,3101,0.133,3.0,False,Solitudine / Nessun Contatto,,,Nessuna,4,0,4,2.92,3,3,3,3,0,0,0,0,0,0,0,0,8500.0,10,1.013,1.013,0.0,False,0,0,3,3,143.73,monte_carlo_run_190_seed_232.log
191,4,-1,-1,-1,1,1,233,3101,0.076,1.7,False,Solitudine / Nessun Contatto,,,Nessuna,1,0,1,0.0,1,1,1,1,0,0,0,0,0,0,0,0,8500.0,2,1.0,1.0,0.0,False,0,0,0,0,0.02,monte_carlo_run_191_seed_233.log
192,4,-1,-1,-1,1,1,234,3101,0.137,1.85,False,Solitudine / Nessun Contatto,,,Nessuna,7,0,7,1.69,3,3,3,3,0,0,0,0,0,0,0,0,8500.0,10,1.007,1.007,0.0,False,0,0,1,2,147.25,monte_carlo_run_192_seed_234.log
193,4,-1,-1,-1,1,1,235,3101,0.106,2.53,False,Solitudine / Nessun Contatto,,,Nessuna,1,0,1,0.0,1,1,1,1,0,0,0,0,0,0,0,0,8500.0,2,1.0,1.0,0.0,False,0,0,0,0,0.02,monte_carlo_run_193_seed_235.log
194,4,-1,-1,-1,1,1,236,3101,0.075,1.37,False,Solitudine / Nessun Contatto,,,Nessuna,3,0,3,0.0,3,3,3,3,0,0,0,0,0,0,0,0,8500.0,10,1.0,1.0,0.0,False,0,0,2,3,0.06,monte_carlo_run_194_seed_236.log
195,4,-1,-1,-1,1,1,237,3101,0.119,2.85,False,Solitudine / Nessun Contatto,,,Nessuna,7,0,7,5.68,2,2,1,1,0,1,1,1,0,1,1,0,8504.7,4,1.022,1.208,0.1853,True,3,0,0,1,798.09,monte_carlo_run_195_seed_237.log
196,4,-1,-1,-1,1,1,238,3101,0.071,1.06,False,Solitudine / Nessun Contatto,,,Nessuna,3,0,3,0.0,3,3,3,3,0,0,0,0,0,0,0,0,8500.0,9,1.001,1.001,0.0,False,0,0,3,3,0.06,monte_carlo_run_196_seed_238.log
197,4,-1,-1,-1,1,1,239,3101,0.096,1.32,False,Solitudine / Nessun Contatto,,,Nessuna,1,0,1,0.0,1,1,1,1,0,0,0,0,0,0,0,0,8500.0,2,1.0,1.0,0.0,False,0,0,0,0,0.02,monte_carlo_run_197_seed_239.log
198,4,-1,-1,-1,1,1,240,3101,0.108,1.7,False,Solitudine / Nessun Contatto,,,Nessuna,1,0,1,0.0,1,1,1,1,0,0,0,0,0,0,0,0,8500.0,2,1.0,1.0,0.0,False,0,0,0,0,0.02,monte_carlo_run_198_seed_240.log
199,4,-1,-1,-1,1,1,241,3101,0.072,1.62,False,Solitudine / Nessun Contatto,,,Nessuna,1,0,1,0.0,1,1,1,1,0,0,0,0,0,0,0,0,8500.0,2,1.0,1.0,0.0,False,0,0,0,0,0.02,monte_carlo_run_199_seed_241.log
200,4,-1,-1,-1,1,1,242,3101,0.137,2.94,False,Solitudine / Nessun Contatto,,,Nessuna,3,0,3,0.0,2,2,2,2,0,0,0,0,0,0,0,0,8500.0,5,1.002,1.002,0.0,False,0,0,1,1,43.2,monte_carlo_run_200_seed_242.log
201,5,-1,-1,1,-1,-1,243,3101,0.28,4.29,False,Solitudine / Nessun Contatto,,,Nessuna,10,0,10,8.23,3,3,3,1,2,0,0,0,0,0,0,0,8500.0,2,1.084,1.084,0.0,False,7,0,3,3,658.38,monte_carlo_run_201_seed_243.log
202,5,-1,-1,1,-1,-1,244,3101,0.481,7.92,True,Contatto Planetario / Biofirme,47.14,8.87,Ostile,4,0,2598,39.74,324,261,26,7,14,294,280,280,0,195,117,78,9844.85,596,1.6,1.6,0.0,False,2273,0,1055,1183,10000.04,monte_carlo_run_202_seed_244.log
203,5,-1,-1,1,-1,-1,245,3101,0.371,5.11,True,Contatto Planetario / Biofirme,889.09,16.86,Cauta,37,0,2219,28.38,273,205,22,6,11,241,213,213,0,135,74,61,9525.92,456,1.6,1.6,0.0,False,1903,0,717,867,10000.24,monte_carlo_run_203_seed_245.log
204,5,-1,-1,1,-1,-1,246,3101,0.561,12.1,True,Contatto Planetario / Biofirme,263.54,19.37,Ostile,21,1,2613,33.24,343,282,29,9,17,306,285,285,0,200,138,62,9913.49,654,1.6,1.6,0.0,False,2271,0,1134,1284,10000.13,monte_carlo_run_204_seed_246.log
205,5,-1,-1,1,-1,-1,247,3101,0.475,11.21,False,Solitudine / Nessun Contatto,,,Nessuna,2590,0,2590,31.91,319,237,13,3,10,289,252,252,0,169,119,50,9704.75,561,1.522,1.6,0.0784,True,2272,0,899,1045,10000.08,monte_carlo_run_205_seed_247.log
206,5,-1,-1,1,-1,-1,248,3101,0.512,11.16,True,Incontro Flotta Deep-Space,3097.95,6.35,Biosfera Primitiva,461,0,2538,30.95,322,238,19,6,10,289,269,269,0,201,124,77,9937.14,619,1.6,1.6,0.0,False,2216,0,1281,1429,10000.02,monte_carlo_run_206_seed_248.log
207,5,-1,-1,1,-1,-1,249,3101,0.36,5.18,True,Contatto Planetario / Biofirme,155.88,6.78,Cauta,10,1,1895,26.34,244,188,19,7,9,213,150,150,0,107,45,62,9268.02,402,1.523,1.6,0.077,True,1631,0,866,943,10000.25,monte_carlo_run_207_seed_249.log
208,5,-1,-1,1,-1,-1,250,3101,0.419,5.04,True,Incontro Flotta Deep-Space,2252.94,12.83,Biosfera Primitiva,273,2,2654,41.67,279,204,16,1,13,250,247,247,0,181,92,89,9792.97,559,1.6,1.6,0.0,False,2284,0,932,991,10000.11,monte_carlo_run_208_seed_250.log
209,5,-1,-1,1,-1,-1,251,3101,0.513,12.29,True,Contatto Planetario / Biofirme,144.13,10.26,Cauta,8,1,2757,39.8,328,246,31,6,20,283,268,268,0,191,126,65,9813.47,613,1.6,1.6,0.0,False,2428,0,1013,1140,10000.03,monte_carlo_run_209_seed_251.log
210,5,-1,-1,1,-1,-1,252,3101,0.47,7.28,True,Contatto Planetario / Biofirme,1573.23,25.96,Collaborativa,102,2,2586,33.2,333,232,26,6,13,290,261,261,0,177,128,49,9779.8,615,1.6,1.6,0.0,False,2253,0,1202,1423,10000.01,monte_carlo_run_210_seed_252.log
211,5,-1,-1,1,-1,-1,253,3101,0.252,3.72,False,Solitudine / Nessun Contatto,,,Nessuna,1,0,1,0.0,3,3,3,1,2,0,0,0,0,0,0,0,8500.0,2,1.0,1.0,0.0,False,0,0,1,2,0.02,monte_carlo_run_211_seed_253.log
212,5,-1,-1,1,-1,-1,254,3101,0.246,6.06,True,Contatto Planetario / Biofirme,329.12,5.99,Collaborativa,15,1,2131,9.66,275,215,20,4,11,246,219,219,0,137,101,36,9463.16,429,1.575,1.6,0.0254,True,1848,0,703,882,10000.16,monte_carlo_run_212_seed_254.log
213,5,-1,-1,1,-1,-1,255,3101,0.417,10.4,True,Contatto Planetario / Biofirme,118.35,9.58,Ostile,7,0,2737,44.62,301,232,19,2,15,264,259,259,0,169,104,65,9747.42,548,1.6,1.6,0.0,False,2438,0,810,880,10000.01,monte_carlo_run_213_seed_255.log
214,5,-1,-1,1,-1,-1,256,3101,0.384,6.47,True,Contatto Planetario / Biofirme,536.46,10.89,Collaborativa,25,0,2414,20.91,304,230,25,1,19,265,240,240,0,169,104,65,9712.5,535,1.6,1.6,0.0,False,2108,0,1030,1198,10000.04,monte_carlo_run_214_seed_256.log
215,5,-1,-1,1,-1,-1,257,3101,0.309,4.24,False,Solitudine / Nessun Contatto,,,Nessuna,56,0,56,23.71,4,3,1,1,0,3,3,3,0,2,2,0,8517.69,8,1.595,1.379,-0.2152,False,45,0,1,3,8603.33,monte_carlo_run_215_seed_257.log
216,5,-1,-1,1,-1,-1,258,3101,0.293,5.13,True,Contatto Planetario / Biofirme,1539.32,17.05,Diffidente,104,1,2177,39.34,247,184,16,3,10,221,182,182,0,125,79,46,9394.49,407,1.566,1.6,0.0338,True,1877,0,619,752,10000.04,monte_carlo_run_216_seed_258.log
217,5,-1,-1,1,-1,-1,259,3101,0.493,6.1,True,Contatto Planetario / Biofirme,655.87,16.41,Collaborativa,44,0,1971,19.92,226,174,23,3,14,196,189,189,0,139,88,51,9480.74,432,1.6,1.6,0.0,False,1743,0,790,868,10000.4,monte_carlo_run_217_seed_259.log
218,5,-1,-1,1,-1,-1,260,3101,0.424,9.79,True,Contatto Planetario / Biofirme,435.15,14.62,Collaborativa,28,1,2643,26.73,323,234,14,6,7,297,278,278,0,195,135,60,9887.83,617,1.6,1.6,0.0,False,2320,0,1163,1325,10000.06,monte_carlo_run_218_seed_260.log
219,5,-1,-1,1,-1,-1,261,3101,0.251,3.07,False,Solitudine / Nessun Contatto,,,Nessuna,1,0,1,0.0,1,1,1,1,0,0,0,0,0,0,0,0,8500.0,2,1.0,1.0,0.0,False,0,0,0,0,0.02,monte_carlo_run_219_seed_261.log
220,5,-1,-1,1,-1,-1,262,3101,0.38,4.81,True,Contatto Planetario / Biofirme,3626.17,32.69,Collaborativa,418,0,1972,52.36,235,191,21,4,14,207,207,207,0,144,76,68,9493.32,398,1.6,1.6,0.0,False,1654,0,708,758,10000.01,monte_carlo_run_220_seed_262.log
221,5,-1,-1,1,-1,-1,263,3101,0.279,4.52,True,Incontro Flotta Deep-Space,3473.87,17.06,Leale alla Madrepatria,134,0,1301,44.73,145,117,10,2,6,129,44,44,0,25,23,2,8701.49,177,1.539,1.584,0.0448,True,1082,0,179,267,10000.09,monte_carlo_run_221_seed_263.log
222,5,-1,-1,1,-1,-1,264,3101,0.509,7.18,True,Contatto Planetario / Biofirme,141.6,19.56,Cauta,12,0,2652,26.1,325,243,24,3,20,292,275,275,0,196,123,73,9940.61,600,1.569,1.6,0.0312,True,2325,0,1042,1181,10000.11,monte_carlo_run_222_seed_264.log
223,5,-1,-1,1,-1,-1,265,3101,0.394,7.84,True,Contatto Planetario / Biofirme,238.88,8.94,Diffidente,15,1,2512,35.91,284,219,27,7,15,242,230,230,0,159,111,48,9632.31,480,1.6,1.6,0.0,False,2227,0,722,864,10000.02,monte_carlo_run_223_seed_265.log
224,5,-1,-1,1,-1,-1,266,3101,0.421,5.67,True,Incontro Flotta Deep-Space,2820.82,13.95,Biosfera Primitiva,547,2,2561,42.98,301,224,19,7,9,271,253,253,0,187,127,60,9859.74,575,1.593,1.6,0.0073,True,2244,0,1052,1222,10000.02,monte_carlo_run_224_seed_266.log
225,5,-1,-1,1,-1,-1,267,3101,0.426,5.96,True,Contatto Planetario / Biofirme,1011.47,12.07,Diffidente,62,0,2456,36.05,304,215,24,2,19,274,269,269,0,177,114,63,9763.42,513,1.6,1.6,0.0,False,2152,0,822,928,10000.01,monte_carlo_run_225_seed_267.log
226,5,-1,-1,1,-1,-1,268,3101,0.358,5.38,True,Contatto Planetario / Biofirme,279.18,8.51,Collaborativa,13,1,2724,33.12,365,285,26,2,19,326,322,322,0,222,121,101,10040.96,655,1.6,1.6,0.0,False,2326,0,1241,1364,10000.01,monte_carlo_run_226_seed_268.log
227,5,-1,-1,1,-1,-1,269,3101,0.405,9.39,True,Contatto Planetario / Biofirme,35.82,5.82,Diffidente,3,0,2347,14.66,251,187,13,3,8,226,224,224,0,148,91,57,9645.43,397,1.56,1.6,0.0395,True,2093,0,635,728,10000.26,monte_carlo_run_227_seed_269.log
228,5,-1,-1,1,-1,-1,270,3101,0.349,6.87,True,Contatto Planetario / Biofirme,193.31,10.51,Collaborativa,7,0,2389,33.82,305,224,21,4,12,273,254,254,0,175,114,61,9704.95,536,1.6,1.6,0.0,False,2083,0,960,1120,10000.15,monte_carlo_run_228_seed_270.log
229,5,-1,-1,1,-1,-1,271,3101,0.548,11.78,True,Contatto Planetario / Biofirme,86.23,19.74,Diffidente,7,0,2635,30.75,287,228,28,4,16,249,220,220,0,150,92,58,9604.88,483,1.6,1.6,0.0,False,2348,0,689,787,10000.01,monte_carlo_run_229_seed_271.log
230,5,-1,-1,1,-1,-1,272,3101,0.316,6.47,True,Incontro Flotta Deep-Space,2275.59,17.73,Collaborativa,213,1,2620,32.95,311,241,20,3,11,281,270,270,0,200,130,70,9870.06,601,1.512,1.6,0.0882,True,2307,0,1181,1349,10000.17,monte_carlo_run_230_seed_272.log
231,5,-1,-1,1,-1,-1,273,3101,0.505,11.99,True,Incontro Flotta Deep-Space,2742.17,12.14,Biosfera Primitiva,233,2,2069,13.41,253,176,19,4,14,220,208,208,0,139,85,54,9502.04,380,1.6,1.6,0.0,False,1816,0,633,737,10000.08,monte_carlo_run_231_seed_273.log
232,5,-1,-1,1,-1,-1,274,3101,0.369,6.92,True,Contatto Planetario / Biofirme,116.69,16.96,Ostile,9,0,2370,32.15,303,236,17,4,10,281,270,270,0,195,118,77,9926.45,547,1.6,1.6,0.0,False,2067,0,1156,1323,10000.0,monte_carlo_run_232_seed_274.log
233,5,-1,-1,1,-1,-1,275,3101,0.253,3.55,False,Solitudine / Nessun Contatto,,,Nessuna,18,0,18,8.14,8,7,3,0,2,5,5,5,0,4,4,0,8518.86,8,0.715,1.034,0.3191,True,12,0,8,19,2000.41,monte_carlo_run_233_seed_275.log
234,5,-1,-1,1,-1,-1,276,3101,0.553,8.34,True,Incontro Flotta Deep-Space,2719.52,7.84,Biosfera Primitiva,263,2,2543,35.6,274,202,22,3,15,235,209,209,0,145,96,49,9549.36,429,1.589,1.6,0.0112,True,2267,0,639,753,10000.03,monte_carlo_run_234_seed_276.log
235,5,-1,-1,1,-1,-1,277,3101,0.473,7.99,True,Contatto Planetario / Biofirme,140.78,9.68,Diffidente,9,0,2590,28.27,297,236,21,7,10,269,259,259,0,177,102,75,9693.33,558,1.582,1.6,0.0183,True,2290,0,941,1034,10000.05,monte_carlo_run_235_seed_277.log
236,5,-1,-1,1,-1,-1,278,3101,0.333,5.41,True,Contatto Planetario / Biofirme,872.77,12.68,Predatoria,58,0,2393,31.95,311,234,24,3,18,274,229,229,0,155,96,59,9635.72,512,1.534,1.6,0.0664,True,2065,0,971,1116,10000.08,monte_carlo_run_236_seed_278.log
237,5,-1,-1,1,-1,-1,279,3101,0.455,8.81,True,Contatto Planetario / Biofirme,17.8,8.1,Predatoria,2,1,2564,42.2,312,250,23,4,13,281,265,265,0,183,130,53,9797.84,604,1.6,1.6,0.0,False,2250,0,938,1074,10000.01,monte_carlo_run_237_seed_279.log
238,5,-1,-1,1,-1,-1,280,3101,0.599,14.27,True,Contatto Planetario / Biofirme,9.72,5.82,Cauta,2,1,2468,31.68,293,221,18,3,14,259,246,246,0,171,115,56,9728.64,538,1.6,1.6,0.0,False,2175,0,881,1020,10000.05,monte_carlo_run_238_seed_280.log
239,5,-1,-1,1,-1,-1,281,3101,0.509,10.84,True,Contatto Planetario / Biofirme,3870.97,28.5,Diffidente,461,0,2559,39.25,294,225,16,3,12,266,242,242,0,150,116,34,9594.77,501,1.6,1.6,0.0,False,2265,0,635,815,10000.0,monte_carlo_run_239_seed_281.log
240,5,-1,-1,1,-1,-1,282,3101,0.451,9.12,True,Incontro Flotta Deep-Space,701.07,0.0,Biosfera Primitiva,33,0,2585,33.25,332,251,29,4,20,293,286,286,0,204,106,98,10007.1,640,1.6,1.6,0.0,False,2249,0,1211,1281,10000.29,monte_carlo_run_240_seed_282.log
241,5,-1,-1,1,-1,-1,283,3101,0.522,7.03,True,Contatto Planetario / Biofirme,831.22,20.28,Cauta,78,0,2587,36.76,320,245,23,5,14,283,270,270,0,186,114,72,9826.57,587,1.6,1.6,0.0,False,2267,0,964,1079,10000.01,monte_carlo_run_241_seed_283.log
242,5,-1,-1,1,-1,-1,284,3101,0.563,13.59,True,Incontro Flotta Deep-Space,2287.67,15.47,Leale alla Madrepatria,506,0,2695,21.5,355,271,21,3,11,322,267,267,0,195,134,61,9918.35,679,1.6,1.6,0.0,False,2339,0,1237,1483,10000.13,monte_carlo_run_242_seed_284.log
243,5,-1,-1,1,-1,-1,285,3101,0.563,7.79,True,Incontro Flotta Deep-Space,756.71,9.93,Biosfera Primitiva,73,2,2680,42.15,291,225,23,3,19,257,239,239,0,167,106,61,9678.53,542,1.6,1.6,0.0,False,2389,0,856,963,10000.07,monte_carlo_run_243_seed_285.log
244,5,-1,-1,1,-1,-1,286,3101,0.226,2.9,False,Solitudine / Nessun Contatto,,,Nessuna,1,0,1,0.0,3,3,3,1,2,0,0,0,0,0,0,0,8500.0,2,1.001,1.001,0.0,False,0,0,2,2,0.02,monte_carlo_run_244_seed_286.log
245,5,-1,-1,1,-1,-1,287,3101,0.599,10.14,True,Incontro Flotta Deep-Space,624.87,9.96,Collaborativa,81,0,2746,32.03,316,231,27,7,14,276,235,235,0,185,140,45,9863.35,614,1.6,1.6,0.0,False,2431,0,1075,1355,10000.0,monte_carlo_run_245_seed_287.log
246,5,-1,-1,1,-1,-1,288,3101,0.255,4.14,False,Solitudine / Nessun Contatto,,,Nessuna,41,0,41,25.5,4,4,1,0,1,3,3,3,0,3,3,0,8520.83,7,0.96,1.219,0.2582,True,29,0,3,6,3141.75,monte_carlo_run_246_seed_288.log
247,5,-1,-1,1,-1,-1,289,3101,0.257,3.65,False,Solitudine / Nessun Contatto,,,Nessuna,3,0,3,4.03,2,2,2,1,1,0,0,0,0,0,0,0,8500.0,2,1.005,1.005,0.0,False,1,0,1,1,122.24,monte_carlo_run_247_seed_289.log
248,5,-1,-1,1,-1,-1,290,3101,0.297,4.33,True,Contatto Planetario / Biofirme,1199.34,7.92,Diffidente,47,0,711,42.14,85,63,12,5,6,68,68,68,0,46,31,15,8804.1,98,1.56,1.6,0.0397,True,571,0,147,183,10000.2,monte_carlo_run_248_seed_290.log
249,5,-1,-1,1,-1,-1,291,3101,0.33,4.39,True,Incontro Flotta Deep-Space,6398.55,32.65,Biosfera Primitiva,271,0,640,47.92,89,69,5,4,1,81,81,81,0,52,34,18,8867.69,137,1.462,1.6,0.1385,True,496,0,184,216,10000.45,monte_carlo_run_249_seed_291.log
250,5,-1,-1,1,-1,-1,292,3101,0.484,8.12,True,Contatto Planetario / Biofirme,321.1,18.59,Collaborativa,20,0,2572,36.76,299,240,26,2,20,259,249,249,0,183,106,77,9788.77,526,1.6,1.6,0.0,False,2275,0,942,1058,10000.03,monte_carlo_run_250_seed_292.log
251,6,-1,-1,1,-1,1,293,3101,0.445,6.66,True,Contatto Planetario / Biofirme,209.66,12.48,Diffidente,14,0,2716,38.38,332,251,25,4,16,297,289,289,0,196,117,79,9928.68,640,1.6,1.6,0.0,False,2382,0,1082,1161,10000.11,monte_carlo_run_251_seed_293.log
252,6,-1,-1,1,-1,1,294,3101,0.597,10.11,True,Contatto Planetario / Biofirme,223.93,21.29,Collaborativa,25,0,2468,24.94,326,257,29,3,21,281,161,161,0,115,94,21,9295.49,501,1.6,1.6,0.0,False,2141,0,817,1192,10000.07,monte_carlo_run_252_seed_294.log
253,6,-1,-1,1,-1,1,295,3101,0.362,7.93,False,Solitudine / Nessun Contatto,,,Nessuna,2623,1,2623,32.61,354,273,25,5,16,317,223,223,0,157,131,26,9605.54,617,1.586,1.6,0.0141,True,2269,0,1132,1459,10000.02,monte_carlo_run_253_seed_295.log
254,6,-1,-1,1,-1,1,296,3101,0.525,9.18,True,Incontro Flotta Deep-Space,3408.82,0.0,Biosfera Primitiva,104,0,1421,10.33,169,130,12,2,8,153,143,143,0,91,58,33,9166.18,223,1.6,1.6,0.0,False,1244,0,375,440,10000.06,monte_carlo_run_254_seed_296.log
255,6,-1,-1,1,-1,1,297,3101,0.211,3.33,False,Solitudine / Nessun Contatto,,,Nessuna,15,0,15,9.6,2,2,1,1,0,1,1,1,0,1,1,0,8504.38,3,1.09,1.126,0.036,True,9,0,0,1,1227.36,monte_carlo_run_255_seed_297.log
256,6,-1,-1,1,-1,1,298,3101,0.548,8.69,True,Contatto Planetario / Biofirme,126.6,12.61,Cauta,8,1,2354,33.65,296,228,22,2,17,264,258,258,0,187,104,83,9759.74,571,1.6,1.6,0.0,False,2057,0,1083,1153,10000.06,monte_carlo_run_256_seed_298.log
257,6,-1,-1,1,-1,1,299,3101,0.476,7.66,True,Contatto Planetario / Biofirme,226.74,12.15,Collaborativa,27,0,2606,28.47,332,251,29,5,18,290,159,159,0,108,76,32,9214.58,566,1.6,1.6,0.0,False,2274,0,921,1191,10000.12,monte_carlo_run_257_seed_299.log
258,6,-1,-1,1,-1,1,300,3101,0.268,5.18,True,Incontro Flotta Deep-Space,3391.56,9.82,Biosfera Primitiva,418,0,2313,29.48,296,223,23,4,13,260,258,258,0,174,104,70,9717.59,514,1.6,1.6,0.0,False,1977,0,882,960,10000.19,monte_carlo_run_258_seed_300.log
259,6,-1,-1,1,-1,1,301,3101,0.498,12.4,True,Incontro Flotta Deep-Space,4475.09,20.16,Biosfera Primitiva,926,0,2618,34.59,322,256,20,4,14,296,271,271,0,185,121,64,9868.08,597,1.6,1.6,0.0,False,2299,0,983,1154,10000.03,monte_carlo_run_259_seed_301.log
260,6,-1,-1,1,-1,1,302,3101,0.541,12.78,True,Contatto Planetario / Biofirme,49.21,10.12,Collaborativa,12,0,2562,16.27,321,243,29,9,16,277,3,3,0,2,2,0,8518.52,554,1.047,0.15,-0.8968,False,2242,0,932,1177,10000.04,monte_carlo_run_260_seed_302.log
261,6,-1,-1,1,-1,1,303,3101,0.39,8.42,True,Contatto Planetario / Biofirme,83.54,8.56,Collaborativa,7,1,2809,28.57,378,296,22,4,13,338,318,318,0,228,165,63,10103.66,740,1.6,1.6,0.0,False,2432,0,1379,1606,10000.01,monte_carlo_run_261_seed_303.log
262,6,-1,-1,1,-1,1,304,3101,0.219,3.57,False,Solitudine / Nessun Contatto,,,Nessuna,13,0,13,8.2,2,2,2,2,0,0,0,0,0,0,0,0,8500.0,6,1.097,1.097,0.0,False,10,0,1,1,810.11,monte_carlo_run_262_seed_304.log
263,6,-1,-1,1,-1,1,305,3101,0.241,5.68,True,Incontro Flotta Deep-Space,2944.89,2.73,Biosfera Primitiva,312,1,2580,33.64,334,262,23,6,15,297,289,289,0,202,112,90,9959.92,607,1.576,1.6,0.0242,True,2237,0,1137,1248,10000.05,monte_carlo_run_263_seed_305.log
264,6,-1,-1,1,-1,1,306,3101,0.24,4.77,True,Incontro Flotta Deep-Space,4960.3,26.67,Biosfera Primitiva,520,1,2133,44.1,257,198,24,6,17,226,226,226,0,153,89,64,9598.62,406,1.6,1.6,0.0,False,1778,0,667,746,10000.02,monte_carlo_run_264_seed_306.log
265,6,-1,-1,1,-1,1,307,3101,0.41,7.87,True,Contatto Planetario / Biofirme,139.21,9.99,Ostile,10,1,2464,23.64,301,237,26,5,18,264,220,220,0,158,103,55,9611.83,529,1.547,1.6,0.0531,True,2160,0,901,1029,10000.12,monte_carlo_run_265_seed_307.log
266,6,-1,-1,1,-1,1,308,3101,0.289,4.72,True,Contatto Planetario / Biofirme,13.68,3.95,Ostile,2,1,2047,35.21,238,185,18,3,15,210,210,210,0,147,83,64,9546.43,408,1.59,1.6,0.0096,True,1713,0,643,698,10000.01,monte_carlo_run_266_seed_308.log
267,6,-1,-1,1,-1,1,309,3101,0.581,11.1,True,Incontro Flotta Deep-Space,3274.11,0.0,Collaborativa,646,0,2606,33.21,307,227,21,1,16,276,262,262,0,182,125,57,9754.47,548,1.588,1.6,0.0124,True,2298,0,814,944,10000.02,monte_carlo_run_267_seed_309.log
268,6,-1,-1,1,-1,1,310,3101,0.349,7.01,True,Incontro Flotta Deep-Space,187.69,8.78,Collaborativa,20,0,2710,41.78,327,252,23,3,14,295,179,179,0,126,96,30,9394.61,597,1.496,1.6,0.1045,True,2386,0,1024,1253,10000.33,monte_carlo_run_268_seed_310.log
269,6,-1,-1,1,-1,1,311,3101,0.519,12.61,True,Incontro Flotta Deep-Space,3629.83,20.97,Leale alla Madrepatria,799,2,2456,30.03,300,224,21,4,13,262,237,237,0,167,125,42,9707.12,532,1.6,1.6,0.0,False,2149,0,945,1182,10000.12,monte_carlo_run_269_seed_311.log
270,6,-1,-1,1,-1,1,312,3101,0.472,7.07,True,Incontro Flotta Deep-Space,2426.82,6.02,Collaborativa,282,0,2597,37.69,323,241,19,5,13,285,260,260,0,181,121,60,9752.37,577,1.6,1.6,0.0,False,2271,0,999,1161,10000.0,monte_carlo_run_270_seed_312.log
271,6,-1,-1,1,-1,1,313,3101,0.401,7.15,True,Contatto Planetario / Biofirme,163.57,10.67,Cauta,21,0,2316,32.0,286,218,23,4,16,248,122,122,0,77,60,17,9062.04,457,1.6,1.6,0.0,False,2027,0,622,880,10000.29,monte_carlo_run_271_seed_313.log
272,6,-1,-1,1,-1,1,314,3101,0.592,8.85,True,Contatto Planetario / Biofirme,209.37,11.0,Collaborativa,16,1,2289,32.67,230,177,13,2,9,206,194,194,0,146,103,43,9534.72,398,1.6,1.6,0.0,False,2058,0,645,763,10000.06,monte_carlo_run_272_seed_314.log
273,6,-1,-1,1,-1,1,315,3101,0.544,13.26,True,Contatto Planetario / Biofirme,65.15,11.1,Cauta,6,1,2541,39.83,327,242,22,10,12,292,265,265,0,175,131,44,9765.37,567,1.6,1.6,0.0,False,2212,0,920,1130,10000.01,monte_carlo_run_273_seed_315.log
274,6,-1,-1,1,-1,1,316,3101,0.404,8.15,True,Contatto Planetario / Biofirme,898.64,15.39,Cauta,70,1,2410,32.62,250,197,20,1,16,222,214,214,0,135,94,41,9442.52,421,1.6,1.6,0.0,False,2158,0,587,682,10000.09,monte_carlo_run_274_seed_316.log
275,6,-1,-1,1,-1,1,317,3101,0.379,7.25,True,Incontro Flotta Deep-Space,4.73,0.0,Cauta,3,0,2792,28.29,355,272,25,5,17,315,303,303,0,210,138,72,10082.71,663,1.6,1.6,0.0,False,2438,0,1154,1264,10000.09,monte_carlo_run_275_seed_317.log
276,6,-1,-1,1,-1,1,318,3101,0.441,9.58,True,Incontro Flotta Deep-Space,90.55,19.54,Diffidente,17,0,2709,22.05,324,236,21,6,13,285,43,43,0,31,21,10,8720.75,592,1.593,1.6,0.0071,True,2387,0,956,1211,10000.06,monte_carlo_run_276_seed_318.log
277,6,-1,-1,1,-1,1,319,3101,0.333,4.87,True,Contatto Planetario / Biofirme,179.93,6.95,Diffidente,24,2,2355,39.16,294,226,27,6,18,253,206,206,0,144,83,61,9540.26,520,1.536,1.6,0.0641,True,1965,0,867,996,10000.04,monte_carlo_run_277_seed_319.log
278,6,-1,-1,1,-1,1,320,3101,0.325,5.55,True,Incontro Flotta Deep-Space,1101.64,10.22,Leale alla Madrepatria,173,1,2520,16.56,331,244,32,8,17,284,61,61,0,45,39,6,8812.52,556,1.555,1.6,0.0449,True,2168,0,956,1182,10000.02,monte_carlo_run_278_seed_320.log
279,6,-1,-1,1,-1,1,321,3101,0.599,7.7,True,Incontro Flotta Deep-Space,667.33,11.94,Biosfera Primitiva,125,1,2353,22.78,299,227,21,3,13,262,115,115,0,82,67,15,9065.03,469,1.6,1.6,0.0,False,2053,0,764,1095,10000.08,monte_carlo_run_279_seed_321.log
280,6,-1,-1,1,-1,1,322,3101,0.426,5.27,True,Contatto Planetario / Biofirme,36.03,7.49,Predatoria,7,0,2710,38.14,308,223,17,2,14,278,85,85,0,57,43,14,8887.54,564,1.534,1.6,0.0664,True,2359,0,1035,1257,10000.04,monte_carlo_run_280_seed_322.log
281,6,-1,-1,1,-1,1,323,3101,0.35,6.28,True,Contatto Planetario / Biofirme,201.43,11.63,Cauta,20,0,2418,34.37,305,245,23,6,13,271,177,177,0,128,76,52,9399.46,580,1.523,1.6,0.0774,True,2110,0,1061,1260,10000.04,monte_carlo_run_281_seed_323.log
282,6,-1,-1,1,-1,1,324,3101,0.419,7.99,True,Incontro Flotta Deep-Space,736.46,5.55,Biosfera Primitiva,37,0,2604,34.59,348,282,33,7,22,305,237,237,0,165,109,56,9697.18,608,1.599,1.6,0.0005,True,2260,0,1089,1343,10000.03,monte_carlo_run_282_seed_324.log
283,6,-1,-1,1,-1,1,325,3101,0.211,2.68,False,Solitudine / Nessun Contatto,,,Nessuna,3,0,3,0.0,2,2,2,2,0,0,0,0,0,0,0,0,8500.0,6,1.002,1.002,0.0,False,0,0,1,1,28.24,monte_carlo_run_283_seed_325.log
284,6,-1,-1,1,-1,1,326,3101,0.527,10.26,True,Incontro Flotta Deep-Space,99.9,11.1,Diffidente,12,0,2724,20.24,316,234,28,2,22,274,95,95,0,64,53,11,8974.41,510,1.523,1.6,0.0767,True,2409,0,748,1028,10000.06,monte_carlo_run_284_seed_326.log
285,6,-1,-1,1,-1,1,327,3101,0.433,9.46,True,Contatto Planetario / Biofirme,67.46,5.69,Collaborativa,16,1,2771,30.39,339,260,37,5,26,289,97,97,0,72,57,15,8969.55,596,1.576,1.6,0.024,True,2433,0,968,1299,10000.08,monte_carlo_run_285_seed_327.log
286,6,-1,-1,1,-1,1,328,3101,0.455,9.52,True,Contatto Planetario / Biofirme,3818.5,21.02,Diffidente,852,1,2629,33.71,318,252,22,8,12,285,264,264,0,183,99,84,9814.02,609,1.6,1.6,0.0,False,2311,0,974,1090,10000.01,monte_carlo_run_286_seed_328.log
287,6,-1,-1,1,-1,1,329,3101,0.498,7.93,True,Contatto Planetario / Biofirme,72.46,13.01,Collaborativa,4,1,2733,23.35,310,221,22,5,16,274,255,255,0,184,113,71,9801.94,615,1.6,1.6,0.0,False,2421,0,1213,1381,10000.0,monte_carlo_run_287_seed_329.log
288,6,-1,-1,1,-1,1,330,3101,0.374,8.23,True,Contatto Planetario / Biofirme,17.79,6.65,Ostile,2,2,2661,32.25,346,264,25,5,15,307,263,263,0,190,141,49,9819.82,628,1.6,1.6,0.0,False,2314,0,1155,1415,10000.01,monte_carlo_run_288_seed_330.log
289,6,-1,-1,1,-1,1,331,3101,0.481,9.71,True,Contatto Planetario / Biofirme,10.13,4.87,Collaborativa,2,0,2531,41.06,297,221,16,4,10,269,254,254,0,170,105,65,9773.14,506,1.6,1.6,0.0,False,2233,0,777,893,10000.29,monte_carlo_run_289_seed_331.log
290,6,-1,-1,1,-1,1,332,3101,0.517,6.28,False,Solitudine / Nessun Contatto,,,Nessuna,5,0,5,4.47,4,3,1,1,0,3,3,3,0,0,0,0,8500.63,2,1.0,0.861,-0.1395,False,0,0,0,0,137.97,monte_carlo_run_290_seed_332.log
291,6,-1,-1,1,-1,1,333,3101,0.43,8.34,True,Contatto Planetario / Biofirme,30.83,5.58,Collaborativa,6,0,2744,17.02,345,254,26,3,21,307,117,117,0,83,54,29,9088.64,640,1.515,1.6,0.0848,True,2400,0,1172,1490,10000.16,monte_carlo_run_291_seed_333.log
292,6,-1,-1,1,-1,1,334,3101,0.414,8.54,True,Contatto Planetario / Biofirme,19.12,7.91,Collaborativa,2,0,2615,37.08,315,249,26,7,17,277,268,268,0,178,105,73,9811.71,580,1.6,1.6,0.0,False,2296,0,931,1009,10000.12,monte_carlo_run_292_seed_334.log
293,6,-1,-1,1,-1,1,335,3101,0.484,8.18,True,Contatto Planetario / Biofirme,599.84,19.3,Predatoria,39,3,2481,29.94,288,231,23,3,16,253,211,211,0,164,131,33,9651.37,528,1.6,1.6,0.0,False,2190,0,958,1276,10000.01,monte_carlo_run_293_seed_335.log
294,6,-1,-1,1,-1,1,336,3101,0.329,4.63,True,Incontro Flotta Deep-Space,1803.14,7.82,Collaborativa,187,2,1910,46.8,248,196,18,3,12,218,121,121,0,91,77,14,9122.27,436,1.55,1.6,0.0502,True,1549,0,767,1003,10000.12,monte_carlo_run_294_seed_336.log
295,6,-1,-1,1,-1,1,337,3101,0.305,3.87,True,Incontro Flotta Deep-Space,844.62,0.0,Biosfera Primitiva,19,0,19,9.63,3,3,1,1,0,2,2,2,0,2,2,0,8511.03,5,1.136,1.232,0.0961,True,12,0,1,3,1454.76,monte_carlo_run_295_seed_337.log
296,6,-1,-1,1,-1,1,338,3101,0.235,4.99,True,Incontro Flotta Deep-Space,3478.64,14.35,Biosfera Primitiva,401,0,2121,41.7,243,189,17,3,8,219,215,215,0,153,85,68,9614.36,396,1.6,1.6,0.0,False,1826,0,721,809,10000.16,monte_carlo_run_296_seed_338.log
297,6,-1,-1,1,-1,1,339,3101,0.428,7.98,True,Incontro Flotta Deep-Space,929.1,19.76,Collaborativa,110,0,2538,35.97,321,239,26,5,17,285,255,255,0,173,134,39,9761.03,598,1.442,1.6,0.1584,True,2216,0,1061,1286,10000.05,monte_carlo_run_297_seed_339.log
298,6,-1,-1,1,-1,1,340,3101,0.366,7.34,True,Contatto Planetario / Biofirme,47.16,8.69,Diffidente,4,1,2594,36.59,336,268,32,6,19,293,290,290,0,193,95,98,9858.51,641,1.6,1.6,0.0,False,2259,0,1149,1206,10000.06,monte_carlo_run_298_seed_340.log
299,6,-1,-1,1,-1,1,341,3101,0.508,9.95,True,Incontro Flotta Deep-Space,3187.89,19.23,Biosfera Primitiva,681,0,2652,27.4,311,227,22,2,16,275,256,256,0,182,123,59,9759.06,574,1.6,1.6,0.0,False,2341,0,946,1107,10000.01,monte_carlo_run_299_seed_341.log
300,6,-1,-1,1,-1,1,342,3101,0.278,3.88,False,Solitudine / Nessun Contatto,,,Nessuna,52,0,52,3.84,9,7,3,1,2,6,0,0,0,0,0,0,8500.0,24,1.164,1.164,0.0,False,35,0,13,17,4016.05,monte_carlo_run_300_seed_342.log
301,7,-1,-1,1,1,-1,343,3101,0.218,5.43,True,Incontro Flotta Deep-Space,2782.26,12.33,Biosfera Primitiva,235,0,1718,26.97,87,66,6,1,5,80,53,53,0,36,29,7,8749.92,116,1.6,1.6,0.0,False,1622,0,75,125,10000.14,monte_carlo_run_301_seed_343.log
302,7,-1,-1,1,1,-1,344,3101,0.582,10.02,True,Contatto Planetario / Biofirme,445.65,16.17,Predatoria,24,1,2082,40.94,100,67,6,1,5,89,88,88,0,67,50,17,8972.98,172,1.6,1.6,0.0,False,1979,0,138,159,10000.06,monte_carlo_run_302_seed_344.log
303,7,-1,-1,1,1,-1,345,3101,0.574,11.95,True,Contatto Planetario / Biofirme,32.53,16.54,Diffidente,3,0,5,16.54,5,5,4,0,4,1,1,1,0,0,0,0,8500.2,1,0.932,0.793,-0.1389,False,0,0,1,2,131.33,monte_carlo_run_303_seed_345.log
304,7,-1,-1,1,1,-1,346,3101,0.336,8.06,True,Contatto Planetario / Biofirme,5033.13,25.66,Ostile,763,0,1990,32.97,101,78,7,4,2,91,91,91,0,55,48,7,8933.58,143,1.6,1.6,0.0,False,1886,0,112,139,10000.25,monte_carlo_run_304_seed_346.log
305,7,-1,-1,1,1,-1,347,3101,0.443,9.9,True,Incontro Flotta Deep-Space,1038.91,13.99,Biosfera Primitiva,105,0,1798,31.87,76,58,7,1,5,67,67,67,0,46,41,5,8851.3,113,1.6,1.6,0.0,False,1721,0,82,94,10000.05,monte_carlo_run_305_seed_347.log
306,7,-1,-1,1,1,-1,348,3101,0.507,9.49,True,Incontro Flotta Deep-Space,2553.95,16.12,Biosfera Primitiva,195,0,1484,43.08,67,46,5,3,2,60,60,60,0,32,27,5,8732.61,86,1.6,1.6,0.0,False,1412,0,40,49,10000.15,monte_carlo_run_306_seed_348.log
307,7,-1,-1,1,1,-1,349,3101,0.256,4.15,False,Solitudine / Nessun Contatto,,,Nessuna,228,0,228,40.38,13,9,2,1,1,10,10,10,0,7,5,2,8543.07,15,1.6,1.298,-0.3018,False,186,0,6,7,10001.28,monte_carlo_run_307_seed_349.log
308,7,-1,-1,1,1,-1,350,3101,0.368,7.32,True,Contatto Planetario / Biofirme,3613.37,22.31,Diffidente,232,1,1413,33.45,61,42,5,2,2,51,51,51,0,35,28,7,8733.52,88,1.6,1.6,0.0,False,1350,0,46,52,10000.11,monte_carlo_run_308_seed_350.log
309,7,-1,-1,1,1,-1,351,3101,0.342,4.83,True,Incontro Flotta Deep-Space,4507.18,29.5,Biosfera Primitiva,208,0,687,52.63,35,28,2,1,1,32,32,32,0,19,19,0,8632.67,42,1.6,1.45,-0.1496,False,634,0,23,29,10000.08,monte_carlo_run_309_seed_351.log
310,7,-1,-1,1,1,-1,352,3101,0.381,7.13,True,Contatto Planetario / Biofirme,364.64,16.56,Collaborativa,21,1,1686,38.67,100,79,12,1,8,83,82,82,0,51,42,9,8832.56,132,1.6,1.6,0.0,False,1584,0,106,140,10000.12,monte_carlo_run_310_seed_352.log
311,7,-1,-1,1,1,-1,353,3101,0.433,7.75,True,Contatto Planetario / Biofirme,22.21,5.65,Cauta,3,0,1681,45.2,79,65,8,2,5,69,69,69,0,48,39,9,8822.25,109,1.6,1.6,0.0,False,1599,0,74,90,10000.1,monte_carlo_run_311_seed_353.log
312,7,-1,-1,1,1,-1,354,3101,0.342,6.55,True,Contatto Planetario / Biofirme,85.52,10.44,Cauta,5,1,1620,36.07,86,60,9,1,7,72,71,71,0,40,31,9,8806.16,99,1.6,1.6,0.0,False,1532,0,55,73,10000.33,monte_carlo_run_312_seed_354.log
313,7,-1,-1,1,1,-1,355,3101,0.406,8.15,True,Contatto Planetario / Biofirme,45.54,7.59,Cauta,3,0,1573,30.58,74,56,8,2,4,64,64,64,0,40,32,8,8798.53,80,1.6,1.576,-0.0237,False,1498,0,50,68,10000.11,monte_carlo_run_313_seed_355.log
314,7,-1,-1,1,1,-1,356,3101,0.483,8.81,True,Contatto Planetario / Biofirme,710.17,12.16,Cauta,48,0,2196,41.32,93,77,5,3,1,86,84,84,0,60,47,13,8959.38,146,1.577,1.6,0.0235,True,2100,0,119,129,10000.29,monte_carlo_run_314_seed_356.log
315,7,-1,-1,1,1,-1,357,3101,0.304,6.7,True,Contatto Planetario / Biofirme,1160.26,13.22,Diffidente,50,1,1633,39.03,68,53,5,2,2,61,61,61,0,45,35,10,8834.83,98,1.6,1.6,0.0,False,1565,0,64,77,10000.08,monte_carlo_run_315_seed_357.log
316,7,-1,-1,1,1,-1,358,3101,0.331,4.91,False,Solitudine / Nessun Contatto,,,Nessuna,738,0,738,52.75,41,32,1,1,0,38,38,38,0,28,25,3,8706.08,54,1.6,1.547,-0.0529,False,678,0,34,51,10000.11,monte_carlo_run_316_seed_358.log
317,7,-1,-1,1,1,-1,359,3101,0.447,7.12,True,Incontro Flotta Deep-Space,1615.38,13.52,Biosfera Primitiva,188,0,2296,34.66,113,85,6,2,3,102,101,101,0,64,53,11,9000.81,168,1.6,1.6,0.0,False,2182,0,132,165,10000.13,monte_carlo_run_317_seed_359.log
318,7,-1,-1,1,1,-1,360,3101,0.599,8.43,True,Contatto Planetario / Biofirme,41.16,11.75,Diffidente,4,0,2201,37.33,112,86,8,2,5,100,96,96,0,75,62,13,9032.24,184,1.572,1.6,0.0276,True,2087,0,203,251,10000.12,monte_carlo_run_318_seed_360.log
319,7,-1,-1,1,1,-1,361,3101,0.417,5.09,True,Incontro Flotta Deep-Space,1797.6,7.99,Biosfera Primitiva,107,1,1876,49.07,109,87,7,2,4,97,93,93,0,66,50,16,8963.47,176,1.6,1.6,0.0,False,1723,0,191,231,10000.16,monte_carlo_run_319_seed_361.log
320,7,-1,-1,1,1,-1,362,3101,0.291,4.42,True,Incontro Flotta Deep-Space,3440.24,16.44,Biosfera Primitiva,239,0,923,37.57,40,30,4,2,1,35,32,32,0,22,16,6,8649.58,65,1.595,1.6,0.0045,True,806,0,35,43,10000.15,monte_carlo_run_320_seed_362.log
321,7,-1,-1,1,1,-1,363,3101,0.301,7.19,True,Incontro Flotta Deep-Space,4384.8,11.31,Collaborativa,538,0,1637,33.19,75,59,7,3,3,65,65,65,0,45,37,8,8829.51,95,1.561,1.6,0.0387,True,1560,0,73,88,10000.13,monte_carlo_run_321_seed_363.log
322,7,-1,-1,1,1,-1,364,3101,0.378,7.05,True,Contatto Planetario / Biofirme,13.04,4.93,Cauta,2,2,1930,39.9,91,73,4,2,2,85,85,85,0,56,45,11,8935.92,138,1.586,1.6,0.0137,True,1834,0,92,110,10000.34,monte_carlo_run_322_seed_364.log
323,7,-1,-1,1,1,-1,365,3101,0.48,9.7,True,Incontro Flotta Deep-Space,706.08,6.89,Biosfera Primitiva,47,1,1233,41.2,58,41,5,1,3,49,49,49,0,32,22,10,8715.86,80,1.6,1.6,0.0,False,1173,0,57,71,10000.58,monte_carlo_run_323_seed_365.log
324,7,-1,-1,1,1,-1,366,3101,0.22,3.81,False,Solitudine / Nessun Contatto,,,Nessuna,8,0,8,10.1,1,1,1,1,0,0,0,0,0,0,0,0,8500.0,2,1.027,1.027,0.0,False,5,0,0,0,590.99,monte_carlo_run_324_seed_366.log
325,7,-1,-1,1,1,-1,367,3101,0.447,10.06,True,Incontro Flotta Deep-Space,1006.84,14.74,Collaborativa,64,0,1676,36.67,73,57,8,1,7,63,61,61,0,43,38,5,8791.43,112,1.6,1.6,0.0,False,1599,0,84,102,10000.09,monte_carlo_run_325_seed_367.log
326,7,-1,-1,1,1,-1,368,3101,0.521,11.33,True,Incontro Flotta Deep-Space,2431.78,11.82,Biosfera Primitiva,286,0,1893,36.6,96,76,8,2,5,88,84,84,0,62,55,7,8937.98,152,1.6,1.6,0.0,False,1796,0,128,171,10000.06,monte_carlo_run_326_seed_368.log
327,7,-1,-1,1,1,-1,369,3101,0.227,4.98,False,Solitudine / Nessun Contatto,,,Nessuna,210,0,210,37.88,8,4,2,1,1,3,3,3,0,3,3,0,8522.94,9,1.59,1.238,-0.3519,False,198,0,2,4,10000.44,monte_carlo_run_327_seed_369.log
328,7,-1,-1,1,1,-1,370,3101,0.437,5.3,True,Contatto Planetario / Biofirme,6600.06,33.56,Collaborativa,1038,1,1654,42.4,67,55,11,2,8,53,53,53,0,34,30,4,8764.68,73,1.6,1.6,0.0,False,1573,0,39,47,10000.38,monte_carlo_run_328_seed_370.log
329,7,-1,-1,1,1,-1,371,3101,0.376,5.24,True,Incontro Flotta Deep-Space,3321.56,20.94,Biosfera Primitiva,93,1,476,44.17,20,16,3,1,2,16,15,15,0,11,9,2,8559.12,29,1.6,1.372,-0.2279,False,446,0,14,19,10000.1,monte_carlo_run_329_seed_371.log
330,7,-1,-1,1,1,-1,372,3101,0.525,10.56,True,Contatto Planetario / Biofirme,46.39,9.81,Diffidente,4,0,1758,46.97,76,50,8,2,5,62,62,62,0,41,34,7,8778.08,99,1.6,1.6,0.0,False,1680,0,62,70,10000.13,monte_carlo_run_330_seed_372.log
331,7,-1,-1,1,1,-1,373,3101,0.324,3.9,False,Solitudine / Nessun Contatto,,,Nessuna,81,0,81,32.97,2,2,1,1,0,1,1,1,0,1,1,0,8507.92,6,1.6,1.242,-0.358,False,62,0,0,1,6098.81,monte_carlo_run_331_seed_373.log
332,7,-1,-1,1,1,-1,374,3101,0.471,7.85,True,Contatto Planetario / Biofirme,3143.21,17.99,Diffidente,287,1,1898,37.81,83,68,5,2,2,72,72,72,0,51,46,5,8837.11,104,1.6,1.6,0.0,False,1811,0,60,85,10000.39,monte_carlo_run_332_seed_374.log
333,7,-1,-1,1,1,-1,375,3101,0.251,4.74,True,Incontro Flotta Deep-Space,4027.98,22.43,Biosfera Primitiva,232,0,1128,46.49,51,37,2,2,0,46,46,46,0,36,28,8,8748.3,71,1.6,1.6,0.0,False,1020,0,70,80,10000.04,monte_carlo_run_333_seed_375.log
334,7,-1,-1,1,1,-1,376,3101,0.336,8.35,True,Incontro Flotta Deep-Space,5996.51,24.78,Biosfera Primitiva,894,1,1868,43.65,84,68,7,2,2,74,74,74,0,55,40,15,8889.84,133,1.6,1.6,0.0,False,1783,0,121,126,10000.14,monte_carlo_run_334_seed_376.log
335,7,-1,-1,1,1,-1,377,3101,0.497,9.29,True,Contatto Planetario / Biofirme,4515.83,11.3,Diffidente,259,2,1192,29.04,71,54,7,4,2,59,58,58,0,37,32,5,8786.01,113,1.6,1.6,0.0,False,1116,0,64,87,10000.24,monte_carlo_run_335_seed_377.log
336,7,-1,-1,1,1,-1,378,3101,0.42,8.74,True,Incontro Flotta Deep-Space,4395.87,26.33,Biosfera Primitiva,393,3,1492,37.55,63,43,6,2,3,50,50,50,0,34,27,7,8744.33,75,1.6,1.6,0.0,False,1427,0,38,48,10000.21,monte_carlo_run_336_seed_378.log
337,7,-1,-1,1,1,-1,379,3101,0.407,7.11,True,Incontro Flotta Deep-Space,2146.98,0.0,Collaborativa,174,0,1690,30.41,86,65,3,1,2,79,79,79,0,51,41,10,8879.28,136,1.6,1.6,0.0,False,1601,0,111,135,10000.06,monte_carlo_run_337_seed_379.log
338,7,-1,-1,1,1,-1,380,3101,0.384,6.28,True,Contatto Planetario / Biofirme,28.08,7.53,Cauta,3,0,1651,35.68,72,58,7,3,4,58,57,57,0,37,32,5,8771.61,86,1.559,1.6,0.0408,True,1576,0,64,90,10000.22,monte_carlo_run_338_seed_380.log
339,7,-1,-1,1,1,-1,381,3101,0.222,3.7,False,Solitudine / Nessun Contatto,,,Nessuna,9,0,9,6.61,3,3,3,1,2,0,0,0,0,0,0,0,8500.0,2,1.089,1.089,0.0,False,7,0,2,2,641.83,monte_carlo_run_339_seed_381.log
340,7,-1,-1,1,1,-1,382,3101,0.318,6.6,True,Contatto Planetario / Biofirme,1597.53,18.34,Cauta,100,1,1650,37.8,76,58,5,2,3,69,69,69,0,44,40,4,8832.39,111,1.6,1.6,0.0,False,1572,0,68,80,10000.08,monte_carlo_run_340_seed_382.log
341,7,-1,-1,1,1,-1,383,3101,0.526,11.06,True,Contatto Planetario / Biofirme,15.61,8.21,Collaborativa,2,1,1897,34.21,89,67,5,2,3,79,78,78,0,59,41,18,8903.35,160,1.6,1.6,0.0,False,1806,0,114,138,10000.16,monte_carlo_run_341_seed_383.log
342,7,-1,-1,1,1,-1,384,3101,0.304,5.12,True,Contatto Planetario / Biofirme,320.02,12.01,Cauta,13,0,632,41.22,31,25,4,1,2,25,25,25,0,15,15,0,8594.14,36,1.6,1.331,-0.269,False,594,0,17,25,10000.34,monte_carlo_run_342_seed_384.log
343,7,-1,-1,1,1,-1,385,3101,0.428,10.18,True,Contatto Planetario / Biofirme,170.79,10.99,Collaborativa,10,0,1923,38.65,97,78,9,1,2,86,86,86,0,59,52,7,8906.22,133,1.6,1.6,0.0,False,1821,0,101,119,10000.19,monte_carlo_run_343_seed_385.log
344,7,-1,-1,1,1,-1,386,3101,0.433,9.17,True,Contatto Planetario / Biofirme,1208.85,23.36,Diffidente,99,2,1853,36.95,87,62,8,3,4,71,71,71,0,47,43,4,8840.74,118,1.6,1.6,0.0,False,1763,0,76,89,10000.19,monte_carlo_run_344_seed_386.log
345,7,-1,-1,1,1,-1,387,3101,0.411,9.26,True,Contatto Planetario / Biofirme,1249.56,27.39,Collaborativa,118,0,1725,43.16,93,71,6,2,3,83,80,80,0,63,49,14,8960.29,155,1.6,1.6,0.0,False,1630,0,179,208,10000.34,monte_carlo_run_345_seed_387.log
346,7,-1,-1,1,1,-1,388,3101,0.294,4.23,True,Incontro Flotta Deep-Space,4352.62,38.62,Biosfera Primitiva,135,0,434,42.58,22,16,4,1,2,17,17,17,0,14,9,5,8591.53,28,1.6,1.454,-0.1464,False,371,0,15,18,10000.91,monte_carlo_run_346_seed_388.log
347,7,-1,-1,1,1,-1,389,3101,0.394,9.38,True,Contatto Planetario / Biofirme,119.41,12.1,Predatoria,7,2,1981,36.3,112,78,10,2,7,89,88,88,0,61,43,18,8931.56,156,1.6,1.6,0.0,False,1866,0,136,161,10000.21,monte_carlo_run_347_seed_389.log
348,7,-1,-1,1,1,-1,390,3101,0.45,6.89,True,Incontro Flotta Deep-Space,960.7,16.11,Biosfera Primitiva,82,0,2089,41.64,96,69,7,3,2,89,86,86,0,60,53,7,8929.83,141,1.6,1.6,0.0,False,1991,0,111,136,10000.0,monte_carlo_run_348_seed_390.log
349,7,-1,-1,1,1,-1,391,3101,0.259,4.82,False,Solitudine / Nessun Contatto,,,Nessuna,991,0,991,52.87,52,37,7,2,4,41,41,41,0,28,18,10,8691.27,62,1.6,1.6,0.0,False,913,0,45,52,10001.34,monte_carlo_run_349_seed_391.log
350,7,-1,-1,1,1,-1,392,3101,0.434,10.05,True,Contatto Planetario / Biofirme,2440.7,19.01,Cauta,165,0,1355,47.55,65,54,7,3,4,55,54,54,0,32,28,4,8712.04,87,1.6,1.6,0.0,False,1287,0,33,51,10000.04,monte_carlo_run_350_seed_392.log
351,8,-1,-1,1,1,1,393,3101,0.328,4.09,False,Solitudine / Nessun Contatto,,,Nessuna,41,0,41,15.26,4,4,1,1,0,3,3,3,0,3,3,0,8522.01,6,1.018,1.359,0.3415,True,32,0,3,6,4772.43,monte_carlo_run_351_seed_393.log
352,8,-1,-1,1,1,1,394,3101,0.358,8.73,True,Incontro Flotta Deep-Space,164.32,5.34,Cauta,15,0,1179,24.91,60,50,7,2,3,52,50,50,0,31,26,5,8733.51,78,1.6,1.6,0.0,False,1116,0,52,72,10000.79,monte_carlo_run_352_seed_394.log
353,8,-1,-1,1,1,1,395,3101,0.393,9.4,True,Incontro Flotta Deep-Space,0.02,1.83,Diffidente,3,0,351,8.23,18,12,3,2,1,14,0,0,0,0,0,0,8500.0,31,1.588,1.588,0.0,False,331,0,5,11,10000.38,monte_carlo_run_353_seed_395.log
354,8,-1,-1,1,1,1,396,3101,0.515,7.98,True,Incontro Flotta Deep-Space,216.01,9.12,Leale alla Madrepatria,23,0,982,14.93,51,37,5,3,2,45,28,28,0,13,11,2,8593.94,77,1.6,1.588,-0.0118,False,929,0,38,53,10000.09,monte_carlo_run_354_seed_396.log
355,8,-1,-1,1,1,1,397,3101,0.468,11.08,False,Solitudine / Nessun Contatto,,,Nessuna,1490,0,1490,12.16,85,66,9,3,6,73,25,25,0,18,14,4,8639.35,148,1.6,1.6,0.0,False,1403,0,77,116,10000.37,monte_carlo_run_355_seed_397.log
356,8,-1,-1,1,1,1,398,3101,0.6,13.58,True,Incontro Flotta Deep-Space,462.42,13.96,Cauta,73,1,2242,36.34,105,83,8,3,4,94,63,63,0,41,29,12,8769.61,180,1.589,1.6,0.0105,True,2136,0,115,143,10000.26,monte_carlo_run_356_seed_398.log
357,8,-1,-1,1,1,1,399,3101,0.301,7.24,True,Incontro Flotta Deep-Space,3371.99,17.01,Leale alla Madrepatria,398,0,1176,41.52,50,38,6,3,2,40,25,25,0,19,15,4,8657.16,93,1.6,1.6,0.0,False,1123,0,44,69,10000.55,monte_carlo_run_357_seed_399.log
358,8,-1,-1,1,1,1,400,3101,0.463,6.58,True,Contatto Planetario / Biofirme,64.85,7.76,Diffidente,9,0,1076,14.61,42,29,2,1,1,39,0,0,0,0,0,0,8500.0,72,1.4,1.4,0.0,False,1032,0,34,48,10001.3,monte_carlo_run_358_seed_400.log
359,8,-1,-1,1,1,1,401,3101,0.301,6.45,True,Incontro Flotta Deep-Space,221.69,8.84,Diffidente,17,0,1736,17.4,80,62,5,1,4,73,34,34,0,22,19,3,8677.75,115,1.6,1.6,0.0,False,1653,0,59,88,10000.18,monte_carlo_run_359_seed_401.log
360,8,-1,-1,1,1,1,402,3101,0.291,3.71,False,Solitudine / Nessun Contatto,,,Nessuna,5,0,5,0.0,2,2,2,2,0,0,0,0,0,0,0,0,8500.0,5,1.001,1.001,0.0,False,2,0,0,1,206.39,monte_carlo_run_360_seed_402.log
361,8,-1,-1,1,1,1,403,3101,0.596,14.59,True,Contatto Planetario / Biofirme,129.8,19.79,Cauta,17,0,2148,40.09,96,83,7,2,5,87,75,75,0,49,41,8,8845.73,148,1.554,1.6,0.0459,True,2050,0,89,128,10000.47,monte_carlo_run_361_seed_403.log
362,8,-1,-1,1,1,1,404,3101,0.528,10.7,True,Incontro Flotta Deep-Space,1871.21,5.5,Biosfera Primitiva,171,0,1756,38.26,80,62,10,2,6,69,69,69,0,41,35,6,8798.9,109,1.6,1.6,0.0,False,1670,0,60,73,10000.01,monte_carlo_run_362_seed_404.log
363,8,-1,-1,1,1,1,405,3101,0.578,8.79,True,Incontro Flotta Deep-Space,474.29,0.0,Cauta,45,1,1242,26.35,74,56,5,2,2,67,39,39,0,27,21,6,8698.38,108,1.573,1.6,0.0265,True,1166,0,51,80,10000.17,monte_carlo_run_363_seed_405.log
364,8,-1,-1,1,1,1,406,3101,0.272,4.23,False,Solitudine / Nessun Contatto,,,Nessuna,6,0,6,6.53,2,2,1,1,0,1,1,1,0,1,1,0,8503.56,3,1.025,1.095,0.0704,True,4,0,0,1,660.7,monte_carlo_run_364_seed_406.log
365,8,-1,-1,1,1,1,407,3101,0.502,8.79,True,Incontro Flotta Deep-Space,1181.19,13.97,Biosfera Primitiva,72,0,1841,32.28,81,65,3,1,2,77,77,77,0,47,35,12,8823.49,127,1.592,1.6,0.0078,True,1757,0,81,88,10000.18,monte_carlo_run_365_seed_407.log
366,8,-1,-1,1,1,1,408,3101,0.551,9.59,True,Incontro Flotta Deep-Space,635.27,13.97,Collaborativa,109,0,2131,19.73,98,71,15,4,8,79,9,9,0,7,5,2,8548.46,178,1.6,1.466,-0.1344,False,2032,0,94,115,10000.3,monte_carlo_run_366_seed_408.log
367,8,-1,-1,1,1,1,409,3101,0.338,5.97,True,Incontro Flotta Deep-Space,305.31,7.67,Cauta,42,0,2135,20.51,118,90,13,3,8,95,55,55,0,43,41,2,8800.18,161,1.576,1.6,0.0238,True,2011,0,110,176,10000.2,monte_carlo_run_367_seed_409.log
368,8,-1,-1,1,1,1,410,3101,0.465,8.12,True,Incontro Flotta Deep-Space,3015.53,22.82,Biosfera Primitiva,346,1,1727,38.33,70,50,3,2,1,64,64,64,0,44,35,9,8814.07,117,1.6,1.6,0.0,False,1655,0,82,92,10000.43,monte_carlo_run_368_seed_410.log
369,8,-1,-1,1,1,1,411,3101,0.336,8.29,True,Incontro Flotta Deep-Space,1216.76,13.36,Biosfera Primitiva,71,1,1406,38.23,60,41,4,2,2,55,55,55,0,40,35,5,8789.74,96,1.559,1.6,0.0411,True,1343,0,64,80,10000.54,monte_carlo_run_369_seed_411.log
370,8,-1,-1,1,1,1,412,3101,0.501,7.81,True,Incontro Flotta Deep-Space,786.78,15.43,Cauta,149,0,2278,24.12,102,82,8,2,3,93,21,21,0,14,13,1,8575.44,180,1.6,1.599,-0.0009,False,2174,0,68,106,10000.14,monte_carlo_run_370_seed_412.log
371,8,-1,-1,1,1,1,413,3101,0.216,3.13,False,Solitudine / Nessun Contatto,,,Nessuna,19,0,19,3.99,2,2,2,2,0,0,0,0,0,0,0,0,8500.0,5,1.037,1.037,0.0,False,14,0,1,1,670.5,monte_carlo_run_371_seed_413.log
372,8,-1,-1,1,1,1,414,3101,0.222,5.31,True,Incontro Flotta Deep-Space,7308.37,36.29,Biosfera Primitiva,715,0,1190,48.8,67,52,5,3,2,58,50,50,0,37,31,6,8762.36,107,1.6,1.6,0.0,False,1106,0,71,88,10000.66,monte_carlo_run_372_seed_414.log
373,8,-1,-1,1,1,1,415,3101,0.586,11.58,True,Incontro Flotta Deep-Space,48.97,11.03,Diffidente,6,0,1398,20.75,68,55,9,2,6,55,36,36,0,21,21,0,8652.12,83,1.6,1.6,0.0,False,1328,0,36,65,10000.25,monte_carlo_run_373_seed_415.log
374,8,-1,-1,1,1,1,416,3101,0.348,7.02,True,Incontro Flotta Deep-Space,1529.68,3.13,Biosfera Primitiva,118,1,1750,46.61,76,57,8,2,5,63,63,63,0,39,31,8,8778.5,93,1.6,1.6,0.0,False,1671,0,67,83,10000.13,monte_carlo_run_374_seed_416.log
375,8,-1,-1,1,1,1,417,3101,0.377,4.72,True,Contatto Planetario / Biofirme,191.16,10.01,Ostile,9,0,852,40.26,50,42,4,1,3,45,45,45,0,30,25,5,8720.94,70,1.6,1.533,-0.0666,False,765,0,43,55,10000.03,monte_carlo_run_375_seed_417.log
376,8,-1,-1,1,1,1,418,3101,0.316,5.95,True,Incontro Flotta Deep-Space,2903.53,15.27,Biosfera Primitiva,289,2,1964,38.48,97,75,4,2,2,90,60,60,0,37,31,6,8793.47,137,1.6,1.6,0.0,False,1863,0,80,115,10000.02,monte_carlo_run_376_seed_418.log
377,8,-1,-1,1,1,1,419,3101,0.443,9.25,True,Contatto Planetario / Biofirme,1412.88,18.6,Diffidente,64,0,1722,40.88,88,74,6,3,3,80,79,79,0,52,42,10,8864.98,136,1.6,1.6,0.0,False,1634,0,98,112,10000.32,monte_carlo_run_377_seed_419.log
378,8,-1,-1,1,1,1,420,3101,0.327,5.62,True,Incontro Flotta Deep-Space,894.74,16.86,Collaborativa,51,0,1554,20.82,73,54,4,3,1,66,66,66,0,44,32,12,8844.05,105,1.595,1.6,0.0055,True,1472,0,85,97,10000.35,monte_carlo_run_378_seed_420.log
379,8,-1,-1,1,1,1,421,3101,0.484,9.04,True,Incontro Flotta Deep-Space,1589.45,9.6,Biosfera Primitiva,162,0,1309,34.45,72,55,4,1,3,64,58,58,0,35,28,7,8744.2,98,1.556,1.6,0.0436,True,1236,0,68,86,10000.3,monte_carlo_run_379_seed_421.log
380,8,-1,-1,1,1,1,422,3101,0.521,11.09,True,Contatto Planetario / Biofirme,15.7,8.18,Collaborativa,4,1,1689,34.24,86,61,5,1,4,77,48,48,0,31,26,5,8711.44,131,1.586,1.6,0.0142,True,1601,0,59,92,10000.24,monte_carlo_run_380_seed_422.log
381,8,-1,-1,1,1,1,423,3101,0.366,9.02,True,Incontro Flotta Deep-Space,593.03,12.07,Leale alla Madrepatria,53,0,1475,22.55,70,60,6,2,2,64,33,33,0,23,19,4,8677.08,115,1.6,1.6,0.0,False,1401,0,61,104,10000.05,monte_carlo_run_381_seed_423.log
382,8,-1,-1,1,1,1,424,3101,0.551,12.72,True,Incontro Flotta Deep-Space,94.92,9.72,Diffidente,14,0,1405,26.35,69,60,12,3,6,55,54,54,0,31,29,2,8733.1,85,1.6,1.6,0.0,False,1335,0,37,63,10000.25,monte_carlo_run_382_seed_424.log
383,8,-1,-1,1,1,1,425,3101,0.384,7.98,True,Incontro Flotta Deep-Space,243.0,10.21,Ostile,23,0,52,10.25,2,2,2,2,0,0,0,0,0,0,0,0,8500.0,7,1.3,1.3,0.0,False,50,0,0,1,1676.04,monte_carlo_run_383_seed_425.log
384,8,-1,-1,1,1,1,426,3101,0.437,10.71,True,Incontro Flotta Deep-Space,2334.78,2.39,Biosfera Primitiva,181,0,1432,39.65,53,45,5,1,4,47,44,44,0,36,33,3,8767.38,75,1.6,1.6,0.0,False,1376,0,48,60,10000.43,monte_carlo_run_384_seed_426.log
385,8,-1,-1,1,1,1,427,3101,0.423,5.86,True,Incontro Flotta Deep-Space,105.03,0.0,Cauta,17,0,1651,24.88,72,51,9,4,4,61,53,53,0,41,36,5,8771.71,107,1.6,1.6,0.0,False,1576,0,64,95,10000.38,monte_carlo_run_385_seed_427.log
386,8,-1,-1,1,1,1,428,3101,0.31,6.86,True,Incontro Flotta Deep-Space,1639.94,7.78,Cauta,233,0,1834,30.82,100,77,8,3,5,91,29,29,0,20,20,0,8623.21,182,1.588,1.6,0.0123,True,1734,0,123,174,10000.76,monte_carlo_run_386_seed_428.log
387,8,-1,-1,1,1,1,429,3101,0.287,3.78,False,Solitudine / Nessun Contatto,,,Nessuna,7,0,7,7.09,2,1,1,1,0,1,1,1,0,0,0,0,8501.05,3,1.018,0.874,-0.1442,False,3,0,0,0,630.34,monte_carlo_run_387_seed_429.log
388,8,-1,-1,1,1,1,430,3101,0.539,13.28,True,Incontro Flotta Deep-Space,0.02,8.21,Cauta,3,1,1776,28.73,76,54,9,5,2,63,39,39,0,21,18,3,8666.31,100,1.6,1.6,0.0,False,1697,0,43,63,10000.35,monte_carlo_run_388_seed_430.log
389,8,-1,-1,1,1,1,431,3101,0.507,7.1,True,Contatto Planetario / Biofirme,1047.89,27.99,Diffidente,96,1,1770,34.12,87,70,8,1,7,76,76,76,0,48,40,8,8874.71,124,1.6,1.6,0.0,False,1679,0,104,120,10000.16,monte_carlo_run_389_seed_431.log
390,8,-1,-1,1,1,1,432,3101,0.334,5.8,True,Incontro Flotta Deep-Space,6027.22,21.61,Biosfera Primitiva,407,0,975,32.93,45,35,6,1,5,37,37,37,0,26,19,7,8687.86,69,1.6,1.6,0.0,False,923,0,47,51,10000.21,monte_carlo_run_390_seed_432.log
391,8,-1,-1,1,1,1,433,3101,0.471,6.43,True,Contatto Planetario / Biofirme,8.38,3.95,Cauta,4,0,1495,26.23,71,58,10,3,5,58,31,31,0,25,22,3,8668.18,108,1.6,1.6,0.0,False,1421,0,74,106,10000.41,monte_carlo_run_391_seed_433.log
392,8,-1,-1,1,1,1,434,3101,0.553,8.17,True,Contatto Planetario / Biofirme,2658.43,10.25,Collaborativa,381,1,2118,43.79,103,84,11,3,7,88,88,88,0,58,45,13,8872.94,144,1.6,1.6,0.0,False,2013,0,113,124,10000.02,monte_carlo_run_392_seed_434.log
393,8,-1,-1,1,1,1,435,3101,0.246,5.0,False,Solitudine / Nessun Contatto,,,Nessuna,989,0,989,31.15,43,32,4,1,1,38,38,38,0,26,21,5,8697.14,61,1.6,1.6,0.0,False,921,0,39,47,10000.73,monte_carlo_run_393_seed_435.log
394,8,-1,-1,1,1,1,436,3101,0.418,5.66,True,Incontro Flotta Deep-Space,192.06,6.97,Collaborativa,30,0,1893,18.38,119,98,11,3,6,105,15,15,0,12,10,2,8589.72,223,1.594,1.6,0.0062,True,1767,0,176,257,10000.67,monte_carlo_run_394_seed_436.log
395,8,-1,-1,1,1,1,437,3101,0.387,8.28,True,Incontro Flotta Deep-Space,660.62,3.36,Biosfera Primitiva,41,0,1901,32.74,99,80,7,2,3,91,84,84,0,53,43,10,8881.98,140,1.6,1.6,0.0,False,1800,0,95,115,10000.32,monte_carlo_run_395_seed_437.log
396,8,-1,-1,1,1,1,438,3101,0.415,7.62,True,Incontro Flotta Deep-Space,6404.32,22.02,Biosfera Primitiva,1167,0,1889,33.22,87,65,3,2,1,78,78,78,0,50,41,9,8884.26,123,1.6,1.6,0.0,False,1800,0,79,90,10000.01,monte_carlo_run_396_seed_438.log
397,8,-1,-1,1,1,1,439,3101,0.549,7.58,True,Contatto Planetario / Biofirme,479.08,12.7,Cauta,53,1,2115,36.11,96,71,11,2,7,80,37,37,0,24,22,2,8690.02,143,1.6,1.6,0.0,False,2017,0,89,110,10000.12,monte_carlo_run_397_seed_439.log
398,8,-1,-1,1,1,1,440,3101,0.341,7.16,True,Contatto Planetario / Biofirme,1952.53,17.86,Predatoria,120,0,1908,35.16,89,60,5,2,2,79,77,77,0,57,40,17,8872.88,153,1.567,1.6,0.0326,True,1815,0,138,157,10000.04,monte_carlo_run_398_seed_440.log
399,8,-1,-1,1,1,1,441,3101,0.561,10.0,True,Incontro Flotta Deep-Space,70.36,9.5,Ostile,13,0,2039,13.57,91,71,6,2,3,82,54,54,0,35,30,5,8744.34,154,1.6,1.6,0.0,False,1948,0,111,153,10000.34,monte_carlo_run_399_seed_441.log
400,8,-1,-1,1,1,1,442,3101,0.398,5.33,True,Incontro Flotta Deep-Space,5632.46,18.78,Biosfera Primitiva,648,1,1292,46.1,67,52,7,1,5,55,55,55,0,36,33,3,8754.11,79,1.6,1.6,0.0,False,1216,0,46,60,10000.09,monte_carlo_run_400_seed_442.log
401,9,-1,1,-1,-1,-1,443,3101,0.063,0.85,False,Solitudine / Nessun Contatto,,,Nessuna,2,0,2,0.83,3,3,3,0,3,0,0,0,0,0,0,0,8500.0,1,0.961,0.961,0.0,False,0,0,1,3,52.97,monte_carlo_run_401_seed_443.log
402,9,-1,1,-1,-1,-1,444,3101,0.058,1.36,False,Solitudine / Nessun Contatto,,,Nessuna,1,0,1,0.0,1,1,1,1,0,0,0,0,0,0,0,0,8500.0,2,1.0,1.0,0.0,False,0,0,0,0,0.02,monte_carlo_run_402_seed_444.log
403,9,-1,1,-1,-1,-1,445,3101,0.094,2.03,False,Solitudine / Nessun Contatto,,,Nessuna,1,0,1,0.0,3,3,3,1,2,0,0,0,0,0,0,0,8500.0,2,1.0,1.0,0.0,False,0,0,0,3,0.02,monte_carlo_run_403_seed_445.log
404,9,-1,1,-1,-1,-1,446,3101,0.108,1.87,False,Solitudine / Nessun Contatto,,,Nessuna,2,0,2,1.15,2,2,2,0,2,0,0,0,0,0,0,0,8500.0,1,0.976,0.976,0.0,False,0,0,0,1,42.46,monte_carlo_run_404_seed_446.log
405,9,-1,1,-1,-1,-1,447,3101,0.114,2.39,False,Solitudine / Nessun Contatto,,,Nessuna,1,0,1,0.0,2,2,2,1,1,0,0,0,0,0,0,0,8500.0,2,1.0,1.0,0.0,False,0,0,0,1,0.02,monte_carlo_run_405_seed_447.log
406,9,-1,1,-1,-1,-1,448,3101,0.076,1.26,False,Solitudine / Nessun Contatto,,,Nessuna,1,0,1,0.0,3,3,3,1,2,0,0,0,0,0,0,0,8500.0,2,1.0,1.0,0.0,False,0,0,1,3,0.02,monte_carlo_run_406_seed_448.log
407,9,-1,1,-1,-1,-1,449,3101,0.105,1.53,False,Solitudine / Nessun Contatto,,,Nessuna,1,0,1,0.0,2,2,2,0,2,0,0,0,0,0,0,0,8500.0,1,0.985,0.985,0.0,False,0,0,0,1,0.02,monte_carlo_run_407_seed_449.log
408,9,-1,1,-1,-1,-1,450,3101,0.147,3.01,False,Solitudine / Nessun Contatto,,,Nessuna,6,0,6,7.28,2,1,1,1,0,0,0,0,0,0,0,0,8500.0,2,1.01,1.01,0.0,False,3,0,0,1,355.58,monte_carlo_run_408_seed_450.log
409,9,-1,1,-1,-1,-1,451,3101,0.116,2.64,False,Solitudine / Nessun Contatto,,,Nessuna,2,0,2,2.56,1,1,1,1,0,0,0,0,0,0,0,0,8500.0,2,1.0,1.0,0.0,False,0,0,0,0,134.47,monte_carlo_run_409_seed_451.log
410,9,-1,1,-1,-1,-1,452,3101,0.09,1.56,False,Solitudine / Nessun Contatto,,,Nessuna,1,0,1,0.0,2,2,2,1,1,0,0,0,0,0,0,0,8500.0,2,1.0,1.0,0.0,False,0,0,1,1,0.02,monte_carlo_run_410_seed_452.log
411,9,-1,1,-1,-1,-1,453,3101,0.064,1.35,False,Solitudine / Nessun Contatto,,,Nessuna,1,0,1,0.0,1,1,1,1,0,0,0,0,0,0,0,0,8500.0,2,1.0,1.0,0.0,False,0,0,0,0,0.02,monte_carlo_run_411_seed_453.log
412,9,-1,1,-1,-1,-1,454,3101,0.098,1.23,False,Solitudine / Nessun Contatto,,,Nessuna,1,0,1,0.0,1,1,1,1,0,0,0,0,0,0,0,0,8500.0,2,1.0,1.0,0.0,False,0,0,0,0,0.02,monte_carlo_run_412_seed_454.log
413,9,-1,1,-1,-1,-1,455,3101,0.102,2.02,False,Solitudine / Nessun Contatto,,,Nessuna,2,0,2,0.97,2,2,2,1,1,0,0,0,0,0,0,0,8500.0,2,1.002,1.002,0.0,False,0,0,1,1,37.87,monte_carlo_run_413_seed_455.log
414,9,-1,1,-1,-1,-1,456,3101,0.089,1.76,False,Solitudine / Nessun Contatto,,,Nessuna,2,0,2,1.29,1,1,1,1,0,0,0,0,0,0,0,0,8500.0,2,1.0,1.0,0.0,False,0,0,0,0,92.25,monte_carlo_run_414_seed_456.log
415,9,-1,1,-1,-1,-1,457,3101,0.074,1.68,False,Solitudine / Nessun Contatto,,,Nessuna,1,0,1,0.0,1,1,1,1,0,0,0,0,0,0,0,0,8500.0,2,1.0,1.0,0.0,False,0,0,0,0,0.02,monte_carlo_run_415_seed_457.log
416,9,-1,1,-1,-1,-1,458,3101,0.097,1.32,False,Solitudine / Nessun Contatto,,,Nessuna,1,0,1,0.0,1,1,1,1,0,0,0,0,0,0,0,0,8500.0,2,1.0,1.0,0.0,False,0,0,0,0,0.02,monte_carlo_run_416_seed_458.log
417,9,-1,1,-1,-1,-1,459,3101,0.147,2.66,False,Solitudine / Nessun Contatto,,,Nessuna,6,0,6,4.31,1,1,1,1,0,0,0,0,0,0,0,0,8500.0,2,1.011,1.011,0.0,False,3,0,0,0,375.0,monte_carlo_run_417_seed_459.log
418,9,-1,1,-1,-1,-1,460,3101,0.108,2.51,False,Solitudine / Nessun Contatto,,,Nessuna,1,0,1,0.0,2,2,2,1,1,0,0,0,0,0,0,0,8500.0,2,1.0,1.0,0.0,False,0,0,1,1,0.02,monte_carlo_run_418_seed_460.log
419,9,-1,1,-1,-1,-1,461,3101,0.054,1.03,False,Solitudine / Nessun Contatto,,,Nessuna,1,0,1,0.0,1,1,1,1,0,0,0,0,0,0,0,0,8500.0,2,1.0,1.0,0.0,False,0,0,0,0,0.02,monte_carlo_run_419_seed_461.log
420,9,-1,1,-1,-1,-1,462,3101,0.094,1.84,False,Solitudine / Nessun Contatto,,,Nessuna,1,0,1,0.0,2,2,2,0,2,0,0,0,0,0,0,0,8500.0,1,0.985,0.985,0.0,False,0,0,0,1,0.02,monte_carlo_run_420_seed_462.log
421,9,-1,1,-1,-1,-1,463,3101,0.101,1.24,False,Solitudine / Nessun Contatto,,,Nessuna,1,0,1,0.0,3,3,3,0,3,0,0,0,0,0,0,0,8500.0,1,0.985,0.985,0.0,False,0,0,1,2,0.02,monte_carlo_run_421_seed_463.log
422,9,-1,1,-1,-1,-1,464,3101,0.122,1.95,False,Solitudine / Nessun Contatto,,,Nessuna,2,0,2,1.94,2,2,1,1,0,1,1,1,0,0,0,0,8500.1,2,1.0,0.846,-0.1544,False,0,0,0,0,115.32,monte_carlo_run_422_seed_464.log
423,9,-1,1,-1,-1,-1,465,3101,0.116,2.75,False,Solitudine / Nessun Contatto,,,Nessuna,2,0,2,2.62,1,1,1,1,0,0,0,0,0,0,0,0,8500.0,2,1.0,1.0,0.0,False,0,0,0,0,137.81,monte_carlo_run_423_seed_465.log
424,9,-1,1,-1,-1,-1,466,3101,0.063,1.31,False,Solitudine / Nessun Contatto,,,Nessuna,1,0,1,0.0,2,2,2,1,1,0,0,0,0,0,0,0,8500.0,2,1.0,1.0,0.0,False,0,0,1,1,0.02,monte_carlo_run_424_seed_466.log
425,9,-1,1,-1,-1,-1,467,3101,0.067,0.87,False,Solitudine / Nessun Contatto,,,Nessuna,1,0,1,0.0,1,1,1,1,0,0,0,0,0,0,0,0,8500.0,2,1.0,1.0,0.0,False,0,0,0,0,0.02,monte_carlo_run_425_seed_467.log
426,9,-1,1,-1,-1,-1,468,3101,0.113,2.04,False,Solitudine / Nessun Contatto,,,Nessuna,1,0,1,0.0,2,2,2,1,1,0,0,0,0,0,0,0,8500.0,2,1.0,1.0,0.0,False,0,0,1,1,0.02,monte_carlo_run_426_seed_468.log
427,9,-1,1,-1,-1,-1,469,3101,0.134,2.16,False,Solitudine / Nessun Contatto,,,Nessuna,1,0,1,0.0,1,1,1,1,0,0,0,0,0,0,0,0,8500.0,2,1.0,1.0,0.0,False,0,0,0,0,0.02,monte_carlo_run_427_seed_469.log
428,9,-1,1,-1,-1,-1,470,3101,0.072,1.48,False,Solitudine / Nessun Contatto,,,Nessuna,1,0,1,0.0,1,1,1,1,0,0,0,0,0,0,0,0,8500.0,2,1.0,1.0,0.0,False,0,0,0,0,0.02,monte_carlo_run_428_seed_470.log
429,9,-1,1,-1,-1,-1,471,3101,0.145,1.87,False,Solitudine / Nessun Contatto,,,Nessuna,1,0,1,0.0,3,3,3,1,2,0,0,0,0,0,0,0,8500.0,2,1.0,1.0,0.0,False,0,0,1,3,0.02,monte_carlo_run_429_seed_471.log
430,9,-1,1,-1,-1,-1,472,3101,0.129,2.1,False,Solitudine / Nessun Contatto,,,Nessuna,2,0,2,0.8,1,1,1,1,0,0,0,0,0,0,0,0,8500.0,2,1.0,1.0,0.0,False,0,0,0,0,24.84,monte_carlo_run_430_seed_472.log
431,9,-1,1,-1,-1,-1,473,3101,0.065,1.49,False,Solitudine / Nessun Contatto,,,Nessuna,1,0,1,0.0,1,1,1,1,0,0,0,0,0,0,0,0,8500.0,2,1.0,1.0,0.0,False,0,0,0,0,0.02,monte_carlo_run_431_seed_473.log
432,9,-1,1,-1,-1,-1,474,3101,0.081,1.01,False,Solitudine / Nessun Contatto,,,Nessuna,1,0,1,0.0,1,1,1,1,0,0,0,0,0,0,0,0,8500.0,2,1.0,1.0,0.0,False,0,0,0,0,0.02,monte_carlo_run_432_seed_474.log
433,9,-1,1,-1,-1,-1,475,3101,0.059,1.47,False,Solitudine / Nessun Contatto,,,Nessuna,1,0,1,0.0,3,3,3,0,3,0,0,0,0,0,0,0,8500.0,1,0.985,0.985,0.0,False,0,0,1,3,0.02,monte_carlo_run_433_seed_475.log
434,9,-1,1,-1,-1,-1,476,3101,0.132,1.58,False,Solitudine / Nessun Contatto,,,Nessuna,1,0,1,0.0,2,2,2,0,2,0,0,0,0,0,0,0,8500.0,1,0.985,0.985,0.0,False,0,0,0,1,0.02,monte_carlo_run_434_seed_476.log
435,9,-1,1,-1,-1,-1,477,3101,0.142,3.37,False,Solitudine / Nessun Contatto,,,Nessuna,4,0,4,7.1,1,1,1,1,0,0,0,0,0,0,0,0,8500.0,2,1.006,1.006,0.0,False,2,0,0,0,280.27,monte_carlo_run_435_seed_477.log
436,9,-1,1,-1,-1,-1,478,3101,0.114,1.71,False,Solitudine / Nessun Contatto,,,Nessuna,1,0,1,0.0,1,1,1,1,0,0,0,0,0,0,0,0,8500.0,2,1.0,1.0,0.0,False,0,0,0,0,0.02,monte_carlo_run_436_seed_478.log
437,9,-1,1,-1,-1,-1,479,3101,0.1,2.03,False,Solitudine / Nessun Contatto,,,Nessuna,1,0,1,0.0,1,1,1,1,0,0,0,0,0,0,0,0,8500.0,2,1.0,1.0,0.0,False,0,0,0,0,0.02,monte_carlo_run_437_seed_479.log
438,9,-1,1,-1,-1,-1,480,3101,0.086,1.95,False,Solitudine / Nessun Contatto,,,Nessuna,1,0,1,0.0,2,2,2,1,1,0,0,0,0,0,0,0,8500.0,2,1.0,1.0,0.0,False,0,0,1,1,0.02,monte_carlo_run_438_seed_480.log
439,9,-1,1,-1,-1,-1,481,3101,0.142,3.03,True,Contatto Planetario / Biofirme,20.91,2.97,Diffidente,2,0,8,5.45,3,3,2,2,0,1,1,1,0,1,1,0,8515.4,3,1.036,1.083,0.0474,True,5,0,0,1,789.77,monte_carlo_run_439_seed_481.log
440,9,-1,1,-1,-1,-1,482,3101,0.058,1.0,False,Solitudine / Nessun Contatto,,,Nessuna,1,0,1,0.0,2,2,2,1,1,0,0,0,0,0,0,0,8500.0,2,1.0,1.0,0.0,False,0,0,1,1,0.02,monte_carlo_run_440_seed_482.log
441,9,-1,1,-1,-1,-1,483,3101,0.053,0.68,False,Solitudine / Nessun Contatto,,,Nessuna,1,0,1,0.0,2,2,2,1,1,0,0,0,0,0,0,0,8500.0,2,1.0,1.0,0.0,False,0,0,0,1,0.02,monte_carlo_run_441_seed_483.log
442,9,-1,1,-1,-1,-1,484,3101,0.108,2.63,False,Solitudine / Nessun Contatto,,,Nessuna,1,0,1,0.0,2,2,2,0,2,0,0,0,0,0,0,0,8500.0,1,0.985,0.985,0.0,False,0,0,0,1,0.02,monte_carlo_run_442_seed_484.log
443,9,-1,1,-1,-1,-1,485,3101,0.063,1.21,False,Solitudine / Nessun Contatto,,,Nessuna,2,0,2,0.46,1,1,1,1,0,0,0,0,0,0,0,0,8500.0,2,1.0,1.0,0.0,False,0,0,0,0,29.26,monte_carlo_run_443_seed_485.log
444,9,-1,1,-1,-1,-1,486,3101,0.069,1.27,False,Solitudine / Nessun Contatto,,,Nessuna,1,0,1,0.0,2,2,2,1,1,0,0,0,0,0,0,0,8500.0,2,1.0,1.0,0.0,False,0,0,0,1,0.02,monte_carlo_run_444_seed_486.log
445,9,-1,1,-1,-1,-1,487,3101,0.091,1.65,False,Solitudine / Nessun Contatto,,,Nessuna,1,0,1,0.0,2,2,2,1,1,0,0,0,0,0,0,0,8500.0,2,1.0,1.0,0.0,False,0,0,1,1,0.02,monte_carlo_run_445_seed_487.log
446,9,-1,1,-1,-1,-1,488,3101,0.098,2.12,False,Solitudine / Nessun Contatto,,,Nessuna,1,0,1,0.0,1,1,1,1,0,0,0,0,0,0,0,0,8500.0,2,1.0,1.0,0.0,False,0,0,0,0,0.02,monte_carlo_run_446_seed_488.log
447,9,-1,1,-1,-1,-1,489,3101,0.148,3.32,False,Solitudine / Nessun Contatto,,,Nessuna,7,0,7,5.18,2,2,2,1,1,0,0,0,0,0,0,0,8500.0,2,1.04,1.04,0.0,False,5,0,1,1,550.91,monte_carlo_run_447_seed_489.log
448,9,-1,1,-1,-1,-1,490,3101,0.075,1.27,False,Solitudine / Nessun Contatto,,,Nessuna,1,0,1,0.0,3,3,3,1,2,0,0,0,0,0,0,0,8500.0,2,1.0,1.0,0.0,False,0,0,1,3,0.02,monte_carlo_run_448_seed_490.log
449,9,-1,1,-1,-1,-1,491,3101,0.141,3.33,False,Solitudine / Nessun Contatto,,,Nessuna,2,0,2,3.05,1,1,1,1,0,0,0,0,0,0,0,0,8500.0,2,1.0,1.0,0.0,False,0,0,0,0,146.24,monte_carlo_run_449_seed_491.log
450,9,-1,1,-1,-1,-1,492,3101,0.104,1.35,False,Solitudine / Nessun Contatto,,,Nessuna,1,0,1,0.0,1,1,1,1,0,0,0,0,0,0,0,0,8500.0,2,1.0,1.0,0.0,False,0,0,0,0,0.02,monte_carlo_run_450_seed_492.log
451,10,-1,1,-1,-1,1,493,3101,0.084,1.39,False,Solitudine / Nessun Contatto,,,Nessuna,1,0,1,0.0,1,1,1,1,0,0,0,0,0,0,0,0,8500.0,2,1.0,1.0,0.0,False,0,0,0,0,0.02,monte_carlo_run_451_seed_493.log
452,10,-1,1,-1,-1,1,494,3101,0.089,1.32,False,Solitudine / Nessun Contatto,,,Nessuna,2,0,2,0.0,2,2,2,2,0,0,0,0,0,0,0,0,8500.0,5,1.0,1.0,0.0,False,0,0,1,1,0.04,monte_carlo_run_452_seed_494.log
453,10,-1,1,-1,-1,1,495,3101,0.103,2.14,False,Solitudine / Nessun Contatto,,,Nessuna,3,0,3,1.25,2,2,2,2,0,0,0,0,0,0,0,0,8500.0,6,1.003,1.003,0.0,False,0,0,1,1,48.45,monte_carlo_run_453_seed_495.log
454,10,-1,1,-1,-1,1,496,3101,0.084,1.99,False,Solitudine / Nessun Contatto,,,Nessuna,4,0,4,0.0,3,3,3,3,0,0,0,0,0,0,0,0,8500.0,9,1.005,1.005,0.0,False,0,0,2,3,47.51,monte_carlo_run_454_seed_496.log
455,10,-1,1,-1,-1,1,497,3101,0.131,2.0,False,Solitudine / Nessun Contatto,,,Nessuna,1,0,1,0.0,1,1,1,1,0,0,0,0,0,0,0,0,8500.0,2,1.0,1.0,0.0,False,0,0,0,0,0.02,monte_carlo_run_455_seed_497.log
456,10,-1,1,-1,-1,1,498,3101,0.066,1.55,False,Solitudine / Nessun Contatto,,,Nessuna,2,0,2,1.33,1,1,1,1,0,0,0,0,0,0,0,0,8500.0,2,1.0,1.0,0.0,False,0,0,0,0,95.84,monte_carlo_run_456_seed_498.log
457,10,-1,1,-1,-1,1,499,3101,0.139,1.95,False,Solitudine / Nessun Contatto,,,Nessuna,2,0,2,1.92,1,1,1,1,0,0,0,0,0,0,0,0,8500.0,2,1.0,1.0,0.0,False,0,0,0,0,106.53,monte_carlo_run_457_seed_499.log
458,10,-1,1,-1,-1,1,500,3101,0.075,1.72,False,Solitudine / Nessun Contatto,,,Nessuna,4,0,4,1.62,3,3,3,3,0,0,0,0,0,0,0,0,8500.0,9,1.008,1.008,0.0,False,0,0,2,2,107.7,monte_carlo_run_458_seed_500.log
459,10,-1,1,-1,-1,1,501,3101,0.096,1.19,False,Solitudine / Nessun Contatto,,,Nessuna,1,0,1,0.0,1,1,1,1,0,0,0,0,0,0,0,0,8500.0,2,1.0,1.0,0.0,False,0,0,0,0,0.02,monte_carlo_run_459_seed_501.log
460,10,-1,1,-1,-1,1,502,3101,0.077,1.64,False,Solitudine / Nessun Contatto,,,Nessuna,3,0,3,0.0,3,3,3,3,0,0,0,0,0,0,0,0,8500.0,10,1.0,1.0,0.0,False,0,0,1,2,0.06,monte_carlo_run_460_seed_502.log
461,10,-1,1,-1,-1,1,503,3101,0.133,1.78,False,Solitudine / Nessun Contatto,,,Nessuna,1,0,1,0.0,1,1,1,1,0,0,0,0,0,0,0,0,8500.0,2,1.0,1.0,0.0,False,0,0,0,0,0.02,monte_carlo_run_461_seed_503.log
462,10,-1,1,-1,-1,1,504,3101,0.077,1.41,False,Solitudine / Nessun Contatto,,,Nessuna,2,0,2,0.0,2,2,2,2,0,0,0,0,0,0,0,0,8500.0,6,1.0,1.0,0.0,False,0,0,1,1,0.04,monte_carlo_run_462_seed_504.log
463,10,-1,1,-1,-1,1,505,3101,0.115,2.13,True,Contatto Planetario / Biofirme,32.8,2.06,Cauta,5,0,5,2.06,5,5,4,3,1,1,1,1,0,0,0,0,8500.11,9,1.001,0.787,-0.2132,False,0,0,0,2,195.89,monte_carlo_run_463_seed_505.log
464,10,-1,1,-1,-1,1,506,3101,0.146,2.04,False,Solitudine / Nessun Contatto,,,Nessuna,1,0,1,0.0,1,1,1,1,0,0,0,0,0,0,0,0,8500.0,2,1.0,1.0,0.0,False,0,0,0,0,0.02,monte_carlo_run_464_seed_506.log
465,10,-1,1,-1,-1,1,507,3101,0.059,1.23,False,Solitudine / Nessun Contatto,,,Nessuna,1,0,1,0.0,1,1,1,1,0,0,0,0,0,0,0,0,8500.0,2,1.0,1.0,0.0,False,0,0,0,0,0.02,monte_carlo_run_465_seed_507.log
466,10,-1,1,-1,-1,1,508,3101,0.095,1.34,False,Solitudine / Nessun Contatto,,,Nessuna,1,0,1,0.0,1,1,1,1,0,0,0,0,0,0,0,0,8500.0,2,1.0,1.0,0.0,False,0,0,0,0,0.02,monte_carlo_run_466_seed_508.log
467,10,-1,1,-1,-1,1,509,3101,0.055,1.03,False,Solitudine / Nessun Contatto,,,Nessuna,1,0,1,0.0,1,1,1,1,0,0,0,0,0,0,0,0,8500.0,2,1.0,1.0,0.0,False,0,0,0,0,0.02,monte_carlo_run_467_seed_509.log
468,10,-1,1,-1,-1,1,510,3101,0.065,1.62,False,Solitudine / Nessun Contatto,,,Nessuna,3,0,3,0.0,3,3,3,3,0,0,0,0,0,0,0,0,8500.0,10,1.0,1.0,0.0,False,0,0,1,3,0.06,monte_carlo_run_468_seed_510.log
469,10,-1,1,-1,-1,1,511,3101,0.078,1.33,False,Solitudine / Nessun Contatto,,,Nessuna,2,0,2,0.0,2,2,2,2,0,0,0,0,0,0,0,0,8500.0,5,1.0,1.0,0.0,False,0,0,0,1,0.04,monte_carlo_run_469_seed_511.log
470,10,-1,1,-1,-1,1,512,3101,0.055,1.35,True,Contatto Planetario / Biofirme,10.23,0.56,Cauta,2,0,2,0.56,2,2,2,1,1,0,0,0,0,0,0,0,8500.0,2,1.0,1.0,0.0,False,0,0,0,0,40.92,monte_carlo_run_470_seed_512.log
471,10,-1,1,-1,-1,1,513,3101,0.068,1.5,False,Solitudine / Nessun Contatto,,,Nessuna,3,0,3,0.0,2,2,2,2,0,0,0,0,0,0,0,0,8500.0,6,1.0,1.0,0.0,False,0,0,0,1,36.76,monte_carlo_run_471_seed_513.log
472,10,-1,1,-1,-1,1,514,3101,0.141,2.58,False,Solitudine / Nessun Contatto,,,Nessuna,4,0,4,6.04,2,1,1,1,0,1,1,1,0,0,0,0,8500.16,2,1.003,0.8,-0.2022,False,1,0,0,0,258.02,monte_carlo_run_472_seed_514.log
473,10,-1,1,-1,-1,1,515,3101,0.133,2.05,False,Solitudine / Nessun Contatto,,,Nessuna,1,0,1,0.0,1,1,1,1,0,0,0,0,0,0,0,0,8500.0,2,1.0,1.0,0.0,False,0,0,0,0,0.02,monte_carlo_run_473_seed_515.log
474,10,-1,1,-1,-1,1,516,3101,0.104,1.59,False,Solitudine / Nessun Contatto,,,Nessuna,1,0,1,0.0,1,1,1,1,0,0,0,0,0,0,0,0,8500.0,2,1.0,1.0,0.0,False,0,0,0,0,0.02,monte_carlo_run_474_seed_516.log
475,10,-1,1,-1,-1,1,517,3101,0.069,1.48,False,Solitudine / Nessun Contatto,,,Nessuna,1,0,1,0.0,1,1,1,1,0,0,0,0,0,0,0,0,8500.0,2,1.0,1.0,0.0,False,0,0,0,0,0.02,monte_carlo_run_475_seed_517.log
476,10,-1,1,-1,-1,1,518,3101,0.117,2.8,False,Solitudine / Nessun Contatto,,,Nessuna,5,0,5,5.12,3,3,2,2,0,1,1,1,0,0,0,0,8500.16,6,1.013,0.751,-0.2617,False,1,0,1,1,241.75,monte_carlo_run_476_seed_518.log
477,10,-1,1,-1,-1,1,519,3101,0.101,1.76,False,Solitudine / Nessun Contatto,,,Nessuna,1,0,1,0.0,1,1,1,1,0,0,0,0,0,0,0,0,8500.0,2,1.0,1.0,0.0,False,0,0,0,0,0.02,monte_carlo_run_477_seed_519.log
478,10,-1,1,-1,-1,1,520,3101,0.091,1.67,False,Solitudine / Nessun Contatto,,,Nessuna,2,0,2,0.0,2,2,2,2,0,0,0,0,0,0,0,0,8500.0,5,1.0,1.0,0.0,False,0,0,1,1,0.04,monte_carlo_run_478_seed_520.log
479,10,-1,1,-1,-1,1,521,3101,0.055,0.73,False,Solitudine / Nessun Contatto,,,Nessuna,1,0,1,0.0,1,1,1,1,0,0,0,0,0,0,0,0,8500.0,2,1.0,1.0,0.0,False,0,0,0,0,0.02,monte_carlo_run_479_seed_521.log
480,10,-1,1,-1,-1,1,522,3101,0.11,1.49,False,Solitudine / Nessun Contatto,,,Nessuna,4,0,4,0.0,3,3,3,3,0,0,0,0,0,0,0,0,8500.0,10,1.004,1.004,0.0,False,0,0,3,3,36.11,monte_carlo_run_480_seed_522.log
481,10,-1,1,-1,-1,1,523,3101,0.115,1.89,False,Solitudine / Nessun Contatto,,,Nessuna,2,0,2,0.0,2,2,2,2,0,0,0,0,0,0,0,0,8500.0,6,1.0,1.0,0.0,False,0,0,0,1,0.04,monte_carlo_run_481_seed_523.log
482,10,-1,1,-1,-1,1,524,3101,0.08,1.9,False,Solitudine / Nessun Contatto,,,Nessuna,3,0,3,3.42,1,1,1,1,0,0,0,0,0,0,0,0,8500.0,2,1.002,1.002,0.0,False,1,0,0,0,171.65,monte_carlo_run_482_seed_524.log
483,10,-1,1,-1,-1,1,525,3101,0.145,2.39,False,Solitudine / Nessun Contatto,,,Nessuna,4,0,4,3.13,1,1,1,1,0,0,0,0,0,0,0,0,8500.0,2,1.006,1.006,0.0,False,2,0,0,0,265.15,monte_carlo_run_483_seed_525.log
484,10,-1,1,-1,-1,1,526,3101,0.081,1.54,False,Solitudine / Nessun Contatto,,,Nessuna,1,0,1,0.0,1,1,1,1,0,0,0,0,0,0,0,0,8500.0,2,1.0,1.0,0.0,False,0,0,0,0,0.02,monte_carlo_run_484_seed_526.log
485,10,-1,1,-1,-1,1,527,3101,0.071,1.76,False,Solitudine / Nessun Contatto,,,Nessuna,3,0,3,0.0,2,2,2,2,0,0,0,0,0,0,0,0,8500.0,6,1.0,1.0,0.0,False,0,0,0,1,40.93,monte_carlo_run_485_seed_527.log
486,10,-1,1,-1,-1,1,528,3101,0.137,1.94,False,Solitudine / Nessun Contatto,,,Nessuna,1,0,1,0.0,1,1,1,1,0,0,0,0,0,0,0,0,8500.0,2,1.0,1.0,0.0,False,0,0,0,0,0.02,monte_carlo_run_486_seed_528.log
487,10,-1,1,-1,-1,1,529,3101,0.113,1.86,False,Solitudine / Nessun Contatto,,,Nessuna,1,0,1,0.0,1,1,1,1,0,0,0,0,0,0,0,0,8500.0,2,1.0,1.0,0.0,False,0,0,0,0,0.02,monte_carlo_run_487_seed_529.log
488,10,-1,1,-1,-1,1,530,3101,0.078,1.23,False,Solitudine / Nessun Contatto,,,Nessuna,4,0,4,1.7,2,1,1,1,0,1,1,1,0,0,0,0,8500.16,2,1.003,0.873,-0.1305,False,2,0,0,0,148.2,monte_carlo_run_488_seed_530.log
489,10,-1,1,-1,-1,1,531,3101,0.092,1.95,False,Solitudine / Nessun Contatto,,,Nessuna,1,0,1,0.0,1,1,1,1,0,0,0,0,0,0,0,0,8500.0,2,1.0,1.0,0.0,False,0,0,0,0,0.02,monte_carlo_run_489_seed_531.log
490,10,-1,1,-1,-1,1,532,3101,0.081,1.42,False,Solitudine / Nessun Contatto,,,Nessuna,1,0,1,0.0,1,1,1,1,0,0,0,0,0,0,0,0,8500.0,2,1.0,1.0,0.0,False,0,0,0,0,0.02,monte_carlo_run_490_seed_532.log
491,10,-1,1,-1,-1,1,533,3101,0.104,1.86,False,Solitudine / Nessun Contatto,,,Nessuna,4,0,4,0.0,3,3,3,3,0,0,0,0,0,0,0,0,8500.0,9,1.0,1.0,0.0,False,0,0,0,3,33.64,monte_carlo_run_491_seed_533.log
492,10,-1,1,-1,-1,1,534,3101,0.057,1.3,False,Solitudine / Nessun Contatto,,,Nessuna,3,0,3,0.99,2,2,2,2,0,0,0,0,0,0,0,0,8500.0,5,1.004,1.004,0.0,False,0,0,1,1,78.22,monte_carlo_run_492_seed_534.log
493,10,-1,1,-1,-1,1,535,3101,0.069,0.89,False,Solitudine / Nessun Contatto,,,Nessuna,3,0,3,0.0,3,3,3,3,0,0,0,0,0,0,0,0,8500.0,9,1.0,1.0,0.0,False,0,0,0,3,0.06,monte_carlo_run_493_seed_535.log
494,10,-1,1,-1,-1,1,536,3101,0.139,2.01,False,Solitudine / Nessun Contatto,,,Nessuna,2,0,2,0.0,2,2,2,2,0,0,0,0,0,0,0,0,8500.0,6,1.0,1.0,0.0,False,0,0,0,1,0.04,monte_carlo_run_494_seed_536.log
495,10,-1,1,-1,-1,1,537,3101,0.132,2.07,False,Solitudine / Nessun Contatto,,,Nessuna,3,0,3,0.0,3,3,3,3,0,0,0,0,0,0,0,0,8500.0,10,1.001,1.001,0.0,False,0,0,2,3,0.06,monte_carlo_run_495_seed_537.log
496,10,-1,1,-1,-1,1,538,3101,0.058,1.28,False,Solitudine / Nessun Contatto,,,Nessuna,3,0,3,0.0,3,3,3,3,0,0,0,0,0,0,0,0,8500.0,9,1.0,1.0,0.0,False,0,0,1,3,0.06,monte_carlo_run_496_seed_538.log
497,10,-1,1,-1,-1,1,539,3101,0.117,2.57,False,Solitudine / Nessun Contatto,,,Nessuna,2,0,2,1.86,1,1,1,1,0,0,0,0,0,0,0,0,8500.0,2,1.0,1.0,0.0,False,0,0,0,0,112.92,monte_carlo_run_497_seed_539.log
498,10,-1,1,-1,-1,1,540,3101,0.123,2.41,False,Solitudine / Nessun Contatto,,,Nessuna,3,0,3,2.07,2,2,2,2,0,0,0,0,0,0,0,0,8500.0,5,1.0,1.0,0.0,False,0,0,0,1,105.44,monte_carlo_run_498_seed_540.log
499,10,-1,1,-1,-1,1,541,3101,0.135,2.96,False,Solitudine / Nessun Contatto,,,Nessuna,1,0,1,0.0,1,1,1,1,0,0,0,0,0,0,0,0,8500.0,2,1.0,1.0,0.0,False,0,0,0,0,0.02,monte_carlo_run_499_seed_541.log
500,10,-1,1,-1,-1,1,542,3101,0.073,1.39,False,Solitudine / Nessun Contatto,,,Nessuna,1,0,1,0.0,1,1,1,1,0,0,0,0,0,0,0,0,8500.0,2,1.0,1.0,0.0,False,0,0,0,0,0.02,monte_carlo_run_500_seed_542.log
501,11,-1,1,-1,1,-1,543,3101,0.094,2.12,False,Solitudine / Nessun Contatto,,,Nessuna,3,0,3,3.5,1,1,1,1,0,0,0,0,0,0,0,0,8500.0,2,1.002,1.002,0.0,False,1,0,0,0,164.51,monte_carlo_run_501_seed_543.log
502,11,-1,1,-1,1,-1,544,3101,0.066,0.94,False,Solitudine / Nessun Contatto,,,Nessuna,1,0,1,0.0,1,1,1,1,0,0,0,0,0,0,0,0,8500.0,2,1.0,1.0,0.0,False,0,0,0,0,0.02,monte_carlo_run_502_seed_544.log
503,11,-1,1,-1,1,-1,545,3101,0.149,3.67,False,Solitudine / Nessun Contatto,,,Nessuna,14,0,14,7.75,2,1,1,1,0,0,0,0,0,0,0,0,8500.0,2,1.133,1.133,0.0,False,9,0,1,1,1289.4,monte_carlo_run_503_seed_545.log
504,11,-1,1,-1,1,-1,546,3101,0.146,3.56,False,Solitudine / Nessun Contatto,,,Nessuna,4,0,4,4.54,3,3,3,0,3,0,0,0,0,0,0,0,8500.0,2,0.869,0.869,0.0,False,3,0,1,3,356.67,monte_carlo_run_504_seed_546.log
505,11,-1,1,-1,1,-1,547,3101,0.082,1.98,False,Solitudine / Nessun Contatto,,,Nessuna,2,0,2,1.56,1,1,1,1,0,0,0,0,0,0,0,0,8500.0,2,1.0,1.0,0.0,False,0,0,0,0,98.62,monte_carlo_run_505_seed_547.log
506,11,-1,1,-1,1,-1,548,3101,0.077,1.4,False,Solitudine / Nessun Contatto,,,Nessuna,1,0,1,0.0,1,1,1,1,0,0,0,0,0,0,0,0,8500.0,2,1.0,1.0,0.0,False,0,0,0,0,0.02,monte_carlo_run_506_seed_548.log
507,11,-1,1,-1,1,-1,549,3101,0.058,1.03,False,Solitudine / Nessun Contatto,,,Nessuna,1,0,1,0.0,1,1,1,1,0,0,0,0,0,0,0,0,8500.0,2,1.0,1.0,0.0,False,0,0,0,0,0.02,monte_carlo_run_507_seed_549.log
508,11,-1,1,-1,1,-1,550,3101,0.127,2.34,False,Solitudine / Nessun Contatto,,,Nessuna,1,0,1,0.0,1,1,1,1,0,0,0,0,0,0,0,0,8500.0,2,1.0,1.0,0.0,False,0,0,0,0,0.02,monte_carlo_run_508_seed_550.log
509,11,-1,1,-1,1,-1,551,3101,0.089,2.22,False,Solitudine / Nessun Contatto,,,Nessuna,5,0,5,3.65,1,1,1,1,0,0,0,0,0,0,0,0,8500.0,2,1.008,1.008,0.0,False,3,0,0,0,293.55,monte_carlo_run_509_seed_551.log
510,11,-1,1,-1,1,-1,552,3101,0.065,1.0,False,Solitudine / Nessun Contatto,,,Nessuna,1,0,1,0.0,1,1,1,1,0,0,0,0,0,0,0,0,8500.0,2,1.0,1.0,0.0,False,0,0,0,0,0.02,monte_carlo_run_510_seed_552.log
511,11,-1,1,-1,1,-1,553,3101,0.143,1.77,False,Solitudine / Nessun Contatto,,,Nessuna,1,0,1,0.0,2,2,2,0,2,0,0,0,0,0,0,0,8500.0,1,0.985,0.985,0.0,False,0,0,0,1,0.02,monte_carlo_run_511_seed_553.log
512,11,-1,1,-1,1,-1,554,3101,0.076,1.89,False,Solitudine / Nessun Contatto,,,Nessuna,1,0,1,0.0,2,2,2,0,2,0,0,0,0,0,0,0,8500.0,1,0.985,0.985,0.0,False,0,0,0,1,0.02,monte_carlo_run_512_seed_554.log
513,11,-1,1,-1,1,-1,555,3101,0.104,2.55,False,Solitudine / Nessun Contatto,,,Nessuna,2,0,2,1.95,1,1,1,1,0,0,0,0,0,0,0,0,8500.0,2,1.0,1.0,0.0,False,0,0,0,0,108.44,monte_carlo_run_513_seed_555.log
514,11,-1,1,-1,1,-1,556,3101,0.06,1.27,False,Solitudine / Nessun Contatto,,,Nessuna,2,0,2,1.0,3,3,3,0,3,0,0,0,0,0,0,0,8500.0,1,0.959,0.959,0.0,False,0,0,1,2,66.71,monte_carlo_run_514_seed_556.log
515,11,-1,1,-1,1,-1,557,3101,0.066,1.55,False,Solitudine / Nessun Contatto,,,Nessuna,1,0,1,0.0,3,3,3,1,2,0,0,0,0,0,0,0,8500.0,2,1.001,1.001,0.0,False,0,0,2,3,0.02,monte_carlo_run_515_seed_557.log
516,11,-1,1,-1,1,-1,558,3101,0.107,2.44,False,Solitudine / Nessun Contatto,,,Nessuna,1,0,1,0.0,2,2,2,0,2,0,0,0,0,0,0,0,8500.0,1,0.985,0.985,0.0,False,0,0,0,1,0.02,monte_carlo_run_516_seed_558.log
517,11,-1,1,-1,1,-1,559,3101,0.092,1.25,True,Contatto Planetario / Biofirme,6.17,0.57,Collaborativa,2,0,2,0.57,3,3,3,1,1,0,0,0,0,0,0,0,8500.0,2,1.002,1.002,0.0,False,0,0,1,1,24.68,monte_carlo_run_517_seed_559.log
518,11,-1,1,-1,1,-1,560,3101,0.144,2.85,False,Solitudine / Nessun Contatto,,,Nessuna,2,0,2,2.79,2,2,2,1,1,0,0,0,0,0,0,0,8500.0,2,1.002,1.002,0.0,False,0,0,1,1,77.41,monte_carlo_run_518_seed_560.log
519,11,-1,1,-1,1,-1,561,3101,0.096,1.59,False,Solitudine / Nessun Contatto,,,Nessuna,3,0,3,1.66,3,3,3,0,3,0,0,0,0,0,0,0,8500.0,1,0.969,0.969,0.0,False,1,0,1,3,82.76,monte_carlo_run_519_seed_561.log
520,11,-1,1,-1,1,-1,562,3101,0.087,1.8,False,Solitudine / Nessun Contatto,,,Nessuna,1,0,1,0.0,1,1,1,1,0,0,0,0,0,0,0,0,8500.0,2,1.0,1.0,0.0,False,0,0,0,0,0.02,monte_carlo_run_520_seed_562.log
521,11,-1,1,-1,1,-1,563,3101,0.121,2.45,False,Solitudine / Nessun Contatto,,,Nessuna,1,0,1,0.0,3,3,3,0,3,0,0,0,0,0,0,0,8500.0,1,0.985,0.985,0.0,False,0,0,1,2,0.02,monte_carlo_run_521_seed_563.log
522,11,-1,1,-1,1,-1,564,3101,0.077,1.04,False,Solitudine / Nessun Contatto,,,Nessuna,1,0,1,0.0,1,1,1,1,0,0,0,0,0,0,0,0,8500.0,2,1.0,1.0,0.0,False,0,0,0,0,0.02,monte_carlo_run_522_seed_564.log
523,11,-1,1,-1,1,-1,565,3101,0.142,2.68,False,Solitudine / Nessun Contatto,,,Nessuna,6,0,6,4.28,3,3,3,1,2,0,0,0,0,0,0,0,8500.0,2,1.027,1.027,0.0,False,3,0,3,3,319.14,monte_carlo_run_523_seed_565.log
524,11,-1,1,-1,1,-1,566,3101,0.074,1.3,False,Solitudine / Nessun Contatto,,,Nessuna,1,0,1,0.0,1,1,1,1,0,0,0,0,0,0,0,0,8500.0,2,1.0,1.0,0.0,False,0,0,0,0,0.02,monte_carlo_run_524_seed_566.log
525,11,-1,1,-1,1,-1,567,3101,0.143,1.99,False,Solitudine / Nessun Contatto,,,Nessuna,1,0,1,0.0,1,1,1,1,0,0,0,0,0,0,0,0,8500.0,2,1.0,1.0,0.0,False,0,0,0,0,0.02,monte_carlo_run_525_seed_567.log
526,11,-1,1,-1,1,-1,568,3101,0.105,2.1,False,Solitudine / Nessun Contatto,,,Nessuna,6,0,6,6.54,1,1,1,1,0,0,0,0,0,0,0,0,8500.0,2,1.016,1.016,0.0,False,5,0,0,0,396.38,monte_carlo_run_526_seed_568.log
527,11,-1,1,-1,1,-1,569,3101,0.053,0.92,False,Solitudine / Nessun Contatto,,,Nessuna,1,0,1,0.0,2,2,2,1,1,0,0,0,0,0,0,0,8500.0,2,1.0,1.0,0.0,False,0,0,0,1,0.02,monte_carlo_run_527_seed_569.log
528,11,-1,1,-1,1,-1,570,3101,0.088,1.95,False,Solitudine / Nessun Contatto,,,Nessuna,1,0,1,0.0,1,1,1,1,0,0,0,0,0,0,0,0,8500.0,2,1.0,1.0,0.0,False,0,0,0,0,0.02,monte_carlo_run_528_seed_570.log
529,11,-1,1,-1,1,-1,571,3101,0.118,2.86,False,Solitudine / Nessun Contatto,,,Nessuna,1,0,1,0.0,1,1,1,1,0,0,0,0,0,0,0,0,8500.0,2,1.0,1.0,0.0,False,0,0,0,0,0.02,monte_carlo_run_529_seed_571.log
530,11,-1,1,-1,1,-1,572,3101,0.136,3.16,False,Solitudine / Nessun Contatto,,,Nessuna,2,0,2,1.46,3,2,2,1,1,1,1,1,0,0,0,0,8500.02,2,1.002,0.749,-0.2536,False,0,0,1,1,42.97,monte_carlo_run_530_seed_572.log
531,11,-1,1,-1,1,-1,573,3101,0.082,1.28,False,Solitudine / Nessun Contatto,,,Nessuna,1,0,1,0.0,3,3,3,0,3,0,0,0,0,0,0,0,8500.0,1,0.985,0.985,0.0,False,0,0,1,2,0.02,monte_carlo_run_531_seed_573.log
532,11,-1,1,-1,1,-1,574,3101,0.148,2.71,False,Solitudine / Nessun Contatto,,,Nessuna,1,0,1,0.0,2,2,2,0,2,0,0,0,0,0,0,0,8500.0,1,0.985,0.985,0.0,False,0,0,0,1,0.02,monte_carlo_run_532_seed_574.log
533,11,-1,1,-1,1,-1,575,3101,0.111,2.72,False,Solitudine / Nessun Contatto,,,Nessuna,1,0,1,0.0,2,2,2,1,1,0,0,0,0,0,0,0,8500.0,2,1.0,1.0,0.0,False,0,0,1,1,0.02,monte_carlo_run_533_seed_575.log
534,11,-1,1,-1,1,-1,576,3101,0.146,2.55,False,Solitudine / Nessun Contatto,,,Nessuna,3,0,3,3.51,1,1,1,1,0,0,0,0,0,0,0,0,8500.0,2,1.002,1.002,0.0,False,1,0,0,0,184.65,monte_carlo_run_534_seed_576.log
535,11,-1,1,-1,1,-1,577,3101,0.06,1.12,False,Solitudine / Nessun Contatto,,,Nessuna,1,0,1,0.0,3,3,3,1,2,0,0,0,0,0,0,0,8500.0,2,1.0,1.0,0.0,False,0,0,1,2,0.02,monte_carlo_run_535_seed_577.log
536,11,-1,1,-1,1,-1,578,3101,0.06,1.34,False,Solitudine / Nessun Contatto,,,Nessuna,1,0,1,0.0,2,2,2,1,1,0,0,0,0,0,0,0,8500.0,2,1.0,1.0,0.0,False,0,0,1,1,0.02,monte_carlo_run_536_seed_578.log
537,11,-1,1,-1,1,-1,579,3101,0.139,3.0,False,Solitudine / Nessun Contatto,,,Nessuna,6,0,6,5.39,2,2,1,1,0,1,1,1,0,0,0,0,8501.14,3,1.01,0.819,-0.1909,False,3,0,0,0,397.13,monte_carlo_run_537_seed_579.log
538,11,-1,1,-1,1,-1,580,3101,0.122,1.92,False,Solitudine / Nessun Contatto,,,Nessuna,1,0,1,0.0,1,1,1,1,0,0,0,0,0,0,0,0,8500.0,2,1.0,1.0,0.0,False,0,0,0,0,0.02,monte_carlo_run_538_seed_580.log
539,11,-1,1,-1,1,-1,581,3101,0.117,2.63,False,Solitudine / Nessun Contatto,,,Nessuna,1,0,1,0.0,2,2,2,1,1,0,0,0,0,0,0,0,8500.0,2,1.0,1.0,0.0,False,0,0,1,1,0.02,monte_carlo_run_539_seed_581.log
540,11,-1,1,-1,1,-1,582,3101,0.102,2.26,False,Solitudine / Nessun Contatto,,,Nessuna,2,0,2,1.44,1,1,1,1,0,0,0,0,0,0,0,0,8500.0,2,1.0,1.0,0.0,False,0,0,0,0,94.57,monte_carlo_run_540_seed_582.log
541,11,-1,1,-1,1,-1,583,3101,0.063,1.15,False,Solitudine / Nessun Contatto,,,Nessuna,1,0,1,0.0,3,3,3,1,2,0,0,0,0,0,0,0,8500.0,2,1.0,1.0,0.0,False,0,0,1,3,0.02,monte_carlo_run_541_seed_583.log
542,11,-1,1,-1,1,-1,584,3101,0.132,2.42,False,Solitudine / Nessun Contatto,,,Nessuna,1,0,1,0.0,1,1,1,1,0,0,0,0,0,0,0,0,8500.0,2,1.0,1.0,0.0,False,0,0,0,0,0.02,monte_carlo_run_542_seed_584.log
543,11,-1,1,-1,1,-1,585,3101,0.066,1.59,False,Solitudine / Nessun Contatto,,,Nessuna,1,0,1,0.0,2,2,2,1,1,0,0,0,0,0,0,0,8500.0,2,1.0,1.0,0.0,False,0,0,0,1,0.02,monte_carlo_run_543_seed_585.log
544,11,-1,1,-1,1,-1,586,3101,0.058,1.24,False,Solitudine / Nessun Contatto,,,Nessuna,1,0,1,0.0,2,2,2,1,1,0,0,0,0,0,0,0,8500.0,2,1.0,1.0,0.0,False,0,0,1,1,0.02,monte_carlo_run_544_seed_586.log
545,11,-1,1,-1,1,-1,587,3101,0.106,2.17,False,Solitudine / Nessun Contatto,,,Nessuna,1,0,1,0.0,2,2,2,1,1,0,0,0,0,0,0,0,8500.0,2,1.0,1.0,0.0,False,0,0,1,1,0.02,monte_carlo_run_545_seed_587.log
546,11,-1,1,-1,1,-1,588,3101,0.133,2.15,False,Solitudine / Nessun Contatto,,,Nessuna,2,0,2,1.37,2,2,2,1,1,0,0,0,0,0,0,0,8500.0,2,1.002,1.002,0.0,False,0,0,1,1,41.29,monte_carlo_run_546_seed_588.log
547,11,-1,1,-1,1,-1,589,3101,0.119,2.57,False,Solitudine / Nessun Contatto,,,Nessuna,1,0,1,0.0,1,1,1,1,0,0,0,0,0,0,0,0,8500.0,2,1.0,1.0,0.0,False,0,0,0,0,0.02,monte_carlo_run_547_seed_589.log
548,11,-1,1,-1,1,-1,590,3101,0.146,2.98,False,Solitudine / Nessun Contatto,,,Nessuna,7,0,7,5.67,2,2,1,1,0,1,1,1,0,1,1,0,8508.11,3,1.029,1.085,0.0554,True,4,0,0,1,765.34,monte_carlo_run_548_seed_590.log
549,11,-1,1,-1,1,-1,591,3101,0.082,1.15,False,Solitudine / Nessun Contatto,,,Nessuna,1,0,1,0.0,1,1,1,1,0,0,0,0,0,0,0,0,8500.0,2,1.0,1.0,0.0,False,0,0,0,0,0.02,monte_carlo_run_549_seed_591.log
550,11,-1,1,-1,1,-1,592,3101,0.094,1.53,False,Solitudine / Nessun Contatto,,,Nessuna,2,0,2,1.33,1,1,1,1,0,0,0,0,0,0,0,0,8500.0,2,1.0,1.0,0.0,False,0,0,0,0,91.99,monte_carlo_run_550_seed_592.log
551,12,-1,1,-1,1,1,593,3101,0.131,3.06,False,Solitudine / Nessun Contatto,,,Nessuna,15,0,15,3.57,4,3,1,1,0,2,0,0,0,0,0,0,8500.0,12,1.054,1.054,0.0,False,6,0,2,5,758.9,monte_carlo_run_551_seed_593.log
552,12,-1,1,-1,1,1,594,3101,0.135,2.42,False,Solitudine / Nessun Contatto,,,Nessuna,2,0,2,0.0,2,2,2,2,0,0,0,0,0,0,0,0,8500.0,5,1.0,1.0,0.0,False,0,0,1,1,0.04,monte_carlo_run_552_seed_594.log
553,12,-1,1,-1,1,1,595,3101,0.123,2.48,False,Solitudine / Nessun Contatto,,,Nessuna,5,0,5,0.0,2,2,2,2,0,0,0,0,0,0,0,0,8500.0,5,1.01,1.01,0.0,False,2,0,1,1,203.11,monte_carlo_run_553_seed_595.log
554,12,-1,1,-1,1,1,596,3101,0.131,3.16,False,Solitudine / Nessun Contatto,,,Nessuna,4,0,4,0.0,2,2,2,2,0,0,0,0,0,0,0,0,8500.0,6,1.008,1.008,0.0,False,0,0,1,1,165.14,monte_carlo_run_554_seed_596.log
555,12,-1,1,-1,1,1,597,3101,0.096,1.59,False,Solitudine / Nessun Contatto,,,Nessuna,3,0,3,0.72,2,2,2,2,0,0,0,0,0,0,0,0,8500.0,6,1.0,1.0,0.0,False,0,0,0,1,30.17,monte_carlo_run_555_seed_597.log
556,12,-1,1,-1,1,1,598,3101,0.132,3.21,False,Solitudine / Nessun Contatto,,,Nessuna,4,0,4,1.96,2,2,2,2,0,0,0,0,0,0,0,0,8500.0,5,1.0,1.0,0.0,False,0,0,0,1,121.24,monte_carlo_run_556_seed_598.log
557,12,-1,1,-1,1,1,599,3101,0.107,2.43,False,Solitudine / Nessun Contatto,,,Nessuna,4,0,4,2.59,1,1,1,1,0,0,0,0,0,0,0,0,8500.0,2,1.003,1.003,0.0,False,1,0,0,0,251.17,monte_carlo_run_557_seed_599.log
558,12,-1,1,-1,1,1,600,3101,0.144,2.39,False,Solitudine / Nessun Contatto,,,Nessuna,3,0,3,3.53,1,1,1,1,0,0,0,0,0,0,0,0,8500.0,2,1.002,1.002,0.0,False,1,0,0,0,156.18,monte_carlo_run_558_seed_600.log
559,12,-1,1,-1,1,1,601,3101,0.075,1.58,False,Solitudine / Nessun Contatto,,,Nessuna,1,0,1,0.0,1,1,1,1,0,0,0,0,0,0,0,0,8500.0,2,1.0,1.0,0.0,False,0,0,0,0,0.02,monte_carlo_run_559_seed_601.log
560,12,-1,1,-1,1,1,602,3101,0.125,3.05,False,Solitudine / Nessun Contatto,,,Nessuna,2,0,2,2.61,1,1,1,1,0,0,0,0,0,0,0,0,8500.0,2,1.0,1.0,0.0,False,0,0,0,0,132.34,monte_carlo_run_560_seed_602.log
561,12,-1,1,-1,1,1,603,3101,0.053,1.3,False,Solitudine / Nessun Contatto,,,Nessuna,2,0,2,0.0,2,2,2,2,0,0,0,0,0,0,0,0,8500.0,6,1.0,1.0,0.0,False,0,0,0,1,0.04,monte_carlo_run_561_seed_603.log
562,12,-1,1,-1,1,1,604,3101,0.143,2.84,False,Solitudine / Nessun Contatto,,,Nessuna,10,0,10,2.37,4,4,3,3,0,1,0,0,0,0,0,0,8500.0,11,1.034,1.034,0.0,False,4,0,2,2,388.84,monte_carlo_run_562_seed_604.log
563,12,-1,1,-1,1,1,605,3101,0.12,2.35,False,Solitudine / Nessun Contatto,,,Nessuna,1,0,1,0.0,1,1,1,1,0,0,0,0,0,0,0,0,8500.0,2,1.0,1.0,0.0,False,0,0,0,0,0.02,monte_carlo_run_563_seed_605.log
564,12,-1,1,-1,1,1,606,3101,0.146,2.29,False,Solitudine / Nessun Contatto,,,Nessuna,1,0,1,0.0,1,1,1,1,0,0,0,0,0,0,0,0,8500.0,2,1.0,1.0,0.0,False,0,0,0,0,0.02,monte_carlo_run_564_seed_606.log
565,12,-1,1,-1,1,1,607,3101,0.108,1.55,False,Solitudine / Nessun Contatto,,,Nessuna,1,0,1,0.0,1,1,1,1,0,0,0,0,0,0,0,0,8500.0,2,1.0,1.0,0.0,False,0,0,0,0,0.02,monte_carlo_run_565_seed_607.log
566,12,-1,1,-1,1,1,608,3101,0.091,2.17,False,Solitudine / Nessun Contatto,,,Nessuna,2,0,2,1.1,1,1,1,1,0,0,0,0,0,0,0,0,8500.0,2,1.0,1.0,0.0,False,0,0,0,0,48.19,monte_carlo_run_566_seed_608.log
567,12,-1,1,-1,1,1,609,3101,0.054,0.66,False,Solitudine / Nessun Contatto,,,Nessuna,2,0,2,0.0,2,2,2,2,0,0,0,0,0,0,0,0,8500.0,6,1.0,1.0,0.0,False,0,0,0,1,0.04,monte_carlo_run_567_seed_609.log
568,12,-1,1,-1,1,1,610,3101,0.063,1.08,False,Solitudine / Nessun Contatto,,,Nessuna,1,0,1,0.0,1,1,1,1,0,0,0,0,0,0,0,0,8500.0,2,1.0,1.0,0.0,False,0,0,0,0,0.02,monte_carlo_run_568_seed_610.log
569,12,-1,1,-1,1,1,611,3101,0.123,1.51,False,Solitudine / Nessun Contatto,,,Nessuna,1,0,1,0.0,1,1,1,1,0,0,0,0,0,0,0,0,8500.0,2,1.0,1.0,0.0,False,0,0,0,0,0.02,monte_carlo_run_569_seed_611.log
570,12,-1,1,-1,1,1,612,3101,0.142,2.14,False,Solitudine / Nessun Contatto,,,Nessuna,1,0,1,0.0,1,1,1,1,0,0,0,0,0,0,0,0,8500.0,2,1.0,1.0,0.0,False,0,0,0,0,0.02,monte_carlo_run_570_seed_612.log
571,12,-1,1,-1,1,1,613,3101,0.096,1.57,False,Solitudine / Nessun Contatto,,,Nessuna,2,0,2,0.0,2,2,2,2,0,0,0,0,0,0,0,0,8500.0,6,1.0,1.0,0.0,False,0,0,0,1,0.04,monte_carlo_run_571_seed_613.log
572,12,-1,1,-1,1,1,614,3101,0.072,0.98,False,Solitudine / Nessun Contatto,,,Nessuna,2,0,2,0.0,2,2,2,2,0,0,0,0,0,0,0,0,8500.0,6,1.0,1.0,0.0,False,0,0,1,1,0.04,monte_carlo_run_572_seed_614.log
573,12,-1,1,-1,1,1,615,3101,0.099,1.44,False,Solitudine / Nessun Contatto,,,Nessuna,1,0,1,0.0,1,1,1,1,0,0,0,0,0,0,0,0,8500.0,2,1.0,1.0,0.0,False,0,0,0,0,0.02,monte_carlo_run_573_seed_615.log
574,12,-1,1,-1,1,1,616,3101,0.114,1.61,False,Solitudine / Nessun Contatto,,,Nessuna,2,0,2,0.0,2,2,2,2,0,0,0,0,0,0,0,0,8500.0,6,1.0,1.0,0.0,False,0,0,1,1,0.04,monte_carlo_run_574_seed_616.log
575,12,-1,1,-1,1,1,617,3101,0.123,1.48,False,Solitudine / Nessun Contatto,,,Nessuna,3,0,3,1.22,2,2,2,2,0,0,0,0,0,0,0,0,8500.0,5,1.002,1.002,0.0,False,0,0,1,1,39.72,monte_carlo_run_575_seed_617.log
576,12,-1,1,-1,1,1,618,3101,0.108,2.49,False,Solitudine / Nessun Contatto,,,Nessuna,1,0,1,0.0,1,1,1,1,0,0,0,0,0,0,0,0,8500.0,2,1.0,1.0,0.0,False,0,0,0,0,0.02,monte_carlo_run_576_seed_618.log
577,12,-1,1,-1,1,1,619,3101,0.14,3.09,False,Solitudine / Nessun Contatto,,,Nessuna,7,0,7,3.25,2,2,2,2,0,0,0,0,0,0,0,0,8500.0,6,1.018,1.018,0.0,False,4,0,1,1,312.87,monte_carlo_run_577_seed_619.log
578,12,-1,1,-1,1,1,620,3101,0.069,1.6,False,Solitudine / Nessun Contatto,,,Nessuna,2,0,2,1.06,1,1,1,1,0,0,0,0,0,0,0,0,8500.0,2,1.0,1.0,0.0,False,0,0,0,0,90.12,monte_carlo_run_578_seed_620.log
579,12,-1,1,-1,1,1,621,3101,0.055,0.69,False,Solitudine / Nessun Contatto,,,Nessuna,2,0,2,0.0,2,2,2,2,0,0,0,0,0,0,0,0,8500.0,5,1.0,1.0,0.0,False,0,0,1,1,0.04,monte_carlo_run_579_seed_621.log
580,12,-1,1,-1,1,1,622,3101,0.062,1.49,False,Solitudine / Nessun Contatto,,,Nessuna,1,0,1,0.0,1,1,1,1,0,0,0,0,0,0,0,0,8500.0,2,1.0,1.0,0.0,False,0,0,0,0,0.02,monte_carlo_run_580_seed_622.log
581,12,-1,1,-1,1,1,623,3101,0.086,1.81,False,Solitudine / Nessun Contatto,,,Nessuna,1,0,1,0.0,1,1,1,1,0,0,0,0,0,0,0,0,8500.0,2,1.0,1.0,0.0,False,0,0,0,0,0.02,monte_carlo_run_581_seed_623.log
582,12,-1,1,-1,1,1,624,3101,0.14,2.01,False,Solitudine / Nessun Contatto,,,Nessuna,2,0,2,1.96,1,1,1,1,0,0,0,0,0,0,0,0,8500.0,2,1.0,1.0,0.0,False,0,0,0,0,108.34,monte_carlo_run_582_seed_624.log
583,12,-1,1,-1,1,1,625,3101,0.058,1.1,False,Solitudine / Nessun Contatto,,,Nessuna,2,0,2,0.0,2,2,2,2,0,0,0,0,0,0,0,0,8500.0,6,1.0,1.0,0.0,False,0,0,0,1,0.04,monte_carlo_run_583_seed_625.log
584,12,-1,1,-1,1,1,626,3101,0.093,1.74,False,Solitudine / Nessun Contatto,,,Nessuna,3,0,3,0.0,3,3,3,3,0,0,0,0,0,0,0,0,8500.0,9,1.0,1.0,0.0,False,0,0,1,2,0.06,monte_carlo_run_584_seed_626.log
585,12,-1,1,-1,1,1,627,3101,0.061,1.27,False,Solitudine / Nessun Contatto,,,Nessuna,1,0,1,0.0,1,1,1,1,0,0,0,0,0,0,0,0,8500.0,2,1.0,1.0,0.0,False,0,0,0,0,0.02,monte_carlo_run_585_seed_627.log
586,12,-1,1,-1,1,1,628,3101,0.071,1.68,False,Solitudine / Nessun Contatto,,,Nessuna,3,0,3,1.22,1,1,1,1,0,0,0,0,0,0,0,0,8500.0,2,1.0,1.0,0.0,False,0,0,0,0,118.89,monte_carlo_run_586_seed_628.log
587,12,-1,1,-1,1,1,629,3101,0.075,1.51,False,Solitudine / Nessun Contatto,,,Nessuna,4,0,4,0.0,3,3,3,3,0,0,0,0,0,0,0,0,8500.0,10,1.004,1.004,0.0,False,0,0,2,2,40.19,monte_carlo_run_587_seed_629.log
588,12,-1,1,-1,1,1,630,3101,0.137,3.27,False,Solitudine / Nessun Contatto,,,Nessuna,16,0,16,2.85,2,1,1,1,0,0,0,0,0,0,0,0,8500.0,5,1.049,1.049,0.0,False,9,0,1,1,1106.81,monte_carlo_run_588_seed_630.log
589,12,-1,1,-1,1,1,631,3101,0.092,1.8,False,Solitudine / Nessun Contatto,,,Nessuna,1,0,1,0.0,1,1,1,1,0,0,0,0,0,0,0,0,8500.0,2,1.0,1.0,0.0,False,0,0,0,0,0.02,monte_carlo_run_589_seed_631.log
590,12,-1,1,-1,1,1,632,3101,0.115,2.18,False,Solitudine / Nessun Contatto,,,Nessuna,1,0,1,0.0,1,1,1,1,0,0,0,0,0,0,0,0,8500.0,2,1.0,1.0,0.0,False,0,0,0,0,0.02,monte_carlo_run_590_seed_632.log
591,12,-1,1,-1,1,1,633,3101,0.063,1.35,False,Solitudine / Nessun Contatto,,,Nessuna,1,0,1,0.0,1,1,1,1,0,0,0,0,0,0,0,0,8500.0,2,1.0,1.0,0.0,False,0,0,0,0,0.02,monte_carlo_run_591_seed_633.log
592,12,-1,1,-1,1,1,634,3101,0.076,1.12,False,Solitudine / Nessun Contatto,,,Nessuna,2,0,2,0.99,1,1,1,1,0,0,0,0,0,0,0,0,8500.0,2,1.0,1.0,0.0,False,0,0,0,0,78.75,monte_carlo_run_592_seed_634.log
593,12,-1,1,-1,1,1,635,3101,0.133,2.29,False,Solitudine / Nessun Contatto,,,Nessuna,4,0,4,1.52,2,2,2,2,0,0,0,0,0,0,0,0,8500.0,6,1.002,1.002,0.0,False,0,0,1,1,45.64,monte_carlo_run_593_seed_635.log
594,12,-1,1,-1,1,1,636,3101,0.1,2.09,False,Solitudine / Nessun Contatto,,,Nessuna,1,0,1,0.0,1,1,1,1,0,0,0,0,0,0,0,0,8500.0,2,1.0,1.0,0.0,False,0,0,0,0,0.02,monte_carlo_run_594_seed_636.log
595,12,-1,1,-1,1,1,637,3101,0.059,1.06,False,Solitudine / Nessun Contatto,,,Nessuna,2,0,2,0.0,2,2,2,2,0,0,0,0,0,0,0,0,8500.0,5,1.0,1.0,0.0,False,0,0,1,1,0.04,monte_carlo_run_595_seed_637.log
596,12,-1,1,-1,1,1,638,3101,0.124,2.52,False,Solitudine / Nessun Contatto,,,Nessuna,8,0,8,2.71,3,3,3,3,0,0,0,0,0,0,0,0,8500.0,9,1.029,1.029,0.0,False,3,0,1,3,402.9,monte_carlo_run_596_seed_638.log
597,12,-1,1,-1,1,1,639,3101,0.076,1.24,False,Solitudine / Nessun Contatto,,,Nessuna,3,0,3,0.0,3,3,3,3,0,0,0,0,0,0,0,0,8500.0,10,1.0,1.0,0.0,False,0,0,0,3,0.06,monte_carlo_run_597_seed_639.log
598,12,-1,1,-1,1,1,640,3101,0.138,1.67,False,Solitudine / Nessun Contatto,,,Nessuna,2,0,2,1.6,1,1,1,1,0,0,0,0,0,0,0,0,8500.0,2,1.0,1.0,0.0,False,0,0,0,0,46.31,monte_carlo_run_598_seed_640.log
599,12,-1,1,-1,1,1,641,3101,0.092,1.21,False,Solitudine / Nessun Contatto,,,Nessuna,1,0,1,0.0,1,1,1,1,0,0,0,0,0,0,0,0,8500.0,2,1.0,1.0,0.0,False,0,0,0,0,0.02,monte_carlo_run_599_seed_641.log
600,12,-1,1,-1,1,1,642,3101,0.101,1.44,False,Solitudine / Nessun Contatto,,,Nessuna,1,0,1,0.0,1,1,1,1,0,0,0,0,0,0,0,0,8500.0,2,1.0,1.0,0.0,False,0,0,0,0,0.02,monte_carlo_run_600_seed_642.log
601,13,-1,1,1,-1,-1,643,3101,0.437,9.96,False,Solitudine / Nessun Contatto,,,Nessuna,2550,1,2550,15.81,337,262,27,5,19,297,272,272,0,193,129,64,9910.75,606,1.6,1.6,0.0,False,2208,0,1166,1409,10000.03,monte_carlo_run_601_seed_643.log
602,13,-1,1,1,-1,-1,644,3101,0.242,5.5,True,Incontro Flotta Deep-Space,822.34,7.76,Biosfera Primitiva,35,1,2490,23.18,293,231,23,3,18,260,223,223,0,160,102,58,9622.36,492,1.6,1.6,0.0,False,2174,0,860,1027,10000.01,monte_carlo_run_602_seed_644.log
603,13,-1,1,1,-1,-1,645,3101,0.31,7.17,False,Solitudine / Nessun Contatto,,,Nessuna,2505,0,2505,26.62,287,224,16,4,10,262,230,230,0,162,121,41,9679.56,500,1.6,1.6,0.0,False,2217,0,871,1090,10000.05,monte_carlo_run_603_seed_645.log
604,13,-1,1,1,-1,-1,646,3101,0.446,8.59,True,Contatto Planetario / Biofirme,93.06,8.75,Collaborativa,7,0,2583,25.17,330,264,27,4,20,294,262,262,0,188,159,29,9849.47,593,1.545,1.6,0.055,True,2252,0,1142,1444,10000.0,monte_carlo_run_604_seed_646.log
605,13,-1,1,1,-1,-1,647,3101,0.508,9.67,True,Contatto Planetario / Biofirme,88.19,13.66,Diffidente,6,1,2400,32.1,284,225,9,3,6,264,238,238,0,172,128,44,9778.63,533,1.6,1.6,0.0,False,2113,0,902,1102,10000.03,monte_carlo_run_605_seed_647.log
606,13,-1,1,1,-1,-1,648,3101,0.593,14.01,True,Contatto Planetario / Biofirme,316.56,12.6,Cauta,25,0,2568,30.35,321,239,26,6,15,284,251,251,0,179,133,46,9763.93,550,1.6,1.6,0.0,False,2249,0,976,1207,10000.04,monte_carlo_run_606_seed_648.log
607,13,-1,1,1,-1,-1,649,3101,0.366,6.76,True,Incontro Flotta Deep-Space,1776.58,15.16,Biosfera Primitiva,199,3,2658,32.4,328,242,30,5,22,280,263,263,0,186,129,57,9826.37,591,1.6,1.6,0.0,False,2327,0,979,1142,10000.29,monte_carlo_run_607_seed_649.log
608,13,-1,1,1,-1,-1,650,3101,0.322,5.13,True,Incontro Flotta Deep-Space,3018.05,20.52,Collaborativa,180,0,1840,37.13,242,174,15,2,11,210,187,187,0,119,73,46,9374.47,380,1.6,1.6,0.0,False,1558,0,719,800,10000.0,monte_carlo_run_608_seed_650.log
609,13,-1,1,1,-1,-1,651,3101,0.542,11.24,True,Contatto Planetario / Biofirme,202.43,7.23,Ostile,7,0,7,12.96,7,5,2,1,1,5,5,5,0,0,0,0,8500.85,2,1.001,0.888,-0.1127,False,0,0,0,0,202.45,monte_carlo_run_609_seed_651.log
610,13,-1,1,1,-1,-1,652,3101,0.485,10.66,True,Contatto Planetario / Biofirme,225.02,15.25,Ostile,17,1,2600,19.07,332,253,26,4,20,293,244,244,0,167,120,47,9707.24,562,1.6,1.6,0.0,False,2264,0,797,1021,10000.03,monte_carlo_run_610_seed_652.log
611,13,-1,1,1,-1,-1,653,3101,0.589,11.54,True,Contatto Planetario / Biofirme,176.9,13.28,Diffidente,10,5,2486,37.01,326,239,21,1,17,289,235,235,0,166,115,51,9713.06,572,1.553,1.6,0.0469,True,2160,0,942,1214,10000.15,monte_carlo_run_611_seed_653.log
612,13,-1,1,1,-1,-1,654,3101,0.516,10.12,True,Incontro Flotta Deep-Space,1623.97,6.06,Biosfera Primitiva,201,1,2660,35.48,316,234,23,6,14,272,246,246,0,171,122,49,9711.67,530,1.6,1.6,0.0,False,2342,0,876,1027,10000.04,monte_carlo_run_612_seed_654.log
613,13,-1,1,1,-1,-1,655,3101,0.529,8.67,True,Incontro Flotta Deep-Space,3123.83,12.17,Biosfera Primitiva,430,1,2604,40.24,339,254,34,9,24,292,243,243,0,171,121,50,9659.88,559,1.6,1.6,0.0,False,2264,0,1013,1332,10000.09,monte_carlo_run_613_seed_655.log
614,13,-1,1,1,-1,-1,656,3101,0.316,6.5,True,Incontro Flotta Deep-Space,1889.55,11.62,Biosfera Primitiva,123,3,2589,35.34,304,230,19,4,12,272,269,269,0,180,91,89,9803.99,564,1.6,1.6,0.0,False,2277,0,964,1014,10000.09,monte_carlo_run_614_seed_656.log
615,13,-1,1,1,-1,-1,657,3101,0.509,11.67,True,Contatto Planetario / Biofirme,44.02,11.29,Diffidente,4,0,2358,16.23,268,207,25,5,16,231,193,193,0,143,97,46,9466.4,457,1.571,1.6,0.0293,True,2089,0,766,933,10000.48,monte_carlo_run_615_seed_657.log
616,13,-1,1,1,-1,-1,658,3101,0.364,4.85,True,Contatto Planetario / Biofirme,950.45,17.77,Predatoria,45,0,650,17.77,89,72,11,1,7,75,72,72,0,52,37,15,8865.86,132,1.578,1.6,0.0218,True,541,0,240,280,10000.39,monte_carlo_run_616_seed_658.log
617,13,-1,1,1,-1,-1,659,3101,0.54,10.45,True,Contatto Planetario / Biofirme,34.41,9.04,Cauta,3,2,2659,34.18,329,260,33,5,21,280,251,251,0,179,118,61,9778.68,604,1.6,1.6,0.0,False,2328,0,1057,1184,10000.02,monte_carlo_run_617_seed_659.log
618,13,-1,1,1,-1,-1,660,3101,0.539,10.45,True,Contatto Planetario / Biofirme,16.15,5.79,Diffidente,3,1,1869,22.04,242,180,16,3,10,217,207,207,0,143,83,60,9508.12,433,1.6,1.6,0.0,False,1625,0,865,991,10000.05,monte_carlo_run_618_seed_660.log
619,13,-1,1,1,-1,-1,661,3101,0.21,3.3,False,Solitudine / Nessun Contatto,,,Nessuna,1,0,1,0.0,1,1,1,1,0,0,0,0,0,0,0,0,8500.0,2,1.0,1.0,0.0,False,0,0,0,0,0.02,monte_carlo_run_619_seed_661.log
620,13,-1,1,1,-1,-1,662,3101,0.212,3.3,False,Solitudine / Nessun Contatto,,,Nessuna,3,0,3,1.59,2,2,1,1,0,1,1,1,0,0,0,0,8500.07,2,1.002,0.802,-0.1993,False,1,0,0,0,113.76,monte_carlo_run_620_seed_662.log
621,13,-1,1,1,-1,-1,663,3101,0.361,7.05,True,Incontro Flotta Deep-Space,1981.58,5.12,Collaborativa,192,1,2690,33.74,316,240,19,6,11,284,257,257,0,180,121,59,9744.3,556,1.6,1.6,0.0,False,2373,0,960,1110,10000.3,monte_carlo_run_621_seed_663.log
622,13,-1,1,1,-1,-1,664,3101,0.534,10.47,True,Contatto Planetario / Biofirme,60.37,9.52,Collaborativa,5,1,2541,36.1,294,223,23,1,18,264,249,249,0,171,113,58,9704.59,530,1.6,1.6,0.0,False,2248,0,831,984,10000.08,monte_carlo_run_622_seed_664.log
623,13,-1,1,1,-1,-1,665,3101,0.31,7.38,True,Incontro Flotta Deep-Space,2049.01,3.8,Biosfera Primitiva,269,0,2629,37.14,292,238,20,4,16,265,203,203,0,138,106,32,9465.08,514,1.6,1.6,0.0,False,2333,0,808,982,10000.19,monte_carlo_run_623_seed_665.log
624,13,-1,1,1,-1,-1,666,3101,0.57,11.59,True,Contatto Planetario / Biofirme,16.38,6.19,Predatoria,3,0,2467,32.83,300,228,22,3,16,262,232,232,0,162,105,57,9665.28,549,1.6,1.6,0.0,False,2166,0,939,1091,10000.0,monte_carlo_run_624_seed_666.log
625,13,-1,1,1,-1,-1,667,3101,0.508,9.52,True,Incontro Flotta Deep-Space,691.16,12.53,Biosfera Primitiva,77,1,2678,37.19,320,236,18,7,9,292,276,276,0,194,111,83,9955.0,610,1.6,1.6,0.0,False,2359,0,1120,1246,10000.02,monte_carlo_run_625_seed_667.log
626,13,-1,1,1,-1,-1,668,3101,0.507,8.26,True,Contatto Planetario / Biofirme,712.46,27.91,Collaborativa,46,0,2446,43.82,285,219,21,7,13,255,240,240,0,174,98,76,9717.46,557,1.6,1.6,0.0,False,2158,0,1117,1271,10000.08,monte_carlo_run_626_seed_668.log
627,13,-1,1,1,-1,-1,669,3101,0.575,9.88,True,Incontro Flotta Deep-Space,1871.58,2.24,Biosfera Primitiva,231,2,2631,42.42,331,252,30,3,25,287,283,283,0,192,103,89,9909.76,616,1.6,1.6,0.0,False,2297,0,1065,1136,10000.01,monte_carlo_run_627_seed_669.log
628,13,-1,1,1,-1,-1,670,3101,0.548,9.67,True,Contatto Planetario / Biofirme,24.79,12.2,Diffidente,3,0,2740,21.53,343,257,29,8,15,298,279,279,0,194,150,44,9858.09,628,1.6,1.6,0.0,False,2396,0,1031,1187,10000.12,monte_carlo_run_628_seed_670.log
629,13,-1,1,1,-1,-1,671,3101,0.479,5.84,True,Contatto Planetario / Biofirme,4055.15,25.74,Collaborativa,571,2,2569,41.47,297,201,19,3,14,262,258,258,0,183,101,82,9823.93,524,1.6,1.6,0.0,False,2265,0,920,1003,10000.04,monte_carlo_run_629_seed_671.log
630,13,-1,1,1,-1,-1,672,3101,0.389,4.97,True,Incontro Flotta Deep-Space,2799.88,0.0,Biosfera Primitiva,147,1,1909,41.87,237,178,15,6,7,210,208,208,0,142,76,66,9480.25,405,1.6,1.6,0.0,False,1628,0,710,770,10000.34,monte_carlo_run_630_seed_672.log
631,13,-1,1,1,-1,-1,673,3101,0.436,7.07,True,Incontro Flotta Deep-Space,2131.33,5.37,Biosfera Primitiva,233,1,2228,39.76,278,208,17,5,9,250,200,200,0,137,105,32,9447.79,451,1.6,1.6,0.0,False,1948,0,778,980,10000.23,monte_carlo_run_631_seed_673.log
632,13,-1,1,1,-1,-1,674,3101,0.511,12.31,True,Contatto Planetario / Biofirme,261.47,15.41,Predatoria,12,1,2570,21.77,353,281,28,2,24,308,268,268,0,197,138,59,9872.15,641,1.6,1.6,0.0,False,2214,0,1282,1475,10000.05,monte_carlo_run_632_seed_674.log
633,13,-1,1,1,-1,-1,675,3101,0.361,8.26,True,Contatto Planetario / Biofirme,1534.68,20.48,Ostile,201,0,2694,39.39,329,243,26,4,19,291,230,230,0,162,87,75,9621.36,625,1.6,1.6,0.0,False,2370,0,1073,1229,10000.01,monte_carlo_run_633_seed_675.log
634,13,-1,1,1,-1,-1,676,3101,0.552,8.72,True,Contatto Planetario / Biofirme,465.16,17.86,Collaborativa,40,0,2715,29.12,317,229,20,4,11,287,278,278,0,203,123,80,9967.64,627,1.6,1.6,0.0,False,2400,0,1151,1275,10000.09,monte_carlo_run_634_seed_676.log
635,13,-1,1,1,-1,-1,677,3101,0.357,7.63,True,Contatto Planetario / Biofirme,305.6,23.06,Collaborativa,12,1,2712,29.3,330,248,23,7,14,295,268,268,0,185,120,65,9877.6,621,1.585,1.6,0.0148,True,2383,0,1020,1158,10000.36,monte_carlo_run_635_seed_677.log
636,13,-1,1,1,-1,-1,678,3101,0.534,7.27,True,Incontro Flotta Deep-Space,1036.83,11.0,Biosfera Primitiva,104,0,2525,34.54,295,224,24,7,16,258,225,225,0,162,107,55,9686.52,514,1.6,1.6,0.0,False,2227,0,790,954,10000.1,monte_carlo_run_636_seed_678.log
637,13,-1,1,1,-1,-1,679,3101,0.214,5.07,True,Incontro Flotta Deep-Space,2946.09,16.72,Biosfera Primitiva,297,0,2477,45.71,316,255,23,2,19,282,280,280,0,204,84,120,9927.51,603,1.6,1.6,0.0,False,2090,0,1187,1229,10000.01,monte_carlo_run_637_seed_679.log
638,13,-1,1,1,-1,-1,680,3101,0.357,6.16,True,Contatto Planetario / Biofirme,313.26,7.87,Diffidente,11,0,2536,38.71,285,206,19,4,13,251,222,222,0,155,109,46,9582.96,459,1.6,1.6,0.0,False,2248,0,665,829,10000.16,monte_carlo_run_638_seed_680.log
639,13,-1,1,1,-1,-1,681,3101,0.468,6.09,True,Contatto Planetario / Biofirme,328.92,9.83,Predatoria,18,0,2422,18.78,313,248,24,3,17,276,265,265,0,182,128,54,9816.6,544,1.567,1.6,0.0329,True,2109,0,1005,1159,10000.1,monte_carlo_run_639_seed_681.log
640,13,-1,1,1,-1,-1,682,3101,0.545,10.85,True,Contatto Planetario / Biofirme,233.19,17.4,Cauta,18,1,2617,33.21,311,249,20,1,18,278,260,260,0,174,123,51,9746.39,570,1.481,1.6,0.1191,True,2308,0,887,1054,10000.0,monte_carlo_run_640_seed_682.log
641,13,-1,1,1,-1,-1,683,3101,0.33,7.83,True,Contatto Planetario / Biofirme,33.2,10.66,Cauta,3,0,2517,31.94,322,236,28,5,19,274,250,250,0,165,102,63,9736.43,551,1.5,1.6,0.0996,True,2196,0,938,1097,10000.01,monte_carlo_run_641_seed_683.log
642,13,-1,1,1,-1,-1,684,3101,0.566,11.69,True,Incontro Flotta Deep-Space,3750.37,12.13,Biosfera Primitiva,621,0,2308,32.21,287,214,19,6,12,258,156,156,0,114,81,33,9247.29,470,1.555,1.6,0.0447,True,2026,0,760,994,10000.35,monte_carlo_run_642_seed_684.log
643,13,-1,1,1,-1,-1,685,3101,0.214,3.94,False,Solitudine / Nessun Contatto,,,Nessuna,2,0,2,0.48,2,2,2,1,1,0,0,0,0,0,0,0,8500.0,2,1.0,1.0,0.0,False,0,0,0,1,8.95,monte_carlo_run_643_seed_685.log
644,13,-1,1,1,-1,-1,686,3101,0.593,9.42,True,Contatto Planetario / Biofirme,238.37,15.18,Cauta,18,1,2661,26.65,331,243,23,6,15,288,280,280,0,214,116,98,10022.43,669,1.6,1.6,0.0,False,2329,0,1436,1548,10000.06,monte_carlo_run_644_seed_686.log
645,13,-1,1,1,-1,-1,687,3101,0.598,14.18,True,Contatto Planetario / Biofirme,38.98,13.12,Ostile,4,4,2501,28.69,311,229,24,2,18,269,219,219,0,147,100,47,9503.49,522,1.6,1.6,0.0,False,2191,0,759,934,10000.21,monte_carlo_run_645_seed_687.log
646,13,-1,1,1,-1,-1,688,3101,0.349,7.23,True,Incontro Flotta Deep-Space,669.14,7.21,Biosfera Primitiva,36,0,2566,25.17,312,242,27,3,20,271,251,251,0,169,114,55,9694.48,528,1.503,1.6,0.0971,True,2254,0,903,1034,10000.1,monte_carlo_run_646_seed_688.log
647,13,-1,1,1,-1,-1,689,3101,0.375,5.76,True,Incontro Flotta Deep-Space,2080.5,14.83,Biosfera Primitiva,199,0,2532,27.5,302,224,31,6,20,259,248,248,0,171,114,57,9749.72,525,1.6,1.6,0.0,False,2217,0,818,921,10000.23,monte_carlo_run_647_seed_689.log
648,13,-1,1,1,-1,-1,690,3101,0.307,6.41,True,Contatto Planetario / Biofirme,23.79,6.79,Collaborativa,3,0,2753,33.59,323,244,25,4,16,291,266,266,0,198,147,51,9866.46,604,1.6,1.6,0.0,False,2428,0,1172,1382,10000.03,monte_carlo_run_648_seed_690.log
649,13,-1,1,1,-1,-1,691,3101,0.533,13.14,True,Contatto Planetario / Biofirme,62.26,13.56,Predatoria,4,2,2477,35.15,274,194,17,4,11,244,203,203,0,149,94,55,9574.2,473,1.6,1.6,0.0,False,2201,0,766,919,10000.09,monte_carlo_run_649_seed_691.log
650,13,-1,1,1,-1,-1,692,3101,0.239,4.63,False,Solitudine / Nessun Contatto,,,Nessuna,1,0,1,0.0,1,1,1,1,0,0,0,0,0,0,0,0,8500.0,2,1.0,1.0,0.0,False,0,0,0,0,0.02,monte_carlo_run_650_seed_692.log
651,14,-1,1,1,-1,1,693,3101,0.46,5.66,True,Contatto Planetario / Biofirme,1113.26,13.26,Predatoria,80,1,2243,18.74,276,213,24,5,17,245,242,242,0,158,92,66,9666.92,454,1.6,1.6,0.0,False,1960,0,814,900,10000.02,monte_carlo_run_651_seed_693.log
652,14,-1,1,1,-1,1,694,3101,0.542,13.27,True,Incontro Flotta Deep-Space,6221.28,29.36,Biosfera Primitiva,1612,0,2546,44.02,290,218,19,2,16,262,230,230,0,174,104,70,9705.74,527,1.6,1.6,0.0,False,2256,0,996,1157,10000.06,monte_carlo_run_652_seed_694.log
653,14,-1,1,1,-1,1,695,3101,0.409,7.76,True,Contatto Planetario / Biofirme,551.99,10.76,Collaborativa,19,0,2660,24.07,305,223,18,4,13,269,256,256,0,185,144,41,9865.51,578,1.585,1.6,0.0149,True,2356,0,973,1136,10000.06,monte_carlo_run_653_seed_695.log
654,14,-1,1,1,-1,1,696,3101,0.371,8.07,True,Incontro Flotta Deep-Space,708.36,8.84,Leale alla Madrepatria,110,2,2736,35.59,300,230,25,4,18,263,191,191,0,142,92,50,9504.26,560,1.533,1.6,0.0669,True,2436,0,927,1117,10000.14,monte_carlo_run_654_seed_696.log
655,14,-1,1,1,-1,1,697,3101,0.512,8.4,False,Solitudine / Nessun Contatto,,,Nessuna,9,0,9,12.85,8,7,1,1,0,7,7,7,0,0,0,0,8501.31,2,1.001,0.866,-0.1353,False,0,0,0,0,230.99,monte_carlo_run_655_seed_697.log
656,14,-1,1,1,-1,1,698,3101,0.579,10.65,True,Incontro Flotta Deep-Space,1983.13,0.0,Biosfera Primitiva,484,1,2671,27.96,315,247,22,2,16,277,262,262,0,181,109,72,9785.74,553,1.6,1.6,0.0,False,2353,0,931,1072,10000.03,monte_carlo_run_656_seed_698.log
657,14,-1,1,1,-1,1,699,3101,0.34,5.67,True,Incontro Flotta Deep-Space,3618.85,3.52,Biosfera Primitiva,478,0,2370,41.36,282,206,21,6,14,247,237,237,0,156,84,72,9592.31,483,1.6,1.6,0.0,False,2075,0,765,844,10000.06,monte_carlo_run_657_seed_699.log
658,14,-1,1,1,-1,1,700,3101,0.339,5.41,True,Incontro Flotta Deep-Space,7286.96,30.41,Biosfera Primitiva,1249,1,1954,36.45,220,157,15,3,10,193,183,183,0,119,80,39,9350.65,345,1.55,1.6,0.0503,True,1711,0,459,518,10000.01,monte_carlo_run_658_seed_700.log
659,14,-1,1,1,-1,1,701,3101,0.523,8.66,True,Contatto Planetario / Biofirme,917.99,9.23,Diffidente,25,3,2403,31.13,270,212,21,3,12,240,182,182,0,122,95,27,9352.19,449,1.6,1.6,0.0,False,2130,0,643,867,10000.01,monte_carlo_run_659_seed_701.log
660,14,-1,1,1,-1,1,702,3101,0.278,3.79,False,Solitudine / Nessun Contatto,,,Nessuna,50,0,50,4.02,6,4,1,1,0,4,1,1,0,0,0,0,8500.69,11,1.146,0.534,-0.6116,False,36,0,2,3,3514.43,monte_carlo_run_660_seed_702.log
661,14,-1,1,1,-1,1,703,3101,0.423,10.12,True,Incontro Flotta Deep-Space,3007.71,6.97,Biosfera Primitiva,552,1,2496,25.85,306,233,24,5,16,264,235,235,0,157,100,57,9638.85,531,1.6,1.6,0.0,False,2189,0,887,1065,10000.03,monte_carlo_run_661_seed_703.log
662,14,-1,1,1,-1,1,704,3101,0.283,4.27,True,Incontro Flotta Deep-Space,4643.45,30.27,Biosfera Primitiva,339,0,765,46.48,90,75,5,2,1,85,85,85,0,65,33,32,8956.79,185,1.522,1.6,0.078,True,619,0,322,343,10000.04,monte_carlo_run_662_seed_704.log
663,14,-1,1,1,-1,1,705,3101,0.247,4.04,False,Solitudine / Nessun Contatto,,,Nessuna,26,0,26,4.63,6,3,1,1,0,3,0,0,0,0,0,0,8500.0,16,1.137,1.137,0.0,False,17,0,4,9,1114.51,monte_carlo_run_663_seed_705.log
664,14,-1,1,1,-1,1,706,3101,0.39,5.99,True,Contatto Planetario / Biofirme,24.27,7.6,Collaborativa,3,0,2351,35.88,321,239,28,4,20,276,253,253,0,179,127,52,9783.48,575,1.6,1.6,0.0,False,2023,0,1225,1422,10000.12,monte_carlo_run_664_seed_706.log
665,14,-1,1,1,-1,1,707,3101,0.329,7.25,True,Contatto Planetario / Biofirme,243.76,7.58,Diffidente,10,0,2542,27.39,321,245,25,5,15,285,238,238,0,164,115,49,9683.2,532,1.532,1.6,0.0681,True,2221,0,941,1188,10000.07,monte_carlo_run_665_seed_707.log
666,14,-1,1,1,-1,1,708,3101,0.227,3.18,False,Solitudine / Nessun Contatto,,,Nessuna,2,0,2,2.43,1,1,1,1,0,0,0,0,0,0,0,0,8500.0,2,1.0,1.0,0.0,False,0,0,0,0,42.9,monte_carlo_run_666_seed_708.log
667,14,-1,1,1,-1,1,709,3101,0.544,10.91,True,Incontro Flotta Deep-Space,26.83,6.06,Diffidente,7,1,2389,17.82,275,204,14,2,9,246,128,128,0,86,64,22,9105.16,466,1.6,1.6,0.0,False,2110,0,661,893,10000.18,monte_carlo_run_667_seed_709.log
668,14,-1,1,1,-1,1,710,3101,0.341,6.14,True,Contatto Planetario / Biofirme,192.56,7.63,Diffidente,11,0,2558,34.23,291,222,16,5,10,260,241,241,0,168,117,51,9728.81,516,1.527,1.6,0.0728,True,2267,0,859,976,10000.1,monte_carlo_run_668_seed_710.log
669,14,-1,1,1,-1,1,711,3101,0.595,8.79,True,Incontro Flotta Deep-Space,2618.08,10.54,Biosfera Primitiva,326,0,2293,36.92,295,218,24,1,20,259,239,239,0,147,102,45,9600.07,436,1.592,1.6,0.0083,True,1991,0,645,791,10000.1,monte_carlo_run_669_seed_711.log
670,14,-1,1,1,-1,1,712,3101,0.421,8.65,True,Incontro Flotta Deep-Space,0.04,5.66,Predatoria,4,0,2211,16.8,243,177,17,4,12,216,78,78,0,58,48,10,8907.7,446,1.6,1.6,0.0,False,1968,0,653,902,10000.06,monte_carlo_run_670_seed_712.log
671,14,-1,1,1,-1,1,713,3101,0.311,5.19,True,Incontro Flotta Deep-Space,831.56,9.57,Biosfera Primitiva,88,0,2346,25.76,280,213,24,2,16,241,11,11,0,8,8,0,8560.51,468,1.33,0.979,-0.3509,False,2013,0,529,667,10000.06,monte_carlo_run_671_seed_713.log
672,14,-1,1,1,-1,1,714,3101,0.35,5.6,True,Contatto Planetario / Biofirme,380.34,8.3,Collaborativa,12,0,2535,40.9,293,222,17,6,8,264,238,238,0,163,98,65,9670.66,523,1.6,1.6,0.0,False,2224,0,922,1066,10000.03,monte_carlo_run_672_seed_714.log
673,14,-1,1,1,-1,1,715,3101,0.289,6.42,True,Contatto Planetario / Biofirme,504.05,12.45,Ostile,33,1,2606,19.49,317,245,25,8,13,284,231,231,0,170,115,55,9701.8,563,1.486,1.6,0.1141,True,2285,0,975,1237,10000.05,monte_carlo_run_673_seed_715.log
674,14,-1,1,1,-1,1,716,3101,0.285,6.57,True,Incontro Flotta Deep-Space,389.97,11.41,Predatoria,60,0,2748,21.96,340,268,23,3,18,306,8,8,0,6,6,0,8548.26,682,0.992,1.531,0.5393,True,2408,0,1186,1406,10000.2,monte_carlo_run_674_seed_716.log
675,14,-1,1,1,-1,1,717,3101,0.311,7.51,True,Contatto Planetario / Biofirme,431.93,13.66,Predatoria,48,0,2640,43.08,326,251,25,6,16,293,185,185,0,127,91,36,9372.92,586,1.6,1.6,0.0,False,2315,0,1008,1272,10000.23,monte_carlo_run_675_seed_717.log
676,14,-1,1,1,-1,1,718,3101,0.291,4.67,False,Solitudine / Nessun Contatto,,,Nessuna,1186,0,1186,21.02,159,119,8,1,7,144,25,25,0,16,14,2,8602.16,273,1.225,1.6,0.3747,True,967,0,439,530,10000.0,monte_carlo_run_676_seed_718.log
677,14,-1,1,1,-1,1,719,3101,0.533,7.1,True,Contatto Planetario / Biofirme,99.64,9.78,Diffidente,16,1,2557,17.99,318,244,29,6,20,276,208,208,0,147,105,42,9560.58,532,1.6,1.6,0.0,False,2240,0,806,1055,10000.01,monte_carlo_run_677_seed_719.log
678,14,-1,1,1,-1,1,720,3101,0.596,8.48,True,Contatto Planetario / Biofirme,7.1,4.23,Collaborativa,2,0,2611,38.94,330,255,33,7,19,283,261,261,0,184,122,62,9777.91,621,1.544,1.6,0.056,True,2283,0,1121,1298,10000.15,monte_carlo_run_678_seed_720.log
679,14,-1,1,1,-1,1,721,3101,0.306,6.66,True,Incontro Flotta Deep-Space,1785.79,0.0,Biosfera Primitiva,203,1,2557,36.54,310,235,15,2,12,282,262,262,0,188,120,68,9868.78,561,1.6,1.6,0.0,False,2241,0,999,1147,10000.23,monte_carlo_run_679_seed_721.log
680,14,-1,1,1,-1,1,722,3101,0.269,6.3,True,Contatto Planetario / Biofirme,652.98,17.85,Diffidente,82,0,2414,20.07,254,196,25,4,20,221,38,38,0,27,23,4,8686.69,443,1.422,1.6,0.178,True,2152,0,711,937,10000.11,monte_carlo_run_680_seed_722.log
681,14,-1,1,1,-1,1,723,3101,0.337,5.96,True,Incontro Flotta Deep-Space,2650.37,8.54,Biosfera Primitiva,285,0,2584,33.0,316,230,30,6,22,272,241,241,0,156,108,48,9601.08,530,1.573,1.6,0.0271,True,2258,0,877,1042,10000.26,monte_carlo_run_681_seed_723.log
682,14,-1,1,1,-1,1,724,3101,0.334,6.24,True,Contatto Planetario / Biofirme,3008.26,19.47,Cauta,272,0,2470,28.0,319,251,24,4,19,285,266,266,0,173,122,51,9686.09,520,1.6,1.6,0.0,False,2152,0,909,1129,10000.04,monte_carlo_run_682_seed_724.log
683,14,-1,1,1,-1,1,725,3101,0.578,10.09,True,Contatto Planetario / Biofirme,63.0,8.95,Cauta,10,0,2721,34.94,321,256,25,4,19,286,133,133,0,100,80,20,9149.24,594,1.583,1.6,0.0168,True,2402,0,950,1184,10000.01,monte_carlo_run_683_seed_725.log
684,14,-1,1,1,-1,1,726,3101,0.417,8.55,True,Incontro Flotta Deep-Space,737.81,8.02,Biosfera Primitiva,59,0,2798,39.16,345,260,26,3,20,304,277,277,0,210,152,58,9924.86,686,1.6,1.6,0.0,False,2453,0,1293,1512,10000.08,monte_carlo_run_684_seed_726.log
685,14,-1,1,1,-1,1,727,3101,0.26,4.53,True,Incontro Flotta Deep-Space,3854.11,25.67,Collaborativa,319,0,1119,53.16,124,90,12,2,10,105,105,105,0,67,46,21,8966.24,186,1.6,1.6,0.0,False,937,0,223,244,10000.04,monte_carlo_run_685_seed_727.log
686,14,-1,1,1,-1,1,728,3101,0.38,8.89,True,Contatto Planetario / Biofirme,41.53,6.74,Ostile,3,1,2589,32.88,303,238,23,3,17,268,253,253,0,183,109,74,9818.7,570,1.6,1.6,0.0,False,2284,0,1010,1150,10000.04,monte_carlo_run_686_seed_728.log
687,14,-1,1,1,-1,1,729,3101,0.427,9.02,True,Contatto Planetario / Biofirme,30.85,5.99,Cauta,4,0,2466,6.03,310,230,19,3,12,270,234,234,0,152,116,36,9649.41,498,1.6,1.6,0.0,False,2156,0,760,966,10000.04,monte_carlo_run_687_seed_729.log
688,14,-1,1,1,-1,1,730,3101,0.264,5.31,True,Incontro Flotta Deep-Space,7297.23,12.43,Collaborativa,2239,2,2682,35.81,324,253,27,5,20,283,280,280,0,205,101,104,9935.8,642,1.539,1.6,0.0614,True,2328,0,1256,1301,10000.02,monte_carlo_run_688_seed_730.log
689,14,-1,1,1,-1,1,731,3101,0.395,7.22,True,Contatto Planetario / Biofirme,670.18,18.37,Predatoria,85,1,2632,30.39,297,230,21,5,12,264,142,142,0,95,65,30,9171.27,553,1.53,1.6,0.0704,True,2336,0,848,955,10000.06,monte_carlo_run_689_seed_731.log
690,14,-1,1,1,-1,1,732,3101,0.542,9.67,True,Contatto Planetario / Biofirme,413.59,10.94,Collaborativa,28,1,2603,33.86,307,241,27,7,15,266,250,250,0,183,126,57,9791.6,523,1.6,1.6,0.0,False,2296,0,894,1082,10000.01,monte_carlo_run_690_seed_732.log
691,14,-1,1,1,-1,1,733,3101,0.344,7.58,False,Solitudine / Nessun Contatto,,,Nessuna,2677,0,2677,22.58,326,244,26,4,18,284,266,266,0,186,119,67,9822.75,600,1.6,1.6,0.0,False,2347,0,1036,1169,10000.62,monte_carlo_run_691_seed_733.log
692,14,-1,1,1,-1,1,734,3101,0.503,11.74,True,Incontro Flotta Deep-Space,1812.54,9.69,Biosfera Primitiva,189,0,2363,13.03,312,245,19,7,8,277,216,216,0,148,88,60,9519.39,526,1.6,1.6,0.0,False,2049,0,994,1236,10000.08,monte_carlo_run_692_seed_734.log
693,14,-1,1,1,-1,1,735,3101,0.28,4.92,True,Contatto Planetario / Biofirme,426.35,17.7,Diffidente,13,0,2263,40.71,253,186,18,4,13,222,194,194,0,140,83,57,9501.79,408,1.6,1.6,0.0,False,1941,0,647,807,10000.08,monte_carlo_run_693_seed_735.log
694,14,-1,1,1,-1,1,736,3101,0.261,4.74,True,Incontro Flotta Deep-Space,3208.98,9.8,Biosfera Primitiva,350,0,2016,39.72,233,185,15,4,8,212,199,199,0,127,86,41,9444.88,365,1.6,1.6,0.0,False,1680,0,519,577,10000.09,monte_carlo_run_694_seed_736.log
695,14,-1,1,1,-1,1,737,3101,0.452,10.39,True,Contatto Planetario / Biofirme,199.6,16.98,Cauta,26,0,2361,25.75,298,234,28,2,22,251,126,126,0,85,62,23,9102.75,492,1.543,1.6,0.0573,True,2063,0,712,891,10000.14,monte_carlo_run_695_seed_737.log
696,14,-1,1,1,-1,1,738,3101,0.576,10.6,True,Contatto Planetario / Biofirme,14.85,8.56,Diffidente,7,0,2514,40.5,319,251,22,1,18,287,112,112,0,79,63,16,9058.68,568,1.581,1.6,0.019,True,2193,0,931,1249,10000.09,monte_carlo_run_696_seed_738.log
697,14,-1,1,1,-1,1,739,3101,0.25,4.25,True,Contatto Planetario / Biofirme,178.71,6.93,Diffidente,27,0,422,19.81,56,43,6,1,4,47,4,4,0,2,2,0,8515.83,117,0.917,0.505,-0.4122,False,327,0,167,193,10000.48,monte_carlo_run_697_seed_739.log
698,14,-1,1,1,-1,1,740,3101,0.222,5.09,True,Incontro Flotta Deep-Space,5680.9,20.09,Biosfera Primitiva,884,0,2268,28.43,284,220,16,5,10,260,259,259,0,177,83,94,9800.39,513,1.6,1.6,0.0,False,1942,0,997,1054,10000.02,monte_carlo_run_698_seed_740.log
699,14,-1,1,1,-1,1,741,3101,0.574,12.99,True,Contatto Planetario / Biofirme,9.99,5.73,Cauta,4,0,2531,20.07,269,200,18,2,15,239,158,158,0,108,76,32,9264.6,463,1.6,1.6,0.0,False,2258,0,631,810,10000.04,monte_carlo_run_699_seed_741.log
700,14,-1,1,1,-1,1,742,3101,0.336,8.07,True,Contatto Planetario / Biofirme,19.12,6.42,Ostile,6,1,2695,19.35,332,252,27,5,19,292,27,27,0,15,13,2,8610.45,601,1.406,1.6,0.194,True,2362,0,1014,1308,10000.04,monte_carlo_run_700_seed_742.log
701,15,-1,1,1,1,-1,743,3101,0.551,13.38,True,Contatto Planetario / Biofirme,455.9,20.14,Cauta,28,0,1975,35.04,89,67,13,1,8,71,65,65,0,46,37,9,8819.41,136,1.6,1.6,0.0,False,1884,0,113,141,10000.04,monte_carlo_run_701_seed_743.log
702,15,-1,1,1,1,-1,744,3101,0.228,3.95,False,Solitudine / Nessun Contatto,,,Nessuna,89,0,89,27.27,5,3,2,1,1,1,1,1,0,1,1,0,8505.93,5,1.6,1.058,-0.542,False,78,0,2,2,6695.03,monte_carlo_run_702_seed_744.log
703,15,-1,1,1,1,-1,745,3101,0.566,11.1,True,Contatto Planetario / Biofirme,148.4,11.41,Diffidente,8,1,1761,40.41,75,59,10,3,7,60,60,60,0,40,31,9,8777.45,109,1.6,1.6,0.0,False,1685,0,71,79,10000.02,monte_carlo_run_703_seed_745.log
704,15,-1,1,1,1,-1,746,3101,0.462,11.37,True,Contatto Planetario / Biofirme,1798.22,24.27,Diffidente,185,0,2036,40.22,98,77,9,2,7,88,86,86,0,52,38,14,8852.07,152,1.6,1.6,0.0,False,1937,0,94,104,10000.01,monte_carlo_run_704_seed_746.log
705,15,-1,1,1,1,-1,747,3101,0.523,11.48,True,Incontro Flotta Deep-Space,2125.67,0.0,Biosfera Primitiva,215,0,2107,36.59,119,90,10,2,8,104,100,100,0,62,48,14,8947.97,169,1.6,1.6,0.0,False,1986,0,109,133,10000.01,monte_carlo_run_705_seed_747.log
706,15,-1,1,1,1,-1,748,3101,0.391,5.33,True,Incontro Flotta Deep-Space,9763.32,34.26,Biosfera Primitiva,1361,0,1413,41.59,67,52,3,1,1,60,60,60,0,34,28,6,8747.22,80,1.6,1.499,-0.101,False,1325,0,32,40,10000.02,monte_carlo_run_706_seed_748.log
707,15,-1,1,1,1,-1,749,3101,0.274,5.28,False,Solitudine / Nessun Contatto,,,Nessuna,683,0,683,41.64,27,16,1,1,0,23,20,20,0,15,14,1,8638.63,35,1.6,1.6,0.0,False,649,0,21,32,10000.11,monte_carlo_run_707_seed_749.log
708,15,-1,1,1,1,-1,750,3101,0.31,7.16,True,Contatto Planetario / Biofirme,2240.4,15.8,Cauta,201,0,1936,38.17,82,61,2,1,0,76,75,75,0,48,41,7,8840.78,127,1.6,1.6,0.0,False,1849,0,77,83,10000.0,monte_carlo_run_708_seed_750.log
709,15,-1,1,1,1,-1,751,3101,0.416,6.04,True,Contatto Planetario / Biofirme,611.25,8.45,Predatoria,22,0,1567,38.14,70,62,6,2,3,61,61,61,0,48,34,14,8845.28,109,1.6,1.6,0.0,False,1493,0,116,127,10000.34,monte_carlo_run_709_seed_751.log
710,15,-1,1,1,1,-1,752,3101,0.543,9.65,True,Incontro Flotta Deep-Space,1343.78,11.8,Biosfera Primitiva,109,0,1885,40.49,86,68,12,2,9,69,69,69,0,45,32,13,8816.78,123,1.6,1.6,0.0,False,1795,0,73,83,10000.25,monte_carlo_run_710_seed_752.log
711,15,-1,1,1,1,-1,753,3101,0.496,7.55,True,Incontro Flotta Deep-Space,4376.56,27.16,Biosfera Primitiva,574,0,1623,43.09,84,58,2,1,0,80,77,77,0,49,36,13,8848.15,127,1.6,1.6,0.0,False,1539,0,84,93,10000.08,monte_carlo_run_711_seed_753.log
712,15,-1,1,1,1,-1,754,3101,0.495,6.16,True,Contatto Planetario / Biofirme,444.36,13.01,Diffidente,21,0,1677,41.55,87,72,4,2,1,82,81,81,0,54,37,17,8897.82,110,1.6,1.54,-0.0605,False,1584,0,102,121,10000.03,monte_carlo_run_712_seed_754.log
713,15,-1,1,1,1,-1,755,3101,0.272,3.27,False,Solitudine / Nessun Contatto,,,Nessuna,5,0,5,3.6,1,1,1,1,0,0,0,0,0,0,0,0,8500.0,2,1.007,1.007,0.0,False,3,0,0,0,219.63,monte_carlo_run_713_seed_755.log
714,15,-1,1,1,1,-1,756,3101,0.383,7.29,True,Incontro Flotta Deep-Space,9347.0,25.7,Biosfera Primitiva,1472,0,1643,35.38,84,68,2,1,1,82,82,82,0,48,39,9,8858.14,110,1.6,1.6,0.0,False,1556,0,71,86,10000.02,monte_carlo_run_714_seed_756.log
715,15,-1,1,1,1,-1,757,3101,0.461,10.19,True,Contatto Planetario / Biofirme,2496.73,22.14,Diffidente,267,0,1966,35.3,91,72,6,2,1,79,78,78,0,52,47,5,8899.04,144,1.6,1.6,0.0,False,1874,0,71,81,10000.01,monte_carlo_run_715_seed_757.log
716,15,-1,1,1,1,-1,758,3101,0.43,6.76,True,Contatto Planetario / Biofirme,1419.23,30.83,Cauta,140,0,1684,48.21,71,55,10,3,5,58,57,57,0,42,33,9,8775.01,104,1.6,1.6,0.0,False,1610,0,83,94,10000.01,monte_carlo_run_716_seed_758.log
717,15,-1,1,1,1,-1,759,3101,0.381,9.23,True,Incontro Flotta Deep-Space,923.58,6.66,Biosfera Primitiva,35,0,1512,38.25,62,45,4,3,0,57,57,57,0,30,24,6,8702.0,82,1.6,1.508,-0.0918,False,1448,0,30,36,10000.23,monte_carlo_run_717_seed_759.log
718,15,-1,1,1,1,-1,760,3101,0.423,10.29,True,Incontro Flotta Deep-Space,674.03,8.97,Biosfera Primitiva,48,0,2202,37.58,92,73,8,1,3,82,80,80,0,57,46,11,8891.1,149,1.6,1.6,0.0,False,2107,0,95,115,10000.05,monte_carlo_run_718_seed_760.log
719,15,-1,1,1,1,-1,761,3101,0.534,12.98,True,Contatto Planetario / Biofirme,63.23,9.94,Collaborativa,4,0,2176,44.45,103,79,10,3,7,88,85,85,0,62,46,16,8915.06,178,1.6,1.6,0.0,False,2072,0,127,157,10000.13,monte_carlo_run_719_seed_761.log
720,15,-1,1,1,1,-1,762,3101,0.282,6.23,True,Contatto Planetario / Biofirme,1822.23,18.34,Collaborativa,48,0,942,31.19,43,39,4,1,2,39,38,38,0,24,18,6,8669.92,59,1.6,1.558,-0.0421,False,899,0,40,49,10000.63,monte_carlo_run_720_seed_762.log
721,15,-1,1,1,1,-1,763,3101,0.578,7.53,True,Contatto Planetario / Biofirme,2073.16,26.89,Collaborativa,246,2,2464,45.86,131,101,9,3,4,115,104,104,0,70,51,19,9006.82,213,1.6,1.6,0.0,False,2332,0,163,187,10000.09,monte_carlo_run_721_seed_763.log
722,15,-1,1,1,1,-1,764,3101,0.464,5.99,True,Incontro Flotta Deep-Space,990.62,14.69,Collaborativa,45,2,1623,37.63,75,55,9,3,4,62,62,62,0,36,33,3,8741.01,74,1.6,1.6,0.0,False,1540,0,28,41,10000.21,monte_carlo_run_722_seed_764.log
723,15,-1,1,1,1,-1,765,3101,0.594,12.86,True,Contatto Planetario / Biofirme,150.27,19.9,Ostile,9,0,2099,36.77,108,87,9,2,4,97,82,82,0,56,43,13,8895.55,171,1.6,1.6,0.0,False,1991,0,118,143,10000.1,monte_carlo_run_723_seed_765.log
724,15,-1,1,1,1,-1,766,3101,0.459,11.08,True,Contatto Planetario / Biofirme,1083.79,15.77,Ostile,89,2,1828,35.1,95,68,6,3,2,81,80,80,0,58,46,12,8910.06,134,1.586,1.6,0.014,True,1730,0,130,161,10000.04,monte_carlo_run_724_seed_766.log
725,15,-1,1,1,1,-1,767,3101,0.438,8.55,True,Incontro Flotta Deep-Space,1082.39,8.97,Biosfera Primitiva,92,1,2119,46.86,122,83,7,1,5,108,106,106,0,77,54,23,9075.93,196,1.57,1.6,0.0302,True,1994,0,210,236,10000.19,monte_carlo_run_725_seed_767.log
726,15,-1,1,1,1,-1,768,3101,0.27,6.28,True,Incontro Flotta Deep-Space,6691.34,28.29,Biosfera Primitiva,815,0,1482,39.37,86,68,5,1,2,76,75,75,0,42,33,9,8817.69,114,1.6,1.6,0.0,False,1392,0,70,79,10000.33,monte_carlo_run_726_seed_768.log
727,15,-1,1,1,1,-1,769,3101,0.577,11.8,True,Contatto Planetario / Biofirme,240.32,18.07,Collaborativa,15,0,2037,33.87,104,78,10,2,7,92,67,67,0,46,39,7,8819.46,167,1.6,1.6,0.0,False,1931,0,132,170,10000.05,monte_carlo_run_727_seed_769.log
728,15,-1,1,1,1,-1,770,3101,0.417,9.17,True,Incontro Flotta Deep-Space,4431.04,23.11,Collaborativa,568,0,1607,37.28,64,52,6,3,3,57,57,57,0,34,25,9,8747.68,98,1.6,1.6,0.0,False,1539,0,54,57,10000.33,monte_carlo_run_728_seed_770.log
729,15,-1,1,1,1,-1,771,3101,0.42,6.8,True,Contatto Planetario / Biofirme,1586.06,16.25,Cauta,127,1,1649,36.51,77,63,10,3,7,63,63,63,0,45,37,8,8813.68,114,1.6,1.6,0.0,False,1571,0,85,95,10000.06,monte_carlo_run_729_seed_771.log
730,15,-1,1,1,1,-1,772,3101,0.381,5.23,False,Solitudine / Nessun Contatto,,,Nessuna,1837,0,1837,44.56,100,74,8,1,6,89,89,89,0,59,50,9,8931.15,129,1.6,1.6,0.0,False,1714,0,80,103,10000.34,monte_carlo_run_730_seed_772.log
731,15,-1,1,1,1,-1,773,3101,0.334,7.74,True,Incontro Flotta Deep-Space,4843.23,27.57,Biosfera Primitiva,407,2,1569,37.79,74,51,4,1,1,64,64,64,0,42,37,5,8802.68,106,1.6,1.6,0.0,False,1493,0,66,77,10000.04,monte_carlo_run_731_seed_773.log
732,15,-1,1,1,1,-1,774,3101,0.506,12.36,True,Contatto Planetario / Biofirme,1684.34,35.17,Ostile,146,1,2026,43.91,110,85,5,4,1,102,100,100,0,67,52,15,8970.15,162,1.6,1.6,0.0,False,1910,0,121,142,10000.11,monte_carlo_run_732_seed_774.log
733,15,-1,1,1,1,-1,775,3101,0.396,9.87,True,Contatto Planetario / Biofirme,2563.54,29.01,Predatoria,273,1,1661,37.38,79,61,13,3,10,59,59,59,0,40,33,7,8778.49,96,1.6,1.6,0.0,False,1579,0,56,63,10000.12,monte_carlo_run_733_seed_775.log
734,15,-1,1,1,1,-1,776,3101,0.4,8.69,True,Contatto Planetario / Biofirme,851.22,23.4,Collaborativa,58,0,1808,38.15,82,65,13,3,8,67,67,67,0,43,31,12,8831.87,118,1.6,1.6,0.0,False,1723,0,56,66,10000.18,monte_carlo_run_734_seed_776.log
735,15,-1,1,1,1,-1,777,3101,0.571,7.79,True,Contatto Planetario / Biofirme,386.61,12.04,Diffidente,20,0,1883,37.94,82,60,5,2,1,70,70,70,0,54,45,9,8859.44,116,1.6,1.6,0.0,False,1800,0,86,102,10000.77,monte_carlo_run_735_seed_777.log
736,15,-1,1,1,1,-1,778,3101,0.44,5.38,True,Incontro Flotta Deep-Space,2361.81,21.67,Biosfera Primitiva,209,0,2069,50.69,92,78,5,1,3,84,84,84,0,57,52,5,8899.57,124,1.6,1.6,0.0,False,1948,0,98,115,10000.02,monte_carlo_run_736_seed_778.log
737,15,-1,1,1,1,-1,779,3101,0.538,11.95,True,Contatto Planetario / Biofirme,68.69,16.91,Collaborativa,6,1,1622,36.75,65,52,3,2,0,58,55,55,0,33,30,3,8733.51,98,1.6,1.6,0.0,False,1556,0,42,52,10000.05,monte_carlo_run_737_seed_779.log
738,15,-1,1,1,1,-1,780,3101,0.391,4.84,False,Solitudine / Nessun Contatto,,,Nessuna,4,0,4,4.65,2,2,2,0,2,0,0,0,0,0,0,0,8500.0,1,0.939,0.939,0.0,False,2,0,0,1,152.59,monte_carlo_run_738_seed_780.log
739,15,-1,1,1,1,-1,781,3101,0.585,12.1,True,Contatto Planetario / Biofirme,83.37,21.82,Collaborativa,7,0,1108,36.81,46,34,5,1,3,37,30,30,0,25,23,2,8664.46,74,1.6,1.6,0.0,False,1061,0,28,50,10000.03,monte_carlo_run_739_seed_781.log
740,15,-1,1,1,1,-1,782,3101,0.587,8.64,True,Contatto Planetario / Biofirme,6731.81,39.59,Ostile,982,0,1908,39.69,81,55,10,1,6,67,67,67,0,45,36,9,8797.03,121,1.6,1.6,0.0,False,1825,0,74,85,10000.13,monte_carlo_run_740_seed_782.log
741,15,-1,1,1,1,-1,783,3101,0.546,8.32,True,Incontro Flotta Deep-Space,2830.25,20.84,Biosfera Primitiva,276,1,1633,42.56,84,66,6,2,3,77,76,76,0,54,38,16,8927.83,146,1.6,1.6,0.0,False,1546,0,109,122,10000.16,monte_carlo_run_741_seed_783.log
742,15,-1,1,1,1,-1,784,3101,0.271,4.57,True,Incontro Flotta Deep-Space,9806.62,25.42,Collaborativa,301,0,319,34.74,19,15,3,2,1,16,16,16,0,9,8,1,8572.79,23,1.587,1.339,-0.2479,False,284,0,8,13,10000.24,monte_carlo_run_742_seed_784.log
743,15,-1,1,1,1,-1,785,3101,0.526,8.54,True,Contatto Planetario / Biofirme,376.63,13.12,Cauta,23,1,2128,36.57,100,78,7,2,5,87,83,83,0,59,52,7,8930.96,153,1.6,1.6,0.0,False,2028,0,114,141,10000.11,monte_carlo_run_743_seed_785.log
744,15,-1,1,1,1,-1,786,3101,0.393,7.95,False,Solitudine / Nessun Contatto,,,Nessuna,1571,0,1571,35.12,72,56,1,1,0,68,68,68,0,35,29,6,8772.25,97,1.597,1.6,0.003,True,1496,0,55,66,10000.01,monte_carlo_run_744_seed_786.log
745,15,-1,1,1,1,-1,787,3101,0.415,6.74,True,Contatto Planetario / Biofirme,105.31,7.25,Ostile,7,1,1579,31.17,90,70,8,2,4,80,70,70,0,53,42,11,8876.35,132,1.572,1.6,0.0277,True,1486,0,114,133,10000.06,monte_carlo_run_745_seed_787.log
746,15,-1,1,1,1,-1,788,3101,0.37,7.98,True,Incontro Flotta Deep-Space,654.38,5.03,Biosfera Primitiva,28,0,1559,35.7,70,53,6,2,4,60,60,60,0,43,37,6,8799.09,105,1.526,1.6,0.0745,True,1484,0,92,107,10000.47,monte_carlo_run_746_seed_788.log
747,15,-1,1,1,1,-1,789,3101,0.347,7.27,True,Contatto Planetario / Biofirme,2225.14,12.79,Cauta,98,0,1900,29.67,97,72,6,3,3,85,82,82,0,54,51,3,8847.7,131,1.6,1.6,0.0,False,1798,0,114,141,10000.19,monte_carlo_run_747_seed_789.log
748,15,-1,1,1,1,-1,790,3101,0.432,10.11,True,Incontro Flotta Deep-Space,1006.9,11.66,Biosfera Primitiva,90,0,1870,31.9,97,65,6,3,3,85,85,85,0,51,39,12,8855.84,135,1.6,1.6,0.0,False,1768,0,110,123,10000.0,monte_carlo_run_748_seed_790.log
749,15,-1,1,1,1,-1,791,3101,0.314,5.5,True,Incontro Flotta Deep-Space,2199.21,20.8,Leale alla Madrepatria,155,0,1383,35.67,67,51,5,1,4,58,57,57,0,38,30,8,8785.99,98,1.6,1.6,0.0,False,1301,0,102,118,10000.09,monte_carlo_run_749_seed_791.log
750,15,-1,1,1,1,-1,792,3101,0.54,9.95,True,Contatto Planetario / Biofirme,32.74,9.03,Predatoria,3,2,1460,37.6,62,52,6,2,3,51,51,51,0,35,27,8,8765.17,82,1.6,1.6,0.0,False,1397,0,58,75,10000.28,monte_carlo_run_750_seed_792.log
751,16,-1,1,1,1,1,793,3101,0.288,5.09,True,Incontro Flotta Deep-Space,2172.56,8.19,Biosfera Primitiva,138,1,960,39.9,40,33,5,2,3,34,34,34,0,26,23,3,8687.92,56,1.6,1.6,0.0,False,906,0,31,39,10000.74,monte_carlo_run_751_seed_793.log
752,16,-1,1,1,1,1,794,3101,0.476,7.39,True,Contatto Planetario / Biofirme,14.39,6.85,Diffidente,4,0,1042,12.68,56,40,5,1,3,48,0,0,0,0,0,0,8500.0,90,0.953,0.953,0.0,False,982,0,36,61,10000.22,monte_carlo_run_752_seed_794.log
753,16,-1,1,1,1,1,795,3101,0.5,11.89,False,Solitudine / Nessun Contatto,,,Nessuna,1754,1,1754,19.07,89,65,5,3,2,76,33,33,0,26,21,5,8702.12,162,1.6,1.6,0.0,False,1664,0,127,183,10001.57,monte_carlo_run_753_seed_795.log
754,16,-1,1,1,1,1,796,3101,0.461,6.84,True,Contatto Planetario / Biofirme,5236.49,29.32,Diffidente,673,1,1930,36.58,82,60,7,1,5,70,70,70,0,47,41,6,8835.51,116,1.6,1.6,0.0,False,1847,0,65,85,10000.14,monte_carlo_run_754_seed_796.log
755,16,-1,1,1,1,1,797,3101,0.363,6.69,True,Incontro Flotta Deep-Space,2757.87,15.78,Biosfera Primitiva,242,1,1943,42.16,96,69,7,2,5,84,83,83,0,54,46,8,8916.26,149,1.6,1.6,0.0,False,1844,0,120,141,10000.06,monte_carlo_run_755_seed_797.log
756,16,-1,1,1,1,1,798,3101,0.539,10.13,True,Incontro Flotta Deep-Space,4243.49,16.95,Biosfera Primitiva,537,0,1995,37.68,99,78,6,1,4,89,89,89,0,50,45,5,8849.12,126,1.6,1.6,0.0,False,1893,0,85,102,10000.03,monte_carlo_run_756_seed_798.log
757,16,-1,1,1,1,1,799,3101,0.394,9.28,True,Incontro Flotta Deep-Space,649.1,11.96,Leale alla Madrepatria,103,0,1537,26.25,68,48,7,1,4,56,7,7,0,3,3,0,8518.8,119,1.6,0.747,-0.8531,False,1465,0,51,72,10000.22,monte_carlo_run_757_seed_799.log
758,16,-1,1,1,1,1,800,3101,0.376,7.79,True,Incontro Flotta Deep-Space,483.98,0.0,Collaborativa,68,0,2037,14.41,82,56,5,2,3,72,2,2,0,1,1,0,8508.28,163,1.6,0.162,-1.4377,False,1951,0,98,126,10000.12,monte_carlo_run_758_seed_800.log
759,16,-1,1,1,1,1,801,3101,0.356,7.81,True,Contatto Planetario / Biofirme,3076.23,26.77,Collaborativa,265,0,1478,36.7,62,47,7,1,5,51,51,51,0,36,32,4,8766.8,82,1.6,1.581,-0.0188,False,1416,0,37,48,10000.18,monte_carlo_run_759_seed_801.log
760,16,-1,1,1,1,1,802,3101,0.372,4.47,False,Solitudine / Nessun Contatto,,,Nessuna,717,0,717,0.0,35,28,2,1,0,32,0,0,0,0,0,0,8500.0,60,1.039,1.039,0.0,False,641,0,11,19,10000.21,monte_carlo_run_760_seed_802.log
761,16,-1,1,1,1,1,803,3101,0.242,2.99,False,Solitudine / Nessun Contatto,,,Nessuna,12,0,12,0.0,3,2,2,2,0,0,0,0,0,0,0,0,8500.0,10,1.017,1.017,0.0,False,6,0,1,3,412.44,monte_carlo_run_761_seed_803.log
762,16,-1,1,1,1,1,804,3101,0.584,8.49,True,Incontro Flotta Deep-Space,1128.67,13.03,Biosfera Primitiva,109,0,1926,40.35,109,84,5,1,4,98,89,89,0,60,52,8,8949.19,166,1.579,1.6,0.0209,True,1817,0,144,178,10000.09,monte_carlo_run_762_seed_804.log
763,16,-1,1,1,1,1,805,3101,0.488,11.2,True,Contatto Planetario / Biofirme,22.82,11.14,Cauta,4,0,1303,28.24,76,50,9,2,5,63,35,35,0,27,22,5,8704.99,105,1.559,1.599,0.0395,True,1223,0,80,111,10000.21,monte_carlo_run_763_seed_805.log
764,16,-1,1,1,1,1,806,3101,0.289,4.15,False,Solitudine / Nessun Contatto,,,Nessuna,30,1,30,11.81,2,1,1,1,0,0,0,0,0,0,0,0,8500.0,4,1.588,1.588,0.0,False,25,0,0,0,4818.55,monte_carlo_run_764_seed_806.log
765,16,-1,1,1,1,1,807,3101,0.347,8.14,True,Contatto Planetario / Biofirme,836.15,24.06,Collaborativa,45,0,1671,41.17,92,74,5,3,2,86,76,76,0,56,49,7,8911.54,135,1.6,1.6,0.0,False,1578,0,106,146,10000.07,monte_carlo_run_765_seed_807.log
766,16,-1,1,1,1,1,808,3101,0.264,5.61,True,Incontro Flotta Deep-Space,1300.2,0.0,Collaborativa,80,0,661,35.23,37,29,6,4,1,29,29,29,0,19,10,9,8629.36,56,1.591,1.599,0.0079,True,618,0,46,49,10000.49,monte_carlo_run_766_seed_808.log
767,16,-1,1,1,1,1,809,3101,0.479,5.88,True,Incontro Flotta Deep-Space,3643.07,21.52,Biosfera Primitiva,369,0,1922,42.96,95,75,9,3,5,82,82,82,0,53,45,8,8887.77,127,1.6,1.6,0.0,False,1819,0,80,96,10000.25,monte_carlo_run_767_seed_809.log
768,16,-1,1,1,1,1,810,3101,0.575,12.63,True,Incontro Flotta Deep-Space,4726.42,20.26,Biosfera Primitiva,737,0,1869,32.36,86,65,6,3,3,77,77,77,0,44,30,14,8797.39,131,1.6,1.6,0.0,False,1781,0,75,94,10000.06,monte_carlo_run_768_seed_810.log
769,16,-1,1,1,1,1,811,3101,0.578,11.72,True,Incontro Flotta Deep-Space,277.02,15.09,Cauta,32,1,1816,47.6,93,74,7,1,5,82,54,54,0,39,36,3,8758.39,162,1.576,1.6,0.0243,True,1721,0,134,185,10000.34,monte_carlo_run_769_seed_811.log
770,16,-1,1,1,1,1,812,3101,0.22,4.15,False,Solitudine / Nessun Contatto,,,Nessuna,112,0,112,42.82,3,2,1,1,0,1,1,1,0,0,0,0,8501.05,5,1.6,0.187,-1.4133,False,97,0,0,0,10003.11,monte_carlo_run_770_seed_812.log
771,16,-1,1,1,1,1,813,3101,0.571,7.88,True,Incontro Flotta Deep-Space,2072.17,12.37,Diffidente,191,0,766,32.31,31,21,4,1,3,25,25,25,0,13,12,1,8601.49,38,1.6,1.6,0.0,False,735,0,15,20,10000.49,monte_carlo_run_771_seed_813.log
772,16,-1,1,1,1,1,814,3101,0.476,6.46,True,Incontro Flotta Deep-Space,298.36,12.41,Predatoria,42,0,1588,15.21,75,53,8,2,5,62,2,2,0,2,2,0,8517.57,130,1.085,1.6,0.5149,True,1513,0,71,127,10000.33,monte_carlo_run_772_seed_814.log
773,16,-1,1,1,1,1,815,3101,0.458,8.1,True,Incontro Flotta Deep-Space,1122.51,8.28,Biosfera Primitiva,92,1,2376,44.79,116,88,8,4,4,100,100,100,0,63,45,18,8983.81,184,1.6,1.6,0.0,False,2258,0,135,146,10000.07,monte_carlo_run_773_seed_815.log
774,16,-1,1,1,1,1,816,3101,0.245,6.06,True,Incontro Flotta Deep-Space,15.85,4.84,Diffidente,5,0,773,15.3,46,36,3,1,1,39,13,13,0,10,10,0,8569.39,78,1.6,1.552,-0.0478,False,724,0,49,78,10000.84,monte_carlo_run_774_seed_816.log
775,16,-1,1,1,1,1,817,3101,0.314,4.8,True,Incontro Flotta Deep-Space,4261.71,36.32,Biosfera Primitiva,81,1,385,43.69,31,23,4,1,2,25,25,25,0,16,12,4,8611.1,35,1.6,1.391,-0.209,False,328,0,26,31,10000.72,monte_carlo_run_775_seed_817.log
776,16,-1,1,1,1,1,818,3101,0.276,5.91,True,Contatto Planetario / Biofirme,967.02,12.43,Cauta,30,1,1669,36.74,86,73,11,2,6,74,70,70,0,57,47,10,8906.86,117,1.6,1.6,0.0,False,1573,0,97,119,10000.39,monte_carlo_run_776_seed_818.log
777,16,-1,1,1,1,1,819,3101,0.396,6.61,True,Contatto Planetario / Biofirme,2707.84,15.74,Cauta,273,0,2117,33.71,98,68,6,1,5,91,90,90,0,69,50,19,8980.64,162,1.6,1.6,0.0,False,2017,0,166,176,10000.05,monte_carlo_run_777_seed_819.log
778,16,-1,1,1,1,1,820,3101,0.327,6.0,True,Contatto Planetario / Biofirme,643.65,15.44,Collaborativa,24,0,1397,50.3,67,51,6,1,4,58,55,55,0,40,36,4,8794.94,91,1.6,1.6,0.0,False,1328,0,51,81,10000.79,monte_carlo_run_778_seed_820.log
779,16,-1,1,1,1,1,821,3101,0.44,7.37,True,Incontro Flotta Deep-Space,4428.73,23.26,Biosfera Primitiva,536,1,1692,35.38,96,68,7,1,6,87,83,83,0,53,42,11,8889.73,143,1.6,1.6,0.0,False,1595,0,107,132,10000.02,monte_carlo_run_779_seed_821.log
780,16,-1,1,1,1,1,822,3101,0.422,6.58,True,Incontro Flotta Deep-Space,1830.61,0.0,Collaborativa,249,0,1800,41.43,85,62,5,1,2,79,53,53,0,40,31,9,8780.99,147,1.6,1.6,0.0,False,1714,0,110,161,10000.99,monte_carlo_run_780_seed_822.log
781,16,-1,1,1,1,1,823,3101,0.243,5.43,True,Incontro Flotta Deep-Space,678.06,6.6,Collaborativa,56,0,1583,17.43,77,58,4,1,2,68,56,56,0,39,32,7,8783.55,123,1.6,1.6,0.0,False,1493,0,75,105,10000.05,monte_carlo_run_781_seed_823.log
782,16,-1,1,1,1,1,824,3101,0.492,6.85,True,Incontro Flotta Deep-Space,241.12,0.0,Ostile,25,1,1444,19.92,85,60,2,1,1,79,7,7,0,4,4,0,8525.42,143,1.582,1.253,-0.3292,False,1358,0,59,99,10000.13,monte_carlo_run_782_seed_824.log
783,16,-1,1,1,1,1,825,3101,0.413,5.64,True,Incontro Flotta Deep-Space,7499.9,17.32,Biosfera Primitiva,774,2,1326,42.35,65,48,1,1,0,61,60,60,0,34,31,3,8766.07,70,1.6,1.549,-0.0512,False,1253,0,31,41,10000.19,monte_carlo_run_783_seed_825.log
784,16,-1,1,1,1,1,826,3101,0.306,4.79,True,Contatto Planetario / Biofirme,3832.8,40.2,Cauta,354,0,1547,44.87,84,58,7,4,2,72,28,28,0,23,20,3,8629.94,152,1.6,1.6,0.0,False,1417,0,109,135,10000.09,monte_carlo_run_784_seed_826.log
785,16,-1,1,1,1,1,827,3101,0.276,3.35,False,Solitudine / Nessun Contatto,,,Nessuna,4,0,4,2.77,3,3,3,3,0,0,0,0,0,0,0,0,8500.0,9,1.002,1.002,0.0,False,0,0,2,3,40.22,monte_carlo_run_785_seed_827.log
786,16,-1,1,1,1,1,828,3101,0.467,6.67,True,Contatto Planetario / Biofirme,343.46,13.2,Cauta,17,1,1358,37.34,53,42,5,1,4,47,47,47,0,26,25,1,8696.41,63,1.581,1.453,-0.1284,False,1303,0,25,34,10000.67,monte_carlo_run_786_seed_828.log
787,16,-1,1,1,1,1,829,3101,0.288,6.38,True,Incontro Flotta Deep-Space,3952.9,23.33,Biosfera Primitiva,635,0,1930,30.14,96,71,4,1,3,85,71,71,0,47,40,7,8878.27,136,1.6,1.6,0.0,False,1831,0,89,122,10000.21,monte_carlo_run_787_seed_829.log
788,16,-1,1,1,1,1,830,3101,0.446,7.42,True,Incontro Flotta Deep-Space,434.34,7.62,Diffidente,57,0,1295,19.91,72,59,4,1,2,65,34,34,0,25,23,2,8657.19,113,1.6,1.486,-0.1137,False,1222,0,60,103,10000.21,monte_carlo_run_788_seed_830.log
789,16,-1,1,1,1,1,831,3101,0.3,5.75,True,Incontro Flotta Deep-Space,9292.54,27.41,Collaborativa,1745,1,1967,36.44,95,77,9,1,5,85,81,81,0,55,40,15,8935.69,125,1.6,1.6,0.0,False,1863,0,105,139,10000.06,monte_carlo_run_789_seed_831.log
790,16,-1,1,1,1,1,832,3101,0.555,10.4,True,Incontro Flotta Deep-Space,2795.17,14.4,Biosfera Primitiva,307,3,2002,41.21,82,59,6,1,4,72,72,72,0,40,31,9,8819.29,122,1.6,1.6,0.0,False,1916,0,61,64,10000.19,monte_carlo_run_790_seed_832.log
791,16,-1,1,1,1,1,833,3101,0.454,8.64,True,Contatto Planetario / Biofirme,582.4,15.25,Diffidente,22,0,1941,37.56,99,73,8,2,5,89,89,89,0,65,52,13,8957.28,148,1.6,1.6,0.0,False,1839,0,120,144,10000.06,monte_carlo_run_791_seed_833.log
792,16,-1,1,1,1,1,834,3101,0.29,4.7,True,Contatto Planetario / Biofirme,2324.15,15.58,Cauta,172,0,1284,53.2,63,51,4,2,2,58,58,58,0,37,30,7,8763.25,101,1.6,1.6,0.0,False,1166,0,71,75,10000.12,monte_carlo_run_792_seed_834.log
793,16,-1,1,1,1,1,835,3101,0.405,8.04,True,Incontro Flotta Deep-Space,3139.3,5.73,Biosfera Primitiva,355,0,2098,43.16,103,74,8,1,6,92,90,90,0,62,52,10,8920.56,154,1.6,1.6,0.0,False,1991,0,129,155,10000.01,monte_carlo_run_793_seed_835.log
794,16,-1,1,1,1,1,836,3101,0.266,6.24,True,Contatto Planetario / Biofirme,645.46,21.19,Collaborativa,68,0,1233,24.96,51,35,5,3,1,41,13,13,0,11,10,1,8574.45,87,1.6,1.6,0.0,False,1182,0,35,50,10000.62,monte_carlo_run_794_seed_836.log
795,16,-1,1,1,1,1,837,3101,0.29,6.68,True,Contatto Planetario / Biofirme,1906.71,12.42,Collaborativa,121,0,1836,49.55,98,81,5,2,2,90,85,85,0,56,49,7,8896.0,152,1.6,1.6,0.0,False,1732,0,101,133,10000.06,monte_carlo_run_795_seed_837.log
796,16,-1,1,1,1,1,838,3101,0.53,8.55,True,Contatto Planetario / Biofirme,43.71,9.7,Diffidente,4,1,2156,35.9,114,89,7,2,5,104,104,104,0,71,63,8,9037.2,163,1.6,1.6,0.0,False,2043,0,129,147,10000.01,monte_carlo_run_796_seed_838.log
797,16,-1,1,1,1,1,839,3101,0.348,4.59,True,Incontro Flotta Deep-Space,3165.8,31.75,Biosfera Primitiva,160,1,899,46.7,42,33,2,2,0,37,6,6,0,4,4,0,8518.21,78,1.6,0.51,-1.0895,False,815,0,36,51,10000.06,monte_carlo_run_797_seed_839.log
798,16,-1,1,1,1,1,840,3101,0.427,5.77,True,Incontro Flotta Deep-Space,3565.12,29.39,Biosfera Primitiva,303,0,1248,31.96,64,42,4,2,2,54,54,54,0,35,24,11,8730.99,87,1.6,1.6,0.0,False,1180,0,65,73,10000.16,monte_carlo_run_798_seed_840.log
799,16,-1,1,1,1,1,841,3101,0.575,13.42,True,Contatto Planetario / Biofirme,342.68,25.02,Collaborativa,41,1,1253,32.08,67,52,4,2,1,58,43,43,0,25,24,1,8710.14,102,1.6,1.6,0.0,False,1186,0,59,85,10000.13,monte_carlo_run_799_seed_841.log
800,16,-1,1,1,1,1,842,3101,0.596,11.27,True,Contatto Planetario / Biofirme,15.32,9.13,Diffidente,2,1,2241,41.56,110,86,14,8,4,91,86,86,0,60,48,12,8939.85,174,1.6,1.6,0.0,False,2129,0,111,122,10000.29,monte_carlo_run_800_seed_842.log
801,17,1,-1,-1,-1,-1,843,3101,0.108,2.2,False,Solitudine / Nessun Contatto,,,Nessuna,2,0,2,2.11,3,3,3,1,2,0,0,0,0,0,0,0,8500.0,2,1.011,1.011,0.0,False,0,0,2,2,114.72,monte_carlo_run_801_seed_843.log
802,17,1,-1,-1,-1,-1,844,3101,0.068,1.67,False,Solitudine / Nessun Contatto,,,Nessuna,1,0,1,0.0,3,3,3,1,2,0,0,0,0,0,0,0,8500.0,2,1.001,1.001,0.0,False,0,0,2,3,0.02,monte_carlo_run_802_seed_844.log
803,17,1,-1,-1,-1,-1,845,3101,0.072,0.99,False,Solitudine / Nessun Contatto,,,Nessuna,1,0,1,0.0,2,2,2,1,1,0,0,0,0,0,0,0,8500.0,2,1.0,1.0,0.0,False,0,0,1,1,0.02,monte_carlo_run_803_seed_845.log
804,17,1,-1,-1,-1,-1,846,3101,0.141,1.82,False,Solitudine / Nessun Contatto,,,Nessuna,1,0,1,0.0,1,1,1,1,0,0,0,0,0,0,0,0,8500.0,2,1.0,1.0,0.0,False,0,0,0,0,0.02,monte_carlo_run_804_seed_846.log
805,17,1,-1,-1,-1,-1,847,3101,0.093,1.45,False,Solitudine / Nessun Contatto,,,Nessuna,3,0,3,0.77,2,2,2,1,1,0,0,0,0,0,0,0,8500.0,2,1.009,1.009,0.0,False,2,0,1,1,126.54,monte_carlo_run_805_seed_847.log
806,17,1,-1,-1,-1,-1,848,3101,0.113,1.93,False,Solitudine / Nessun Contatto,,,Nessuna,1,0,1,0.0,2,2,2,1,1,0,0,0,0,0,0,0,8500.0,2,1.0,1.0,0.0,False,0,0,1,1,0.02,monte_carlo_run_806_seed_848.log
807,17,1,-1,-1,-1,-1,849,3101,0.146,1.96,False,Solitudine / Nessun Contatto,,,Nessuna,2,0,2,1.03,3,3,3,1,2,0,0,0,0,0,0,0,8500.0,2,1.003,1.003,0.0,False,0,0,2,2,28.26,monte_carlo_run_807_seed_849.log
808,17,1,-1,-1,-1,-1,850,3101,0.076,0.93,False,Solitudine / Nessun Contatto,,,Nessuna,1,0,1,0.0,1,1,1,1,0,0,0,0,0,0,0,0,8500.0,2,1.0,1.0,0.0,False,0,0,0,0,0.02,monte_carlo_run_808_seed_850.log
809,17,1,-1,-1,-1,-1,851,3101,0.139,3.36,False,Solitudine / Nessun Contatto,,,Nessuna,6,0,6,5.06,4,4,3,0,3,1,1,1,0,0,0,0,8501.71,3,0.882,0.818,-0.0641,False,3,0,1,2,496.63,monte_carlo_run_809_seed_851.log
810,17,1,-1,-1,-1,-1,852,3101,0.103,2.49,False,Solitudine / Nessun Contatto,,,Nessuna,1,0,1,0.0,1,1,1,1,0,0,0,0,0,0,0,0,8500.0,2,1.0,1.0,0.0,False,0,0,0,0,0.02,monte_carlo_run_810_seed_852.log
811,17,1,-1,-1,-1,-1,853,3101,0.126,1.55,False,Solitudine / Nessun Contatto,,,Nessuna,1,0,1,0.0,3,3,3,1,2,0,0,0,0,0,0,0,8500.0,2,1.0,1.0,0.0,False,0,0,1,3,0.02,monte_carlo_run_811_seed_853.log
812,17,1,-1,-1,-1,-1,854,3101,0.121,1.59,False,Solitudine / Nessun Contatto,,,Nessuna,2,0,2,1.11,1,1,1,1,0,0,0,0,0,0,0,0,8500.0,2,1.0,1.0,0.0,False,0,0,0,0,36.54,monte_carlo_run_812_seed_854.log
813,17,1,-1,-1,-1,-1,855,3101,0.089,2.06,False,Solitudine / Nessun Contatto,,,Nessuna,1,0,1,0.0,2,2,2,0,2,0,0,0,0,0,0,0,8500.0,1,0.985,0.985,0.0,False,0,0,0,1,0.02,monte_carlo_run_813_seed_855.log
814,17,1,-1,-1,-1,-1,856,3101,0.059,1.09,False,Solitudine / Nessun Contatto,,,Nessuna,1,0,1,0.0,3,3,3,1,2,0,0,0,0,0,0,0,8500.0,2,1.0,1.0,0.0,False,0,0,1,2,0.02,monte_carlo_run_814_seed_856.log
815,17,1,-1,-1,-1,-1,857,3101,0.129,2.24,False,Solitudine / Nessun Contatto,,,Nessuna,1,0,1,0.0,1,1,1,1,0,0,0,0,0,0,0,0,8500.0,2,1.0,1.0,0.0,False,0,0,0,0,0.02,monte_carlo_run_815_seed_857.log
816,17,1,-1,-1,-1,-1,858,3101,0.142,3.1,False,Solitudine / Nessun Contatto,,,Nessuna,4,0,4,5.1,2,2,2,1,1,0,0,0,0,0,0,0,8500.0,2,1.013,1.013,0.0,False,1,0,1,1,283.28,monte_carlo_run_816_seed_858.log
817,17,1,-1,-1,-1,-1,859,3101,0.077,1.38,False,Solitudine / Nessun Contatto,,,Nessuna,1,0,1,0.0,1,1,1,1,0,0,0,0,0,0,0,0,8500.0,2,1.0,1.0,0.0,False,0,0,0,0,0.02,monte_carlo_run_817_seed_859.log
818,17,1,-1,-1,-1,-1,860,3101,0.078,1.32,False,Solitudine / Nessun Contatto,,,Nessuna,1,0,1,0.0,1,1,1,1,0,0,0,0,0,0,0,0,8500.0,2,1.0,1.0,0.0,False,0,0,0,0,0.02,monte_carlo_run_818_seed_860.log
819,17,1,-1,-1,-1,-1,861,3101,0.116,1.85,False,Solitudine / Nessun Contatto,,,Nessuna,2,0,2,1.55,3,3,3,1,2,0,0,0,0,0,0,0,8500.0,2,1.002,1.002,0.0,False,0,0,1,2,94.63,monte_carlo_run_819_seed_861.log
820,17,1,-1,-1,-1,-1,862,3101,0.145,3.22,False,Solitudine / Nessun Contatto,,,Nessuna,4,0,4,4.44,1,1,1,1,0,0,0,0,0,0,0,0,8500.0,2,1.006,1.006,0.0,False,2,0,0,0,279.99,monte_carlo_run_820_seed_862.log
821,17,1,-1,-1,-1,-1,863,3101,0.095,2.21,False,Solitudine / Nessun Contatto,,,Nessuna,2,0,2,1.93,2,2,2,1,1,0,0,0,0,0,0,0,8500.0,2,1.001,1.001,0.0,False,0,0,1,1,112.51,monte_carlo_run_821_seed_863.log
822,17,1,-1,-1,-1,-1,864,3101,0.142,2.0,False,Solitudine / Nessun Contatto,,,Nessuna,1,0,1,0.0,1,1,1,1,0,0,0,0,0,0,0,0,8500.0,2,1.0,1.0,0.0,False,0,0,0,0,0.02,monte_carlo_run_822_seed_864.log
823,17,1,-1,-1,-1,-1,865,3101,0.097,1.19,False,Solitudine / Nessun Contatto,,,Nessuna,1,0,1,0.0,2,2,2,1,1,0,0,0,0,0,0,0,8500.0,2,1.0,1.0,0.0,False,0,0,1,1,0.02,monte_carlo_run_823_seed_865.log
824,17,1,-1,-1,-1,-1,866,3101,0.054,0.65,False,Solitudine / Nessun Contatto,,,Nessuna,1,0,1,0.0,3,3,3,1,2,0,0,0,0,0,0,0,8500.0,2,1.0,1.0,0.0,False,0,0,0,2,0.02,monte_carlo_run_824_seed_866.log
825,17,1,-1,-1,-1,-1,867,3101,0.073,1.44,False,Solitudine / Nessun Contatto,,,Nessuna,1,0,1,0.0,2,2,2,0,2,0,0,0,0,0,0,0,8500.0,1,0.985,0.985,0.0,False,0,0,0,1,0.02,monte_carlo_run_825_seed_867.log
826,17,1,-1,-1,-1,-1,868,3101,0.142,2.46,False,Solitudine / Nessun Contatto,,,Nessuna,3,0,3,2.01,2,2,1,1,0,1,1,1,0,0,0,0,8500.2,2,1.001,0.87,-0.1307,False,0,0,0,0,156.42,monte_carlo_run_826_seed_868.log
827,17,1,-1,-1,-1,-1,869,3101,0.085,2.05,False,Solitudine / Nessun Contatto,,,Nessuna,1,0,1,0.0,1,1,1,1,0,0,0,0,0,0,0,0,8500.0,2,1.0,1.0,0.0,False,0,0,0,0,0.02,monte_carlo_run_827_seed_869.log
828,17,1,-1,-1,-1,-1,870,3101,0.14,2.7,False,Solitudine / Nessun Contatto,,,Nessuna,1,0,1,0.0,2,2,2,1,1,0,0,0,0,0,0,0,8500.0,2,1.0,1.0,0.0,False,0,0,0,1,0.02,monte_carlo_run_828_seed_870.log
829,17,1,-1,-1,-1,-1,871,3101,0.057,0.84,False,Solitudine / Nessun Contatto,,,Nessuna,1,0,1,0.0,2,2,2,1,1,0,0,0,0,0,0,0,8500.0,2,1.0,1.0,0.0,False,0,0,1,1,0.02,monte_carlo_run_829_seed_871.log
830,17,1,-1,-1,-1,-1,872,3101,0.103,1.45,False,Solitudine / Nessun Contatto,,,Nessuna,1,0,1,0.0,1,1,1,1,0,0,0,0,0,0,0,0,8500.0,2,1.0,1.0,0.0,False,0,0,0,0,0.02,monte_carlo_run_830_seed_872.log
831,17,1,-1,-1,-1,-1,873,3101,0.077,1.55,False,Solitudine / Nessun Contatto,,,Nessuna,1,0,1,0.0,1,1,1,1,0,0,0,0,0,0,0,0,8500.0,2,1.0,1.0,0.0,False,0,0,0,0,0.02,monte_carlo_run_831_seed_873.log
832,17,1,-1,-1,-1,-1,874,3101,0.149,1.88,False,Solitudine / Nessun Contatto,,,Nessuna,1,0,1,0.0,3,3,3,1,2,0,0,0,0,0,0,0,8500.0,2,1.001,1.001,0.0,False,0,0,2,2,0.02,monte_carlo_run_832_seed_874.log
833,17,1,-1,-1,-1,-1,875,3101,0.055,0.93,False,Solitudine / Nessun Contatto,,,Nessuna,1,0,1,0.0,2,2,2,1,1,0,0,0,0,0,0,0,8500.0,2,1.0,1.0,0.0,False,0,0,1,1,0.02,monte_carlo_run_833_seed_875.log
834,17,1,-1,-1,-1,-1,876,3101,0.124,2.54,False,Solitudine / Nessun Contatto,,,Nessuna,1,0,1,0.0,1,1,1,1,0,0,0,0,0,0,0,0,8500.0,2,1.0,1.0,0.0,False,0,0,0,0,0.02,monte_carlo_run_834_seed_876.log
835,17,1,-1,-1,-1,-1,877,3101,0.117,1.48,False,Solitudine / Nessun Contatto,,,Nessuna,1,0,1,0.0,2,2,2,1,1,0,0,0,0,0,0,0,8500.0,2,1.0,1.0,0.0,False,0,0,1,1,0.02,monte_carlo_run_835_seed_877.log
836,17,1,-1,-1,-1,-1,878,3101,0.124,1.5,False,Solitudine / Nessun Contatto,,,Nessuna,1,0,1,0.0,1,1,1,1,0,0,0,0,0,0,0,0,8500.0,2,1.0,1.0,0.0,False,0,0,0,0,0.02,monte_carlo_run_836_seed_878.log
837,17,1,-1,-1,-1,-1,879,3101,0.068,0.84,False,Solitudine / Nessun Contatto,,,Nessuna,1,0,1,0.0,3,3,3,1,2,0,0,0,0,0,0,0,8500.0,2,1.0,1.0,0.0,False,0,0,0,2,0.02,monte_carlo_run_837_seed_879.log
838,17,1,-1,-1,-1,-1,880,3101,0.101,1.72,False,Solitudine / Nessun Contatto,,,Nessuna,1,0,1,0.0,1,1,1,1,0,0,0,0,0,0,0,0,8500.0,2,1.0,1.0,0.0,False,0,0,0,0,0.02,monte_carlo_run_838_seed_880.log
839,17,1,-1,-1,-1,-1,881,3101,0.111,2.54,False,Solitudine / Nessun Contatto,,,Nessuna,2,0,2,2.27,2,2,2,1,1,0,0,0,0,0,0,0,8500.0,2,1.003,1.003,0.0,False,0,0,1,1,121.74,monte_carlo_run_839_seed_881.log
840,17,1,-1,-1,-1,-1,882,3101,0.098,1.27,False,Solitudine / Nessun Contatto,,,Nessuna,1,0,1,0.0,1,1,1,1,0,0,0,0,0,0,0,0,8500.0,2,1.0,1.0,0.0,False,0,0,0,0,0.02,monte_carlo_run_840_seed_882.log
841,17,1,-1,-1,-1,-1,883,3101,0.079,1.45,False,Solitudine / Nessun Contatto,,,Nessuna,2,0,2,1.33,1,1,1,1,0,0,0,0,0,0,0,0,8500.0,2,1.0,1.0,0.0,False,0,0,0,0,85.77,monte_carlo_run_841_seed_883.log
842,17,1,-1,-1,-1,-1,884,3101,0.094,2.19,False,Solitudine / Nessun Contatto,,,Nessuna,1,0,1,0.0,3,3,3,1,2,0,0,0,0,0,0,0,8500.0,2,1.0,1.0,0.0,False,0,0,1,2,0.02,monte_carlo_run_842_seed_884.log
843,17,1,-1,-1,-1,-1,885,3101,0.065,1.03,False,Solitudine / Nessun Contatto,,,Nessuna,1,0,1,0.0,1,1,1,1,0,0,0,0,0,0,0,0,8500.0,2,1.0,1.0,0.0,False,0,0,0,0,0.02,monte_carlo_run_843_seed_885.log
844,17,1,-1,-1,-1,-1,886,3101,0.134,2.78,False,Solitudine / Nessun Contatto,,,Nessuna,3,0,3,2.3,1,1,1,1,0,0,0,0,0,0,0,0,8500.0,2,1.004,1.004,0.0,False,2,0,0,0,186.43,monte_carlo_run_844_seed_886.log
845,17,1,-1,-1,-1,-1,887,3101,0.132,3.18,False,Solitudine / Nessun Contatto,,,Nessuna,1,0,1,0.0,3,3,3,0,3,0,0,0,0,0,0,0,8500.0,1,0.985,0.985,0.0,False,0,0,1,2,0.02,monte_carlo_run_845_seed_887.log
846,17,1,-1,-1,-1,-1,888,3101,0.149,2.23,False,Solitudine / Nessun Contatto,,,Nessuna,2,0,2,2.15,2,2,2,1,1,0,0,0,0,0,0,0,8500.0,2,1.0,1.0,0.0,False,0,0,0,1,115.01,monte_carlo_run_846_seed_888.log
847,17,1,-1,-1,-1,-1,889,3101,0.072,1.25,False,Solitudine / Nessun Contatto,,,Nessuna,1,0,1,0.0,1,1,1,1,0,0,0,0,0,0,0,0,8500.0,2,1.0,1.0,0.0,False,0,0,0,0,0.02,monte_carlo_run_847_seed_889.log
848,17,1,-1,-1,-1,-1,890,3101,0.057,1.32,False,Solitudine / Nessun Contatto,,,Nessuna,2,0,2,1.26,1,1,1,1,0,0,0,0,0,0,0,0,8500.0,2,1.0,1.0,0.0,False,0,0,0,0,99.58,monte_carlo_run_848_seed_890.log
849,17,1,-1,-1,-1,-1,891,3101,0.067,1.17,False,Solitudine / Nessun Contatto,,,Nessuna,1,0,1,0.0,1,1,1,1,0,0,0,0,0,0,0,0,8500.0,2,1.0,1.0,0.0,False,0,0,0,0,0.02,monte_carlo_run_849_seed_891.log
850,17,1,-1,-1,-1,-1,892,3101,0.1,1.58,False,Solitudine / Nessun Contatto,,,Nessuna,1,0,1,0.0,3,3,3,0,3,0,0,0,0,0,0,0,8500.0,1,0.985,0.985,0.0,False,0,0,0,2,0.02,monte_carlo_run_850_seed_892.log
851,18,1,-1,-1,-1,1,893,3101,0.109,1.81,False,Solitudine / Nessun Contatto,,,Nessuna,1,0,1,0.0,1,1,1,1,0,0,0,0,0,0,0,0,8500.0,2,1.0,1.0,0.0,False,0,0,0,0,0.02,monte_carlo_run_851_seed_893.log
852,18,1,-1,-1,-1,1,894,3101,0.078,1.68,False,Solitudine / Nessun Contatto,,,Nessuna,1,0,1,0.0,1,1,1,1,0,0,0,0,0,0,0,0,8500.0,2,1.0,1.0,0.0,False,0,0,0,0,0.02,monte_carlo_run_852_seed_894.log
853,18,1,-1,-1,-1,1,895,3101,0.139,2.11,False,Solitudine / Nessun Contatto,,,Nessuna,4,0,4,0.0,4,4,3,3,0,1,0,0,0,0,0,0,8500.0,9,1.002,1.002,0.0,False,0,0,1,2,37.49,monte_carlo_run_853_seed_895.log
854,18,1,-1,-1,-1,1,896,3101,0.114,2.27,False,Solitudine / Nessun Contatto,,,Nessuna,2,0,2,0.0,2,2,2,2,0,0,0,0,0,0,0,0,8500.0,6,1.0,1.0,0.0,False,0,0,1,1,0.04,monte_carlo_run_854_seed_896.log
855,18,1,-1,-1,-1,1,897,3101,0.097,1.56,False,Solitudine / Nessun Contatto,,,Nessuna,3,0,3,1.56,2,2,2,2,0,0,0,0,0,0,0,0,8500.0,5,1.005,1.005,0.0,False,0,0,1,1,105.82,monte_carlo_run_855_seed_897.log
856,18,1,-1,-1,-1,1,898,3101,0.061,1.51,False,Solitudine / Nessun Contatto,,,Nessuna,2,0,2,1.02,1,1,1,1,0,0,0,0,0,0,0,0,8500.0,2,1.0,1.0,0.0,False,0,0,0,0,93.68,monte_carlo_run_856_seed_898.log
857,18,1,-1,-1,-1,1,899,3101,0.136,1.66,False,Solitudine / Nessun Contatto,,,Nessuna,1,0,1,0.0,1,1,1,1,0,0,0,0,0,0,0,0,8500.0,2,1.0,1.0,0.0,False,0,0,0,0,0.02,monte_carlo_run_857_seed_899.log
858,18,1,-1,-1,-1,1,900,3101,0.138,2.89,False,Solitudine / Nessun Contatto,,,Nessuna,6,0,6,2.3,3,3,3,3,0,0,0,0,0,0,0,0,8500.0,8,1.006,1.006,0.0,False,0,0,1,2,111.67,monte_carlo_run_858_seed_900.log
859,18,1,-1,-1,-1,1,901,3101,0.079,1.65,False,Solitudine / Nessun Contatto,,,Nessuna,1,0,1,0.0,1,1,1,1,0,0,0,0,0,0,0,0,8500.0,2,1.0,1.0,0.0,False,0,0,0,0,0.02,monte_carlo_run_859_seed_901.log
860,18,1,-1,-1,-1,1,902,3101,0.061,1.48,False,Solitudine / Nessun Contatto,,,Nessuna,1,0,1,0.0,1,1,1,1,0,0,0,0,0,0,0,0,8500.0,2,1.0,1.0,0.0,False,0,0,0,0,0.02,monte_carlo_run_860_seed_902.log
861,18,1,-1,-1,-1,1,903,3101,0.109,2.15,False,Solitudine / Nessun Contatto,,,Nessuna,3,0,3,0.0,3,3,3,3,0,0,0,0,0,0,0,0,8500.0,10,1.0,1.0,0.0,False,0,0,0,3,0.06,monte_carlo_run_861_seed_903.log
862,18,1,-1,-1,-1,1,904,3101,0.129,2.96,False,Solitudine / Nessun Contatto,,,Nessuna,6,0,6,2.87,3,3,3,3,0,0,0,0,0,0,0,0,8500.0,9,1.01,1.01,0.0,False,0,0,3,3,131.48,monte_carlo_run_862_seed_904.log
863,18,1,-1,-1,-1,1,905,3101,0.12,1.92,False,Solitudine / Nessun Contatto,,,Nessuna,1,0,1,0.0,1,1,1,1,0,0,0,0,0,0,0,0,8500.0,2,1.0,1.0,0.0,False,0,0,0,0,0.02,monte_carlo_run_863_seed_905.log
864,18,1,-1,-1,-1,1,906,3101,0.085,2.06,False,Solitudine / Nessun Contatto,,,Nessuna,1,0,1,0.0,1,1,1,1,0,0,0,0,0,0,0,0,8500.0,2,1.0,1.0,0.0,False,0,0,0,0,0.02,monte_carlo_run_864_seed_906.log
865,18,1,-1,-1,-1,1,907,3101,0.101,2.1,False,Solitudine / Nessun Contatto,,,Nessuna,5,0,5,1.06,3,3,3,3,0,0,0,0,0,0,0,0,8500.0,10,1.01,1.01,0.0,False,0,0,2,2,105.78,monte_carlo_run_865_seed_907.log
866,18,1,-1,-1,-1,1,908,3101,0.144,2.01,False,Solitudine / Nessun Contatto,,,Nessuna,4,0,4,0.0,2,1,1,1,0,0,0,0,0,0,0,0,8500.0,3,1.0,1.0,0.0,False,0,0,0,1,61.41,monte_carlo_run_866_seed_908.log
867,18,1,-1,-1,-1,1,909,3101,0.13,2.1,False,Solitudine / Nessun Contatto,,,Nessuna,1,0,1,0.0,1,1,1,1,0,0,0,0,0,0,0,0,8500.0,2,1.0,1.0,0.0,False,0,0,0,0,0.02,monte_carlo_run_867_seed_909.log
868,18,1,-1,-1,-1,1,910,3101,0.124,2.62,False,Solitudine / Nessun Contatto,,,Nessuna,5,0,5,0.0,3,3,2,2,0,1,0,0,0,0,0,0,8500.0,5,1.001,1.001,0.0,False,1,0,0,1,231.43,monte_carlo_run_868_seed_910.log
869,18,1,-1,-1,-1,1,911,3101,0.103,1.92,False,Solitudine / Nessun Contatto,,,Nessuna,1,0,1,0.0,1,1,1,1,0,0,0,0,0,0,0,0,8500.0,2,1.0,1.0,0.0,False,0,0,0,0,0.02,monte_carlo_run_869_seed_911.log
870,18,1,-1,-1,-1,1,912,3101,0.108,1.62,False,Solitudine / Nessun Contatto,,,Nessuna,1,0,1,0.0,1,1,1,1,0,0,0,0,0,0,0,0,8500.0,2,1.0,1.0,0.0,False,0,0,0,0,0.02,monte_carlo_run_870_seed_912.log
871,18,1,-1,-1,-1,1,913,3101,0.078,1.78,False,Solitudine / Nessun Contatto,,,Nessuna,4,0,4,1.46,2,2,2,2,0,0,0,0,0,0,0,0,8500.0,6,1.005,1.005,0.0,False,0,0,1,1,103.26,monte_carlo_run_871_seed_913.log
872,18,1,-1,-1,-1,1,914,3101,0.057,1.15,False,Solitudine / Nessun Contatto,,,Nessuna,1,0,1,0.0,1,1,1,1,0,0,0,0,0,0,0,0,8500.0,2,1.0,1.0,0.0,False,0,0,0,0,0.02,monte_carlo_run_872_seed_914.log
873,18,1,-1,-1,-1,1,915,3101,0.127,2.06,False,Solitudine / Nessun Contatto,,,Nessuna,2,0,2,0.34,1,1,1,1,0,0,0,0,0,0,0,0,8500.0,2,1.0,1.0,0.0,False,0,0,0,0,10.61,monte_carlo_run_873_seed_915.log
874,18,1,-1,-1,-1,1,916,3101,0.108,2.34,False,Solitudine / Nessun Contatto,,,Nessuna,5,0,5,0.0,4,4,3,3,0,1,0,0,0,0,0,0,8500.0,8,1.017,1.017,0.0,False,0,0,2,2,183.19,monte_carlo_run_874_seed_916.log
875,18,1,-1,-1,-1,1,917,3101,0.133,1.96,False,Solitudine / Nessun Contatto,,,Nessuna,2,0,2,1.3,1,1,1,1,0,0,0,0,0,0,0,0,8500.0,2,1.0,1.0,0.0,False,0,0,0,0,39.14,monte_carlo_run_875_seed_917.log
876,18,1,-1,-1,-1,1,918,3101,0.057,0.83,False,Solitudine / Nessun Contatto,,,Nessuna,1,0,1,0.0,1,1,1,1,0,0,0,0,0,0,0,0,8500.0,2,1.0,1.0,0.0,False,0,0,0,0,0.02,monte_carlo_run_876_seed_918.log
877,18,1,-1,-1,-1,1,919,3101,0.105,2.33,False,Solitudine / Nessun Contatto,,,Nessuna,10,0,10,2.14,3,3,3,3,0,0,0,0,0,0,0,0,8500.0,10,1.008,1.008,0.0,False,5,0,1,2,225.18,monte_carlo_run_877_seed_919.log
878,18,1,-1,-1,-1,1,920,3101,0.115,2.42,False,Solitudine / Nessun Contatto,,,Nessuna,1,0,1,0.0,1,1,1,1,0,0,0,0,0,0,0,0,8500.0,2,1.0,1.0,0.0,False,0,0,0,0,0.02,monte_carlo_run_878_seed_920.log
879,18,1,-1,-1,-1,1,921,3101,0.063,1.3,False,Solitudine / Nessun Contatto,,,Nessuna,1,0,1,0.0,1,1,1,1,0,0,0,0,0,0,0,0,8500.0,2,1.0,1.0,0.0,False,0,0,0,0,0.02,monte_carlo_run_879_seed_921.log
880,18,1,-1,-1,-1,1,922,3101,0.141,1.92,False,Solitudine / Nessun Contatto,,,Nessuna,2,0,2,0.0,2,2,2,2,0,0,0,0,0,0,0,0,8500.0,6,1.0,1.0,0.0,False,0,0,1,1,0.04,monte_carlo_run_880_seed_922.log
881,18,1,-1,-1,-1,1,923,3101,0.121,2.31,False,Solitudine / Nessun Contatto,,,Nessuna,1,0,1,0.0,1,1,1,1,0,0,0,0,0,0,0,0,8500.0,2,1.0,1.0,0.0,False,0,0,0,0,0.02,monte_carlo_run_881_seed_923.log
882,18,1,-1,-1,-1,1,924,3101,0.112,1.63,False,Solitudine / Nessun Contatto,,,Nessuna,1,0,1,0.0,1,1,1,1,0,0,0,0,0,0,0,0,8500.0,2,1.0,1.0,0.0,False,0,0,0,0,0.02,monte_carlo_run_882_seed_924.log
883,18,1,-1,-1,-1,1,925,3101,0.108,1.52,False,Solitudine / Nessun Contatto,,,Nessuna,3,0,3,0.0,2,2,2,2,0,0,0,0,0,0,0,0,8500.0,5,1.0,1.0,0.0,False,0,0,0,1,34.18,monte_carlo_run_883_seed_925.log
884,18,1,-1,-1,-1,1,926,3101,0.073,1.13,False,Solitudine / Nessun Contatto,,,Nessuna,2,0,2,0.0,2,2,2,2,0,0,0,0,0,0,0,0,8500.0,5,1.0,1.0,0.0,False,0,0,0,1,0.04,monte_carlo_run_884_seed_926.log
885,18,1,-1,-1,-1,1,927,3101,0.143,3.15,False,Solitudine / Nessun Contatto,,,Nessuna,1,0,1,0.0,1,1,1,1,0,0,0,0,0,0,0,0,8500.0,2,1.0,1.0,0.0,False,0,0,0,0,0.02,monte_carlo_run_885_seed_927.log
886,18,1,-1,-1,-1,1,928,3101,0.117,2.24,False,Solitudine / Nessun Contatto,,,Nessuna,2,0,2,2.24,1,1,1,1,0,0,0,0,0,0,0,0,8500.0,2,1.0,1.0,0.0,False,0,0,0,0,117.04,monte_carlo_run_886_seed_928.log
887,18,1,-1,-1,-1,1,929,3101,0.149,1.79,False,Solitudine / Nessun Contatto,,,Nessuna,2,0,2,0.0,2,2,2,2,0,0,0,0,0,0,0,0,8500.0,6,1.0,1.0,0.0,False,0,0,0,1,0.04,monte_carlo_run_887_seed_929.log
888,18,1,-1,-1,-1,1,930,3101,0.137,1.98,False,Solitudine / Nessun Contatto,,,Nessuna,3,0,3,0.92,1,1,1,1,0,0,0,0,0,0,0,0,8500.0,2,1.002,1.002,0.0,False,2,0,0,0,111.69,monte_carlo_run_888_seed_930.log
889,18,1,-1,-1,-1,1,931,3101,0.127,1.95,False,Solitudine / Nessun Contatto,,,Nessuna,3,0,3,0.0,3,3,3,3,0,0,0,0,0,0,0,0,8500.0,10,1.0,1.0,0.0,False,0,0,1,2,0.06,monte_carlo_run_889_seed_931.log
890,18,1,-1,-1,-1,1,932,3101,0.1,1.9,False,Solitudine / Nessun Contatto,,,Nessuna,1,0,1,0.0,1,1,1,1,0,0,0,0,0,0,0,0,8500.0,2,1.0,1.0,0.0,False,0,0,0,0,0.02,monte_carlo_run_890_seed_932.log
891,18,1,-1,-1,-1,1,933,3101,0.081,1.2,False,Solitudine / Nessun Contatto,,,Nessuna,3,0,3,0.0,3,3,3,3,0,0,0,0,0,0,0,0,8500.0,9,1.0,1.0,0.0,False,0,0,1,2,0.06,monte_carlo_run_891_seed_933.log
892,18,1,-1,-1,-1,1,934,3101,0.144,3.52,False,Solitudine / Nessun Contatto,,,Nessuna,42,0,42,21.03,7,5,2,2,0,4,4,4,0,2,2,0,8516.03,14,1.061,1.147,0.0859,True,28,0,2,6,2802.96,monte_carlo_run_892_seed_934.log
893,18,1,-1,-1,-1,1,935,3101,0.091,2.11,False,Solitudine / Nessun Contatto,,,Nessuna,2,0,2,0.0,2,2,2,2,0,0,0,0,0,0,0,0,8500.0,5,1.0,1.0,0.0,False,0,0,1,1,0.04,monte_carlo_run_893_seed_935.log
894,18,1,-1,-1,-1,1,936,3101,0.083,1.71,False,Solitudine / Nessun Contatto,,,Nessuna,2,0,2,0.0,2,2,2,2,0,0,0,0,0,0,0,0,8500.0,5,1.0,1.0,0.0,False,0,0,1,1,0.04,monte_carlo_run_894_seed_936.log
895,18,1,-1,-1,-1,1,937,3101,0.082,1.86,False,Solitudine / Nessun Contatto,,,Nessuna,2,0,2,0.0,2,2,2,2,0,0,0,0,0,0,0,0,8500.0,5,1.0,1.0,0.0,False,0,0,0,1,0.04,monte_carlo_run_895_seed_937.log
896,18,1,-1,-1,-1,1,938,3101,0.143,2.25,False,Solitudine / Nessun Contatto,,,Nessuna,1,0,1,0.0,1,1,1,1,0,0,0,0,0,0,0,0,8500.0,2,1.0,1.0,0.0,False,0,0,0,0,0.02,monte_carlo_run_896_seed_938.log
897,18,1,-1,-1,-1,1,939,3101,0.106,2.31,False,Solitudine / Nessun Contatto,,,Nessuna,1,0,1,0.0,1,1,1,1,0,0,0,0,0,0,0,0,8500.0,2,1.0,1.0,0.0,False,0,0,0,0,0.02,monte_carlo_run_897_seed_939.log
898,18,1,-1,-1,-1,1,940,3101,0.095,1.31,False,Solitudine / Nessun Contatto,,,Nessuna,1,0,1,0.0,1,1,1,1,0,0,0,0,0,0,0,0,8500.0,2,1.0,1.0,0.0,False,0,0,0,0,0.02,monte_carlo_run_898_seed_940.log
899,18,1,-1,-1,-1,1,941,3101,0.081,1.41,False,Solitudine / Nessun Contatto,,,Nessuna,3,0,3,0.0,2,2,2,2,0,0,0,0,0,0,0,0,8500.0,5,1.0,1.0,0.0,False,0,0,0,1,30.51,monte_carlo_run_899_seed_941.log
900,18,1,-1,-1,-1,1,942,3101,0.112,2.48,False,Solitudine / Nessun Contatto,,,Nessuna,2,0,2,2.39,1,1,1,1,0,0,0,0,0,0,0,0,8500.0,2,1.0,1.0,0.0,False,0,0,0,0,127.94,monte_carlo_run_900_seed_942.log
901,19,1,-1,-1,1,-1,943,3101,0.105,1.72,False,Solitudine / Nessun Contatto,,,Nessuna,2,0,2,1.56,1,1,1,1,0,0,0,0,0,0,0,0,8500.0,2,1.0,1.0,0.0,False,0,0,0,0,101.16,monte_carlo_run_901_seed_943.log
902,19,1,-1,-1,1,-1,944,3101,0.099,2.19,False,Solitudine / Nessun Contatto,,,Nessuna,1,0,1,0.0,1,1,1,1,0,0,0,0,0,0,0,0,8500.0,2,1.0,1.0,0.0,False,0,0,0,0,0.02,monte_carlo_run_902_seed_944.log
903,19,1,-1,-1,1,-1,945,3101,0.149,3.5,True,Contatto Planetario / Biofirme,681.2,12.94,Cauta,17,0,23,17.07,3,2,2,1,1,0,0,0,0,0,0,0,8500.0,3,1.321,1.321,0.0,False,16,0,3,3,1966.15,monte_carlo_run_903_seed_945.log
904,19,1,-1,-1,1,-1,946,3101,0.082,1.12,False,Solitudine / Nessun Contatto,,,Nessuna,1,0,1,0.0,1,1,1,1,0,0,0,0,0,0,0,0,8500.0,2,1.0,1.0,0.0,False,0,0,0,0,0.02,monte_carlo_run_904_seed_946.log
905,19,1,-1,-1,1,-1,947,3101,0.061,1.4,False,Solitudine / Nessun Contatto,,,Nessuna,3,0,3,1.33,1,1,1,1,0,0,0,0,0,0,0,0,8500.0,2,1.005,1.005,0.0,False,2,0,0,0,234.99,monte_carlo_run_905_seed_947.log
906,19,1,-1,-1,1,-1,948,3101,0.076,0.93,False,Solitudine / Nessun Contatto,,,Nessuna,1,0,1,0.0,3,3,3,1,2,0,0,0,0,0,0,0,8500.0,2,1.0,1.0,0.0,False,0,0,1,3,0.02,monte_carlo_run_906_seed_948.log
907,19,1,-1,-1,1,-1,949,3101,0.145,1.75,False,Solitudine / Nessun Contatto,,,Nessuna,2,0,2,1.24,2,2,2,1,1,0,0,0,0,0,0,0,8500.0,2,1.002,1.002,0.0,False,0,0,1,1,34.27,monte_carlo_run_907_seed_949.log
908,19,1,-1,-1,1,-1,950,3101,0.087,1.57,False,Solitudine / Nessun Contatto,,,Nessuna,1,0,1,0.0,2,2,2,1,1,0,0,0,0,0,0,0,8500.0,2,1.0,1.0,0.0,False,0,0,1,1,0.02,monte_carlo_run_908_seed_950.log
909,19,1,-1,-1,1,-1,951,3101,0.089,1.47,False,Solitudine / Nessun Contatto,,,Nessuna,1,0,1,0.0,3,3,3,0,3,0,0,0,0,0,0,0,8500.0,1,0.985,0.985,0.0,False,0,0,1,2,0.02,monte_carlo_run_909_seed_951.log
910,19,1,-1,-1,1,-1,952,3101,0.06,1.17,False,Solitudine / Nessun Contatto,,,Nessuna,1,0,1,0.0,3,3,3,0,3,0,0,0,0,0,0,0,8500.0,1,0.985,0.985,0.0,False,0,0,1,2,0.02,monte_carlo_run_910_seed_952.log
911,19,1,-1,-1,1,-1,953,3101,0.137,1.97,False,Solitudine / Nessun Contatto,,,Nessuna,1,0,1,0.0,2,2,2,0,2,0,0,0,0,0,0,0,8500.0,1,0.985,0.985,0.0,False,0,0,0,1,0.02,monte_carlo_run_911_seed_953.log
912,19,1,-1,-1,1,-1,954,3101,0.06,1.37,False,Solitudine / Nessun Contatto,,,Nessuna,1,0,1,0.0,1,1,1,1,0,0,0,0,0,0,0,0,8500.0,2,1.0,1.0,0.0,False,0,0,0,0,0.02,monte_carlo_run_912_seed_954.log
913,19,1,-1,-1,1,-1,955,3101,0.057,1.2,False,Solitudine / Nessun Contatto,,,Nessuna,1,0,1,0.0,1,1,1,1,0,0,0,0,0,0,0,0,8500.0,2,1.0,1.0,0.0,False,0,0,0,0,0.02,monte_carlo_run_913_seed_955.log
914,19,1,-1,-1,1,-1,956,3101,0.13,2.42,False,Solitudine / Nessun Contatto,,,Nessuna,1,0,1,0.0,2,2,2,1,1,0,0,0,0,0,0,0,8500.0,2,1.0,1.0,0.0,False,0,0,1,1,0.02,monte_carlo_run_914_seed_956.log
915,19,1,-1,-1,1,-1,957,3101,0.108,1.64,False,Solitudine / Nessun Contatto,,,Nessuna,1,0,1,0.0,2,2,2,1,1,0,0,0,0,0,0,0,8500.0,2,1.0,1.0,0.0,False,0,0,0,1,0.02,monte_carlo_run_915_seed_957.log
916,19,1,-1,-1,1,-1,958,3101,0.083,1.67,False,Solitudine / Nessun Contatto,,,Nessuna,1,0,1,0.0,3,3,3,0,3,0,0,0,0,0,0,0,8500.0,1,0.985,0.985,0.0,False,0,0,0,3,0.02,monte_carlo_run_916_seed_958.log
917,19,1,-1,-1,1,-1,959,3101,0.065,1.3,False,Solitudine / Nessun Contatto,,,Nessuna,1,0,1,0.0,1,1,1,1,0,0,0,0,0,0,0,0,8500.0,2,1.0,1.0,0.0,False,0,0,0,0,0.02,monte_carlo_run_917_seed_959.log
918,19,1,-1,-1,1,-1,960,3101,0.139,2.89,False,Solitudine / Nessun Contatto,,,Nessuna,2,0,2,2.84,1,1,1,1,0,0,0,0,0,0,0,0,8500.0,2,1.0,1.0,0.0,False,0,0,0,0,136.82,monte_carlo_run_918_seed_960.log
919,19,1,-1,-1,1,-1,961,3101,0.072,1.18,False,Solitudine / Nessun Contatto,,,Nessuna,1,0,1,0.0,1,1,1,1,0,0,0,0,0,0,0,0,8500.0,2,1.0,1.0,0.0,False,0,0,0,0,0.02,monte_carlo_run_919_seed_961.log
920,19,1,-1,-1,1,-1,962,3101,0.095,1.3,False,Solitudine / Nessun Contatto,,,Nessuna,2,0,2,0.93,1,1,1,1,0,0,0,0,0,0,0,0,8500.0,2,1.0,1.0,0.0,False,0,0,0,0,39.15,monte_carlo_run_920_seed_962.log
921,19,1,-1,-1,1,-1,963,3101,0.117,2.51,False,Solitudine / Nessun Contatto,,,Nessuna,2,0,2,0.16,3,3,2,1,1,1,1,1,0,0,0,0,8500.04,2,1.001,0.776,-0.225,False,0,0,1,1,5.3,monte_carlo_run_921_seed_963.log
922,19,1,-1,-1,1,-1,964,3101,0.067,0.92,False,Solitudine / Nessun Contatto,,,Nessuna,1,0,1,0.0,2,2,2,1,1,0,0,0,0,0,0,0,8500.0,2,1.0,1.0,0.0,False,0,0,0,1,0.02,monte_carlo_run_922_seed_964.log
923,19,1,-1,-1,1,-1,965,3101,0.094,1.2,False,Solitudine / Nessun Contatto,,,Nessuna,1,0,1,0.0,3,3,3,1,2,0,0,0,0,0,0,0,8500.0,2,1.001,1.001,0.0,False,0,0,2,3,0.02,monte_carlo_run_923_seed_965.log
924,19,1,-1,-1,1,-1,966,3101,0.128,1.55,False,Solitudine / Nessun Contatto,,,Nessuna,2,0,2,1.48,1,1,1,1,0,0,0,0,0,0,0,0,8500.0,2,1.0,1.0,0.0,False,0,0,0,0,46.28,monte_carlo_run_924_seed_966.log
925,19,1,-1,-1,1,-1,967,3101,0.133,2.3,False,Solitudine / Nessun Contatto,,,Nessuna,1,0,1,0.0,1,1,1,1,0,0,0,0,0,0,0,0,8500.0,2,1.0,1.0,0.0,False,0,0,0,0,0.02,monte_carlo_run_925_seed_967.log
926,19,1,-1,-1,1,-1,968,3101,0.098,1.73,False,Solitudine / Nessun Contatto,,,Nessuna,1,0,1,0.0,2,2,2,0,2,0,0,0,0,0,0,0,8500.0,1,0.985,0.985,0.0,False,0,0,0,1,0.02,monte_carlo_run_926_seed_968.log
927,19,1,-1,-1,1,-1,969,3101,0.09,1.84,False,Solitudine / Nessun Contatto,,,Nessuna,1,0,1,0.0,1,1,1,1,0,0,0,0,0,0,0,0,8500.0,2,1.0,1.0,0.0,False,0,0,0,0,0.02,monte_carlo_run_927_seed_969.log
928,19,1,-1,-1,1,-1,970,3101,0.131,1.57,False,Solitudine / Nessun Contatto,,,Nessuna,2,0,2,1.48,1,1,1,1,0,0,0,0,0,0,0,0,8500.0,2,1.0,1.0,0.0,False,0,0,0,0,45.15,monte_carlo_run_928_seed_970.log
929,19,1,-1,-1,1,-1,971,3101,0.138,3.44,False,Solitudine / Nessun Contatto,,,Nessuna,8,0,8,7.76,1,1,1,1,0,0,0,0,0,0,0,0,8500.0,2,1.029,1.029,0.0,False,5,0,0,0,661.3,monte_carlo_run_929_seed_971.log
930,19,1,-1,-1,1,-1,972,3101,0.106,1.7,False,Solitudine / Nessun Contatto,,,Nessuna,1,0,1,0.0,1,1,1,1,0,0,0,0,0,0,0,0,8500.0,2,1.0,1.0,0.0,False,0,0,0,0,0.02,monte_carlo_run_930_seed_972.log
931,19,1,-1,-1,1,-1,973,3101,0.057,0.85,False,Solitudine / Nessun Contatto,,,Nessuna,1,0,1,0.0,2,2,2,1,1,0,0,0,0,0,0,0,8500.0,2,1.0,1.0,0.0,False,0,0,1,1,0.02,monte_carlo_run_931_seed_973.log
932,19,1,-1,-1,1,-1,974,3101,0.138,2.39,False,Solitudine / Nessun Contatto,,,Nessuna,1,0,1,0.0,1,1,1,1,0,0,0,0,0,0,0,0,8500.0,2,1.0,1.0,0.0,False,0,0,0,0,0.02,monte_carlo_run_932_seed_974.log
933,19,1,-1,-1,1,-1,975,3101,0.14,2.87,False,Solitudine / Nessun Contatto,,,Nessuna,2,0,2,2.21,2,2,2,1,1,0,0,0,0,0,0,0,8500.0,2,1.006,1.006,0.0,False,0,0,1,1,122.06,monte_carlo_run_933_seed_975.log
934,19,1,-1,-1,1,-1,976,3101,0.091,2.08,False,Solitudine / Nessun Contatto,,,Nessuna,2,0,2,0.94,2,2,2,1,1,0,0,0,0,0,0,0,8500.0,2,1.002,1.002,0.0,False,0,0,1,1,41.1,monte_carlo_run_934_seed_976.log
935,19,1,-1,-1,1,-1,977,3101,0.1,1.72,False,Solitudine / Nessun Contatto,,,Nessuna,1,0,1,0.0,2,2,2,1,1,0,0,0,0,0,0,0,8500.0,2,1.0,1.0,0.0,False,0,0,0,1,0.02,monte_carlo_run_935_seed_977.log
936,19,1,-1,-1,1,-1,978,3101,0.147,2.53,False,Solitudine / Nessun Contatto,,,Nessuna,1,0,1,0.0,1,1,1,1,0,0,0,0,0,0,0,0,8500.0,2,1.0,1.0,0.0,False,0,0,0,0,0.02,monte_carlo_run_936_seed_978.log
937,19,1,-1,-1,1,-1,979,3101,0.099,2.43,False,Solitudine / Nessun Contatto,,,Nessuna,1,0,1,0.0,1,1,1,1,0,0,0,0,0,0,0,0,8500.0,2,1.0,1.0,0.0,False,0,0,0,0,0.02,monte_carlo_run_937_seed_979.log
938,19,1,-1,-1,1,-1,980,3101,0.106,1.55,False,Solitudine / Nessun Contatto,,,Nessuna,1,0,1,0.0,1,1,1,1,0,0,0,0,0,0,0,0,8500.0,2,1.0,1.0,0.0,False,0,0,0,0,0.02,monte_carlo_run_938_seed_980.log
939,19,1,-1,-1,1,-1,981,3101,0.081,1.12,False,Solitudine / Nessun Contatto,,,Nessuna,1,0,1,0.0,1,1,1,1,0,0,0,0,0,0,0,0,8500.0,2,1.0,1.0,0.0,False,0,0,0,0,0.02,monte_carlo_run_939_seed_981.log
940,19,1,-1,-1,1,-1,982,3101,0.075,1.48,False,Solitudine / Nessun Contatto,,,Nessuna,2,0,2,1.39,3,3,3,0,3,0,0,0,0,0,0,0,8500.0,1,0.976,0.976,0.0,False,0,0,1,2,74.21,monte_carlo_run_940_seed_982.log
941,19,1,-1,-1,1,-1,983,3101,0.083,1.2,False,Solitudine / Nessun Contatto,,,Nessuna,1,0,1,0.0,3,3,3,0,3,0,0,0,0,0,0,0,8500.0,1,0.985,0.985,0.0,False,0,0,1,2,0.02,monte_carlo_run_941_seed_983.log
942,19,1,-1,-1,1,-1,984,3101,0.057,1.1,False,Solitudine / Nessun Contatto,,,Nessuna,2,0,2,0.72,3,3,3,1,2,0,0,0,0,0,0,0,8500.0,2,1.005,1.005,0.0,False,0,0,2,2,69.73,monte_carlo_run_942_seed_984.log
943,19,1,-1,-1,1,-1,985,3101,0.055,1.22,False,Solitudine / Nessun Contatto,,,Nessuna,1,0,1,0.0,2,2,2,1,1,0,0,0,0,0,0,0,8500.0,2,1.0,1.0,0.0,False,0,0,1,1,0.02,monte_carlo_run_943_seed_985.log
944,19,1,-1,-1,1,-1,986,3101,0.107,2.32,False,Solitudine / Nessun Contatto,,,Nessuna,1,0,1,0.0,2,2,2,1,1,0,0,0,0,0,0,0,8500.0,2,1.0,1.0,0.0,False,0,0,1,1,0.02,monte_carlo_run_944_seed_986.log
945,19,1,-1,-1,1,-1,987,3101,0.06,0.91,False,Solitudine / Nessun Contatto,,,Nessuna,1,0,1,0.0,1,1,1,1,0,0,0,0,0,0,0,0,8500.0,2,1.0,1.0,0.0,False,0,0,0,0,0.02,monte_carlo_run_945_seed_987.log
946,19,1,-1,-1,1,-1,988,3101,0.104,1.62,False,Solitudine / Nessun Contatto,,,Nessuna,1,0,1,0.0,1,1,1,1,0,0,0,0,0,0,0,0,8500.0,2,1.0,1.0,0.0,False,0,0,0,0,0.02,monte_carlo_run_946_seed_988.log
947,19,1,-1,-1,1,-1,989,3101,0.117,2.89,False,Solitudine / Nessun Contatto,,,Nessuna,1,0,1,0.0,1,1,1,1,0,0,0,0,0,0,0,0,8500.0,2,1.0,1.0,0.0,False,0,0,0,0,0.02,monte_carlo_run_947_seed_989.log
948,19,1,-1,-1,1,-1,990,3101,0.126,3.06,False,Solitudine / Nessun Contatto,,,Nessuna,2,0,2,2.6,1,1,1,1,0,0,0,0,0,0,0,0,8500.0,2,1.0,1.0,0.0,False,0,0,0,0,130.99,monte_carlo_run_948_seed_990.log
949,19,1,-1,-1,1,-1,991,3101,0.113,2.48,False,Solitudine / Nessun Contatto,,,Nessuna,2,0,2,2.28,1,1,1,1,0,0,0,0,0,0,0,0,8500.0,2,1.0,1.0,0.0,False,0,0,0,0,121.43,monte_carlo_run_949_seed_991.log
950,19,1,-1,-1,1,-1,992,3101,0.124,2.23,False,Solitudine / Nessun Contatto,,,Nessuna,1,0,1,0.0,1,1,1,1,0,0,0,0,0,0,0,0,8500.0,2,1.0,1.0,0.0,False,0,0,0,0,0.02,monte_carlo_run_950_seed_992.log
951,20,1,-1,-1,1,1,993,3101,0.062,0.8,False,Solitudine / Nessun Contatto,,,Nessuna,1,0,1,0.0,1,1,1,1,0,0,0,0,0,0,0,0,8500.0,2,1.0,1.0,0.0,False,0,0,0,0,0.02,monte_carlo_run_951_seed_993.log
952,20,1,-1,-1,1,1,994,3101,0.094,2.34,False,Solitudine / Nessun Contatto,,,Nessuna,2,0,2,0.75,1,1,1,1,0,0,0,0,0,0,0,0,8500.0,2,1.0,1.0,0.0,False,0,0,0,0,31.72,monte_carlo_run_952_seed_994.log
953,20,1,-1,-1,1,1,995,3101,0.076,1.24,False,Solitudine / Nessun Contatto,,,Nessuna,2,0,2,0.0,2,2,2,2,0,0,0,0,0,0,0,0,8500.0,5,1.0,1.0,0.0,False,0,0,1,1,0.04,monte_carlo_run_953_seed_995.log
954,20,1,-1,-1,1,1,996,3101,0.126,3.12,False,Solitudine / Nessun Contatto,,,Nessuna,7,0,7,4.71,1,1,1,1,0,0,0,0,0,0,0,0,8500.0,2,1.016,1.016,0.0,False,4,0,0,0,496.07,monte_carlo_run_954_seed_996.log
955,20,1,-1,-1,1,1,997,3101,0.135,3.04,False,Solitudine / Nessun Contatto,,,Nessuna,6,0,6,4.06,1,1,1,1,0,0,0,0,0,0,0,0,8500.0,2,1.018,1.018,0.0,False,4,0,0,0,465.37,monte_carlo_run_955_seed_997.log
956,20,1,-1,-1,1,1,998,3101,0.137,2.67,False,Solitudine / Nessun Contatto,,,Nessuna,4,0,4,2.14,3,3,3,3,0,0,0,0,0,0,0,0,8500.0,9,1.011,1.011,0.0,False,0,0,2,2,119.57,monte_carlo_run_956_seed_998.log
957,20,1,-1,-1,1,1,999,3101,0.093,1.34,False,Solitudine / Nessun Contatto,,,Nessuna,1,0,1,0.0,1,1,1,1,0,0,0,0,0,0,0,0,8500.0,2,1.0,1.0,0.0,False,0,0,0,0,0.02,monte_carlo_run_957_seed_999.log
958,20,1,-1,-1,1,1,1000,3101,0.112,2.17,False,Solitudine / Nessun Contatto,,,Nessuna,1,0,1,0.0,1,1,1,1,0,0,0,0,0,0,0,0,8500.0,2,1.0,1.0,0.0,False,0,0,0,0,0.02,monte_carlo_run_958_seed_1000.log
959,20,1,-1,-1,1,1,1001,3101,0.067,1.46,False,Solitudine / Nessun Contatto,,,Nessuna,1,0,1,0.0,1,1,1,1,0,0,0,0,0,0,0,0,8500.0,2,1.0,1.0,0.0,False,0,0,0,0,0.02,monte_carlo_run_959_seed_1001.log
960,20,1,-1,-1,1,1,1002,3101,0.125,2.29,False,Solitudine / Nessun Contatto,,,Nessuna,1,0,1,0.0,1,1,1,1,0,0,0,0,0,0,0,0,8500.0,2,1.0,1.0,0.0,False,0,0,0,0,0.02,monte_carlo_run_960_seed_1002.log
961,20,1,-1,-1,1,1,1003,3101,0.07,1.37,False,Solitudine / Nessun Contatto,,,Nessuna,1,0,1,0.0,1,1,1,1,0,0,0,0,0,0,0,0,8500.0,2,1.0,1.0,0.0,False,0,0,0,0,0.02,monte_carlo_run_961_seed_1003.log
962,20,1,-1,-1,1,1,1004,3101,0.069,0.87,False,Solitudine / Nessun Contatto,,,Nessuna,1,0,1,0.0,1,1,1,1,0,0,0,0,0,0,0,0,8500.0,2,1.0,1.0,0.0,False,0,0,0,0,0.02,monte_carlo_run_962_seed_1004.log
963,20,1,-1,-1,1,1,1005,3101,0.098,2.41,False,Solitudine / Nessun Contatto,,,Nessuna,1,0,1,0.0,1,1,1,1,0,0,0,0,0,0,0,0,8500.0,2,1.0,1.0,0.0,False,0,0,0,0,0.02,monte_carlo_run_963_seed_1005.log
964,20,1,-1,-1,1,1,1006,3101,0.088,1.4,False,Solitudine / Nessun Contatto,,,Nessuna,1,0,1,0.0,1,1,1,1,0,0,0,0,0,0,0,0,8500.0,2,1.0,1.0,0.0,False,0,0,0,0,0.02,monte_carlo_run_964_seed_1006.log
965,20,1,-1,-1,1,1,1007,3101,0.088,1.67,False,Solitudine / Nessun Contatto,,,Nessuna,3,0,3,0.0,2,2,2,2,0,0,0,0,0,0,0,0,8500.0,6,1.001,1.001,0.0,False,0,0,1,1,12.78,monte_carlo_run_965_seed_1007.log
966,20,1,-1,-1,1,1,1008,3101,0.147,2.28,False,Solitudine / Nessun Contatto,,,Nessuna,1,0,1,0.0,1,1,1,1,0,0,0,0,0,0,0,0,8500.0,2,1.0,1.0,0.0,False,0,0,0,0,0.02,monte_carlo_run_966_seed_1008.log
967,20,1,-1,-1,1,1,1009,3101,0.137,2.87,False,Solitudine / Nessun Contatto,,,Nessuna,2,0,2,2.16,1,1,1,1,0,0,0,0,0,0,0,0,8500.0,2,1.0,1.0,0.0,False,0,0,0,0,120.51,monte_carlo_run_967_seed_1009.log
968,20,1,-1,-1,1,1,1010,3101,0.054,1.16,False,Solitudine / Nessun Contatto,,,Nessuna,1,0,1,0.0,1,1,1,1,0,0,0,0,0,0,0,0,8500.0,2,1.0,1.0,0.0,False,0,0,0,0,0.02,monte_carlo_run_968_seed_1010.log
969,20,1,-1,-1,1,1,1011,3101,0.137,2.34,False,Solitudine / Nessun Contatto,,,Nessuna,1,0,1,0.0,1,1,1,1,0,0,0,0,0,0,0,0,8500.0,2,1.0,1.0,0.0,False,0,0,0,0,0.02,monte_carlo_run_969_seed_1011.log
970,20,1,-1,-1,1,1,1012,3101,0.116,2.55,False,Solitudine / Nessun Contatto,,,Nessuna,3,0,3,3.03,1,1,1,1,0,0,0,0,0,0,0,0,8500.0,2,1.002,1.002,0.0,False,1,0,0,0,139.58,monte_carlo_run_970_seed_1012.log
971,20,1,-1,-1,1,1,1013,3101,0.122,2.58,False,Solitudine / Nessun Contatto,,,Nessuna,2,0,2,2.38,1,1,1,1,0,0,0,0,0,0,0,0,8500.0,2,1.0,1.0,0.0,False,0,0,0,0,122.07,monte_carlo_run_971_seed_1013.log
972,20,1,-1,-1,1,1,1014,3101,0.138,3.17,False,Solitudine / Nessun Contatto,,,Nessuna,6,0,6,11.6,2,1,1,1,0,1,1,1,0,0,0,0,8501.41,3,1.01,0.897,-0.113,False,3,0,0,0,401.35,monte_carlo_run_972_seed_1014.log
973,20,1,-1,-1,1,1,1015,3101,0.064,0.84,False,Solitudine / Nessun Contatto,,,Nessuna,2,0,2,0.0,2,2,2,2,0,0,0,0,0,0,0,0,8500.0,6,1.0,1.0,0.0,False,0,0,0,1,0.04,monte_carlo_run_973_seed_1015.log
974,20,1,-1,-1,1,1,1016,3101,0.109,1.5,False,Solitudine / Nessun Contatto,,,Nessuna,3,0,3,0.0,3,3,3,3,0,0,0,0,0,0,0,0,8500.0,10,1.0,1.0,0.0,False,0,0,1,2,0.06,monte_carlo_run_974_seed_1016.log
975,20,1,-1,-1,1,1,1017,3101,0.1,1.7,False,Solitudine / Nessun Contatto,,,Nessuna,1,0,1,0.0,1,1,1,1,0,0,0,0,0,0,0,0,8500.0,2,1.0,1.0,0.0,False,0,0,0,0,0.02,monte_carlo_run_975_seed_1017.log
976,20,1,-1,-1,1,1,1018,3101,0.136,2.56,False,Solitudine / Nessun Contatto,,,Nessuna,2,0,2,2.54,1,1,1,1,0,0,0,0,0,0,0,0,8500.0,2,1.0,1.0,0.0,False,0,0,0,0,123.97,monte_carlo_run_976_seed_1018.log
977,20,1,-1,-1,1,1,1019,3101,0.137,1.67,False,Solitudine / Nessun Contatto,,,Nessuna,3,0,3,0.0,3,3,3,3,0,0,0,0,0,0,0,0,8500.0,8,1.001,1.001,0.0,False,0,0,2,2,0.06,monte_carlo_run_977_seed_1019.log
978,20,1,-1,-1,1,1,1020,3101,0.114,1.41,False,Solitudine / Nessun Contatto,,,Nessuna,1,0,1,0.0,1,1,1,1,0,0,0,0,0,0,0,0,8500.0,2,1.0,1.0,0.0,False,0,0,0,0,0.02,monte_carlo_run_978_seed_1020.log
979,20,1,-1,-1,1,1,1021,3101,0.102,1.62,False,Solitudine / Nessun Contatto,,,Nessuna,1,0,1,0.0,1,1,1,1,0,0,0,0,0,0,0,0,8500.0,2,1.0,1.0,0.0,False,0,0,0,0,0.02,monte_carlo_run_979_seed_1021.log
980,20,1,-1,-1,1,1,1022,3101,0.064,0.97,False,Solitudine / Nessun Contatto,,,Nessuna,2,0,2,0.0,2,2,2,2,0,0,0,0,0,0,0,0,8500.0,5,1.0,1.0,0.0,False,0,0,1,1,0.04,monte_carlo_run_980_seed_1022.log
981,20,1,-1,-1,1,1,1023,3101,0.147,3.28,False,Solitudine / Nessun Contatto,,,Nessuna,2,0,2,2.94,1,1,1,1,0,0,0,0,0,0,0,0,8500.0,2,1.0,1.0,0.0,False,0,0,0,0,79.92,monte_carlo_run_981_seed_1023.log
982,20,1,-1,-1,1,1,1024,3101,0.143,2.6,False,Solitudine / Nessun Contatto,,,Nessuna,1,0,1,0.0,1,1,1,1,0,0,0,0,0,0,0,0,8500.0,2,1.0,1.0,0.0,False,0,0,0,0,0.02,monte_carlo_run_982_seed_1024.log
983,20,1,-1,-1,1,1,1025,3101,0.061,0.93,False,Solitudine / Nessun Contatto,,,Nessuna,1,0,1,0.0,1,1,1,1,0,0,0,0,0,0,0,0,8500.0,2,1.0,1.0,0.0,False,0,0,0,0,0.02,monte_carlo_run_983_seed_1025.log
984,20,1,-1,-1,1,1,1026,3101,0.086,1.75,False,Solitudine / Nessun Contatto,,,Nessuna,2,0,2,1.6,1,1,1,1,0,0,0,0,0,0,0,0,8500.0,2,1.0,1.0,0.0,False,0,0,0,0,98.45,monte_carlo_run_984_seed_1026.log
985,20,1,-1,-1,1,1,1027,3101,0.125,3.12,False,Solitudine / Nessun Contatto,,,Nessuna,4,0,4,3.9,2,2,1,1,0,1,1,1,0,0,0,0,8500.08,2,1.003,0.844,-0.1595,False,1,0,0,0,234.24,monte_carlo_run_985_seed_1027.log
986,20,1,-1,-1,1,1,1028,3101,0.087,1.08,False,Solitudine / Nessun Contatto,,,Nessuna,1,0,1,0.0,1,1,1,1,0,0,0,0,0,0,0,0,8500.0,2,1.0,1.0,0.0,False,0,0,0,0,0.02,monte_carlo_run_986_seed_1028.log
987,20,1,-1,-1,1,1,1029,3101,0.123,2.51,False,Solitudine / Nessun Contatto,,,Nessuna,14,0,14,6.61,3,3,3,3,0,0,0,0,0,0,0,0,8500.0,9,1.051,1.051,0.0,False,8,0,1,2,605.27,monte_carlo_run_987_seed_1029.log
988,20,1,-1,-1,1,1,1030,3101,0.053,0.69,False,Solitudine / Nessun Contatto,,,Nessuna,1,0,1,0.0,1,1,1,1,0,0,0,0,0,0,0,0,8500.0,2,1.0,1.0,0.0,False,0,0,0,0,0.02,monte_carlo_run_988_seed_1030.log
989,20,1,-1,-1,1,1,1031,3101,0.132,2.32,False,Solitudine / Nessun Contatto,,,Nessuna,2,0,2,0.0,2,2,2,2,0,0,0,0,0,0,0,0,8500.0,6,1.0,1.0,0.0,False,0,0,1,1,0.04,monte_carlo_run_989_seed_1031.log
990,20,1,-1,-1,1,1,1032,3101,0.092,1.82,False,Solitudine / Nessun Contatto,,,Nessuna,3,0,3,1.62,2,2,2,2,0,0,0,0,0,0,0,0,8500.0,6,1.003,1.003,0.0,False,0,0,1,1,96.11,monte_carlo_run_990_seed_1032.log
991,20,1,-1,-1,1,1,1033,3101,0.067,1.41,False,Solitudine / Nessun Contatto,,,Nessuna,2,0,2,0.0,2,2,2,2,0,0,0,0,0,0,0,0,8500.0,5,1.0,1.0,0.0,False,0,0,0,1,0.04,monte_carlo_run_991_seed_1033.log
992,20,1,-1,-1,1,1,1034,3101,0.072,1.07,False,Solitudine / Nessun Contatto,,,Nessuna,2,0,2,0.0,2,2,2,2,0,0,0,0,0,0,0,0,8500.0,5,1.0,1.0,0.0,False,0,0,1,1,0.04,monte_carlo_run_992_seed_1034.log
993,20,1,-1,-1,1,1,1035,3101,0.087,1.56,False,Solitudine / Nessun Contatto,,,Nessuna,1,0,1,0.0,1,1,1,1,0,0,0,0,0,0,0,0,8500.0,2,1.0,1.0,0.0,False,0,0,0,0,0.02,monte_carlo_run_993_seed_1035.log
994,20,1,-1,-1,1,1,1036,3101,0.076,1.5,False,Solitudine / Nessun Contatto,,,Nessuna,1,0,1,0.0,1,1,1,1,0,0,0,0,0,0,0,0,8500.0,2,1.0,1.0,0.0,False,0,0,0,0,0.02,monte_carlo_run_994_seed_1036.log
995,20,1,-1,-1,1,1,1037,3101,0.115,2.3,False,Solitudine / Nessun Contatto,,,Nessuna,1,0,1,0.0,1,1,1,1,0,0,0,0,0,0,0,0,8500.0,2,1.0,1.0,0.0,False,0,0,0,0,0.02,monte_carlo_run_995_seed_1037.log
996,20,1,-1,-1,1,1,1038,3101,0.143,2.02,False,Solitudine / Nessun Contatto,,,Nessuna,1,0,1,0.0,1,1,1,1,0,0,0,0,0,0,0,0,8500.0,2,1.0,1.0,0.0,False,0,0,0,0,0.02,monte_carlo_run_996_seed_1038.log
997,20,1,-1,-1,1,1,1039,3101,0.145,3.05,False,Solitudine / Nessun Contatto,,,Nessuna,4,0,4,2.25,3,3,2,2,0,1,1,1,0,0,0,0,8500.28,6,1.001,0.859,-0.1418,False,0,0,0,1,175.45,monte_carlo_run_997_seed_1039.log
998,20,1,-1,-1,1,1,1040,3101,0.057,1.0,False,Solitudine / Nessun Contatto,,,Nessuna,2,0,2,0.0,2,2,2,2,0,0,0,0,0,0,0,0,8500.0,6,1.0,1.0,0.0,False,0,0,1,1,0.04,monte_carlo_run_998_seed_1040.log
999,20,1,-1,-1,1,1,1041,3101,0.101,2.4,False,Solitudine / Nessun Contatto,,,Nessuna,1,0,1,0.0,1,1,1,1,0,0,0,0,0,0,0,0,8500.0,2,1.0,1.0,0.0,False,0,0,0,0,0.02,monte_carlo_run_999_seed_1041.log
1000,20,1,-1,-1,1,1,1042,3101,0.085,1.66,False,Solitudine / Nessun Contatto,,,Nessuna,2,0,2,1.49,1,1,1,1,0,0,0,0,0,0,0,0,8500.0,2,1.0,1.0,0.0,False,0,0,0,0,92.07,monte_carlo_run_1000_seed_1042.log
1001,21,1,-1,1,-1,-1,1043,3101,0.586,10.3,True,Incontro Flotta Deep-Space,4684.48,29.37,Biosfera Primitiva,1632,1,2714,44.63,304,227,20,7,11,268,259,259,0,176,111,65,9779.79,570,1.6,1.6,0.0,False,2411,0,979,1080,10000.19,monte_carlo_run_1001_seed_1043.log
1002,21,1,-1,1,-1,-1,1044,3101,0.526,7.38,True,Contatto Planetario / Biofirme,144.6,12.95,Cauta,11,1,2563,45.2,296,217,19,4,13,260,247,247,0,169,117,52,9640.84,513,1.6,1.6,0.0,False,2269,0,870,999,10000.05,monte_carlo_run_1002_seed_1044.log
1003,21,1,-1,1,-1,-1,1045,3101,0.22,3.49,False,Solitudine / Nessun Contatto,,,Nessuna,2,0,2,2.84,1,1,1,1,0,0,0,0,0,0,0,0,8500.0,2,1.0,1.0,0.0,False,0,0,0,0,90.66,monte_carlo_run_1003_seed_1045.log
1004,21,1,-1,1,-1,-1,1046,3101,0.276,4.53,True,Incontro Flotta Deep-Space,3638.79,9.63,Biosfera Primitiva,304,1,1402,47.48,177,123,14,3,6,154,154,154,0,102,55,47,9236.53,284,1.6,1.6,0.0,False,1160,0,472,540,10000.17,monte_carlo_run_1004_seed_1046.log
1005,21,1,-1,1,-1,-1,1047,3101,0.567,13.93,True,Contatto Planetario / Biofirme,51.54,8.35,Diffidente,4,1,2676,29.74,302,224,24,4,16,268,241,241,0,170,118,52,9783.06,556,1.6,1.6,0.0,False,2372,0,973,1186,10000.02,monte_carlo_run_1005_seed_1047.log
1006,21,1,-1,1,-1,-1,1048,3101,0.559,13.42,False,Solitudine / Nessun Contatto,,,Nessuna,9,0,9,14.6,11,10,3,0,3,8,8,8,0,0,0,0,8501.8,1,0.919,0.852,-0.0664,False,0,0,1,3,206.52,monte_carlo_run_1006_seed_1048.log
1007,21,1,-1,1,-1,-1,1049,3101,0.24,3.21,False,Solitudine / Nessun Contatto,,,Nessuna,8,0,8,9.54,2,1,1,1,0,0,0,0,0,0,0,0,8500.0,2,1.034,1.034,0.0,False,6,0,1,1,350.71,monte_carlo_run_1007_seed_1049.log
1008,21,1,-1,1,-1,-1,1050,3101,0.583,13.41,True,Contatto Planetario / Biofirme,31.03,8.58,Ostile,3,1,10,22.49,9,8,2,0,2,6,6,6,0,0,0,0,8501.46,1,0.916,0.868,-0.0482,False,0,0,0,1,198.42,monte_carlo_run_1008_seed_1050.log
1009,21,1,-1,1,-1,-1,1051,3101,0.368,6.81,True,Contatto Planetario / Biofirme,70.08,7.2,Diffidente,5,2,2515,41.52,313,240,24,6,16,276,269,269,0,181,125,56,9815.11,511,1.6,1.6,0.0,False,2201,0,859,1002,10000.03,monte_carlo_run_1009_seed_1051.log
1010,21,1,-1,1,-1,-1,1052,3101,0.498,10.91,True,Contatto Planetario / Biofirme,197.54,13.18,Diffidente,14,0,2557,20.7,300,237,25,5,18,263,197,197,0,142,109,33,9464.15,481,1.6,1.6,0.0,False,2254,0,859,1189,10000.05,monte_carlo_run_1010_seed_1052.log
1011,21,1,-1,1,-1,-1,1053,3101,0.539,6.64,True,Contatto Planetario / Biofirme,260.18,11.92,Collaborativa,15,1,2640,39.27,328,234,25,5,15,291,269,269,0,196,125,71,9823.04,601,1.6,1.6,0.0,False,2309,0,1140,1375,10000.2,monte_carlo_run_1011_seed_1053.log
1012,21,1,-1,1,-1,-1,1054,3101,0.4,8.1,True,Contatto Planetario / Biofirme,7.78,3.11,Cauta,2,0,2193,48.59,263,205,17,1,15,239,197,197,0,147,122,25,9498.43,490,1.6,1.6,0.0,False,1928,0,1034,1239,10000.03,monte_carlo_run_1012_seed_1054.log
1013,21,1,-1,1,-1,-1,1055,3101,0.343,5.9,True,Incontro Flotta Deep-Space,2506.94,14.48,Collaborativa,257,1,2335,33.29,275,205,21,3,15,242,215,215,0,146,98,48,9567.68,428,1.6,1.6,0.0,False,2050,0,683,826,10000.02,monte_carlo_run_1013_seed_1055.log
1014,21,1,-1,1,-1,-1,1056,3101,0.255,3.67,False,Solitudine / Nessun Contatto,,,Nessuna,16,0,16,12.32,2,2,2,1,1,0,0,0,0,0,0,0,8500.0,2,1.142,1.142,0.0,False,14,0,1,1,1079.68,monte_carlo_run_1014_seed_1056.log
1015,21,1,-1,1,-1,-1,1057,3101,0.421,5.39,True,Incontro Flotta Deep-Space,3565.06,30.33,Collaborativa,357,0,2055,32.29,242,176,20,2,14,208,204,204,0,141,89,52,9512.39,386,1.6,1.6,0.0,False,1789,0,592,651,10000.01,monte_carlo_run_1015_seed_1057.log
1016,21,1,-1,1,-1,-1,1058,3101,0.39,9.32,True,Incontro Flotta Deep-Space,796.94,8.61,Collaborativa,79,2,2482,46.17,286,216,23,6,16,247,186,186,0,123,79,44,9426.45,462,1.6,1.6,0.0,False,2195,0,744,946,10000.1,monte_carlo_run_1016_seed_1058.log
1017,21,1,-1,1,-1,-1,1059,3101,0.492,10.25,True,Incontro Flotta Deep-Space,2277.9,21.56,Biosfera Primitiva,377,2,2566,43.43,327,246,9,3,5,296,285,285,0,202,118,84,9891.72,609,1.6,1.6,0.0,False,2235,0,1251,1422,10000.02,monte_carlo_run_1017_seed_1059.log
1018,21,1,-1,1,-1,-1,1060,3101,0.411,5.39,True,Incontro Flotta Deep-Space,3142.32,11.52,Biosfera Primitiva,391,1,2292,45.0,281,222,15,2,11,250,193,193,0,127,88,39,9404.36,450,1.534,1.6,0.0661,True,1985,0,738,923,10000.04,monte_carlo_run_1018_seed_1060.log
1019,21,1,-1,1,-1,-1,1061,3101,0.562,12.04,True,Contatto Planetario / Biofirme,3442.27,14.88,Cauta,867,2,2757,38.29,304,228,36,6,27,250,229,229,0,172,115,57,9684.36,554,1.6,1.6,0.0,False,2450,0,853,1004,10000.06,monte_carlo_run_1019_seed_1061.log
1020,21,1,-1,1,-1,-1,1062,3101,0.585,8.52,True,Incontro Flotta Deep-Space,1549.46,12.15,Biosfera Primitiva,254,0,2688,32.13,348,274,23,4,17,313,292,292,0,200,134,66,9934.57,659,1.6,1.6,0.0,False,2340,0,1290,1437,10000.01,monte_carlo_run_1020_seed_1062.log
1021,21,1,-1,1,-1,-1,1063,3101,0.583,10.23,True,Contatto Planetario / Biofirme,22.45,5.79,Predatoria,3,1,2600,34.67,302,222,26,2,21,258,252,252,0,179,130,49,9760.63,536,1.6,1.6,0.0,False,2295,0,917,1050,10000.01,monte_carlo_run_1021_seed_1063.log
1022,21,1,-1,1,-1,-1,1064,3101,0.549,6.86,True,Contatto Planetario / Biofirme,655.42,17.35,Ostile,50,0,2595,35.16,314,234,33,7,21,267,261,261,0,177,105,72,9784.89,554,1.6,1.6,0.0,False,2281,0,878,964,10000.09,monte_carlo_run_1022_seed_1064.log
1023,21,1,-1,1,-1,-1,1065,3101,0.296,4.23,True,Contatto Planetario / Biofirme,642.76,16.28,Cauta,24,0,362,43.5,46,38,4,1,2,42,42,42,0,27,23,4,8699.79,70,1.478,1.6,0.1215,True,291,0,73,91,10000.56,monte_carlo_run_1023_seed_1065.log
1024,21,1,-1,1,-1,-1,1066,3101,0.494,10.04,True,Incontro Flotta Deep-Space,1484.41,5.91,Biosfera Primitiva,166,4,2499,28.06,293,221,19,3,13,258,237,237,0,151,110,41,9572.86,489,1.6,1.6,0.0,False,2205,0,700,852,10000.28,monte_carlo_run_1024_seed_1066.log
1025,21,1,-1,1,-1,-1,1067,3101,0.249,4.23,True,Contatto Planetario / Biofirme,115.35,11.93,Diffidente,7,0,359,36.95,46,36,6,1,5,37,37,37,0,23,18,5,8676.76,61,1.599,1.6,0.0005,True,284,0,55,59,10000.68,monte_carlo_run_1025_seed_1067.log
1026,21,1,-1,1,-1,-1,1068,3101,0.276,4.84,True,Contatto Planetario / Biofirme,903.11,11.77,Collaborativa,26,0,2118,42.65,258,196,16,5,9,235,227,227,0,149,88,61,9564.45,436,1.559,1.6,0.0411,True,1755,0,762,850,10000.02,monte_carlo_run_1026_seed_1068.log
1027,21,1,-1,1,-1,-1,1069,3101,0.471,7.26,True,Incontro Flotta Deep-Space,1989.58,7.92,Collaborativa,330,0,2665,28.65,325,248,18,5,10,296,263,263,0,175,123,52,9756.92,585,1.6,1.6,0.0,False,2337,0,951,1156,10000.08,monte_carlo_run_1027_seed_1069.log
1028,21,1,-1,1,-1,-1,1070,3101,0.54,11.28,True,Contatto Planetario / Biofirme,20.3,6.09,Collaborativa,3,0,2368,36.69,294,227,27,3,19,253,226,226,0,161,111,50,9610.21,517,1.6,1.6,0.0,False,2073,0,988,1141,10000.08,monte_carlo_run_1028_seed_1070.log
1029,21,1,-1,1,-1,-1,1071,3101,0.554,8.17,True,Incontro Flotta Deep-Space,2506.46,0.0,Biosfera Primitiva,261,0,2668,45.1,320,247,29,4,22,279,264,264,0,191,119,72,9818.99,569,1.6,1.6,0.0,False,2346,0,1083,1224,10000.09,monte_carlo_run_1029_seed_1071.log
1030,21,1,-1,1,-1,-1,1072,3101,0.502,12.39,True,Contatto Planetario / Biofirme,109.41,13.39,Ostile,9,0,2370,39.22,298,237,19,3,13,272,254,254,0,175,112,63,9778.44,554,1.6,1.6,0.0,False,2070,0,876,1001,10000.14,monte_carlo_run_1030_seed_1072.log
1031,21,1,-1,1,-1,-1,1073,3101,0.311,7.46,True,Contatto Planetario / Biofirme,584.67,8.27,Cauta,38,0,2654,36.1,325,244,22,4,15,289,280,280,0,199,127,72,9930.62,613,1.6,1.6,0.0,False,2329,0,1102,1228,10000.02,monte_carlo_run_1031_seed_1073.log
1032,21,1,-1,1,-1,-1,1074,3101,0.488,10.94,True,Contatto Planetario / Biofirme,244.6,17.94,Collaborativa,16,0,2738,31.74,324,245,22,5,16,291,281,281,0,205,125,80,9908.23,645,1.6,1.6,0.0,False,2413,0,1117,1250,10000.09,monte_carlo_run_1032_seed_1074.log
1033,21,1,-1,1,-1,-1,1075,3101,0.462,6.3,True,Contatto Planetario / Biofirme,170.63,11.56,Predatoria,14,2,2701,24.88,338,257,31,3,24,298,276,276,0,209,140,69,9980.73,646,1.6,1.6,0.0,False,2360,0,1296,1510,10000.05,monte_carlo_run_1033_seed_1075.log
1034,21,1,-1,1,-1,-1,1076,3101,0.379,7.04,True,Contatto Planetario / Biofirme,39.22,6.14,Predatoria,3,0,2666,37.68,304,238,29,3,18,268,243,243,0,178,125,53,9795.56,537,1.524,1.6,0.0761,True,2364,0,918,1114,10000.02,monte_carlo_run_1034_seed_1076.log
1035,21,1,-1,1,-1,-1,1077,3101,0.338,5.4,True,Contatto Planetario / Biofirme,1210.54,17.46,Cauta,101,0,2582,41.8,320,253,21,3,14,288,242,242,0,172,88,84,9713.64,594,1.6,1.6,0.0,False,2236,0,1141,1269,10000.01,monte_carlo_run_1035_seed_1077.log
1036,21,1,-1,1,-1,-1,1078,3101,0.301,7.37,True,Contatto Planetario / Biofirme,66.16,5.82,Diffidente,4,0,5,6.66,7,7,4,1,3,3,3,3,0,0,0,0,8500.77,2,1.014,0.866,-0.1475,False,0,0,2,2,246.43,monte_carlo_run_1036_seed_1078.log
1037,21,1,-1,1,-1,-1,1079,3101,0.345,6.26,True,Contatto Planetario / Biofirme,1065.65,14.21,Cauta,47,0,2558,40.54,312,228,19,3,14,281,253,253,0,171,128,43,9693.89,565,1.6,1.6,0.0,False,2243,0,907,1078,10000.1,monte_carlo_run_1037_seed_1079.log
1038,21,1,-1,1,-1,-1,1080,3101,0.299,7.24,True,Incontro Flotta Deep-Space,2226.68,4.66,Biosfera Primitiva,304,1,2470,37.97,307,238,18,3,14,278,267,267,0,189,101,88,9806.0,623,1.594,1.6,0.0059,True,2162,0,1228,1321,10000.01,monte_carlo_run_1038_seed_1080.log
1039,21,1,-1,1,-1,-1,1081,3101,0.344,5.55,True,Incontro Flotta Deep-Space,758.5,5.79,Collaborativa,36,0,2602,48.69,288,221,19,5,13,253,250,250,0,184,94,90,9837.55,547,1.6,1.6,0.0,False,2298,0,1011,1064,10000.02,monte_carlo_run_1039_seed_1081.log
1040,21,1,-1,1,-1,-1,1082,3101,0.513,8.36,True,Incontro Flotta Deep-Space,1873.48,0.0,Biosfera Primitiva,168,1,2433,39.53,294,223,19,2,13,261,256,256,0,172,88,84,9694.97,540,1.6,1.6,0.0,False,2138,0,934,990,10000.03,monte_carlo_run_1040_seed_1082.log
1041,21,1,-1,1,-1,-1,1083,3101,0.248,4.82,False,Solitudine / Nessun Contatto,,,Nessuna,4,0,4,7.54,1,1,1,1,0,0,0,0,0,0,0,0,8500.0,2,1.006,1.006,0.0,False,3,0,0,0,231.01,monte_carlo_run_1041_seed_1083.log
1042,21,1,-1,1,-1,-1,1084,3101,0.447,9.52,True,Contatto Planetario / Biofirme,610.42,16.16,Cauta,56,0,2648,36.86,290,235,22,2,17,262,245,245,0,165,96,69,9662.96,540,1.6,1.6,0.0,False,2353,0,899,1006,10000.12,monte_carlo_run_1042_seed_1084.log
1043,21,1,-1,1,-1,-1,1085,3101,0.29,5.89,True,Contatto Planetario / Biofirme,1121.93,10.28,Predatoria,81,0,2646,29.97,305,236,20,3,15,269,236,236,0,168,102,66,9648.07,498,1.6,1.6,0.0,False,2337,0,882,1080,10000.08,monte_carlo_run_1043_seed_1085.log
1044,21,1,-1,1,-1,-1,1086,3101,0.522,7.79,True,Incontro Flotta Deep-Space,1405.79,21.41,Biosfera Primitiva,192,1,2381,30.47,270,199,17,1,12,240,215,215,0,151,114,37,9578.43,446,1.6,1.6,0.0,False,2106,0,780,980,10000.06,monte_carlo_run_1044_seed_1086.log
1045,21,1,-1,1,-1,-1,1087,3101,0.316,5.16,True,Contatto Planetario / Biofirme,1482.48,17.84,Diffidente,103,0,2276,44.93,281,211,23,5,16,249,245,245,0,160,84,76,9644.8,491,1.6,1.6,0.0,False,1950,0,780,824,10000.07,monte_carlo_run_1045_seed_1087.log
1046,21,1,-1,1,-1,-1,1088,3101,0.493,10.69,True,Contatto Planetario / Biofirme,3373.46,27.21,Cauta,811,1,2675,31.01,335,255,17,3,10,305,264,264,0,177,129,48,9745.96,621,1.6,1.6,0.0,False,2337,0,1020,1270,10000.01,monte_carlo_run_1046_seed_1088.log
1047,21,1,-1,1,-1,-1,1089,3101,0.439,6.72,True,Contatto Planetario / Biofirme,145.97,8.01,Diffidente,9,0,2543,28.77,312,243,22,4,15,276,235,235,0,163,114,49,9633.15,549,1.6,1.6,0.0,False,2228,0,927,1151,10000.22,monte_carlo_run_1047_seed_1089.log
1048,21,1,-1,1,-1,-1,1090,3101,0.423,8.74,True,Contatto Planetario / Biofirme,189.63,13.07,Diffidente,9,1,2726,30.11,329,257,27,3,20,293,244,244,0,176,124,52,9775.69,600,1.6,1.6,0.0,False,2397,0,1073,1332,10000.02,monte_carlo_run_1048_seed_1090.log
1049,21,1,-1,1,-1,-1,1091,3101,0.367,4.41,True,Contatto Planetario / Biofirme,1022.75,20.04,Collaborativa,44,1,399,48.1,52,37,4,1,3,43,33,33,0,17,11,6,8635.99,72,1.555,1.6,0.0454,True,311,0,66,79,10000.07,monte_carlo_run_1049_seed_1091.log
1050,21,1,-1,1,-1,-1,1092,3101,0.523,10.12,True,Contatto Planetario / Biofirme,6.88,3.6,Cauta,2,2,2519,32.89,313,233,28,5,20,274,246,246,0,176,145,31,9825.12,538,1.6,1.6,0.0,False,2205,0,824,1068,10000.08,monte_carlo_run_1050_seed_1092.log
1051,22,1,-1,1,-1,1,1093,3101,0.35,6.38,True,Incontro Flotta Deep-Space,1131.37,7.45,Leale alla Madrepatria,141,0,2615,18.28,336,253,25,7,14,296,171,171,0,127,86,41,9444.96,568,1.564,1.6,0.0364,True,2278,0,1056,1343,10000.02,monte_carlo_run_1051_seed_1093.log
1052,22,1,-1,1,-1,1,1094,3101,0.443,5.87,True,Contatto Planetario / Biofirme,16.97,5.7,Ostile,3,0,2314,46.9,271,206,18,3,14,244,241,241,0,160,96,64,9712.17,452,1.6,1.6,0.0,False,2029,0,779,895,10000.16,monte_carlo_run_1052_seed_1094.log
1053,22,1,-1,1,-1,1,1095,3101,0.384,8.03,True,Contatto Planetario / Biofirme,217.28,11.67,Cauta,26,0,2666,15.73,319,260,29,6,20,281,60,60,0,37,32,5,8768.08,537,1.56,1.6,0.0404,True,2346,0,819,1081,10000.15,monte_carlo_run_1053_seed_1095.log
1054,22,1,-1,1,-1,1,1096,3101,0.336,5.49,True,Incontro Flotta Deep-Space,1720.02,8.83,Collaborativa,105,1,2549,30.56,319,232,20,3,15,288,261,261,0,182,113,69,9830.41,591,1.6,1.6,0.0,False,2210,0,1061,1229,10000.01,monte_carlo_run_1054_seed_1096.log
1055,22,1,-1,1,-1,1,1097,3101,0.282,5.84,True,Contatto Planetario / Biofirme,138.48,8.29,Cauta,7,0,2344,34.84,282,214,18,3,11,254,246,246,0,161,106,55,9641.24,447,1.6,1.6,0.0,False,2057,0,700,836,10000.01,monte_carlo_run_1055_seed_1097.log
1056,22,1,-1,1,-1,1,1098,3101,0.35,8.06,True,Contatto Planetario / Biofirme,194.69,9.88,Collaborativa,9,0,2037,20.53,260,206,28,3,22,216,162,162,0,97,71,26,9206.89,348,1.6,1.6,0.0,False,1775,0,443,565,10000.03,monte_carlo_run_1056_seed_1098.log
1057,22,1,-1,1,-1,1,1099,3101,0.236,3.56,False,Solitudine / Nessun Contatto,,,Nessuna,21,0,21,7.66,4,3,2,1,1,2,1,1,0,1,1,0,8505.01,10,0.923,0.645,-0.278,False,12,0,1,6,1039.62,monte_carlo_run_1057_seed_1099.log
1058,22,1,-1,1,-1,1,1100,3101,0.532,12.06,True,Contatto Planetario / Biofirme,34.44,7.89,Ostile,3,0,2618,37.3,310,236,25,4,17,269,259,259,0,171,106,65,9746.54,523,1.6,1.6,0.0,False,2307,0,866,955,10000.06,monte_carlo_run_1058_seed_1100.log
1059,22,1,-1,1,-1,1,1101,3101,0.4,7.99,True,Incontro Flotta Deep-Space,526.37,14.88,Collaborativa,76,1,2682,39.64,294,216,26,3,15,257,174,174,0,114,89,25,9310.48,463,1.462,1.6,0.1377,True,2389,0,653,827,10000.01,monte_carlo_run_1059_seed_1101.log
1060,22,1,-1,1,-1,1,1102,3101,0.274,6.36,True,Contatto Planetario / Biofirme,20.97,5.75,Collaborativa,2,0,2493,34.49,323,254,26,5,16,288,268,268,0,193,120,73,9822.58,618,1.567,1.6,0.0327,True,2168,0,1231,1394,10000.04,monte_carlo_run_1060_seed_1102.log
1061,22,1,-1,1,-1,1,1103,3101,0.313,5.55,True,Contatto Planetario / Biofirme,264.45,7.22,Cauta,10,0,2515,30.53,330,240,25,8,13,286,275,275,0,187,127,60,9878.29,556,1.584,1.6,0.0163,True,2166,0,1097,1268,10000.03,monte_carlo_run_1061_seed_1103.log
1062,22,1,-1,1,-1,1,1104,3101,0.259,3.41,False,Solitudine / Nessun Contatto,,,Nessuna,11,0,11,0.0,2,1,1,1,0,0,0,0,0,0,0,0,8500.0,6,1.002,1.002,0.0,False,8,0,0,1,465.03,monte_carlo_run_1062_seed_1104.log
1063,22,1,-1,1,-1,1,1105,3101,0.496,6.25,True,Contatto Planetario / Biofirme,634.26,15.27,Predatoria,36,0,2634,30.75,314,245,26,7,18,277,272,272,0,181,100,81,9846.16,582,1.519,1.6,0.0806,True,2320,0,928,988,10000.06,monte_carlo_run_1063_seed_1105.log
1064,22,1,-1,1,-1,1,1106,3101,0.48,9.98,True,Incontro Flotta Deep-Space,50.52,7.67,Diffidente,7,0,2758,17.33,351,262,27,7,17,306,116,116,0,86,72,14,9078.16,661,1.536,1.6,0.0644,True,2412,0,1300,1642,10000.46,monte_carlo_run_1064_seed_1106.log
1065,22,1,-1,1,-1,1,1107,3101,0.412,8.62,True,Incontro Flotta Deep-Space,105.23,9.92,Collaborativa,15,0,2234,21.59,285,211,18,4,13,262,246,246,0,156,93,63,9632.08,500,1.6,1.6,0.0,False,1950,0,823,967,10000.14,monte_carlo_run_1065_seed_1107.log
1066,22,1,-1,1,-1,1,1108,3101,0.595,7.98,True,Contatto Planetario / Biofirme,47.22,7.37,Cauta,9,1,2526,30.77,353,257,28,5,16,304,228,228,0,172,139,33,9807.02,597,1.531,1.6,0.0693,True,2171,0,1122,1563,10000.02,monte_carlo_run_1066_seed_1108.log
1067,22,1,-1,1,-1,1,1109,3101,0.559,7.81,True,Incontro Flotta Deep-Space,70.57,7.43,Diffidente,7,0,2728,17.04,350,261,29,2,23,308,71,71,0,57,51,6,8913.02,644,1.574,1.6,0.0261,True,2378,0,1084,1441,10000.02,monte_carlo_run_1067_seed_1109.log
1068,22,1,-1,1,-1,1,1110,3101,0.595,12.42,True,Contatto Planetario / Biofirme,177.23,9.59,Collaborativa,14,0,2720,33.7,330,263,25,3,17,295,264,264,0,193,126,67,9779.6,642,1.6,1.6,0.0,False,2389,0,1194,1345,10000.08,monte_carlo_run_1068_seed_1110.log
1069,22,1,-1,1,-1,1,1111,3101,0.507,6.92,True,Contatto Planetario / Biofirme,686.36,16.59,Diffidente,38,0,2528,33.19,323,249,31,7,17,278,219,219,0,158,99,59,9603.26,555,1.6,1.6,0.0,False,2204,0,1087,1332,10000.18,monte_carlo_run_1069_seed_1111.log
1070,22,1,-1,1,-1,1,1112,3101,0.465,9.72,True,Incontro Flotta Deep-Space,1883.84,21.1,Biosfera Primitiva,374,1,2507,23.26,290,219,22,3,15,255,128,128,0,91,60,31,9142.93,495,1.6,1.6,0.0,False,2215,0,803,1087,10000.32,monte_carlo_run_1070_seed_1112.log
1071,22,1,-1,1,-1,1,1113,3101,0.501,8.47,True,Contatto Planetario / Biofirme,3.62,1.81,Cauta,2,0,2666,30.37,339,256,22,4,13,297,264,264,0,189,113,76,9820.19,643,1.6,1.6,0.0,False,2328,0,1146,1325,10000.05,monte_carlo_run_1071_seed_1113.log
1072,22,1,-1,1,-1,1,1114,3101,0.223,5.27,True,Incontro Flotta Deep-Space,3063.84,27.08,Biosfera Primitiva,404,0,2661,48.82,310,244,28,1,21,274,271,271,0,181,95,86,9755.98,516,1.489,1.6,0.1113,True,2315,0,921,988,10000.04,monte_carlo_run_1072_seed_1114.log
1073,22,1,-1,1,-1,1,1115,3101,0.314,5.52,True,Contatto Planetario / Biofirme,508.08,8.12,Collaborativa,20,0,2487,38.06,296,227,24,6,12,262,260,260,0,165,96,69,9694.17,491,1.579,1.6,0.021,True,2168,0,804,857,10000.02,monte_carlo_run_1073_seed_1115.log
1074,22,1,-1,1,-1,1,1116,3101,0.497,7.08,True,Incontro Flotta Deep-Space,2476.14,6.44,Biosfera Primitiva,329,1,2484,25.96,325,244,27,7,16,285,264,264,0,174,104,70,9782.67,570,1.6,1.6,0.0,False,2158,0,977,1155,10000.23,monte_carlo_run_1074_seed_1116.log
1075,22,1,-1,1,-1,1,1117,3101,0.422,5.31,True,Contatto Planetario / Biofirme,2770.95,20.74,Collaborativa,344,1,2365,38.57,275,213,20,6,10,244,210,210,0,152,96,56,9609.16,490,1.6,1.6,0.0,False,2046,0,928,1078,10000.04,monte_carlo_run_1075_seed_1117.log
1076,22,1,-1,1,-1,1,1118,3101,0.517,12.59,True,Contatto Planetario / Biofirme,2784.86,16.71,Predatoria,694,1,2763,26.13,359,271,34,7,23,314,290,290,0,204,134,70,9881.61,685,1.6,1.6,0.0,False,2402,0,1257,1420,10000.04,monte_carlo_run_1076_seed_1118.log
1077,22,1,-1,1,-1,1,1119,3101,0.558,9.34,True,Contatto Planetario / Biofirme,34.52,7.54,Ostile,4,0,2704,32.15,333,245,20,4,15,298,283,283,0,186,120,66,9802.24,592,1.6,1.6,0.0,False,2367,0,874,1004,10000.06,monte_carlo_run_1077_seed_1119.log
1078,22,1,-1,1,-1,1,1120,3101,0.482,10.04,True,Incontro Flotta Deep-Space,25.72,4.95,Collaborativa,5,0,2394,31.85,290,229,27,4,19,254,211,211,0,146,109,37,9591.59,523,1.6,1.6,0.0,False,2103,0,839,995,10000.06,monte_carlo_run_1078_seed_1120.log
1079,22,1,-1,1,-1,1,1121,3101,0.261,4.09,False,Solitudine / Nessun Contatto,,,Nessuna,49,0,49,27.46,8,7,1,1,0,7,7,7,0,2,2,0,8518.16,12,1.6,1.225,-0.3746,False,36,0,0,1,4904.52,monte_carlo_run_1079_seed_1121.log
1080,22,1,-1,1,-1,1,1122,3101,0.425,8.72,True,Contatto Planetario / Biofirme,1359.24,11.98,Ostile,95,0,2614,14.63,325,249,26,7,19,285,242,242,0,170,117,53,9748.18,547,1.6,1.6,0.0,False,2290,0,953,1250,10000.05,monte_carlo_run_1080_seed_1122.log
1081,22,1,-1,1,-1,1,1123,3101,0.445,9.83,True,Contatto Planetario / Biofirme,300.8,22.71,Ostile,15,1,2417,46.99,291,217,22,2,17,258,221,221,0,155,119,36,9612.82,512,1.6,1.6,0.0,False,2124,0,775,1010,10000.12,monte_carlo_run_1081_seed_1123.log
1082,22,1,-1,1,-1,1,1124,3101,0.595,12.75,True,Incontro Flotta Deep-Space,9.11,5.42,Cauta,3,0,2553,32.42,333,262,24,3,15,297,267,267,0,176,101,75,9749.9,580,1.6,1.6,0.0,False,2220,0,1022,1153,10000.03,monte_carlo_run_1082_seed_1124.log
1083,22,1,-1,1,-1,1,1125,3101,0.597,14.78,True,Contatto Planetario / Biofirme,70.06,10.52,Collaborativa,5,1,2616,32.03,313,239,32,8,17,272,265,265,0,195,104,91,9914.44,600,1.6,1.6,0.0,False,2300,0,1131,1218,10000.11,monte_carlo_run_1083_seed_1125.log
1084,22,1,-1,1,-1,1,1126,3101,0.408,8.35,True,Incontro Flotta Deep-Space,643.28,5.89,Biosfera Primitiva,55,0,2471,37.36,323,241,31,8,20,279,251,251,0,167,119,48,9705.81,548,1.6,1.6,0.0,False,2147,0,919,1104,10000.1,monte_carlo_run_1084_seed_1126.log
1085,22,1,-1,1,-1,1,1127,3101,0.245,5.84,True,Incontro Flotta Deep-Space,181.52,2.9,Collaborativa,14,0,1784,8.36,220,168,24,3,12,185,173,173,0,125,76,49,9367.8,383,1.6,1.6,0.0,False,1558,0,690,786,10000.04,monte_carlo_run_1085_seed_1127.log
1086,22,1,-1,1,-1,1,1128,3101,0.46,10.5,True,Incontro Flotta Deep-Space,0.02,6.29,Predatoria,2,0,2458,28.31,274,225,24,7,12,242,104,104,0,72,64,8,9023.04,417,1.6,1.6,0.0,False,2185,0,544,797,10000.07,monte_carlo_run_1086_seed_1128.log
1087,22,1,-1,1,-1,1,1129,3101,0.347,4.97,True,Incontro Flotta Deep-Space,3238.59,27.21,Collaborativa,196,0,1678,43.72,214,176,20,3,12,188,180,180,0,125,81,44,9368.49,352,1.595,1.6,0.0047,True,1423,0,593,664,10000.14,monte_carlo_run_1087_seed_1129.log
1088,22,1,-1,1,-1,1,1130,3101,0.254,5.42,True,Contatto Planetario / Biofirme,285.83,14.56,Collaborativa,23,0,2179,16.06,295,223,27,9,15,259,65,65,0,45,33,12,8834.18,473,1.536,1.6,0.0645,True,1866,0,856,1063,10000.04,monte_carlo_run_1088_seed_1130.log
1089,22,1,-1,1,-1,1,1131,3101,0.233,4.33,False,Solitudine / Nessun Contatto,,,Nessuna,1,0,1,0.0,1,1,1,1,0,0,0,0,0,0,0,0,8500.0,2,1.0,1.0,0.0,False,0,0,0,0,0.02,monte_carlo_run_1089_seed_1131.log
1090,22,1,-1,1,-1,1,1132,3101,0.535,11.31,True,Incontro Flotta Deep-Space,1538.66,8.71,Biosfera Primitiva,137,0,2481,32.43,294,219,21,2,16,261,209,209,0,138,103,35,9502.94,477,1.599,1.6,0.0006,True,2186,0,816,1072,10000.13,monte_carlo_run_1090_seed_1132.log
1091,22,1,-1,1,-1,1,1133,3101,0.512,11.74,True,Incontro Flotta Deep-Space,84.87,12.58,Cauta,14,0,2495,23.43,295,237,19,3,11,265,67,67,0,50,43,7,8862.04,500,1.549,1.6,0.0512,True,2196,0,826,1124,10000.03,monte_carlo_run_1091_seed_1133.log
1092,22,1,-1,1,-1,1,1134,3101,0.445,6.39,True,Contatto Planetario / Biofirme,908.58,20.56,Cauta,45,2,2637,47.44,286,213,16,6,8,256,241,241,0,161,102,59,9635.73,506,1.6,1.6,0.0,False,2349,0,726,819,10000.0,monte_carlo_run_1092_seed_1134.log
1093,22,1,-1,1,-1,1,1135,3101,0.415,7.6,True,Incontro Flotta Deep-Space,5560.72,14.0,Collaborativa,1773,0,2769,36.12,316,227,17,3,10,287,276,276,0,194,114,80,9906.79,612,1.6,1.6,0.0,False,2454,0,1014,1089,10000.03,monte_carlo_run_1093_seed_1135.log
1094,22,1,-1,1,-1,1,1136,3101,0.269,4.63,False,Solitudine / Nessun Contatto,,,Nessuna,1,0,1,0.0,1,1,1,1,0,0,0,0,0,0,0,0,8500.0,2,1.0,1.0,0.0,False,0,0,0,0,0.02,monte_carlo_run_1094_seed_1136.log
1095,22,1,-1,1,-1,1,1137,3101,0.598,10.37,True,Incontro Flotta Deep-Space,2379.91,5.04,Biosfera Primitiva,606,0,2418,19.64,308,230,23,3,15,272,91,91,0,60,58,2,8990.31,515,1.537,1.6,0.0632,True,2112,0,837,1220,10000.3,monte_carlo_run_1095_seed_1137.log
1096,22,1,-1,1,-1,1,1138,3101,0.223,3.87,False,Solitudine / Nessun Contatto,,,Nessuna,12,0,12,8.64,2,2,1,1,0,1,1,1,0,1,1,0,8505.2,4,1.06,1.211,0.1509,True,8,0,0,1,1091.11,monte_carlo_run_1096_seed_1138.log
1097,22,1,-1,1,-1,1,1139,3101,0.562,7.48,True,Contatto Planetario / Biofirme,70.15,14.52,Ostile,7,0,11,18.08,7,4,2,1,1,5,5,5,0,0,0,0,8500.92,2,1.01,0.865,-0.145,False,4,0,0,0,254.22,monte_carlo_run_1097_seed_1139.log
1098,22,1,-1,1,-1,1,1140,3101,0.346,4.6,True,Incontro Flotta Deep-Space,618.67,10.58,Collaborativa,48,0,1765,52.86,205,157,14,4,8,185,102,102,0,57,36,21,8900.5,347,1.591,1.6,0.0089,True,1471,0,460,553,10000.05,monte_carlo_run_1098_seed_1140.log
1099,22,1,-1,1,-1,1,1141,3101,0.401,7.79,True,Contatto Planetario / Biofirme,241.92,9.22,Diffidente,12,0,2603,29.4,325,242,25,8,17,288,239,239,0,173,135,38,9782.96,550,1.6,1.6,0.0,False,2280,0,975,1269,10000.01,monte_carlo_run_1099_seed_1141.log
1100,22,1,-1,1,-1,1,1142,3101,0.526,6.79,True,Incontro Flotta Deep-Space,1468.67,4.86,Biosfera Primitiva,227,2,2494,33.25,316,246,25,4,17,275,231,231,0,167,133,34,9623.93,541,1.6,1.6,0.0,False,2177,0,1022,1318,10000.03,monte_carlo_run_1100_seed_1142.log
1101,23,1,-1,1,1,-1,1143,3101,0.501,11.39,True,Incontro Flotta Deep-Space,663.97,9.35,Collaborativa,41,0,1562,30.1,77,56,4,2,1,69,69,69,0,49,38,11,8848.69,109,1.6,1.6,0.0,False,1480,0,85,109,10000.11,monte_carlo_run_1101_seed_1143.log
1102,23,1,-1,1,1,-1,1144,3101,0.294,6.61,True,Contatto Planetario / Biofirme,2773.43,27.46,Diffidente,175,0,1729,34.41,76,56,5,2,3,67,67,67,0,41,37,4,8788.35,91,1.6,1.574,-0.0258,False,1653,0,50,68,10000.04,monte_carlo_run_1102_seed_1144.log
1103,23,1,-1,1,1,-1,1145,3101,0.234,3.78,False,Solitudine / Nessun Contatto,,,Nessuna,5,0,5,6.25,2,2,2,1,1,0,0,0,0,0,0,0,8500.0,2,1.012,1.012,0.0,False,2,0,1,1,187.42,monte_carlo_run_1103_seed_1145.log
1104,23,1,-1,1,1,-1,1146,3101,0.553,11.5,True,Contatto Planetario / Biofirme,890.82,12.92,Predatoria,91,0,1980,39.5,87,67,9,2,7,75,75,75,0,51,37,14,8860.78,125,1.6,1.6,0.0,False,1891,0,82,103,10000.53,monte_carlo_run_1104_seed_1146.log
1105,23,1,-1,1,1,-1,1147,3101,0.239,4.08,False,Solitudine / Nessun Contatto,,,Nessuna,5,0,5,6.96,1,1,1,1,0,0,0,0,0,0,0,0,8500.0,2,1.006,1.006,0.0,False,3,0,0,0,212.93,monte_carlo_run_1105_seed_1147.log
1106,23,1,-1,1,1,-1,1148,3101,0.368,7.49,True,Contatto Planetario / Biofirme,828.2,10.31,Collaborativa,36,0,1221,39.83,60,51,7,1,4,52,52,52,0,41,30,11,8800.81,86,1.6,1.6,0.0,False,1160,0,70,92,10000.17,monte_carlo_run_1106_seed_1148.log
1107,23,1,-1,1,1,-1,1149,3101,0.574,14.14,True,Contatto Planetario / Biofirme,37.82,11.12,Collaborativa,3,0,1183,37.38,60,49,6,2,3,49,49,49,0,33,30,3,8736.38,82,1.576,1.6,0.0242,True,1119,0,53,63,10000.0,monte_carlo_run_1107_seed_1149.log
1108,23,1,-1,1,1,-1,1150,3101,0.447,9.1,True,Incontro Flotta Deep-Space,4419.5,20.75,Collaborativa,743,0,2036,39.06,91,68,5,1,4,83,82,82,0,57,48,9,8864.76,142,1.6,1.6,0.0,False,1943,0,108,129,10000.02,monte_carlo_run_1108_seed_1150.log
1109,23,1,-1,1,1,-1,1151,3101,0.361,8.76,True,Incontro Flotta Deep-Space,1173.25,7.03,Biosfera Primitiva,50,1,1542,38.72,74,52,4,2,2,66,66,66,0,44,38,6,8774.81,98,1.6,1.6,0.0,False,1464,0,74,87,10000.1,monte_carlo_run_1109_seed_1151.log
1110,23,1,-1,1,1,-1,1152,3101,0.438,10.09,True,Incontro Flotta Deep-Space,688.06,0.0,Biosfera Primitiva,60,1,2255,39.35,121,83,4,2,2,112,112,112,0,74,63,11,9036.76,196,1.6,1.6,0.0,False,2135,0,156,177,10000.1,monte_carlo_run_1110_seed_1152.log
1111,23,1,-1,1,1,-1,1153,3101,0.52,7.58,True,Contatto Planetario / Biofirme,362.17,15.4,Cauta,21,1,1818,39.84,75,56,10,1,8,60,60,60,0,47,35,12,8820.82,103,1.578,1.6,0.0224,True,1741,0,67,75,10000.12,monte_carlo_run_1111_seed_1153.log
1112,23,1,-1,1,1,-1,1154,3101,0.372,6.12,False,Solitudine / Nessun Contatto,,,Nessuna,1389,0,1389,30.19,68,55,8,3,4,58,57,57,0,45,36,9,8827.65,95,1.6,1.6,0.0,False,1321,0,80,95,10000.04,monte_carlo_run_1112_seed_1154.log
1113,23,1,-1,1,1,-1,1155,3101,0.46,6.41,True,Contatto Planetario / Biofirme,167.75,8.94,Collaborativa,11,1,1792,44.14,85,65,14,3,9,68,68,68,0,45,37,8,8822.81,113,1.6,1.6,0.0,False,1699,0,94,120,10000.22,monte_carlo_run_1113_seed_1155.log
1114,23,1,-1,1,1,-1,1156,3101,0.564,8.75,True,Incontro Flotta Deep-Space,3951.47,0.0,Biosfera Primitiva,373,0,1785,32.09,98,77,7,3,4,88,88,88,0,60,47,13,8926.79,147,1.6,1.6,0.0,False,1686,0,132,154,10000.0,monte_carlo_run_1114_seed_1156.log
1115,23,1,-1,1,1,-1,1157,3101,0.306,6.11,False,Solitudine / Nessun Contatto,,,Nessuna,1921,0,1921,30.8,97,77,7,1,6,89,89,89,0,64,45,19,8939.15,161,1.6,1.6,0.0,False,1821,0,153,163,10000.15,monte_carlo_run_1115_seed_1157.log
1116,23,1,-1,1,1,-1,1158,3101,0.359,5.51,True,Contatto Planetario / Biofirme,109.14,9.05,Cauta,7,0,1350,50.62,67,49,4,2,2,59,59,59,0,37,30,7,8787.13,83,1.6,1.6,0.0,False,1276,0,55,78,10000.26,monte_carlo_run_1116_seed_1158.log
1117,23,1,-1,1,1,-1,1159,3101,0.441,8.59,True,Incontro Flotta Deep-Space,1076.3,18.04,Biosfera Primitiva,98,0,2328,41.2,108,80,13,6,6,92,92,92,0,65,43,22,8941.16,177,1.6,1.6,0.0,False,2220,0,172,189,10000.07,monte_carlo_run_1117_seed_1159.log
1118,23,1,-1,1,1,-1,1160,3101,0.249,3.87,False,Solitudine / Nessun Contatto,,,Nessuna,12,0,12,13.22,3,3,3,1,2,0,0,0,0,0,0,0,8500.0,2,1.119,1.119,0.0,False,10,0,2,2,791.34,monte_carlo_run_1118_seed_1160.log
1119,23,1,-1,1,1,-1,1161,3101,0.513,8.93,True,Incontro Flotta Deep-Space,1832.6,16.82,Biosfera Primitiva,139,2,1841,37.11,83,61,2,1,1,75,74,74,0,55,44,11,8872.3,115,1.6,1.6,0.0,False,1755,0,94,117,10000.11,monte_carlo_run_1119_seed_1161.log
1120,23,1,-1,1,1,-1,1162,3101,0.401,9.99,True,Incontro Flotta Deep-Space,3249.68,10.83,Biosfera Primitiva,377,0,2142,33.83,117,92,6,1,4,107,107,107,0,73,54,19,9022.93,168,1.6,1.6,0.0,False,2024,0,138,159,10000.1,monte_carlo_run_1120_seed_1162.log
1121,23,1,-1,1,1,-1,1163,3101,0.479,11.67,True,Contatto Planetario / Biofirme,104.81,13.08,Collaborativa,8,1,1861,31.75,94,74,5,1,3,85,72,72,0,46,40,6,8841.07,138,1.6,1.6,0.0,False,1763,0,106,124,10000.36,monte_carlo_run_1121_seed_1163.log
1122,23,1,-1,1,1,-1,1164,3101,0.596,7.76,True,Incontro Flotta Deep-Space,2190.12,20.11,Biosfera Primitiva,155,0,1352,36.91,73,48,7,1,5,65,65,65,0,43,33,10,8782.56,118,1.6,1.6,0.0,False,1276,0,86,95,10000.28,monte_carlo_run_1122_seed_1164.log
1123,23,1,-1,1,1,-1,1165,3101,0.36,8.85,True,Incontro Flotta Deep-Space,3816.15,13.44,Biosfera Primitiva,335,0,1702,33.54,85,61,9,1,8,74,72,72,0,48,39,9,8845.57,119,1.6,1.6,0.0,False,1615,0,82,103,10000.09,monte_carlo_run_1123_seed_1165.log
1124,23,1,-1,1,1,-1,1166,3101,0.33,6.9,True,Incontro Flotta Deep-Space,3011.85,15.81,Biosfera Primitiva,330,1,2014,37.6,109,87,12,2,9,91,73,73,0,56,48,8,8902.02,151,1.599,1.6,0.0009,True,1906,0,136,193,10000.05,monte_carlo_run_1124_seed_1166.log
1125,23,1,-1,1,1,-1,1167,3101,0.428,10.11,True,Contatto Planetario / Biofirme,18.96,8.12,Cauta,2,0,1909,40.55,97,71,9,3,5,86,86,86,0,50,42,8,8853.17,123,1.6,1.6,0.0,False,1803,0,55,71,10000.32,monte_carlo_run_1125_seed_1167.log
1126,23,1,-1,1,1,-1,1168,3101,0.295,4.64,False,Solitudine / Nessun Contatto,,,Nessuna,418,0,418,38.19,19,15,1,1,0,18,18,18,0,11,9,2,8587.63,26,1.6,1.347,-0.2529,False,384,0,12,19,10000.31,monte_carlo_run_1126_seed_1168.log
1127,23,1,-1,1,1,-1,1169,3101,0.571,9.92,True,Incontro Flotta Deep-Space,1616.95,0.0,Biosfera Primitiva,90,0,1160,32.82,50,34,3,1,2,44,44,44,0,33,24,9,8716.17,68,1.6,1.6,0.0,False,1107,0,51,63,10000.11,monte_carlo_run_1127_seed_1169.log
1128,23,1,-1,1,1,-1,1170,3101,0.316,3.85,False,Solitudine / Nessun Contatto,,,Nessuna,10,0,10,9.09,1,1,1,1,0,0,0,0,0,0,0,0,8500.0,2,1.05,1.05,0.0,False,9,0,0,0,641.44,monte_carlo_run_1128_seed_1170.log
1129,23,1,-1,1,1,-1,1171,3101,0.359,5.63,True,Incontro Flotta Deep-Space,3920.1,8.7,Biosfera Primitiva,341,0,1754,35.29,89,69,6,1,4,79,79,79,0,50,43,7,8867.31,109,1.497,1.6,0.1029,True,1653,0,81,101,10000.01,monte_carlo_run_1129_seed_1171.log
1130,23,1,-1,1,1,-1,1172,3101,0.477,10.8,True,Contatto Planetario / Biofirme,5249.8,26.78,Cauta,590,1,1629,32.14,77,65,6,1,4,69,69,69,0,50,43,7,8865.37,114,1.6,1.6,0.0,False,1550,0,112,130,10000.06,monte_carlo_run_1130_seed_1172.log
1131,23,1,-1,1,1,-1,1173,3101,0.372,5.27,True,Incontro Flotta Deep-Space,3651.78,7.72,Biosfera Primitiva,169,0,1204,43.91,57,43,7,2,5,48,48,48,0,35,24,11,8740.22,75,1.6,1.6,0.0,False,1134,0,63,77,10000.18,monte_carlo_run_1131_seed_1173.log
1132,23,1,-1,1,1,-1,1174,3101,0.347,7.26,True,Incontro Flotta Deep-Space,658.89,2.99,Collaborativa,36,1,1780,34.2,85,62,4,1,1,77,77,77,0,49,42,7,8837.55,116,1.6,1.6,0.0,False,1692,0,90,109,10000.14,monte_carlo_run_1132_seed_1174.log
1133,23,1,-1,1,1,-1,1175,3101,0.244,5.65,True,Incontro Flotta Deep-Space,2421.57,9.69,Biosfera Primitiva,47,0,953,27.41,44,34,8,2,5,35,35,35,0,24,23,1,8693.41,49,1.591,1.6,0.0094,True,904,0,28,42,10000.06,monte_carlo_run_1133_seed_1175.log
1134,23,1,-1,1,1,-1,1176,3101,0.242,5.66,True,Incontro Flotta Deep-Space,838.57,12.56,Biosfera Primitiva,32,0,1017,35.04,44,32,9,2,6,33,33,33,0,20,19,1,8651.75,41,1.6,1.576,-0.0241,False,970,0,16,24,10000.1,monte_carlo_run_1134_seed_1176.log
1135,23,1,-1,1,1,-1,1177,3101,0.457,7.03,False,Solitudine / Nessun Contatto,,,Nessuna,1777,1,1777,37.95,88,75,9,3,4,77,73,73,0,51,45,6,8878.62,123,1.6,1.6,0.0,False,1686,0,98,132,10000.04,monte_carlo_run_1135_seed_1177.log
1136,23,1,-1,1,1,-1,1178,3101,0.386,6.4,True,Contatto Planetario / Biofirme,1051.8,15.79,Cauta,37,0,1560,37.31,75,56,5,2,1,69,69,69,0,40,34,6,8789.03,100,1.575,1.6,0.0245,True,1484,0,76,98,10000.52,monte_carlo_run_1136_seed_1178.log
1137,23,1,-1,1,1,-1,1179,3101,0.515,12.17,True,Contatto Planetario / Biofirme,134.04,17.85,Cauta,10,0,1826,32.37,85,66,8,2,5,72,71,71,0,45,37,8,8781.4,112,1.6,1.6,0.0,False,1741,0,64,72,10000.12,monte_carlo_run_1137_seed_1179.log
1138,23,1,-1,1,1,-1,1180,3101,0.545,7.04,True,Contatto Planetario / Biofirme,11.76,6.41,Collaborativa,2,0,2065,38.28,96,74,11,1,8,83,81,81,0,54,42,12,8925.59,143,1.6,1.6,0.0,False,1967,0,88,101,10000.02,monte_carlo_run_1138_seed_1180.log
1139,23,1,-1,1,1,-1,1181,3101,0.361,5.17,True,Contatto Planetario / Biofirme,2592.13,14.83,Cauta,123,0,1277,30.31,60,42,3,1,2,55,55,55,0,34,28,6,8757.86,75,1.6,1.571,-0.0285,False,1194,0,46,59,10000.43,monte_carlo_run_1139_seed_1181.log
1140,23,1,-1,1,1,-1,1182,3101,0.216,4.76,False,Solitudine / Nessun Contatto,,,Nessuna,258,0,258,47.46,10,6,1,1,0,9,9,9,0,7,7,0,8538.14,17,1.6,1.401,-0.1988,False,241,0,3,5,10001.23,monte_carlo_run_1140_seed_1182.log
1141,23,1,-1,1,1,-1,1183,3101,0.284,3.85,False,Solitudine / Nessun Contatto,,,Nessuna,18,0,18,14.96,3,2,2,1,1,0,0,0,0,0,0,0,8500.0,3,1.202,1.202,0.0,False,16,0,2,2,1126.96,monte_carlo_run_1141_seed_1183.log
1142,23,1,-1,1,1,-1,1184,3101,0.34,7.26,True,Contatto Planetario / Biofirme,164.01,7.63,Predatoria,9,1,1594,50.59,73,58,9,3,5,61,59,59,0,38,28,10,8782.86,89,1.6,1.6,0.0,False,1518,0,56,77,10001.24,monte_carlo_run_1142_seed_1184.log
1143,23,1,-1,1,1,-1,1185,3101,0.424,6.8,True,Contatto Planetario / Biofirme,220.29,9.15,Collaborativa,11,1,1306,33.05,60,49,10,2,6,49,48,48,0,37,32,5,8761.91,69,1.6,1.6,0.0,False,1244,0,59,86,10000.01,monte_carlo_run_1143_seed_1185.log
1144,23,1,-1,1,1,-1,1186,3101,0.482,8.83,True,Incontro Flotta Deep-Space,741.72,10.71,Biosfera Primitiva,70,2,1814,30.76,90,63,4,1,3,81,81,81,0,58,40,18,8937.19,142,1.569,1.6,0.0315,True,1723,0,134,151,10000.1,monte_carlo_run_1144_seed_1186.log
1145,23,1,-1,1,1,-1,1187,3101,0.464,10.69,True,Contatto Planetario / Biofirme,16.99,7.88,Ostile,2,2,2081,32.64,105,76,11,4,7,88,88,88,0,58,46,12,8897.8,154,1.6,1.6,0.0,False,1974,0,97,118,10000.14,monte_carlo_run_1145_seed_1187.log
1146,23,1,-1,1,1,-1,1188,3101,0.214,4.07,True,Incontro Flotta Deep-Space,9186.14,21.45,Biosfera Primitiva,158,0,158,29.15,11,6,2,1,1,8,8,8,0,5,5,0,8528.98,17,1.554,1.545,-0.0093,False,133,0,5,9,10001.11,monte_carlo_run_1146_seed_1188.log
1147,23,1,-1,1,1,-1,1189,3101,0.254,3.97,False,Solitudine / Nessun Contatto,,,Nessuna,30,0,30,13.45,3,3,1,0,1,2,2,2,0,2,2,0,8510.4,5,0.978,1.087,0.1099,True,25,0,0,3,3361.84,monte_carlo_run_1147_seed_1189.log
1148,23,1,-1,1,1,-1,1190,3101,0.372,7.71,True,Incontro Flotta Deep-Space,1228.49,12.23,Biosfera Primitiva,73,0,1174,44.89,62,49,3,1,2,55,55,55,0,42,34,8,8782.34,85,1.6,1.6,0.0,False,1109,0,53,66,10000.36,monte_carlo_run_1148_seed_1190.log
1149,23,1,-1,1,1,-1,1191,3101,0.415,5.45,False,Solitudine / Nessun Contatto,,,Nessuna,1657,0,1657,48.1,83,64,6,1,5,77,77,77,0,45,34,11,8802.78,108,1.595,1.6,0.0045,True,1564,0,86,102,10000.09,monte_carlo_run_1149_seed_1191.log
1150,23,1,-1,1,1,-1,1192,3101,0.507,6.67,True,Contatto Planetario / Biofirme,2321.1,32.47,Collaborativa,204,0,1496,33.21,56,46,5,1,4,50,49,49,0,37,31,6,8763.77,100,1.6,1.6,0.0,False,1437,0,68,85,10000.17,monte_carlo_run_1150_seed_1192.log
1151,24,1,-1,1,1,1,1193,3101,0.41,8.07,False,Solitudine / Nessun Contatto,,,Nessuna,1689,0,1689,31.9,85,64,5,3,2,76,72,72,0,50,40,10,8864.39,118,1.6,1.6,0.0,False,1601,0,90,120,10000.29,monte_carlo_run_1151_seed_1193.log
1152,24,1,-1,1,1,1,1194,3101,0.488,7.13,True,Incontro Flotta Deep-Space,719.04,9.83,Leale alla Madrepatria,108,0,1153,25.53,60,50,5,3,2,54,18,18,0,8,6,2,8568.55,93,1.6,1.528,-0.0723,False,1090,0,47,57,10000.01,monte_carlo_run_1152_seed_1194.log
1153,24,1,-1,1,1,1,1195,3101,0.466,11.11,True,Contatto Planetario / Biofirme,9.17,4.27,Cauta,2,1,2156,32.99,95,69,6,1,4,86,80,80,0,63,55,8,8921.62,161,1.6,1.6,0.0,False,2062,0,137,174,10000.48,monte_carlo_run_1153_seed_1195.log
1154,24,1,-1,1,1,1,1196,3101,0.408,7.9,True,Contatto Planetario / Biofirme,636.04,13.57,Diffidente,79,2,1643,29.81,63,46,5,2,3,55,27,27,0,17,16,1,8603.94,100,1.6,1.439,-0.1607,False,1578,0,56,87,10000.03,monte_carlo_run_1154_seed_1196.log
1155,24,1,-1,1,1,1,1197,3101,0.3,6.05,True,Incontro Flotta Deep-Space,2706.28,18.25,Biosfera Primitiva,281,1,1837,38.09,87,70,5,3,1,76,69,69,0,49,38,11,8886.18,129,1.6,1.6,0.0,False,1747,0,103,120,10000.12,monte_carlo_run_1155_seed_1197.log
1156,24,1,-1,1,1,1,1198,3101,0.236,5.38,True,Incontro Flotta Deep-Space,4609.32,17.97,Biosfera Primitiva,262,0,943,50.69,46,38,6,3,1,39,39,39,0,25,21,4,8682.57,53,1.6,1.597,-0.0026,False,890,0,30,42,10000.63,monte_carlo_run_1156_seed_1198.log
1157,24,1,-1,1,1,1,1199,3101,0.267,3.26,False,Solitudine / Nessun Contatto,,,Nessuna,29,0,29,9.56,4,4,3,3,0,1,1,1,0,0,0,0,8501.01,12,1.332,0.674,-0.6578,False,20,0,3,3,2128.49,monte_carlo_run_1157_seed_1199.log
1158,24,1,-1,1,1,1,1200,3101,0.585,9.32,True,Contatto Planetario / Biofirme,4.8,2.81,Diffidente,6,0,1483,32.44,73,58,7,3,3,65,11,11,0,5,4,1,8532.46,127,1.6,1.477,-0.1233,False,1408,0,62,85,10000.87,monte_carlo_run_1158_seed_1200.log
1159,24,1,-1,1,1,1,1201,3101,0.328,4.76,True,Contatto Planetario / Biofirme,2992.67,36.88,Predatoria,102,0,276,52.4,13,10,5,2,2,7,7,7,0,6,6,0,8543.27,18,1.6,1.599,-0.0009,False,243,0,3,4,10001.55,monte_carlo_run_1159_seed_1201.log
1160,24,1,-1,1,1,1,1202,3101,0.211,4.08,False,Solitudine / Nessun Contatto,,,Nessuna,60,0,60,13.16,5,3,2,1,1,2,0,0,0,0,0,0,8500.0,12,1.544,1.544,0.0,False,47,0,1,4,4549.4,monte_carlo_run_1160_seed_1202.log
1161,24,1,-1,1,1,1,1203,3101,0.233,4.67,True,Incontro Flotta Deep-Space,2558.45,0.0,Leale alla Madrepatria,361,0,1186,18.3,50,35,6,3,2,42,13,13,0,8,8,0,8560.04,80,1.589,1.506,-0.0826,False,1089,0,30,45,10000.5,monte_carlo_run_1161_seed_1203.log
1162,24,1,-1,1,1,1,1204,3101,0.469,5.73,True,Incontro Flotta Deep-Space,0.04,3.99,Cauta,4,0,33,16.32,5,5,4,3,1,1,0,0,0,0,0,0,8500.0,13,1.126,1.126,0.0,False,28,0,3,6,1053.92,monte_carlo_run_1162_seed_1204.log
1163,24,1,-1,1,1,1,1205,3101,0.366,8.43,True,Incontro Flotta Deep-Space,3287.85,18.96,Biosfera Primitiva,180,1,1529,32.93,80,62,10,3,7,67,67,67,0,41,37,4,8796.09,93,1.6,1.6,0.0,False,1448,0,53,73,10000.17,monte_carlo_run_1163_seed_1205.log
1164,24,1,-1,1,1,1,1206,3101,0.218,3.96,True,Incontro Flotta Deep-Space,2645.6,39.38,Biosfera Primitiva,79,0,209,42.44,14,11,1,1,0,12,12,12,0,8,5,3,8552.7,25,1.592,1.6,0.0081,True,168,0,8,13,10000.62,monte_carlo_run_1164_seed_1206.log
1165,24,1,-1,1,1,1,1207,3101,0.338,6.98,True,Incontro Flotta Deep-Space,602.43,3.84,Diffidente,53,0,1273,42.7,46,35,4,3,1,40,38,38,0,25,22,3,8660.91,75,1.6,1.6,0.0,False,1223,0,33,45,10000.33,monte_carlo_run_1165_seed_1207.log
1166,24,1,-1,1,1,1,1208,3101,0.298,6.97,True,Incontro Flotta Deep-Space,1335.34,10.71,Leale alla Madrepatria,184,0,1673,21.69,76,56,10,4,4,60,29,29,0,19,16,3,8639.47,118,1.6,1.533,-0.0672,False,1594,0,60,69,10000.28,monte_carlo_run_1166_seed_1208.log
1167,24,1,-1,1,1,1,1209,3101,0.4,5.86,True,Incontro Flotta Deep-Space,2249.5,10.74,Biosfera Primitiva,259,0,2052,38.8,89,74,9,4,5,77,24,24,0,16,11,5,8617.28,146,1.6,1.6,0.0,False,1952,0,85,108,10000.13,monte_carlo_run_1167_seed_1209.log
1168,24,1,-1,1,1,1,1210,3101,0.421,6.19,True,Incontro Flotta Deep-Space,1719.14,8.47,Biosfera Primitiva,119,2,1620,37.36,75,54,5,2,3,65,65,65,0,45,33,12,8809.47,104,1.6,1.6,0.0,False,1544,0,98,112,10000.03,monte_carlo_run_1168_seed_1210.log
1169,24,1,-1,1,1,1,1211,3101,0.511,7.51,True,Incontro Flotta Deep-Space,86.63,8.97,Collaborativa,15,0,458,10.02,21,18,3,2,1,18,0,0,0,0,0,0,8500.0,39,1.581,1.581,0.0,False,435,0,14,23,10000.6,monte_carlo_run_1169_seed_1211.log
1170,24,1,-1,1,1,1,1212,3101,0.516,9.71,True,Contatto Planetario / Biofirme,956.67,14.97,Cauta,45,1,1929,43.37,98,78,9,1,8,88,79,79,0,57,45,12,8891.31,153,1.599,1.6,0.0007,True,1831,0,133,180,10000.07,monte_carlo_run_1170_seed_1212.log
1171,24,1,-1,1,1,1,1213,3101,0.403,5.08,True,Incontro Flotta Deep-Space,3157.64,19.98,Leale alla Madrepatria,315,0,1412,26.4,79,58,8,4,4,67,22,22,0,9,9,0,8577.16,119,1.6,1.13,-0.4703,False,1289,0,64,89,10000.07,monte_carlo_run_1171_seed_1213.log
1172,24,1,-1,1,1,1,1214,3101,0.381,7.31,True,Incontro Flotta Deep-Space,562.34,10.78,Diffidente,99,0,1979,20.65,85,65,4,1,3,77,1,1,0,1,1,0,8503.89,156,0.851,0.287,-0.5644,False,1894,0,80,121,10000.01,monte_carlo_run_1172_seed_1214.log
1173,24,1,-1,1,1,1,1215,3101,0.429,8.79,True,Incontro Flotta Deep-Space,6140.24,19.98,Biosfera Primitiva,603,1,1331,35.91,56,43,4,1,3,50,50,50,0,24,19,5,8698.96,74,1.6,1.6,0.0,False,1273,0,38,46,10000.17,monte_carlo_run_1173_seed_1215.log
1174,24,1,-1,1,1,1,1216,3101,0.288,7.05,True,Incontro Flotta Deep-Space,2292.31,3.07,Biosfera Primitiva,290,0,1754,32.63,79,57,3,1,2,74,71,71,0,52,44,8,8838.73,128,1.6,1.6,0.0,False,1669,0,98,121,10000.09,monte_carlo_run_1174_seed_1216.log
1175,24,1,-1,1,1,1,1217,3101,0.534,13.1,True,Incontro Flotta Deep-Space,1281.62,9.75,Collaborativa,221,1,2225,40.49,103,80,7,2,5,92,60,60,0,38,29,9,8764.5,166,1.6,1.6,0.0,False,2120,0,85,116,10000.34,monte_carlo_run_1175_seed_1217.log
1176,24,1,-1,1,1,1,1218,3101,0.571,9.54,True,Incontro Flotta Deep-Space,1655.41,17.87,Leale alla Madrepatria,288,0,1809,31.33,83,60,3,2,1,74,38,38,0,31,26,5,8716.3,148,1.585,1.6,0.0148,True,1724,0,84,128,10000.63,monte_carlo_run_1176_seed_1218.log
1177,24,1,-1,1,1,1,1219,3101,0.42,9.3,True,Contatto Planetario / Biofirme,197.98,9.84,Diffidente,11,1,2015,39.76,100,73,12,1,4,83,80,80,0,54,46,8,8864.2,136,1.6,1.6,0.0,False,1913,0,98,117,10000.13,monte_carlo_run_1177_seed_1219.log
1178,24,1,-1,1,1,1,1220,3101,0.294,3.58,False,Solitudine / Nessun Contatto,,,Nessuna,20,0,20,18.39,3,3,1,1,0,2,2,2,0,1,1,0,8503.91,5,1.143,1.276,0.1335,True,14,0,0,1,1473.61,monte_carlo_run_1178_seed_1220.log
1179,24,1,-1,1,1,1,1221,3101,0.403,7.53,True,Contatto Planetario / Biofirme,1029.8,17.13,Collaborativa,45,3,1436,34.67,56,43,5,1,4,47,47,47,0,37,33,4,8790.13,82,1.6,1.6,0.0,False,1378,0,55,61,10000.9,monte_carlo_run_1179_seed_1221.log
1180,24,1,-1,1,1,1,1222,3101,0.24,5.49,False,Solitudine / Nessun Contatto,,,Nessuna,1603,0,1603,17.29,81,69,7,3,3,70,0,0,0,0,0,0,8500.0,128,1.6,1.6,0.0,False,1511,0,76,97,10000.34,monte_carlo_run_1180_seed_1222.log
1181,24,1,-1,1,1,1,1223,3101,0.591,9.21,True,Incontro Flotta Deep-Space,458.72,0.0,Cauta,43,0,223,34.94,8,7,2,2,0,6,4,4,0,3,3,0,8529.06,22,1.589,1.431,-0.1585,False,214,0,2,9,10000.93,monte_carlo_run_1181_seed_1223.log
1182,24,1,-1,1,1,1,1224,3101,0.358,7.7,True,Contatto Planetario / Biofirme,932.36,9.48,Collaborativa,111,0,2141,21.08,106,77,10,4,6,91,31,31,0,23,21,2,8694.39,176,1.591,1.6,0.0087,True,2033,0,96,141,10000.08,monte_carlo_run_1182_seed_1224.log
1183,24,1,-1,1,1,1,1225,3101,0.23,5.63,True,Incontro Flotta Deep-Space,3286.38,6.38,Leale alla Madrepatria,329,0,2109,40.02,111,89,10,2,8,100,37,37,0,23,18,5,8634.47,192,1.585,1.6,0.0148,True,1980,0,125,164,10000.35,monte_carlo_run_1183_seed_1225.log
1184,24,1,-1,1,1,1,1226,3101,0.218,4.23,False,Solitudine / Nessun Contatto,,,Nessuna,5,0,5,7.73,2,2,1,1,0,1,1,1,0,0,0,0,8500.27,2,1.005,0.862,-0.1425,False,2,0,0,0,228.11,monte_carlo_run_1184_seed_1226.log
1185,24,1,-1,1,1,1,1227,3101,0.361,8.27,True,Contatto Planetario / Biofirme,2322.65,16.65,Cauta,161,0,1736,32.03,74,50,3,2,1,69,69,69,0,38,30,8,8789.32,102,1.537,1.6,0.0629,True,1660,0,61,70,10000.01,monte_carlo_run_1185_seed_1227.log
1186,24,1,-1,1,1,1,1228,3101,0.449,6.14,True,Incontro Flotta Deep-Space,0.02,1.88,Predatoria,2,0,1465,4.42,55,40,5,2,3,47,0,0,0,0,0,0,8500.0,92,1.266,1.266,0.0,False,1405,0,37,50,10000.01,monte_carlo_run_1186_seed_1228.log
1187,24,1,-1,1,1,1,1229,3101,0.488,11.69,True,Incontro Flotta Deep-Space,3601.86,9.07,Collaborativa,352,0,1483,29.85,67,56,2,2,0,64,64,64,0,44,37,7,8804.76,94,1.6,1.6,0.0,False,1415,0,63,76,10000.67,monte_carlo_run_1187_seed_1229.log
1188,24,1,-1,1,1,1,1230,3101,0.539,7.49,True,Incontro Flotta Deep-Space,553.83,11.58,Cauta,77,0,1538,28.78,75,58,9,2,5,62,26,26,0,19,18,1,8613.73,136,1.591,1.6,0.0089,True,1463,0,81,107,10000.11,monte_carlo_run_1188_seed_1230.log
1189,24,1,-1,1,1,1,1231,3101,0.315,6.97,True,Incontro Flotta Deep-Space,3212.23,5.76,Collaborativa,254,0,1455,38.47,76,55,2,1,1,70,70,70,0,41,36,5,8804.15,100,1.6,1.6,0.0,False,1376,0,45,59,10000.19,monte_carlo_run_1189_seed_1231.log
1190,24,1,-1,1,1,1,1232,3101,0.327,4.36,False,Solitudine / Nessun Contatto,,,Nessuna,3,0,3,4.34,1,1,1,1,0,0,0,0,0,0,0,0,8500.0,2,1.004,1.004,0.0,False,2,0,0,0,177.81,monte_carlo_run_1190_seed_1232.log
1191,24,1,-1,1,1,1,1233,3101,0.595,9.18,True,Contatto Planetario / Biofirme,230.07,17.3,Cauta,17,0,2107,41.6,105,73,11,1,9,90,90,90,0,58,43,15,8894.76,153,1.6,1.6,0.0,False,1999,0,114,129,10000.15,monte_carlo_run_1191_seed_1233.log
1192,24,1,-1,1,1,1,1234,3101,0.551,7.19,True,Incontro Flotta Deep-Space,2472.36,18.02,Biosfera Primitiva,285,2,1705,40.42,66,51,7,1,5,55,55,55,0,40,38,2,8780.54,96,1.6,1.6,0.0,False,1636,0,66,75,10000.29,monte_carlo_run_1192_seed_1234.log
1193,24,1,-1,1,1,1,1235,3101,0.449,5.65,True,Incontro Flotta Deep-Space,722.31,4.5,Biosfera Primitiva,48,1,1473,42.72,69,45,6,2,3,58,58,58,0,36,29,7,8750.51,92,1.6,1.6,0.0,False,1399,0,79,87,10000.05,monte_carlo_run_1193_seed_1235.log
1194,24,1,-1,1,1,1,1236,3101,0.311,4.19,True,Incontro Flotta Deep-Space,156.19,12.82,Collaborativa,16,0,22,20.44,5,4,2,2,0,3,0,0,0,0,0,0,8500.0,10,1.141,1.141,0.0,False,17,0,2,5,1673.16,monte_carlo_run_1194_seed_1236.log
1195,24,1,-1,1,1,1,1237,3101,0.41,6.02,True,Incontro Flotta Deep-Space,5469.34,29.16,Collaborativa,595,0,1703,36.05,83,63,8,2,6,74,74,74,0,48,38,10,8852.79,114,1.6,1.6,0.0,False,1616,0,94,108,10000.11,monte_carlo_run_1195_seed_1237.log
1196,24,1,-1,1,1,1,1238,3101,0.278,6.06,True,Contatto Planetario / Biofirme,239.03,14.83,Diffidente,23,0,987,14.83,52,38,5,2,3,46,45,45,0,28,25,3,8708.0,72,1.6,1.6,0.0,False,932,0,49,66,10000.82,monte_carlo_run_1196_seed_1238.log
1197,24,1,-1,1,1,1,1239,3101,0.353,8.73,True,Incontro Flotta Deep-Space,6014.77,17.88,Biosfera Primitiva,943,1,1609,40.77,68,54,9,3,5,56,56,56,0,36,32,4,8763.37,90,1.6,1.6,0.0,False,1534,0,50,59,10000.05,monte_carlo_run_1197_seed_1239.log
1198,24,1,-1,1,1,1,1240,3101,0.347,6.77,True,Incontro Flotta Deep-Space,1803.2,5.92,Cauta,296,1,1923,36.48,98,84,10,3,6,84,32,32,0,25,23,2,8663.95,164,1.594,1.558,-0.0362,False,1824,0,104,137,10000.39,monte_carlo_run_1198_seed_1240.log
1199,24,1,-1,1,1,1,1241,3101,0.489,8.57,True,Incontro Flotta Deep-Space,673.44,4.88,Biosfera Primitiva,49,0,1914,43.24,88,74,3,2,1,84,84,84,0,56,47,9,8915.61,135,1.6,1.6,0.0,False,1825,0,100,119,10000.07,monte_carlo_run_1199_seed_1241.log
1200,24,1,-1,1,1,1,1242,3101,0.325,5.89,True,Contatto Planetario / Biofirme,595.36,18.48,Diffidente,39,1,1572,31.19,77,60,2,1,1,71,71,71,0,45,35,10,8783.88,108,1.567,1.6,0.0329,True,1492,0,83,92,10000.16,monte_carlo_run_1200_seed_1242.log
1201,25,1,1,-1,-1,-1,1243,3101,0.068,1.27,False,Solitudine / Nessun Contatto,,,Nessuna,1,0,1,0.0,1,1,1,1,0,0,0,0,0,0,0,0,8500.0,2,1.0,1.0,0.0,False,0,0,0,0,0.02,monte_carlo_run_1201_seed_1243.log
1202,25,1,1,-1,-1,-1,1244,3101,0.057,1.04,False,Solitudine / Nessun Contatto,,,Nessuna,1,0,1,0.0,3,3,3,1,2,0,0,0,0,0,0,0,8500.0,2,1.0,1.0,0.0,False,0,0,0,2,0.02,monte_carlo_run_1202_seed_1244.log
1203,25,1,1,-1,-1,-1,1245,3101,0.116,2.11,False,Solitudine / Nessun Contatto,,,Nessuna,1,0,1,0.0,2,2,2,0,2,0,0,0,0,0,0,0,8500.0,1,0.985,0.985,0.0,False,0,0,0,1,0.02,monte_carlo_run_1203_seed_1245.log
1204,25,1,1,-1,-1,-1,1246,3101,0.058,1.03,False,Solitudine / Nessun Contatto,,,Nessuna,1,0,1,0.0,2,2,2,0,2,0,0,0,0,0,0,0,8500.0,1,0.985,0.985,0.0,False,0,0,0,1,0.02,monte_carlo_run_1204_seed_1246.log
1205,25,1,1,-1,-1,-1,1247,3101,0.109,1.36,False,Solitudine / Nessun Contatto,,,Nessuna,1,0,1,0.0,2,2,2,1,1,0,0,0,0,0,0,0,8500.0,2,1.0,1.0,0.0,False,0,0,1,1,0.02,monte_carlo_run_1205_seed_1247.log
1206,25,1,1,-1,-1,-1,1248,3101,0.142,1.9,False,Solitudine / Nessun Contatto,,,Nessuna,1,0,1,0.0,3,3,3,0,3,0,0,0,0,0,0,0,8500.0,1,0.985,0.985,0.0,False,0,0,0,3,0.02,monte_carlo_run_1206_seed_1248.log
1207,25,1,1,-1,-1,-1,1249,3101,0.13,2.0,False,Solitudine / Nessun Contatto,,,Nessuna,1,0,1,0.0,2,2,2,0,2,0,0,0,0,0,0,0,8500.0,1,0.985,0.985,0.0,False,0,0,0,1,0.02,monte_carlo_run_1207_seed_1249.log
1208,25,1,1,-1,-1,-1,1250,3101,0.119,1.94,False,Solitudine / Nessun Contatto,,,Nessuna,2,0,2,1.29,2,2,1,1,0,1,1,1,0,0,0,0,8500.03,2,1.0,0.766,-0.2345,False,0,0,0,0,43.36,monte_carlo_run_1208_seed_1250.log
1209,25,1,1,-1,-1,-1,1251,3101,0.109,1.86,False,Solitudine / Nessun Contatto,,,Nessuna,2,0,2,1.37,2,2,2,0,2,0,0,0,0,0,0,0,8500.0,1,0.974,0.974,0.0,False,0,0,0,1,50.45,monte_carlo_run_1209_seed_1251.log
1210,25,1,1,-1,-1,-1,1252,3101,0.134,2.78,False,Solitudine / Nessun Contatto,,,Nessuna,1,0,1,0.0,1,1,1,1,0,0,0,0,0,0,0,0,8500.0,2,1.0,1.0,0.0,False,0,0,0,0,0.02,monte_carlo_run_1210_seed_1252.log
1211,25,1,1,-1,-1,-1,1253,3101,0.128,3.05,False,Solitudine / Nessun Contatto,,,Nessuna,4,0,4,4.55,1,1,1,1,0,0,0,0,0,0,0,0,8500.0,2,1.005,1.005,0.0,False,2,0,0,0,255.12,monte_carlo_run_1211_seed_1253.log
1212,25,1,1,-1,-1,-1,1254,3101,0.086,1.29,False,Solitudine / Nessun Contatto,,,Nessuna,2,0,2,0.64,3,3,3,1,2,0,0,0,0,0,0,0,8500.0,2,1.0,1.0,0.0,False,0,0,0,3,29.84,monte_carlo_run_1212_seed_1254.log
1213,25,1,1,-1,-1,-1,1255,3101,0.054,1.35,False,Solitudine / Nessun Contatto,,,Nessuna,1,0,1,0.0,1,1,1,1,0,0,0,0,0,0,0,0,8500.0,2,1.0,1.0,0.0,False,0,0,0,0,0.02,monte_carlo_run_1213_seed_1255.log
1214,25,1,1,-1,-1,-1,1256,3101,0.107,1.56,False,Solitudine / Nessun Contatto,,,Nessuna,1,0,1,0.0,1,1,1,1,0,0,0,0,0,0,0,0,8500.0,2,1.0,1.0,0.0,False,0,0,0,0,0.02,monte_carlo_run_1214_seed_1256.log
1215,25,1,1,-1,-1,-1,1257,3101,0.074,1.61,False,Solitudine / Nessun Contatto,,,Nessuna,1,0,1,0.0,3,3,3,1,2,0,0,0,0,0,0,0,8500.0,2,1.0,1.0,0.0,False,0,0,1,2,0.02,monte_carlo_run_1215_seed_1257.log
1216,25,1,1,-1,-1,-1,1258,3101,0.097,2.16,False,Solitudine / Nessun Contatto,,,Nessuna,1,0,1,0.0,1,1,1,1,0,0,0,0,0,0,0,0,8500.0,2,1.0,1.0,0.0,False,0,0,0,0,0.02,monte_carlo_run_1216_seed_1258.log
1217,25,1,1,-1,-1,-1,1259,3101,0.085,1.2,False,Solitudine / Nessun Contatto,,,Nessuna,1,0,1,0.0,2,2,2,0,2,0,0,0,0,0,0,0,8500.0,1,0.985,0.985,0.0,False,0,0,0,1,0.02,monte_carlo_run_1217_seed_1259.log
1218,25,1,1,-1,-1,-1,1260,3101,0.111,2.1,False,Solitudine / Nessun Contatto,,,Nessuna,1,0,1,0.0,3,3,3,0,3,0,0,0,0,0,0,0,8500.0,1,0.985,0.985,0.0,False,0,0,1,3,0.02,monte_carlo_run_1218_seed_1260.log
1219,25,1,1,-1,-1,-1,1261,3101,0.074,1.15,False,Solitudine / Nessun Contatto,,,Nessuna,1,0,1,0.0,2,2,2,1,1,0,0,0,0,0,0,0,8500.0,2,1.0,1.0,0.0,False,0,0,0,1,0.02,monte_carlo_run_1219_seed_1261.log
1220,25,1,1,-1,-1,-1,1262,3101,0.115,2.83,False,Solitudine / Nessun Contatto,,,Nessuna,3,0,3,3.95,1,1,1,1,0,0,0,0,0,0,0,0,8500.0,2,1.002,1.002,0.0,False,1,0,0,0,176.45,monte_carlo_run_1220_seed_1262.log
1221,25,1,1,-1,-1,-1,1263,3101,0.114,2.18,False,Solitudine / Nessun Contatto,,,Nessuna,1,0,1,0.0,2,2,2,1,1,0,0,0,0,0,0,0,8500.0,2,1.0,1.0,0.0,False,0,0,1,1,0.02,monte_carlo_run_1221_seed_1263.log
1222,25,1,1,-1,-1,-1,1264,3101,0.14,3.06,False,Solitudine / Nessun Contatto,,,Nessuna,1,0,1,0.0,3,3,3,1,2,0,0,0,0,0,0,0,8500.0,2,1.0,1.0,0.0,False,0,0,1,2,0.02,monte_carlo_run_1222_seed_1264.log
1223,25,1,1,-1,-1,-1,1265,3101,0.112,2.04,False,Solitudine / Nessun Contatto,,,Nessuna,1,0,1,0.0,3,3,3,1,2,0,0,0,0,0,0,0,8500.0,2,1.0,1.0,0.0,False,0,0,1,3,0.02,monte_carlo_run_1223_seed_1265.log
1224,25,1,1,-1,-1,-1,1266,3101,0.135,2.36,False,Solitudine / Nessun Contatto,,,Nessuna,1,0,1,0.0,1,1,1,1,0,0,0,0,0,0,0,0,8500.0,2,1.0,1.0,0.0,False,0,0,0,0,0.02,monte_carlo_run_1224_seed_1266.log
1225,25,1,1,-1,-1,-1,1267,3101,0.104,1.95,False,Solitudine / Nessun Contatto,,,Nessuna,1,0,1,0.0,2,2,2,1,1,0,0,0,0,0,0,0,8500.0,2,1.0,1.0,0.0,False,0,0,1,1,0.02,monte_carlo_run_1225_seed_1267.log
1226,25,1,1,-1,-1,-1,1268,3101,0.098,1.8,False,Solitudine / Nessun Contatto,,,Nessuna,2,0,2,1.08,2,2,2,0,2,0,0,0,0,0,0,0,8500.0,1,0.975,0.975,0.0,False,0,0,0,1,43.96,monte_carlo_run_1226_seed_1268.log
1227,25,1,1,-1,-1,-1,1269,3101,0.135,2.17,False,Solitudine / Nessun Contatto,,,Nessuna,1,0,1,0.0,1,1,1,1,0,0,0,0,0,0,0,0,8500.0,2,1.0,1.0,0.0,False,0,0,0,0,0.02,monte_carlo_run_1227_seed_1269.log
1228,25,1,1,-1,-1,-1,1270,3101,0.119,2.75,False,Solitudine / Nessun Contatto,,,Nessuna,2,0,2,2.01,3,3,3,1,2,0,0,0,0,0,0,0,8500.0,2,1.01,1.01,0.0,False,0,0,2,3,104.25,monte_carlo_run_1228_seed_1270.log
1229,25,1,1,-1,-1,-1,1271,3101,0.054,1.15,False,Solitudine / Nessun Contatto,,,Nessuna,1,0,1,0.0,1,1,1,1,0,0,0,0,0,0,0,0,8500.0,2,1.0,1.0,0.0,False,0,0,0,0,0.02,monte_carlo_run_1229_seed_1271.log
1230,25,1,1,-1,-1,-1,1272,3101,0.129,3.16,False,Solitudine / Nessun Contatto,,,Nessuna,1,0,1,0.0,1,1,1,1,0,0,0,0,0,0,0,0,8500.0,2,1.0,1.0,0.0,False,0,0,0,0,0.02,monte_carlo_run_1230_seed_1272.log
1231,25,1,1,-1,-1,-1,1273,3101,0.104,2.05,False,Solitudine / Nessun Contatto,,,Nessuna,1,0,1,0.0,1,1,1,1,0,0,0,0,0,0,0,0,8500.0,2,1.0,1.0,0.0,False,0,0,0,0,0.02,monte_carlo_run_1231_seed_1273.log
1232,25,1,1,-1,-1,-1,1274,3101,0.104,2.16,False,Solitudine / Nessun Contatto,,,Nessuna,1,0,1,0.0,3,3,3,1,2,0,0,0,0,0,0,0,8500.0,2,1.001,1.001,0.0,False,0,0,3,3,0.02,monte_carlo_run_1232_seed_1274.log
1233,25,1,1,-1,-1,-1,1275,3101,0.135,3.16,False,Solitudine / Nessun Contatto,,,Nessuna,7,1,7,4.0,4,3,3,0,3,0,0,0,0,0,0,0,8500.0,1,0.688,0.688,0.0,False,5,0,0,2,621.44,monte_carlo_run_1233_seed_1275.log
1234,25,1,1,-1,-1,-1,1276,3101,0.094,2.17,False,Solitudine / Nessun Contatto,,,Nessuna,1,0,1,0.0,2,2,2,1,1,0,0,0,0,0,0,0,8500.0,2,1.0,1.0,0.0,False,0,0,1,1,0.02,monte_carlo_run_1234_seed_1276.log
1235,25,1,1,-1,-1,-1,1277,3101,0.129,2.8,False,Solitudine / Nessun Contatto,,,Nessuna,1,0,1,0.0,1,1,1,1,0,0,0,0,0,0,0,0,8500.0,2,1.0,1.0,0.0,False,0,0,0,0,0.02,monte_carlo_run_1235_seed_1277.log
1236,25,1,1,-1,-1,-1,1278,3101,0.117,2.64,False,Solitudine / Nessun Contatto,,,Nessuna,1,0,1,0.0,1,1,1,1,0,0,0,0,0,0,0,0,8500.0,2,1.0,1.0,0.0,False,0,0,0,0,0.02,monte_carlo_run_1236_seed_1278.log
1237,25,1,1,-1,-1,-1,1279,3101,0.107,1.33,False,Solitudine / Nessun Contatto,,,Nessuna,1,0,1,0.0,2,2,2,1,1,0,0,0,0,0,0,0,8500.0,2,1.0,1.0,0.0,False,0,0,0,1,0.02,monte_carlo_run_1237_seed_1279.log
1238,25,1,1,-1,-1,-1,1280,3101,0.116,2.73,False,Solitudine / Nessun Contatto,,,Nessuna,3,0,3,2.11,1,1,1,1,0,0,0,0,0,0,0,0,8500.0,2,1.005,1.005,0.0,False,2,0,0,0,227.08,monte_carlo_run_1238_seed_1280.log
1239,25,1,1,-1,-1,-1,1281,3101,0.072,1.76,False,Solitudine / Nessun Contatto,,,Nessuna,1,0,1,0.0,1,1,1,1,0,0,0,0,0,0,0,0,8500.0,2,1.0,1.0,0.0,False,0,0,0,0,0.02,monte_carlo_run_1239_seed_1281.log
1240,25,1,1,-1,-1,-1,1282,3101,0.059,1.42,False,Solitudine / Nessun Contatto,,,Nessuna,1,0,1,0.0,1,1,1,1,0,0,0,0,0,0,0,0,8500.0,2,1.0,1.0,0.0,False,0,0,0,0,0.02,monte_carlo_run_1240_seed_1282.log
1241,25,1,1,-1,-1,-1,1283,3101,0.146,3.5,False,Solitudine / Nessun Contatto,,,Nessuna,7,0,7,6.44,4,3,1,1,0,2,2,2,0,0,0,0,8501.59,4,1.044,0.906,-0.1377,False,4,0,1,1,556.69,monte_carlo_run_1241_seed_1283.log
1242,25,1,1,-1,-1,-1,1284,3101,0.055,0.99,False,Solitudine / Nessun Contatto,,,Nessuna,1,0,1,0.0,1,1,1,1,0,0,0,0,0,0,0,0,8500.0,2,1.0,1.0,0.0,False,0,0,0,0,0.02,monte_carlo_run_1242_seed_1284.log
1243,25,1,1,-1,-1,-1,1285,3101,0.072,1.23,False,Solitudine / Nessun Contatto,,,Nessuna,1,0,1,0.0,1,1,1,1,0,0,0,0,0,0,0,0,8500.0,2,1.0,1.0,0.0,False,0,0,0,0,0.02,monte_carlo_run_1243_seed_1285.log
1244,25,1,1,-1,-1,-1,1286,3101,0.056,1.09,False,Solitudine / Nessun Contatto,,,Nessuna,1,0,1,0.0,1,1,1,1,0,0,0,0,0,0,0,0,8500.0,2,1.0,1.0,0.0,False,0,0,0,0,0.02,monte_carlo_run_1244_seed_1286.log
1245,25,1,1,-1,-1,-1,1287,3101,0.106,2.38,False,Solitudine / Nessun Contatto,,,Nessuna,1,0,1,0.0,2,2,2,1,1,0,0,0,0,0,0,0,8500.0,2,1.0,1.0,0.0,False,0,0,1,1,0.02,monte_carlo_run_1245_seed_1287.log
1246,25,1,1,-1,-1,-1,1288,3101,0.106,2.41,False,Solitudine / Nessun Contatto,,,Nessuna,1,0,1,0.0,1,1,1,1,0,0,0,0,0,0,0,0,8500.0,2,1.0,1.0,0.0,False,0,0,0,0,0.02,monte_carlo_run_1246_seed_1288.log
1247,25,1,1,-1,-1,-1,1289,3101,0.095,1.88,False,Solitudine / Nessun Contatto,,,Nessuna,1,0,1,0.0,1,1,1,1,0,0,0,0,0,0,0,0,8500.0,2,1.0,1.0,0.0,False,0,0,0,0,0.02,monte_carlo_run_1247_seed_1289.log
1248,25,1,1,-1,-1,-1,1290,3101,0.135,3.36,False,Solitudine / Nessun Contatto,,,Nessuna,4,0,4,4.17,1,1,1,1,0,0,0,0,0,0,0,0,8500.0,2,1.004,1.004,0.0,False,1,0,0,0,266.25,monte_carlo_run_1248_seed_1290.log
1249,25,1,1,-1,-1,-1,1291,3101,0.149,2.84,False,Solitudine / Nessun Contatto,,,Nessuna,2,0,2,0.46,1,1,1,1,0,0,0,0,0,0,0,0,8500.0,2,1.0,1.0,0.0,False,0,0,0,0,12.31,monte_carlo_run_1249_seed_1291.log
1250,25,1,1,-1,-1,-1,1292,3101,0.088,2.12,False,Solitudine / Nessun Contatto,,,Nessuna,1,0,1,0.0,3,3,3,1,2,0,0,0,0,0,0,0,8500.0,2,1.001,1.001,0.0,False,0,0,2,3,0.02,monte_carlo_run_1250_seed_1292.log
1251,26,1,1,-1,-1,1,1293,3101,0.128,2.8,False,Solitudine / Nessun Contatto,,,Nessuna,1,0,1,0.0,1,1,1,1,0,0,0,0,0,0,0,0,8500.0,2,1.0,1.0,0.0,False,0,0,0,0,0.02,monte_carlo_run_1251_seed_1293.log
1252,26,1,1,-1,-1,1,1294,3101,0.109,1.99,False,Solitudine / Nessun Contatto,,,Nessuna,2,0,2,0.0,2,2,2,2,0,0,0,0,0,0,0,0,8500.0,6,1.0,1.0,0.0,False,0,0,1,1,0.04,monte_carlo_run_1252_seed_1294.log
1253,26,1,1,-1,-1,1,1295,3101,0.149,2.71,False,Solitudine / Nessun Contatto,,,Nessuna,2,0,2,2.47,2,1,1,1,0,1,1,1,0,0,0,0,8500.23,2,1.0,0.8,-0.2,False,0,0,0,0,132.14,monte_carlo_run_1253_seed_1295.log
1254,26,1,1,-1,-1,1,1296,3101,0.078,1.37,False,Solitudine / Nessun Contatto,,,Nessuna,3,0,3,0.0,3,3,3,3,0,0,0,0,0,0,0,0,8500.0,10,1.0,1.0,0.0,False,0,0,2,3,0.06,monte_carlo_run_1254_seed_1296.log
1255,26,1,1,-1,-1,1,1297,3101,0.149,1.85,False,Solitudine / Nessun Contatto,,,Nessuna,3,0,3,0.0,2,2,2,2,0,0,0,0,0,0,0,0,8500.0,6,1.0,1.0,0.0,False,0,0,0,1,46.29,monte_carlo_run_1255_seed_1297.log
1256,26,1,1,-1,-1,1,1298,3101,0.145,3.28,False,Solitudine / Nessun Contatto,,,Nessuna,2,0,2,0.0,2,2,2,2,0,0,0,0,0,0,0,0,8500.0,5,1.0,1.0,0.0,False,0,0,1,1,0.04,monte_carlo_run_1256_seed_1298.log
1257,26,1,1,-1,-1,1,1299,3101,0.084,1.51,False,Solitudine / Nessun Contatto,,,Nessuna,1,0,1,0.0,1,1,1,1,0,0,0,0,0,0,0,0,8500.0,2,1.0,1.0,0.0,False,0,0,0,0,0.02,monte_carlo_run_1257_seed_1299.log
1258,26,1,1,-1,-1,1,1300,3101,0.145,2.66,False,Solitudine / Nessun Contatto,,,Nessuna,2,0,2,0.0,2,2,2,2,0,0,0,0,0,0,0,0,8500.0,6,1.0,1.0,0.0,False,0,0,1,1,0.04,monte_carlo_run_1258_seed_1300.log
1259,26,1,1,-1,-1,1,1301,3101,0.113,2.12,False,Solitudine / Nessun Contatto,,,Nessuna,7,0,7,0.0,3,3,3,3,0,0,0,0,0,0,0,0,8500.0,9,1.028,1.028,0.0,False,4,0,2,2,346.86,monte_carlo_run_1259_seed_1301.log
1260,26,1,1,-1,-1,1,1302,3101,0.08,1.89,False,Solitudine / Nessun Contatto,,,Nessuna,1,0,1,0.0,1,1,1,1,0,0,0,0,0,0,0,0,8500.0,2,1.0,1.0,0.0,False,0,0,0,0,0.02,monte_carlo_run_1260_seed_1302.log
1261,26,1,1,-1,-1,1,1303,3101,0.065,0.9,False,Solitudine / Nessun Contatto,,,Nessuna,2,0,2,0.0,2,2,2,2,0,0,0,0,0,0,0,0,8500.0,5,1.0,1.0,0.0,False,0,0,1,1,0.04,monte_carlo_run_1261_seed_1303.log
1262,26,1,1,-1,-1,1,1304,3101,0.108,2.48,False,Solitudine / Nessun Contatto,,,Nessuna,2,0,2,0.0,2,2,2,2,0,0,0,0,0,0,0,0,8500.0,6,1.0,1.0,0.0,False,0,0,1,1,0.04,monte_carlo_run_1262_seed_1304.log
1263,26,1,1,-1,-1,1,1305,3101,0.073,1.44,False,Solitudine / Nessun Contatto,,,Nessuna,2,0,2,0.95,1,1,1,1,0,0,0,0,0,0,0,0,8500.0,2,1.0,1.0,0.0,False,0,0,0,0,77.4,monte_carlo_run_1263_seed_1305.log
1264,26,1,1,-1,-1,1,1306,3101,0.141,1.89,False,Solitudine / Nessun Contatto,,,Nessuna,3,0,3,0.0,2,2,2,2,0,0,0,0,0,0,0,0,8500.0,6,1.003,1.003,0.0,False,0,0,1,1,49.67,monte_carlo_run_1264_seed_1306.log
1265,26,1,1,-1,-1,1,1307,3101,0.063,1.49,False,Solitudine / Nessun Contatto,,,Nessuna,1,0,1,0.0,1,1,1,1,0,0,0,0,0,0,0,0,8500.0,2,1.0,1.0,0.0,False,0,0,0,0,0.02,monte_carlo_run_1265_seed_1307.log
1266,26,1,1,-1,-1,1,1308,3101,0.146,2.28,False,Solitudine / Nessun Contatto,,,Nessuna,2,0,2,0.0,2,2,2,2,0,0,0,0,0,0,0,0,8500.0,6,1.0,1.0,0.0,False,0,0,1,1,0.04,monte_carlo_run_1266_seed_1308.log
1267,26,1,1,-1,-1,1,1309,3101,0.117,1.95,False,Solitudine / Nessun Contatto,,,Nessuna,2,0,2,0.0,2,2,2,2,0,0,0,0,0,0,0,0,8500.0,5,1.0,1.0,0.0,False,0,0,1,1,0.04,monte_carlo_run_1267_seed_1309.log
1268,26,1,1,-1,-1,1,1310,3101,0.119,1.58,False,Solitudine / Nessun Contatto,,,Nessuna,3,0,3,0.0,3,3,3,3,0,0,0,0,0,0,0,0,8500.0,10,1.0,1.0,0.0,False,0,0,1,2,0.06,monte_carlo_run_1268_seed_1310.log
1269,26,1,1,-1,-1,1,1311,3101,0.058,1.42,False,Solitudine / Nessun Contatto,,,Nessuna,1,0,1,0.0,1,1,1,1,0,0,0,0,0,0,0,0,8500.0,2,1.0,1.0,0.0,False,0,0,0,0,0.02,monte_carlo_run_1269_seed_1311.log
1270,26,1,1,-1,-1,1,1312,3101,0.061,1.25,False,Solitudine / Nessun Contatto,,,Nessuna,2,0,2,0.0,2,2,2,2,0,0,0,0,0,0,0,0,8500.0,6,1.0,1.0,0.0,False,0,0,0,1,0.04,monte_carlo_run_1270_seed_1312.log
1271,26,1,1,-1,-1,1,1313,3101,0.14,3.41,False,Solitudine / Nessun Contatto,,,Nessuna,2,0,2,2.85,1,1,1,1,0,0,0,0,0,0,0,0,8500.0,2,1.0,1.0,0.0,False,0,0,0,0,136.84,monte_carlo_run_1271_seed_1313.log
1272,26,1,1,-1,-1,1,1314,3101,0.099,1.28,False,Solitudine / Nessun Contatto,,,Nessuna,2,0,2,0.0,2,2,2,2,0,0,0,0,0,0,0,0,8500.0,6,1.0,1.0,0.0,False,0,0,0,1,0.04,monte_carlo_run_1272_seed_1314.log
1273,26,1,1,-1,-1,1,1315,3101,0.056,1.04,False,Solitudine / Nessun Contatto,,,Nessuna,4,0,4,0.9,3,3,3,3,0,0,0,0,0,0,0,0,8500.0,10,1.003,1.003,0.0,False,0,0,2,2,88.47,monte_carlo_run_1273_seed_1315.log
1274,26,1,1,-1,-1,1,1316,3101,0.145,1.91,False,Solitudine / Nessun Contatto,,,Nessuna,2,0,2,0.0,2,2,2,2,0,0,0,0,0,0,0,0,8500.0,6,1.0,1.0,0.0,False,0,0,1,1,0.04,monte_carlo_run_1274_seed_1316.log
1275,26,1,1,-1,-1,1,1317,3101,0.076,1.67,False,Solitudine / Nessun Contatto,,,Nessuna,1,0,1,0.0,1,1,1,1,0,0,0,0,0,0,0,0,8500.0,2,1.0,1.0,0.0,False,0,0,0,0,0.02,monte_carlo_run_1275_seed_1317.log
1276,26,1,1,-1,-1,1,1318,3101,0.137,2.48,False,Solitudine / Nessun Contatto,,,Nessuna,1,0,1,0.0,1,1,1,1,0,0,0,0,0,0,0,0,8500.0,2,1.0,1.0,0.0,False,0,0,0,0,0.02,monte_carlo_run_1276_seed_1318.log
1277,26,1,1,-1,-1,1,1319,3101,0.08,1.04,False,Solitudine / Nessun Contatto,,,Nessuna,2,0,2,0.0,2,2,2,2,0,0,0,0,0,0,0,0,8500.0,5,1.0,1.0,0.0,False,0,0,1,1,0.04,monte_carlo_run_1277_seed_1319.log
1278,26,1,1,-1,-1,1,1320,3101,0.109,1.91,False,Solitudine / Nessun Contatto,,,Nessuna,4,0,4,1.83,2,2,2,2,0,0,0,0,0,0,0,0,8500.0,6,1.003,1.003,0.0,False,0,0,1,1,99.11,monte_carlo_run_1278_seed_1320.log
1279,26,1,1,-1,-1,1,1321,3101,0.056,0.73,False,Solitudine / Nessun Contatto,,,Nessuna,1,0,1,0.0,1,1,1,1,0,0,0,0,0,0,0,0,8500.0,2,1.0,1.0,0.0,False,0,0,0,0,0.02,monte_carlo_run_1279_seed_1321.log
1280,26,1,1,-1,-1,1,1322,3101,0.077,1.07,False,Solitudine / Nessun Contatto,,,Nessuna,2,0,2,0.0,2,2,2,2,0,0,0,0,0,0,0,0,8500.0,6,1.0,1.0,0.0,False,0,0,0,1,0.04,monte_carlo_run_1280_seed_1322.log
1281,26,1,1,-1,-1,1,1323,3101,0.135,2.18,False,Solitudine / Nessun Contatto,,,Nessuna,2,0,2,1.87,1,1,1,1,0,0,0,0,0,0,0,0,8500.0,2,1.0,1.0,0.0,False,0,0,0,0,105.05,monte_carlo_run_1281_seed_1323.log
1282,26,1,1,-1,-1,1,1324,3101,0.114,2.24,False,Solitudine / Nessun Contatto,,,Nessuna,2,0,2,0.0,2,2,2,2,0,0,0,0,0,0,0,0,8500.0,6,1.0,1.0,0.0,False,0,0,0,1,0.04,monte_carlo_run_1282_seed_1324.log
1283,26,1,1,-1,-1,1,1325,3101,0.138,1.98,False,Solitudine / Nessun Contatto,,,Nessuna,3,0,3,1.85,1,1,1,1,0,0,0,0,0,0,0,0,8500.0,2,1.0,1.0,0.0,False,0,0,0,0,149.52,monte_carlo_run_1283_seed_1325.log
1284,26,1,1,-1,-1,1,1326,3101,0.056,1.23,False,Solitudine / Nessun Contatto,,,Nessuna,4,0,4,0.71,3,3,3,3,0,0,0,0,0,0,0,0,8500.0,8,1.005,1.005,0.0,False,0,0,2,3,69.46,monte_carlo_run_1284_seed_1326.log
1285,26,1,1,-1,-1,1,1327,3101,0.089,2.2,False,Solitudine / Nessun Contatto,,,Nessuna,5,0,5,0.0,2,2,2,2,0,0,0,0,0,0,0,0,8500.0,5,1.001,1.001,0.0,False,2,0,0,1,161.39,monte_carlo_run_1285_seed_1327.log
1286,26,1,1,-1,-1,1,1328,3101,0.108,2.15,False,Solitudine / Nessun Contatto,,,Nessuna,1,0,1,0.0,1,1,1,1,0,0,0,0,0,0,0,0,8500.0,2,1.0,1.0,0.0,False,0,0,0,0,0.02,monte_carlo_run_1286_seed_1328.log
1287,26,1,1,-1,-1,1,1329,3101,0.116,1.91,False,Solitudine / Nessun Contatto,,,Nessuna,1,0,1,0.0,1,1,1,1,0,0,0,0,0,0,0,0,8500.0,2,1.0,1.0,0.0,False,0,0,0,0,0.02,monte_carlo_run_1287_seed_1329.log
1288,26,1,1,-1,-1,1,1330,3101,0.113,1.57,False,Solitudine / Nessun Contatto,,,Nessuna,3,0,3,1.78,1,1,1,1,0,0,0,0,0,0,0,0,8500.0,2,1.001,1.001,0.0,False,1,0,0,0,104.44,monte_carlo_run_1288_seed_1330.log
1289,26,1,1,-1,-1,1,1331,3101,0.065,0.83,False,Solitudine / Nessun Contatto,,,Nessuna,3,0,3,0.0,3,3,3,3,0,0,0,0,0,0,0,0,8500.0,10,1.0,1.0,0.0,False,0,0,1,2,0.06,monte_carlo_run_1289_seed_1331.log
1290,26,1,1,-1,-1,1,1332,3101,0.1,1.3,False,Solitudine / Nessun Contatto,,,Nessuna,2,0,2,0.0,2,2,2,2,0,0,0,0,0,0,0,0,8500.0,6,1.0,1.0,0.0,False,0,0,0,1,0.04,monte_carlo_run_1290_seed_1332.log
1291,26,1,1,-1,-1,1,1333,3101,0.067,0.93,False,Solitudine / Nessun Contatto,,,Nessuna,1,0,1,0.0,1,1,1,1,0,0,0,0,0,0,0,0,8500.0,2,1.0,1.0,0.0,False,0,0,0,0,0.02,monte_carlo_run_1291_seed_1333.log
1292,26,1,1,-1,-1,1,1334,3101,0.135,1.78,False,Solitudine / Nessun Contatto,,,Nessuna,3,0,3,0.0,2,2,2,2,0,0,0,0,0,0,0,0,8500.0,6,1.002,1.002,0.0,False,0,0,1,1,44.13,monte_carlo_run_1292_seed_1334.log
1293,26,1,1,-1,-1,1,1335,3101,0.061,0.91,False,Solitudine / Nessun Contatto,,,Nessuna,1,0,1,0.0,1,1,1,1,0,0,0,0,0,0,0,0,8500.0,2,1.0,1.0,0.0,False,0,0,0,0,0.02,monte_carlo_run_1293_seed_1335.log
1294,26,1,1,-1,-1,1,1336,3101,0.098,1.36,False,Solitudine / Nessun Contatto,,,Nessuna,2,0,2,0.0,2,2,2,2,0,0,0,0,0,0,0,0,8500.0,5,1.0,1.0,0.0,False,0,0,1,1,0.04,monte_carlo_run_1294_seed_1336.log
1295,26,1,1,-1,-1,1,1337,3101,0.125,1.99,False,Solitudine / Nessun Contatto,,,Nessuna,2,0,2,1.86,1,1,1,1,0,0,0,0,0,0,0,0,8500.0,2,1.0,1.0,0.0,False,0,0,0,0,108.98,monte_carlo_run_1295_seed_1337.log
1296,26,1,1,-1,-1,1,1338,3101,0.073,1.3,False,Solitudine / Nessun Contatto,,,Nessuna,2,0,2,0.0,2,2,2,2,0,0,0,0,0,0,0,0,8500.0,6,1.0,1.0,0.0,False,0,0,0,1,0.04,monte_carlo_run_1296_seed_1338.log
1297,26,1,1,-1,-1,1,1339,3101,0.104,1.28,False,Solitudine / Nessun Contatto,,,Nessuna,1,0,1,0.0,1,1,1,1,0,0,0,0,0,0,0,0,8500.0,2,1.0,1.0,0.0,False,0,0,0,0,0.02,monte_carlo_run_1297_seed_1339.log
1298,26,1,1,-1,-1,1,1340,3101,0.056,0.98,False,Solitudine / Nessun Contatto,,,Nessuna,2,0,2,0.0,2,2,2,2,0,0,0,0,0,0,0,0,8500.0,6,1.0,1.0,0.0,False,0,0,0,1,0.04,monte_carlo_run_1298_seed_1340.log
1299,26,1,1,-1,-1,1,1341,3101,0.127,2.35,False,Solitudine / Nessun Contatto,,,Nessuna,4,0,4,4.43,2,2,1,1,0,1,1,1,0,0,0,0,8500.24,2,1.004,0.842,-0.163,False,2,0,0,0,226.92,monte_carlo_run_1299_seed_1341.log
1300,26,1,1,-1,-1,1,1342,3101,0.065,0.99,False,Solitudine / Nessun Contatto,,,Nessuna,1,0,1,0.0,1,1,1,1,0,0,0,0,0,0,0,0,8500.0,2,1.0,1.0,0.0,False,0,0,0,0,0.02,monte_carlo_run_1300_seed_1342.log
1301,27,1,1,-1,1,-1,1343,3101,0.115,2.22,False,Solitudine / Nessun Contatto,,,Nessuna,3,0,3,1.59,3,3,2,1,1,1,1,1,0,0,0,0,8500.29,2,1.004,0.749,-0.2547,False,0,0,1,1,136.34,monte_carlo_run_1301_seed_1343.log
1302,27,1,1,-1,1,-1,1344,3101,0.058,1.14,False,Solitudine / Nessun Contatto,,,Nessuna,1,0,1,0.0,2,2,2,0,2,0,0,0,0,0,0,0,8500.0,1,0.985,0.985,0.0,False,0,0,0,1,0.02,monte_carlo_run_1302_seed_1344.log
1303,27,1,1,-1,1,-1,1345,3101,0.079,0.97,False,Solitudine / Nessun Contatto,,,Nessuna,1,0,1,0.0,1,1,1,1,0,0,0,0,0,0,0,0,8500.0,2,1.0,1.0,0.0,False,0,0,0,0,0.02,monte_carlo_run_1303_seed_1345.log
1304,27,1,1,-1,1,-1,1346,3101,0.073,1.65,False,Solitudine / Nessun Contatto,,,Nessuna,1,0,1,0.0,3,3,3,1,2,0,0,0,0,0,0,0,8500.0,2,1.0,1.0,0.0,False,0,0,0,2,0.02,monte_carlo_run_1304_seed_1346.log
1305,27,1,1,-1,1,-1,1347,3101,0.13,2.63,False,Solitudine / Nessun Contatto,,,Nessuna,1,0,1,0.0,3,3,3,0,3,0,0,0,0,0,0,0,8500.0,1,0.985,0.985,0.0,False,0,0,1,2,0.02,monte_carlo_run_1305_seed_1347.log
1306,27,1,1,-1,1,-1,1348,3101,0.102,2.32,False,Solitudine / Nessun Contatto,,,Nessuna,2,0,2,2.29,2,2,2,0,2,0,0,0,0,0,0,0,8500.0,1,0.95,0.95,0.0,False,0,0,0,1,89.92,monte_carlo_run_1306_seed_1348.log
1307,27,1,1,-1,1,-1,1349,3101,0.104,2.26,False,Solitudine / Nessun Contatto,,,Nessuna,1,0,1,0.0,1,1,1,1,0,0,0,0,0,0,0,0,8500.0,2,1.0,1.0,0.0,False,0,0,0,0,0.02,monte_carlo_run_1307_seed_1349.log
1308,27,1,1,-1,1,-1,1350,3101,0.091,1.78,False,Solitudine / Nessun Contatto,,,Nessuna,1,0,1,0.0,1,1,1,1,0,0,0,0,0,0,0,0,8500.0,2,1.0,1.0,0.0,False,0,0,0,0,0.02,monte_carlo_run_1308_seed_1350.log
1309,27,1,1,-1,1,-1,1351,3101,0.065,1.59,False,Solitudine / Nessun Contatto,,,Nessuna,1,0,1,0.0,3,3,3,0,3,0,0,0,0,0,0,0,8500.0,1,0.985,0.985,0.0,False,0,0,1,2,0.02,monte_carlo_run_1309_seed_1351.log
1310,27,1,1,-1,1,-1,1352,3101,0.116,2.61,False,Solitudine / Nessun Contatto,,,Nessuna,3,0,3,2.59,1,1,1,1,0,0,0,0,0,0,0,0,8500.0,2,1.001,1.001,0.0,False,0,0,0,0,172.51,monte_carlo_run_1310_seed_1352.log
1311,27,1,1,-1,1,-1,1353,3101,0.07,1.21,False,Solitudine / Nessun Contatto,,,Nessuna,1,0,1,0.0,1,1,1,1,0,0,0,0,0,0,0,0,8500.0,2,1.0,1.0,0.0,False,0,0,0,0,0.02,monte_carlo_run_1311_seed_1353.log
1312,27,1,1,-1,1,-1,1354,3101,0.088,1.84,False,Solitudine / Nessun Contatto,,,Nessuna,2,0,2,0.91,2,2,2,1,1,0,0,0,0,0,0,0,8500.0,2,1.002,1.002,0.0,False,0,0,1,1,41.52,monte_carlo_run_1312_seed_1354.log
1313,27,1,1,-1,1,-1,1355,3101,0.069,1.04,False,Solitudine / Nessun Contatto,,,Nessuna,1,0,1,0.0,1,1,1,1,0,0,0,0,0,0,0,0,8500.0,2,1.0,1.0,0.0,False,0,0,0,0,0.02,monte_carlo_run_1313_seed_1355.log
1314,27,1,1,-1,1,-1,1356,3101,0.114,2.77,False,Solitudine / Nessun Contatto,,,Nessuna,2,0,2,1.77,1,1,1,1,0,0,0,0,0,0,0,0,8500.0,2,1.0,1.0,0.0,False,0,0,0,0,109.51,monte_carlo_run_1314_seed_1356.log
1315,27,1,1,-1,1,-1,1357,3101,0.081,1.13,False,Solitudine / Nessun Contatto,,,Nessuna,1,0,1,0.0,2,2,2,1,1,0,0,0,0,0,0,0,8500.0,2,1.0,1.0,0.0,False,0,0,1,1,0.02,monte_carlo_run_1315_seed_1357.log
1316,27,1,1,-1,1,-1,1358,3101,0.145,2.69,False,Solitudine / Nessun Contatto,,,Nessuna,1,0,1,0.0,3,3,3,0,3,0,0,0,0,0,0,0,8500.0,1,0.985,0.985,0.0,False,0,0,0,3,0.02,monte_carlo_run_1316_seed_1358.log
1317,27,1,1,-1,1,-1,1359,3101,0.098,2.33,False,Solitudine / Nessun Contatto,,,Nessuna,1,0,1,0.0,1,1,1,1,0,0,0,0,0,0,0,0,8500.0,2,1.0,1.0,0.0,False,0,0,0,0,0.02,monte_carlo_run_1317_seed_1359.log
1318,27,1,1,-1,1,-1,1360,3101,0.099,1.28,False,Solitudine / Nessun Contatto,,,Nessuna,1,0,1,0.0,1,1,1,1,0,0,0,0,0,0,0,0,8500.0,2,1.0,1.0,0.0,False,0,0,0,0,0.02,monte_carlo_run_1318_seed_1360.log
1319,27,1,1,-1,1,-1,1361,3101,0.114,1.48,False,Solitudine / Nessun Contatto,,,Nessuna,2,0,2,1.34,1,1,1,1,0,0,0,0,0,0,0,0,8500.0,2,1.0,1.0,0.0,False,0,0,0,0,46.87,monte_carlo_run_1319_seed_1361.log
1320,27,1,1,-1,1,-1,1362,3101,0.07,1.67,False,Solitudine / Nessun Contatto,,,Nessuna,1,0,1,0.0,1,1,1,1,0,0,0,0,0,0,0,0,8500.0,2,1.0,1.0,0.0,False,0,0,0,0,0.02,monte_carlo_run_1320_seed_1362.log
1321,27,1,1,-1,1,-1,1363,3101,0.131,3.18,False,Solitudine / Nessun Contatto,,,Nessuna,2,0,2,1.41,1,1,1,1,0,0,0,0,0,0,0,0,8500.0,2,1.0,1.0,0.0,False,0,0,0,0,43.02,monte_carlo_run_1321_seed_1363.log
1322,27,1,1,-1,1,-1,1364,3101,0.124,2.37,False,Solitudine / Nessun Contatto,,,Nessuna,1,0,1,0.0,2,2,2,1,1,0,0,0,0,0,0,0,8500.0,2,1.0,1.0,0.0,False,0,0,0,1,0.02,monte_carlo_run_1322_seed_1364.log
1323,27,1,1,-1,1,-1,1365,3101,0.087,1.05,False,Solitudine / Nessun Contatto,,,Nessuna,1,0,1,0.0,2,2,2,1,1,0,0,0,0,0,0,0,8500.0,2,1.0,1.0,0.0,False,0,0,0,1,0.02,monte_carlo_run_1323_seed_1365.log
1324,27,1,1,-1,1,-1,1366,3101,0.135,3.06,False,Solitudine / Nessun Contatto,,,Nessuna,4,0,4,3.99,3,3,3,1,2,0,0,0,0,0,0,0,8500.0,2,1.023,1.023,0.0,False,1,0,2,2,258.66,monte_carlo_run_1324_seed_1366.log
1325,27,1,1,-1,1,-1,1367,3101,0.073,1.07,False,Solitudine / Nessun Contatto,,,Nessuna,1,0,1,0.0,1,1,1,1,0,0,0,0,0,0,0,0,8500.0,2,1.0,1.0,0.0,False,0,0,0,0,0.02,monte_carlo_run_1325_seed_1367.log
1326,27,1,1,-1,1,-1,1368,3101,0.1,1.25,False,Solitudine / Nessun Contatto,,,Nessuna,1,0,1,0.0,2,2,2,1,1,0,0,0,0,0,0,0,8500.0,2,1.0,1.0,0.0,False,0,0,1,1,0.02,monte_carlo_run_1326_seed_1368.log
1327,27,1,1,-1,1,-1,1369,3101,0.085,1.48,False,Solitudine / Nessun Contatto,,,Nessuna,1,0,1,0.0,1,1,1,1,0,0,0,0,0,0,0,0,8500.0,2,1.0,1.0,0.0,False,0,0,0,0,0.02,monte_carlo_run_1327_seed_1369.log
1328,27,1,1,-1,1,-1,1370,3101,0.128,2.63,False,Solitudine / Nessun Contatto,,,Nessuna,1,0,1,0.0,2,2,2,1,1,0,0,0,0,0,0,0,8500.0,2,1.0,1.0,0.0,False,0,0,0,1,0.02,monte_carlo_run_1328_seed_1370.log
1329,27,1,1,-1,1,-1,1371,3101,0.089,1.93,False,Solitudine / Nessun Contatto,,,Nessuna,1,0,1,0.0,2,2,2,1,1,0,0,0,0,0,0,0,8500.0,2,1.0,1.0,0.0,False,0,0,0,1,0.02,monte_carlo_run_1329_seed_1371.log
1330,27,1,1,-1,1,-1,1372,3101,0.075,1.24,False,Solitudine / Nessun Contatto,,,Nessuna,1,0,1,0.0,2,2,2,1,1,0,0,0,0,0,0,0,8500.0,2,1.0,1.0,0.0,False,0,0,1,1,0.02,monte_carlo_run_1330_seed_1372.log
1331,27,1,1,-1,1,-1,1373,3101,0.086,1.11,False,Solitudine / Nessun Contatto,,,Nessuna,3,0,3,1.69,1,1,1,1,0,0,0,0,0,0,0,0,8500.0,2,1.002,1.002,0.0,False,1,0,0,0,110.13,monte_carlo_run_1331_seed_1373.log
1332,27,1,1,-1,1,-1,1374,3101,0.079,1.45,False,Solitudine / Nessun Contatto,,,Nessuna,2,0,2,1.21,4,3,2,1,1,1,1,1,0,0,0,0,8500.05,2,1.009,0.769,-0.2398,False,0,0,3,3,93.79,monte_carlo_run_1332_seed_1374.log
1333,27,1,1,-1,1,-1,1375,3101,0.085,2.12,False,Solitudine / Nessun Contatto,,,Nessuna,1,0,1,0.0,2,2,2,0,2,0,0,0,0,0,0,0,8500.0,1,0.985,0.985,0.0,False,0,0,0,1,0.02,monte_carlo_run_1333_seed_1375.log
1334,27,1,1,-1,1,-1,1376,3101,0.149,3.37,False,Solitudine / Nessun Contatto,,,Nessuna,2,0,2,3.27,1,1,1,1,0,0,0,0,0,0,0,0,8500.0,2,1.0,1.0,0.0,False,0,0,0,0,87.81,monte_carlo_run_1334_seed_1376.log
1335,27,1,1,-1,1,-1,1377,3101,0.1,1.97,False,Solitudine / Nessun Contatto,,,Nessuna,2,0,2,1.45,1,1,1,1,0,0,0,0,0,0,0,0,8500.0,2,1.0,1.0,0.0,False,0,0,0,0,96.37,monte_carlo_run_1335_seed_1377.log
1336,27,1,1,-1,1,-1,1378,3101,0.069,1.59,False,Solitudine / Nessun Contatto,,,Nessuna,2,0,2,1.39,1,1,1,1,0,0,0,0,0,0,0,0,8500.0,2,1.0,1.0,0.0,False,0,0,0,0,97.4,monte_carlo_run_1336_seed_1378.log
1337,27,1,1,-1,1,-1,1379,3101,0.138,2.23,False,Solitudine / Nessun Contatto,,,Nessuna,1,0,1,0.0,2,2,2,1,1,0,0,0,0,0,0,0,8500.0,2,1.0,1.0,0.0,False,0,0,1,1,0.02,monte_carlo_run_1337_seed_1379.log
1338,27,1,1,-1,1,-1,1380,3101,0.099,1.6,False,Solitudine / Nessun Contatto,,,Nessuna,1,0,1,0.0,2,2,2,1,1,0,0,0,0,0,0,0,8500.0,2,1.0,1.0,0.0,False,0,0,0,1,0.02,monte_carlo_run_1338_seed_1380.log
1339,27,1,1,-1,1,-1,1381,3101,0.114,1.96,False,Solitudine / Nessun Contatto,,,Nessuna,1,0,1,0.0,1,1,1,1,0,0,0,0,0,0,0,0,8500.0,2,1.0,1.0,0.0,False,0,0,0,0,0.02,monte_carlo_run_1339_seed_1381.log
1340,27,1,1,-1,1,-1,1382,3101,0.085,1.73,False,Solitudine / Nessun Contatto,,,Nessuna,2,0,2,1.37,1,1,1,1,0,0,0,0,0,0,0,0,8500.0,2,1.0,1.0,0.0,False,0,0,0,0,101.15,monte_carlo_run_1340_seed_1382.log
1341,27,1,1,-1,1,-1,1383,3101,0.065,1.37,False,Solitudine / Nessun Contatto,,,Nessuna,1,0,1,0.0,1,1,1,1,0,0,0,0,0,0,0,0,8500.0,2,1.0,1.0,0.0,False,0,0,0,0,0.02,monte_carlo_run_1341_seed_1383.log
1342,27,1,1,-1,1,-1,1384,3101,0.085,1.85,False,Solitudine / Nessun Contatto,,,Nessuna,1,0,1,0.0,1,1,1,1,0,0,0,0,0,0,0,0,8500.0,2,1.0,1.0,0.0,False,0,0,0,0,0.02,monte_carlo_run_1342_seed_1384.log
1343,27,1,1,-1,1,-1,1385,3101,0.066,1.18,False,Solitudine / Nessun Contatto,,,Nessuna,1,0,1,0.0,1,1,1,1,0,0,0,0,0,0,0,0,8500.0,2,1.0,1.0,0.0,False,0,0,0,0,0.02,monte_carlo_run_1343_seed_1385.log
1344,27,1,1,-1,1,-1,1386,3101,0.104,1.25,False,Solitudine / Nessun Contatto,,,Nessuna,1,0,1,0.0,1,1,1,1,0,0,0,0,0,0,0,0,8500.0,2,1.0,1.0,0.0,False,0,0,0,0,0.02,monte_carlo_run_1344_seed_1386.log
1345,27,1,1,-1,1,-1,1387,3101,0.086,1.88,False,Solitudine / Nessun Contatto,,,Nessuna,1,0,1,0.0,2,2,2,0,2,0,0,0,0,0,0,0,8500.0,1,0.985,0.985,0.0,False,0,0,0,1,0.02,monte_carlo_run_1345_seed_1387.log
1346,27,1,1,-1,1,-1,1388,3101,0.096,2.06,False,Solitudine / Nessun Contatto,,,Nessuna,1,0,1,0.0,2,2,2,1,1,0,0,0,0,0,0,0,8500.0,2,1.0,1.0,0.0,False,0,0,1,1,0.02,monte_carlo_run_1346_seed_1388.log
1347,27,1,1,-1,1,-1,1389,3101,0.073,1.7,False,Solitudine / Nessun Contatto,,,Nessuna,2,0,2,1.62,1,1,1,1,0,0,0,0,0,0,0,0,8500.0,2,1.0,1.0,0.0,False,0,0,0,0,109.59,monte_carlo_run_1347_seed_1389.log
1348,27,1,1,-1,1,-1,1390,3101,0.081,1.01,False,Solitudine / Nessun Contatto,,,Nessuna,1,0,1,0.0,2,2,2,1,1,0,0,0,0,0,0,0,8500.0,2,1.0,1.0,0.0,False,0,0,1,1,0.02,monte_carlo_run_1348_seed_1390.log
1349,27,1,1,-1,1,-1,1391,3101,0.134,2.7,False,Solitudine / Nessun Contatto,,,Nessuna,2,0,2,1.57,1,1,1,1,0,0,0,0,0,0,0,0,8500.0,2,1.0,1.0,0.0,False,0,0,0,0,46.83,monte_carlo_run_1349_seed_1391.log
1350,27,1,1,-1,1,-1,1392,3101,0.063,1.51,False,Solitudine / Nessun Contatto,,,Nessuna,1,0,1,0.0,1,1,1,1,0,0,0,0,0,0,0,0,8500.0,2,1.0,1.0,0.0,False,0,0,0,0,0.02,monte_carlo_run_1350_seed_1392.log
1351,28,1,1,-1,1,1,1393,3101,0.11,1.36,False,Solitudine / Nessun Contatto,,,Nessuna,1,0,1,0.0,1,1,1,1,0,0,0,0,0,0,0,0,8500.0,2,1.0,1.0,0.0,False,0,0,0,0,0.02,monte_carlo_run_1351_seed_1393.log
1352,28,1,1,-1,1,1,1394,3101,0.114,2.04,False,Solitudine / Nessun Contatto,,,Nessuna,1,0,1,0.0,1,1,1,1,0,0,0,0,0,0,0,0,8500.0,2,1.0,1.0,0.0,False,0,0,0,0,0.02,monte_carlo_run_1352_seed_1394.log
1353,28,1,1,-1,1,1,1395,3101,0.098,2.2,False,Solitudine / Nessun Contatto,,,Nessuna,1,0,1,0.0,1,1,1,1,0,0,0,0,0,0,0,0,8500.0,2,1.0,1.0,0.0,False,0,0,0,0,0.02,monte_carlo_run_1353_seed_1395.log
1354,28,1,1,-1,1,1,1396,3101,0.096,1.74,False,Solitudine / Nessun Contatto,,,Nessuna,4,0,4,0.0,3,3,3,3,0,0,0,0,0,0,0,0,8500.0,10,1.002,1.002,0.0,False,0,0,1,2,45.28,monte_carlo_run_1354_seed_1396.log
1355,28,1,1,-1,1,1,1397,3101,0.137,1.67,False,Solitudine / Nessun Contatto,,,Nessuna,3,0,3,0.0,2,2,2,2,0,0,0,0,0,0,0,0,8500.0,6,1.001,1.001,0.0,False,0,0,1,1,19.46,monte_carlo_run_1355_seed_1397.log
1356,28,1,1,-1,1,1,1398,3101,0.13,2.79,False,Solitudine / Nessun Contatto,,,Nessuna,3,0,3,3.26,1,1,1,1,0,0,0,0,0,0,0,0,8500.0,2,1.002,1.002,0.0,False,1,0,0,0,161.98,monte_carlo_run_1356_seed_1398.log
1357,28,1,1,-1,1,1,1399,3101,0.112,1.53,False,Solitudine / Nessun Contatto,,,Nessuna,2,0,2,0.0,2,2,2,2,0,0,0,0,0,0,0,0,8500.0,5,1.0,1.0,0.0,False,0,0,1,1,0.04,monte_carlo_run_1357_seed_1399.log
1358,28,1,1,-1,1,1,1400,3101,0.073,1.35,False,Solitudine / Nessun Contatto,,,Nessuna,1,0,1,0.0,1,1,1,1,0,0,0,0,0,0,0,0,8500.0,2,1.0,1.0,0.0,False,0,0,0,0,0.02,monte_carlo_run_1358_seed_1400.log
1359,28,1,1,-1,1,1,1401,3101,0.103,1.72,False,Solitudine / Nessun Contatto,,,Nessuna,2,0,2,0.0,2,2,2,2,0,0,0,0,0,0,0,0,8500.0,5,1.0,1.0,0.0,False,0,0,1,1,0.04,monte_carlo_run_1359_seed_1401.log
1360,28,1,1,-1,1,1,1402,3101,0.107,1.99,False,Solitudine / Nessun Contatto,,,Nessuna,2,0,2,0.0,2,2,2,2,0,0,0,0,0,0,0,0,8500.0,6,1.0,1.0,0.0,False,0,0,0,1,0.04,monte_carlo_run_1360_seed_1402.log
1361,28,1,1,-1,1,1,1403,3101,0.107,1.29,False,Solitudine / Nessun Contatto,,,Nessuna,2,0,2,0.0,2,2,2,2,0,0,0,0,0,0,0,0,8500.0,5,1.0,1.0,0.0,False,0,0,0,1,0.04,monte_carlo_run_1361_seed_1403.log
1362,28,1,1,-1,1,1,1404,3101,0.098,1.22,False,Solitudine / Nessun Contatto,,,Nessuna,1,0,1,0.0,1,1,1,1,0,0,0,0,0,0,0,0,8500.0,2,1.0,1.0,0.0,False,0,0,0,0,0.02,monte_carlo_run_1362_seed_1404.log
1363,28,1,1,-1,1,1,1405,3101,0.072,0.89,True,Contatto Planetario / Biofirme,9.03,0.65,Predatoria,2,0,2,0.65,2,2,2,1,1,0,0,0,0,0,0,0,8500.0,2,1.0,1.0,0.0,False,0,0,0,0,36.11,monte_carlo_run_1363_seed_1405.log
1364,28,1,1,-1,1,1,1406,3101,0.126,2.41,False,Solitudine / Nessun Contatto,,,Nessuna,1,0,1,0.0,1,1,1,1,0,0,0,0,0,0,0,0,8500.0,2,1.0,1.0,0.0,False,0,0,0,0,0.02,monte_carlo_run_1364_seed_1406.log
1365,28,1,1,-1,1,1,1407,3101,0.074,1.1,False,Solitudine / Nessun Contatto,,,Nessuna,1,0,1,0.0,1,1,1,1,0,0,0,0,0,0,0,0,8500.0,2,1.0,1.0,0.0,False,0,0,0,0,0.02,monte_carlo_run_1365_seed_1407.log
1366,28,1,1,-1,1,1,1408,3101,0.131,1.91,False,Solitudine / Nessun Contatto,,,Nessuna,4,0,4,0.98,3,3,3,3,0,0,0,0,0,0,0,0,8500.0,10,1.003,1.003,0.0,False,0,0,2,3,29.82,monte_carlo_run_1366_seed_1408.log
1367,28,1,1,-1,1,1,1409,3101,0.095,1.37,False,Solitudine / Nessun Contatto,,,Nessuna,1,0,1,0.0,1,1,1,1,0,0,0,0,0,0,0,0,8500.0,2,1.0,1.0,0.0,False,0,0,0,0,0.02,monte_carlo_run_1367_seed_1409.log
1368,28,1,1,-1,1,1,1410,3101,0.112,2.64,False,Solitudine / Nessun Contatto,,,Nessuna,2,0,2,1.46,1,1,1,1,0,0,0,0,0,0,0,0,8500.0,2,1.0,1.0,0.0,False,0,0,0,0,91.12,monte_carlo_run_1368_seed_1410.log
1369,28,1,1,-1,1,1,1411,3101,0.084,1.11,False,Solitudine / Nessun Contatto,,,Nessuna,2,0,2,0.0,2,2,2,2,0,0,0,0,0,0,0,0,8500.0,6,1.0,1.0,0.0,False,0,0,0,1,0.04,monte_carlo_run_1369_seed_1411.log
1370,28,1,1,-1,1,1,1412,3101,0.098,1.66,False,Solitudine / Nessun Contatto,,,Nessuna,1,0,1,0.0,1,1,1,1,0,0,0,0,0,0,0,0,8500.0,2,1.0,1.0,0.0,False,0,0,0,0,0.02,monte_carlo_run_1370_seed_1412.log
1371,28,1,1,-1,1,1,1413,3101,0.055,1.17,False,Solitudine / Nessun Contatto,,,Nessuna,2,0,2,0.0,2,2,2,2,0,0,0,0,0,0,0,0,8500.0,5,1.0,1.0,0.0,False,0,0,1,1,0.04,monte_carlo_run_1371_seed_1413.log
1372,28,1,1,-1,1,1,1414,3101,0.088,1.34,False,Solitudine / Nessun Contatto,,,Nessuna,1,0,1,0.0,1,1,1,1,0,0,0,0,0,0,0,0,8500.0,2,1.0,1.0,0.0,False,0,0,0,0,0.02,monte_carlo_run_1372_seed_1414.log
1373,28,1,1,-1,1,1,1415,3101,0.056,0.75,False,Solitudine / Nessun Contatto,,,Nessuna,1,0,1,0.0,1,1,1,1,0,0,0,0,0,0,0,0,8500.0,2,1.0,1.0,0.0,False,0,0,0,0,0.02,monte_carlo_run_1373_seed_1415.log
1374,28,1,1,-1,1,1,1416,3101,0.067,0.91,False,Solitudine / Nessun Contatto,,,Nessuna,2,0,2,0.0,2,2,2,2,0,0,0,0,0,0,0,0,8500.0,5,1.0,1.0,0.0,False,0,0,0,1,0.04,monte_carlo_run_1374_seed_1416.log
1375,28,1,1,-1,1,1,1417,3101,0.136,3.24,False,Solitudine / Nessun Contatto,,,Nessuna,3,0,3,2.28,3,3,2,2,0,1,0,0,0,0,0,0,8500.0,6,1.001,1.001,0.0,False,0,0,1,1,111.27,monte_carlo_run_1375_seed_1417.log
1376,28,1,1,-1,1,1,1418,3101,0.055,1.1,False,Solitudine / Nessun Contatto,,,Nessuna,2,0,2,0.0,2,2,2,2,0,0,0,0,0,0,0,0,8500.0,5,1.0,1.0,0.0,False,0,0,0,1,0.04,monte_carlo_run_1376_seed_1418.log
1377,28,1,1,-1,1,1,1419,3101,0.053,0.78,False,Solitudine / Nessun Contatto,,,Nessuna,3,0,3,0.0,3,3,3,3,0,0,0,0,0,0,0,0,8500.0,9,1.001,1.001,0.0,False,0,0,2,2,0.06,monte_carlo_run_1377_seed_1419.log
1378,28,1,1,-1,1,1,1420,3101,0.072,1.74,False,Solitudine / Nessun Contatto,,,Nessuna,2,0,2,0.0,2,2,2,2,0,0,0,0,0,0,0,0,8500.0,6,1.0,1.0,0.0,False,0,0,1,1,0.04,monte_carlo_run_1378_seed_1420.log
1379,28,1,1,-1,1,1,1421,3101,0.107,2.44,False,Solitudine / Nessun Contatto,,,Nessuna,3,0,3,1.97,2,2,2,2,0,0,0,0,0,0,0,0,8500.0,5,1.0,1.0,0.0,False,0,0,0,1,107.61,monte_carlo_run_1379_seed_1421.log
1380,28,1,1,-1,1,1,1422,3101,0.079,1.72,False,Solitudine / Nessun Contatto,,,Nessuna,1,0,1,0.0,1,1,1,1,0,0,0,0,0,0,0,0,8500.0,2,1.0,1.0,0.0,False,0,0,0,0,0.02,monte_carlo_run_1380_seed_1422.log
1381,28,1,1,-1,1,1,1423,3101,0.053,1.29,False,Solitudine / Nessun Contatto,,,Nessuna,1,0,1,0.0,1,1,1,1,0,0,0,0,0,0,0,0,8500.0,2,1.0,1.0,0.0,False,0,0,0,0,0.02,monte_carlo_run_1381_seed_1423.log
1382,28,1,1,-1,1,1,1424,3101,0.148,3.23,False,Solitudine / Nessun Contatto,,,Nessuna,2,0,2,2.56,1,1,1,1,0,0,0,0,0,0,0,0,8500.0,2,1.0,1.0,0.0,False,0,0,0,0,69.23,monte_carlo_run_1382_seed_1424.log
1383,28,1,1,-1,1,1,1425,3101,0.141,3.14,False,Solitudine / Nessun Contatto,,,Nessuna,17,0,17,12.97,1,1,1,1,0,0,0,0,0,0,0,0,8500.0,2,1.154,1.154,0.0,False,13,0,0,0,1525.74,monte_carlo_run_1383_seed_1425.log
1384,28,1,1,-1,1,1,1426,3101,0.069,0.92,False,Solitudine / Nessun Contatto,,,Nessuna,3,0,3,0.0,2,2,2,2,0,0,0,0,0,0,0,0,8500.0,5,1.0,1.0,0.0,False,0,0,0,1,12.94,monte_carlo_run_1384_seed_1426.log
1385,28,1,1,-1,1,1,1427,3101,0.08,1.26,False,Solitudine / Nessun Contatto,,,Nessuna,3,0,3,0.0,3,3,3,3,0,0,0,0,0,0,0,0,8500.0,8,1.0,1.0,0.0,False,0,0,1,2,0.06,monte_carlo_run_1385_seed_1427.log
1386,28,1,1,-1,1,1,1428,3101,0.11,2.7,False,Solitudine / Nessun Contatto,,,Nessuna,1,0,1,0.0,1,1,1,1,0,0,0,0,0,0,0,0,8500.0,2,1.0,1.0,0.0,False,0,0,0,0,0.02,monte_carlo_run_1386_seed_1428.log
1387,28,1,1,-1,1,1,1429,3101,0.066,1.59,False,Solitudine / Nessun Contatto,,,Nessuna,3,0,3,0.0,3,3,3,3,0,0,0,0,0,0,0,0,8500.0,10,1.0,1.0,0.0,False,0,0,1,3,0.06,monte_carlo_run_1387_seed_1429.log
1388,28,1,1,-1,1,1,1430,3101,0.092,2.07,False,Solitudine / Nessun Contatto,,,Nessuna,2,0,2,1.58,1,1,1,1,0,0,0,0,0,0,0,0,8500.0,2,1.0,1.0,0.0,False,0,0,0,0,93.71,monte_carlo_run_1388_seed_1430.log
1389,28,1,1,-1,1,1,1431,3101,0.066,1.55,False,Solitudine / Nessun Contatto,,,Nessuna,1,0,1,0.0,1,1,1,1,0,0,0,0,0,0,0,0,8500.0,2,1.0,1.0,0.0,False,0,0,0,0,0.02,monte_carlo_run_1389_seed_1431.log
1390,28,1,1,-1,1,1,1432,3101,0.11,1.92,False,Solitudine / Nessun Contatto,,,Nessuna,4,0,4,0.0,3,3,3,3,0,0,0,0,0,0,0,0,8500.0,9,1.002,1.002,0.0,False,0,0,1,2,47.04,monte_carlo_run_1390_seed_1432.log
1391,28,1,1,-1,1,1,1433,3101,0.125,2.52,False,Solitudine / Nessun Contatto,,,Nessuna,1,0,1,0.0,1,1,1,1,0,0,0,0,0,0,0,0,8500.0,2,1.0,1.0,0.0,False,0,0,0,0,0.02,monte_carlo_run_1391_seed_1433.log
1392,28,1,1,-1,1,1,1434,3101,0.116,2.22,False,Solitudine / Nessun Contatto,,,Nessuna,7,0,7,3.35,3,3,2,2,0,1,1,1,0,0,0,0,8500.21,6,1.015,0.842,-0.1737,False,1,0,1,1,273.0,monte_carlo_run_1392_seed_1434.log
1393,28,1,1,-1,1,1,1435,3101,0.133,2.64,False,Solitudine / Nessun Contatto,,,Nessuna,5,0,5,1.84,2,2,2,2,0,0,0,0,0,0,0,0,8500.0,5,1.011,1.011,0.0,False,2,0,1,1,194.99,monte_carlo_run_1393_seed_1435.log
1394,28,1,1,-1,1,1,1436,3101,0.091,1.22,False,Solitudine / Nessun Contatto,,,Nessuna,2,0,2,0.0,2,2,2,2,0,0,0,0,0,0,0,0,8500.0,6,1.0,1.0,0.0,False,0,0,0,1,0.04,monte_carlo_run_1394_seed_1436.log
1395,28,1,1,-1,1,1,1437,3101,0.092,1.53,False,Solitudine / Nessun Contatto,,,Nessuna,1,0,1,0.0,1,1,1,1,0,0,0,0,0,0,0,0,8500.0,2,1.0,1.0,0.0,False,0,0,0,0,0.02,monte_carlo_run_1395_seed_1437.log
1396,28,1,1,-1,1,1,1438,3101,0.079,1.16,False,Solitudine / Nessun Contatto,,,Nessuna,1,0,1,0.0,1,1,1,1,0,0,0,0,0,0,0,0,8500.0,2,1.0,1.0,0.0,False,0,0,0,0,0.02,monte_carlo_run_1396_seed_1438.log
1397,28,1,1,-1,1,1,1439,3101,0.112,1.48,False,Solitudine / Nessun Contatto,,,Nessuna,1,0,1,0.0,1,1,1,1,0,0,0,0,0,0,0,0,8500.0,2,1.0,1.0,0.0,False,0,0,0,0,0.02,monte_carlo_run_1397_seed_1439.log
1398,28,1,1,-1,1,1,1440,3101,0.083,1.74,False,Solitudine / Nessun Contatto,,,Nessuna,3,0,3,0.91,2,2,2,2,0,0,0,0,0,0,0,0,8500.0,5,1.002,1.002,0.0,False,0,0,1,1,43.63,monte_carlo_run_1398_seed_1440.log
1399,28,1,1,-1,1,1,1441,3101,0.127,2.54,False,Solitudine / Nessun Contatto,,,Nessuna,5,0,5,3.2,2,1,1,1,0,0,0,0,0,0,0,0,8500.0,6,1.003,1.003,0.0,False,1,0,0,1,251.85,monte_carlo_run_1399_seed_1441.log
1400,28,1,1,-1,1,1,1442,3101,0.06,0.84,False,Solitudine / Nessun Contatto,,,Nessuna,3,0,3,0.0,3,3,3,3,0,0,0,0,0,0,0,0,8500.0,9,1.0,1.0,0.0,False,0,0,1,2,0.06,monte_carlo_run_1400_seed_1442.log
1401,29,1,1,1,-1,-1,1443,3101,0.485,7.28,True,Contatto Planetario / Biofirme,172.53,16.59,Ostile,11,0,2592,38.96,323,247,26,2,19,287,268,268,0,187,113,74,9753.77,599,1.6,1.6,0.0,False,2268,0,1049,1199,10000.05,monte_carlo_run_1401_seed_1443.log
1402,29,1,1,1,-1,-1,1444,3101,0.517,9.33,True,Incontro Flotta Deep-Space,2749.06,7.2,Biosfera Primitiva,535,0,2655,27.95,335,273,26,4,20,300,275,275,0,194,134,60,9877.51,596,1.6,1.6,0.0,False,2322,0,1093,1302,10000.03,monte_carlo_run_1402_seed_1444.log
1403,29,1,1,1,-1,-1,1445,3101,0.297,6.62,True,Incontro Flotta Deep-Space,1924.97,13.4,Biosfera Primitiva,131,1,2639,33.33,338,258,20,3,12,308,278,278,0,196,132,64,9913.82,570,1.474,1.6,0.1261,True,2303,0,1163,1447,10000.06,monte_carlo_run_1403_seed_1445.log
1404,29,1,1,1,-1,-1,1446,3101,0.233,4.79,True,Incontro Flotta Deep-Space,5065.15,28.77,Collaborativa,595,0,1691,37.33,190,155,15,5,10,168,168,168,0,110,64,46,9281.86,302,1.6,1.6,0.0,False,1431,0,472,504,10000.0,monte_carlo_run_1404_seed_1446.log
1405,29,1,1,1,-1,-1,1447,3101,0.216,5.09,True,Incontro Flotta Deep-Space,1306.13,16.54,Biosfera Primitiva,60,0,2449,52.7,299,229,24,6,13,265,258,258,0,168,111,57,9704.79,498,1.6,1.6,0.0,False,2089,0,817,936,10000.01,monte_carlo_run_1405_seed_1447.log
1406,29,1,1,1,-1,-1,1448,3101,0.427,10.21,True,Contatto Planetario / Biofirme,324.26,17.17,Cauta,14,1,2498,27.9,307,232,27,9,15,267,257,257,0,181,122,59,9784.86,561,1.54,1.6,0.0595,True,2191,0,988,1085,10000.15,monte_carlo_run_1406_seed_1448.log
1407,29,1,1,1,-1,-1,1449,3101,0.515,7.84,True,Contatto Planetario / Biofirme,249.7,13.93,Predatoria,15,0,2523,27.28,303,236,24,6,15,268,246,246,0,170,114,56,9689.24,580,1.6,1.6,0.0,False,2217,0,1149,1254,10000.3,monte_carlo_run_1407_seed_1449.log
1408,29,1,1,1,-1,-1,1450,3101,0.306,7.62,True,Contatto Planetario / Biofirme,455.86,19.39,Predatoria,23,1,2654,42.28,324,233,18,4,9,291,271,271,0,181,120,61,9800.12,558,1.6,1.6,0.0,False,2332,0,882,1039,10000.13,monte_carlo_run_1408_seed_1450.log
1409,29,1,1,1,-1,-1,1451,3101,0.42,5.19,True,Incontro Flotta Deep-Space,3135.44,14.09,Biosfera Primitiva,244,0,2288,34.25,288,228,12,4,7,267,265,265,0,177,85,92,9792.58,521,1.6,1.6,0.0,False,1953,0,1001,1061,10000.03,monte_carlo_run_1409_seed_1451.log
1410,29,1,1,1,-1,-1,1452,3101,0.324,7.06,True,Contatto Planetario / Biofirme,1521.04,14.3,Cauta,172,0,2399,33.15,265,205,23,5,15,234,222,222,0,162,114,48,9624.77,478,1.6,1.6,0.0,False,2130,0,812,918,10000.32,monte_carlo_run_1410_seed_1452.log
1411,29,1,1,1,-1,-1,1453,3101,0.546,8.78,True,Incontro Flotta Deep-Space,1245.05,8.06,Collaborativa,153,0,2568,33.9,293,212,20,5,14,259,250,250,0,170,98,72,9730.72,533,1.6,1.6,0.0,False,2277,0,807,879,10000.04,monte_carlo_run_1411_seed_1453.log
1412,29,1,1,1,-1,-1,1454,3101,0.293,7.03,True,Incontro Flotta Deep-Space,670.11,6.06,Biosfera Primitiva,35,0,2535,24.19,304,232,16,3,11,278,240,240,0,165,103,62,9722.35,541,1.6,1.6,0.0,False,2227,0,964,1110,10000.03,monte_carlo_run_1412_seed_1454.log
1413,29,1,1,1,-1,-1,1455,3101,0.352,6.68,True,Contatto Planetario / Biofirme,512.37,17.47,Cauta,21,0,2196,22.31,261,200,17,4,11,235,179,179,0,128,92,36,9434.53,391,1.6,1.6,0.0,False,1936,0,717,1004,10000.01,monte_carlo_run_1413_seed_1455.log
1414,29,1,1,1,-1,-1,1456,3101,0.5,10.97,True,Contatto Planetario / Biofirme,21.35,10.68,Collaborativa,2,1,2704,42.02,315,251,21,2,16,275,254,254,0,181,118,63,9727.79,567,1.529,1.6,0.0713,True,2393,0,929,1079,10000.07,monte_carlo_run_1414_seed_1456.log
1415,29,1,1,1,-1,-1,1457,3101,0.599,8.94,True,Contatto Planetario / Biofirme,214.28,13.92,Diffidente,18,1,2584,32.8,312,246,29,2,24,270,242,242,0,164,111,53,9642.47,518,1.6,1.6,0.0,False,2272,0,863,1000,10000.08,monte_carlo_run_1415_seed_1457.log
1416,29,1,1,1,-1,-1,1458,3101,0.313,6.21,True,Contatto Planetario / Biofirme,67.81,9.02,Ostile,6,3,2438,32.53,308,226,27,1,19,258,240,240,0,170,118,52,9742.18,517,1.593,1.6,0.0074,True,2131,0,891,1010,10000.01,monte_carlo_run_1416_seed_1458.log
1417,29,1,1,1,-1,-1,1459,3101,0.46,9.09,True,Contatto Planetario / Biofirme,28.35,12.07,Diffidente,3,1,2657,37.19,295,229,26,3,17,252,243,243,0,172,94,78,9763.02,548,1.6,1.6,0.0,False,2362,0,847,913,10000.03,monte_carlo_run_1417_seed_1459.log
1418,29,1,1,1,-1,-1,1460,3101,0.258,6.35,True,Incontro Flotta Deep-Space,3350.05,21.65,Biosfera Primitiva,613,0,2587,44.82,312,222,19,2,13,283,264,264,0,170,114,56,9725.51,524,1.6,1.6,0.0,False,2274,0,777,900,10000.0,monte_carlo_run_1418_seed_1460.log
1419,29,1,1,1,-1,-1,1461,3101,0.236,3.15,False,Solitudine / Nessun Contatto,,,Nessuna,1,0,1,0.0,3,3,3,0,3,0,0,0,0,0,0,0,8500.0,1,0.985,0.985,0.0,False,0,0,0,2,0.02,monte_carlo_run_1419_seed_1461.log
1420,29,1,1,1,-1,-1,1462,3101,0.328,4.76,True,Contatto Planetario / Biofirme,3804.87,30.44,Cauta,429,1,1717,44.7,182,133,16,4,9,163,163,163,0,104,68,36,9240.7,293,1.6,1.6,0.0,False,1454,0,408,434,10000.07,monte_carlo_run_1420_seed_1462.log
1421,29,1,1,1,-1,-1,1463,3101,0.416,8.5,True,Incontro Flotta Deep-Space,648.71,7.43,Collaborativa,37,1,2764,27.0,341,254,21,4,13,302,285,285,0,211,151,60,10009.04,663,1.587,1.6,0.0128,True,2423,0,1199,1403,10000.03,monte_carlo_run_1421_seed_1463.log
1422,29,1,1,1,-1,-1,1464,3101,0.54,12.31,True,Contatto Planetario / Biofirme,12.23,6.6,Cauta,2,0,2712,35.49,305,239,27,7,15,270,249,249,0,174,120,54,9725.5,523,1.592,1.6,0.0084,True,2405,0,870,1021,10000.15,monte_carlo_run_1422_seed_1464.log
1423,29,1,1,1,-1,-1,1465,3101,0.539,9.79,True,Contatto Planetario / Biofirme,5.01,2.7,Collaborativa,2,2,2584,35.96,326,245,36,8,25,275,263,263,0,191,96,95,9800.92,604,1.6,1.6,0.0,False,2256,0,1086,1187,10000.2,monte_carlo_run_1423_seed_1465.log
1424,29,1,1,1,-1,-1,1466,3101,0.333,4.95,True,Incontro Flotta Deep-Space,1054.66,5.68,Biosfera Primitiva,71,0,2413,52.76,291,230,22,1,17,255,254,254,0,176,91,85,9723.39,508,1.557,1.6,0.0431,True,2043,0,938,1010,10000.01,monte_carlo_run_1424_seed_1466.log
1425,29,1,1,1,-1,-1,1467,3101,0.467,9.93,True,Contatto Planetario / Biofirme,132.78,14.5,Diffidente,10,2,2732,18.05,350,270,23,4,17,311,300,300,0,205,121,84,9942.09,643,1.6,1.6,0.0,False,2379,0,1117,1243,10000.03,monte_carlo_run_1425_seed_1467.log
1426,29,1,1,1,-1,-1,1468,3101,0.367,8.32,True,Contatto Planetario / Biofirme,96.73,8.41,Cauta,6,0,2691,29.69,292,220,13,3,10,271,190,190,0,124,105,19,9352.08,511,1.566,1.6,0.0342,True,2401,0,705,1003,10000.1,monte_carlo_run_1426_seed_1468.log
1427,29,1,1,1,-1,-1,1469,3101,0.218,3.0,False,Solitudine / Nessun Contatto,,,Nessuna,1,0,1,0.0,2,2,2,1,1,0,0,0,0,0,0,0,8500.0,2,1.0,1.0,0.0,False,0,0,0,1,0.02,monte_carlo_run_1427_seed_1469.log
1428,29,1,1,1,-1,-1,1470,3101,0.454,10.12,True,Incontro Flotta Deep-Space,6253.33,17.96,Collaborativa,2094,0,2618,33.14,309,231,20,8,9,279,222,222,0,156,114,42,9615.71,558,1.6,1.6,0.0,False,2306,0,1046,1343,10000.2,monte_carlo_run_1428_seed_1470.log
1429,29,1,1,1,-1,-1,1471,3101,0.598,13.77,True,Contatto Planetario / Biofirme,72.69,11.12,Ostile,5,0,2641,32.4,283,213,26,9,12,245,224,224,0,144,91,53,9599.87,470,1.6,1.6,0.0,False,2357,0,620,736,10000.08,monte_carlo_run_1429_seed_1471.log
1430,29,1,1,1,-1,-1,1472,3101,0.366,8.02,True,Contatto Planetario / Biofirme,1045.47,11.87,Collaborativa,72,0,2647,27.64,350,276,26,4,19,309,297,297,0,214,153,61,9935.99,682,1.554,1.6,0.0464,True,2292,0,1242,1358,10000.02,monte_carlo_run_1430_seed_1472.log
1431,29,1,1,1,-1,-1,1473,3101,0.378,4.72,True,Incontro Flotta Deep-Space,2756.64,12.25,Biosfera Primitiva,330,1,2090,41.59,265,212,17,4,10,240,239,239,0,155,68,87,9662.93,488,1.6,1.6,0.0,False,1713,0,821,872,10000.05,monte_carlo_run_1431_seed_1473.log
1432,29,1,1,1,-1,-1,1474,3101,0.513,11.98,True,Contatto Planetario / Biofirme,193.22,10.3,Collaborativa,11,0,2642,18.43,302,245,21,4,13,275,262,262,0,179,130,49,9764.6,555,1.6,1.6,0.0,False,2339,0,848,999,10000.07,monte_carlo_run_1432_seed_1474.log
1433,29,1,1,1,-1,-1,1475,3101,0.599,13.43,True,Contatto Planetario / Biofirme,94.91,16.99,Ostile,8,0,2509,21.49,303,230,18,5,10,275,248,248,0,171,119,52,9681.94,545,1.581,1.6,0.0186,True,2208,0,880,1044,10000.02,monte_carlo_run_1433_seed_1475.log
1434,29,1,1,1,-1,-1,1476,3101,0.556,7.87,True,Contatto Planetario / Biofirme,796.81,13.64,Cauta,73,2,2558,51.06,306,222,15,2,12,279,243,243,0,163,123,40,9689.28,540,1.518,1.6,0.0825,True,2250,0,839,1067,10000.01,monte_carlo_run_1434_seed_1476.log
1435,29,1,1,1,-1,-1,1477,3101,0.226,4.37,True,Incontro Flotta Deep-Space,941.48,8.84,Biosfera Primitiva,36,0,887,39.31,95,75,3,1,2,90,90,90,0,61,40,21,8938.57,155,1.547,1.6,0.0533,True,724,0,232,273,10000.14,monte_carlo_run_1435_seed_1477.log
1436,29,1,1,1,-1,-1,1478,3101,0.305,4.1,True,Incontro Flotta Deep-Space,1558.69,7.89,Collaborativa,43,1,85,21.39,14,9,1,0,1,11,11,11,0,10,7,3,8564.98,29,0.95,1.6,0.6499,True,60,0,43,54,10004.54,monte_carlo_run_1436_seed_1478.log
1437,29,1,1,1,-1,-1,1479,3101,0.242,3.56,False,Solitudine / Nessun Contatto,,,Nessuna,6,0,6,6.5,3,2,2,1,1,0,0,0,0,0,0,0,8500.0,2,1.028,1.028,0.0,False,3,0,2,2,240.6,monte_carlo_run_1437_seed_1479.log
1438,29,1,1,1,-1,-1,1480,3101,0.286,4.91,True,Incontro Flotta Deep-Space,5777.19,31.61,Biosfera Primitiva,888,0,2123,50.68,253,203,24,5,18,218,217,217,0,157,88,69,9612.91,428,1.6,1.6,0.0,False,1778,0,899,954,10000.03,monte_carlo_run_1438_seed_1480.log
1439,29,1,1,1,-1,-1,1481,3101,0.584,11.85,False,Solitudine / Nessun Contatto,,,Nessuna,11,2,11,22.56,11,6,1,1,0,7,7,7,0,0,0,0,8501.39,2,1.053,0.872,-0.1815,False,1,0,1,1,247.86,monte_carlo_run_1439_seed_1481.log
1440,29,1,1,1,-1,-1,1482,3101,0.513,10.68,True,Contatto Planetario / Biofirme,103.15,7.38,Collaborativa,5,0,2224,36.53,268,201,13,1,10,246,237,237,0,165,105,60,9651.9,490,1.517,1.6,0.0829,True,1953,0,809,895,10000.03,monte_carlo_run_1440_seed_1482.log
1441,29,1,1,1,-1,-1,1483,3101,0.432,8.87,True,Contatto Planetario / Biofirme,180.59,12.35,Diffidente,10,0,2611,34.43,340,261,25,5,18,304,245,245,0,172,143,29,9728.58,605,1.6,1.6,0.0,False,2269,0,1172,1512,10000.31,monte_carlo_run_1441_seed_1483.log
1442,29,1,1,1,-1,-1,1484,3101,0.398,5.2,True,Contatto Planetario / Biofirme,146.09,7.54,Collaborativa,8,1,2619,47.12,332,248,26,7,17,290,287,287,0,203,88,115,10010.52,582,1.6,1.6,0.0,False,2238,0,1099,1145,10000.0,monte_carlo_run_1442_seed_1484.log
1443,29,1,1,1,-1,-1,1485,3101,0.587,7.65,True,Contatto Planetario / Biofirme,128.15,14.07,Collaborativa,9,1,2717,30.13,325,253,28,7,15,287,266,266,0,191,111,80,9902.26,614,1.6,1.6,0.0,False,2388,0,1126,1259,10000.11,monte_carlo_run_1443_seed_1485.log
1444,29,1,1,1,-1,-1,1486,3101,0.23,5.59,True,Contatto Planetario / Biofirme,1323.96,16.54,Cauta,80,0,2513,38.27,315,234,21,4,15,284,263,263,0,185,111,74,9741.7,587,1.6,1.6,0.0,False,2185,0,1099,1291,10000.28,monte_carlo_run_1444_seed_1486.log
1445,29,1,1,1,-1,-1,1487,3101,0.274,4.03,False,Solitudine / Nessun Contatto,,,Nessuna,14,0,14,13.43,4,3,1,0,1,3,3,3,0,2,1,1,8513.6,5,0.866,1.149,0.2835,True,8,0,1,3,1289.26,monte_carlo_run_1445_seed_1487.log
1446,29,1,1,1,-1,-1,1488,3101,0.397,9.09,True,Contatto Planetario / Biofirme,170.48,8.58,Diffidente,7,1,2618,31.85,321,252,26,6,18,277,258,258,0,176,109,67,9734.96,590,1.564,1.6,0.0362,True,2295,0,929,1046,10000.01,monte_carlo_run_1446_seed_1488.log
1447,29,1,1,1,-1,-1,1489,3101,0.444,5.88,True,Contatto Planetario / Biofirme,5.81,2.58,Cauta,2,1,2558,36.27,297,229,17,4,10,266,257,257,0,204,140,64,9902.36,604,1.6,1.6,0.0,False,2250,0,1253,1426,10000.16,monte_carlo_run_1447_seed_1489.log
1448,29,1,1,1,-1,-1,1490,3101,0.439,7.64,True,Contatto Planetario / Biofirme,254.96,13.4,Collaborativa,14,1,2578,41.44,301,224,27,4,20,258,254,254,0,174,102,72,9749.2,558,1.6,1.6,0.0,False,2276,0,917,991,10000.0,monte_carlo_run_1448_seed_1490.log
1449,29,1,1,1,-1,-1,1491,3101,0.21,4.13,False,Solitudine / Nessun Contatto,,,Nessuna,332,0,332,44.66,37,25,1,1,0,34,34,34,0,21,21,0,8654.72,56,1.322,1.6,0.2776,True,264,0,44,55,10000.08,monte_carlo_run_1449_seed_1491.log
1450,29,1,1,1,-1,-1,1492,3101,0.557,9.24,True,Contatto Planetario / Biofirme,431.52,18.77,Diffidente,49,0,2644,25.56,304,232,19,6,12,273,236,236,0,166,121,45,9600.84,551,1.6,1.6,0.0,False,2343,0,875,1052,10000.13,monte_carlo_run_1450_seed_1492.log
1451,30,1,1,1,-1,1,1493,3101,0.52,10.71,True,Contatto Planetario / Biofirme,267.57,18.48,Cauta,19,1,2576,38.82,328,240,29,6,18,282,254,254,0,173,119,54,9701.56,612,1.6,1.6,0.0,False,2244,0,1140,1323,10000.15,monte_carlo_run_1451_seed_1493.log
1452,30,1,1,1,-1,1,1494,3101,0.426,9.41,False,Solitudine / Nessun Contatto,,,Nessuna,2693,0,2693,7.47,340,258,25,5,17,302,76,76,0,45,43,2,8828.1,593,1.571,1.6,0.0293,True,2353,0,1059,1414,10000.36,monte_carlo_run_1452_seed_1494.log
1453,30,1,1,1,-1,1,1495,3101,0.534,9.13,True,Contatto Planetario / Biofirme,440.76,12.69,Diffidente,87,0,2686,37.26,324,252,24,1,16,292,112,112,0,84,66,18,9042.41,580,1.592,1.6,0.0077,True,2360,0,1063,1387,10000.49,monte_carlo_run_1453_seed_1495.log
1454,30,1,1,1,-1,1,1496,3101,0.341,4.41,True,Incontro Flotta Deep-Space,5147.16,22.97,Biosfera Primitiva,203,0,554,43.06,59,48,7,1,6,50,50,50,0,28,22,6,8720.25,71,1.579,1.6,0.0215,True,455,0,47,62,10000.32,monte_carlo_run_1454_seed_1496.log
1455,30,1,1,1,-1,1,1497,3101,0.377,8.39,True,Contatto Planetario / Biofirme,103.01,6.93,Ostile,14,0,2273,16.91,277,208,22,5,15,242,132,132,0,93,77,16,9138.68,417,1.6,1.6,0.0,False,1994,0,657,917,10000.04,monte_carlo_run_1455_seed_1497.log
1456,30,1,1,1,-1,1,1498,3101,0.511,8.03,True,Contatto Planetario / Biofirme,21.94,5.41,Diffidente,3,0,6,10.85,6,6,4,1,3,2,2,2,0,0,0,0,8500.37,2,1.001,0.783,-0.2171,False,0,0,0,0,157.82,monte_carlo_run_1456_seed_1498.log
1457,30,1,1,1,-1,1,1499,3101,0.319,6.26,True,Contatto Planetario / Biofirme,12.53,4.0,Diffidente,7,0,2561,33.39,307,233,27,5,14,266,145,145,0,101,69,32,9210.3,517,1.6,1.6,0.0,False,2250,0,803,1129,10000.27,monte_carlo_run_1457_seed_1499.log
1458,30,1,1,1,-1,1,1500,3101,0.419,10.25,True,Incontro Flotta Deep-Space,1990.96,11.49,Biosfera Primitiva,239,0,2836,27.39,356,279,25,4,16,324,314,314,0,216,113,103,10023.04,719,1.6,1.6,0.0,False,2481,0,1263,1337,10000.03,monte_carlo_run_1458_seed_1500.log
1459,30,1,1,1,-1,1,1501,3101,0.298,5.7,True,Incontro Flotta Deep-Space,229.7,4.94,Predatoria,19,0,2043,37.28,266,202,22,2,16,229,225,225,0,150,98,52,9601.74,399,1.543,1.6,0.0572,True,1767,0,716,808,10000.06,monte_carlo_run_1459_seed_1501.log
1460,30,1,1,1,-1,1,1502,3101,0.358,5.24,True,Incontro Flotta Deep-Space,1940.6,15.87,Collaborativa,164,0,2441,37.23,307,221,15,4,8,280,278,278,0,194,93,101,9873.2,545,1.6,1.6,0.0,False,2102,0,1024,1092,10000.03,monte_carlo_run_1460_seed_1502.log
1461,30,1,1,1,-1,1,1503,3101,0.258,5.43,True,Incontro Flotta Deep-Space,1572.21,10.57,Biosfera Primitiva,65,0,2365,41.37,283,220,17,4,11,258,243,243,0,161,108,53,9650.15,455,1.6,1.6,0.0,False,2064,0,799,929,10000.0,monte_carlo_run_1461_seed_1503.log
1462,30,1,1,1,-1,1,1504,3101,0.454,9.96,True,Contatto Planetario / Biofirme,707.69,16.1,Predatoria,88,0,2777,32.62,310,236,29,4,19,272,149,149,0,108,80,28,9224.62,546,1.524,1.6,0.0756,True,2465,0,898,1141,10000.16,monte_carlo_run_1462_seed_1504.log
1463,30,1,1,1,-1,1,1505,3101,0.55,7.03,True,Contatto Planetario / Biofirme,374.99,16.01,Ostile,31,0,2626,29.94,294,208,18,5,10,266,195,195,0,136,95,41,9472.06,546,1.597,1.6,0.0031,True,2330,0,842,1009,10000.02,monte_carlo_run_1463_seed_1505.log
1464,30,1,1,1,-1,1,1506,3101,0.467,10.77,True,Incontro Flotta Deep-Space,9648.02,25.89,Biosfera Primitiva,2077,0,2129,32.66,235,182,23,7,11,205,164,164,0,116,84,32,9341.61,403,1.6,1.6,0.0,False,1892,0,688,827,10000.04,monte_carlo_run_1464_seed_1506.log
1465,30,1,1,1,-1,1,1507,3101,0.287,4.35,False,Solitudine / Nessun Contatto,,,Nessuna,938,0,938,10.74,124,89,7,3,4,111,0,0,0,0,0,0,8500.0,259,1.6,1.6,0.0,False,731,0,370,417,10000.14,monte_carlo_run_1465_seed_1507.log
1466,30,1,1,1,-1,1,1508,3101,0.353,5.34,True,Incontro Flotta Deep-Space,3574.16,8.6,Biosfera Primitiva,528,0,2495,36.8,293,225,24,3,19,260,194,194,0,133,88,45,9393.83,489,1.6,1.6,0.0,False,2177,0,870,1029,10000.13,monte_carlo_run_1466_seed_1508.log
1467,30,1,1,1,-1,1,1509,3101,0.463,6.62,True,Contatto Planetario / Biofirme,10.57,4.9,Collaborativa,5,0,2600,29.3,292,235,21,1,14,257,194,194,0,142,96,46,9457.52,511,1.6,1.6,0.0,False,2307,0,767,958,10000.13,monte_carlo_run_1467_seed_1509.log
1468,30,1,1,1,-1,1,1510,3101,0.223,4.3,True,Incontro Flotta Deep-Space,4315.48,19.04,Biosfera Primitiva,204,0,829,48.46,106,84,12,1,9,86,86,86,0,59,45,14,8921.03,149,1.593,1.6,0.0069,True,663,0,148,174,10000.07,monte_carlo_run_1468_seed_1510.log
1469,30,1,1,1,-1,1,1511,3101,0.338,5.58,True,Incontro Flotta Deep-Space,642.37,4.26,Biosfera Primitiva,24,1,2403,22.46,302,231,28,5,21,259,252,252,0,181,96,85,9780.37,561,1.6,1.6,0.0,False,2080,0,977,1045,10000.22,monte_carlo_run_1469_seed_1511.log
1470,30,1,1,1,-1,1,1512,3101,0.556,9.06,True,Incontro Flotta Deep-Space,5070.46,21.71,Biosfera Primitiva,1156,0,2660,25.12,322,247,19,4,12,295,277,277,0,189,136,53,9761.02,589,1.6,1.6,0.0,False,2338,0,1065,1243,10000.03,monte_carlo_run_1470_seed_1512.log
1471,30,1,1,1,-1,1,1513,3101,0.227,5.41,True,Incontro Flotta Deep-Space,1830.71,6.28,Leale alla Madrepatria,408,0,2763,32.62,347,261,21,4,16,311,75,75,0,54,46,8,8906.28,629,1.576,1.6,0.0238,True,2376,0,1143,1454,10000.07,monte_carlo_run_1471_seed_1513.log
1472,30,1,1,1,-1,1,1514,3101,0.303,6.29,True,Incontro Flotta Deep-Space,2963.14,5.99,Biosfera Primitiva,305,0,2642,28.54,347,258,25,5,18,305,246,246,0,181,130,51,9783.39,609,1.6,1.6,0.0,False,2296,0,1242,1486,10000.01,monte_carlo_run_1472_seed_1514.log
1473,30,1,1,1,-1,1,1515,3101,0.221,4.03,True,Incontro Flotta Deep-Space,230.54,4.01,Diffidente,20,0,77,7.75,7,5,1,0,1,4,1,1,0,1,1,0,8509.8,16,0.874,0.1,-0.7735,False,58,0,4,11,4249.12,monte_carlo_run_1473_seed_1515.log
1474,30,1,1,1,-1,1,1516,3101,0.423,8.48,True,Incontro Flotta Deep-Space,154.06,12.9,Collaborativa,23,1,2696,30.08,341,258,24,6,17,305,98,98,0,70,56,14,9005.41,565,1.566,1.6,0.0342,True,2352,0,940,1352,10000.2,monte_carlo_run_1474_seed_1516.log
1475,30,1,1,1,-1,1,1517,3101,0.21,4.67,True,Incontro Flotta Deep-Space,3776.81,23.68,Biosfera Primitiva,306,0,1967,36.49,268,218,19,6,9,238,236,236,0,160,83,77,9613.74,413,1.572,1.6,0.028,True,1593,0,787,893,10000.07,monte_carlo_run_1475_seed_1517.log
1476,30,1,1,1,-1,1,1518,3101,0.539,8.22,True,Incontro Flotta Deep-Space,2239.54,7.99,Biosfera Primitiva,481,0,2679,15.04,324,258,24,3,19,287,120,120,0,77,68,9,9008.86,544,1.519,1.6,0.0812,True,2353,0,864,1218,10000.03,monte_carlo_run_1476_seed_1518.log
1477,30,1,1,1,-1,1,1519,3101,0.44,5.81,True,Contatto Planetario / Biofirme,275.27,14.91,Collaborativa,43,0,2559,25.44,352,250,28,6,19,309,69,69,0,52,46,6,8855.26,607,1.474,1.6,0.1258,True,2202,0,1055,1480,10000.14,monte_carlo_run_1477_seed_1519.log
1478,30,1,1,1,-1,1,1520,3101,0.305,6.43,True,Contatto Planetario / Biofirme,29.72,6.88,Predatoria,3,0,2555,29.11,310,240,29,4,23,265,256,256,0,181,110,71,9823.06,556,1.6,1.6,0.0,False,2241,0,960,1059,10000.03,monte_carlo_run_1478_seed_1520.log
1479,30,1,1,1,-1,1,1521,3101,0.395,6.0,True,Incontro Flotta Deep-Space,299.34,6.4,Diffidente,31,0,2620,13.9,322,244,24,3,17,284,87,87,0,62,51,11,8911.85,574,1.6,1.6,0.0,False,2293,0,1073,1342,10000.05,monte_carlo_run_1479_seed_1521.log
1480,30,1,1,1,-1,1,1522,3101,0.562,10.11,True,Contatto Planetario / Biofirme,271.25,13.54,Collaborativa,17,0,2572,36.81,302,226,29,3,23,257,209,209,0,136,99,37,9503.61,486,1.6,1.6,0.0,False,2270,0,722,931,10000.38,monte_carlo_run_1480_seed_1522.log
1481,30,1,1,1,-1,1,1523,3101,0.258,4.95,True,Incontro Flotta Deep-Space,3457.98,15.44,Biosfera Primitiva,250,0,1792,47.17,212,168,19,4,11,186,169,169,0,110,73,37,9263.3,294,1.502,1.6,0.0979,True,1532,0,448,539,10000.05,monte_carlo_run_1481_seed_1523.log
1482,30,1,1,1,-1,1,1524,3101,0.358,4.82,True,Incontro Flotta Deep-Space,1901.12,5.79,Collaborativa,319,1,2452,35.08,297,227,25,4,17,257,42,42,0,31,27,4,8707.9,505,1.389,1.6,0.2114,True,2059,0,787,993,10000.05,monte_carlo_run_1482_seed_1524.log
1483,30,1,1,1,-1,1,1525,3101,0.366,4.61,True,Contatto Planetario / Biofirme,16.98,5.27,Collaborativa,3,0,1376,46.75,165,129,13,3,9,146,137,137,0,86,60,26,9122.5,258,1.6,1.6,0.0,False,1127,0,402,467,10000.0,monte_carlo_run_1483_seed_1525.log
1484,30,1,1,1,-1,1,1526,3101,0.562,13.17,True,Incontro Flotta Deep-Space,2388.7,5.95,Biosfera Primitiva,307,0,2406,21.77,302,233,16,3,11,278,258,258,0,174,109,65,9765.0,544,1.6,1.6,0.0,False,2101,0,1067,1205,10000.05,monte_carlo_run_1484_seed_1526.log
1485,30,1,1,1,-1,1,1527,3101,0.549,7.79,True,Incontro Flotta Deep-Space,687.63,10.3,Predatoria,98,0,2630,26.44,324,250,22,3,10,286,60,60,0,43,30,13,8812.25,630,1.583,1.6,0.0173,True,2306,0,1072,1276,10000.09,monte_carlo_run_1485_seed_1527.log
1486,30,1,1,1,-1,1,1528,3101,0.57,7.89,True,Contatto Planetario / Biofirme,11.48,6.54,Predatoria,2,0,2584,30.42,305,235,21,2,16,270,256,256,0,176,112,64,9766.84,549,1.6,1.6,0.0,False,2277,0,848,960,10000.15,monte_carlo_run_1486_seed_1528.log
1487,30,1,1,1,-1,1,1529,3101,0.565,7.35,True,Incontro Flotta Deep-Space,60.55,0.0,Diffidente,11,0,2673,20.51,352,269,25,3,21,310,84,84,0,60,56,4,8894.5,613,1.544,1.6,0.0562,True,2318,0,1164,1534,10000.59,monte_carlo_run_1487_seed_1529.log
1488,30,1,1,1,-1,1,1530,3101,0.374,5.06,True,Contatto Planetario / Biofirme,147.16,8.32,Collaborativa,10,1,2417,49.86,295,216,24,4,15,260,218,218,0,141,95,46,9528.1,471,1.537,1.6,0.0629,True,2070,0,806,993,10000.01,monte_carlo_run_1488_seed_1530.log
1489,30,1,1,1,-1,1,1531,3101,0.532,12.42,True,Contatto Planetario / Biofirme,217.43,21.6,Ostile,16,3,2470,35.12,302,231,22,4,12,267,245,245,0,162,96,66,9709.99,556,1.6,1.6,0.0,False,2167,0,958,1075,10000.05,monte_carlo_run_1489_seed_1531.log
1490,30,1,1,1,-1,1,1532,3101,0.502,8.25,True,Contatto Planetario / Biofirme,1.99,1.0,Ostile,2,0,5,6.25,5,3,2,1,1,3,3,3,0,0,0,0,8500.34,2,1.001,0.784,-0.2169,False,0,0,0,0,150.56,monte_carlo_run_1490_seed_1532.log
1491,30,1,1,1,-1,1,1533,3101,0.258,4.17,False,Solitudine / Nessun Contatto,,,Nessuna,4,0,4,5.48,1,1,1,1,0,0,0,0,0,0,0,0,8500.0,2,1.005,1.005,0.0,False,2,0,0,0,227.75,monte_carlo_run_1491_seed_1533.log
1492,30,1,1,1,-1,1,1534,3101,0.484,9.63,True,Incontro Flotta Deep-Space,39.96,8.76,Collaborativa,10,0,2590,35.51,287,219,16,2,9,257,157,157,0,99,77,22,9204.72,492,1.591,1.6,0.0091,True,2303,0,648,875,10000.23,monte_carlo_run_1492_seed_1534.log
1493,30,1,1,1,-1,1,1535,3101,0.556,8.21,True,Incontro Flotta Deep-Space,8.91,6.56,Ostile,4,0,2230,10.71,290,218,15,4,9,262,1,1,0,1,1,0,8506.0,478,0.938,0.1,-0.8383,False,1934,0,858,1016,10000.14,monte_carlo_run_1493_seed_1535.log
1494,30,1,1,1,-1,1,1536,3101,0.386,6.6,True,Contatto Planetario / Biofirme,713.47,16.1,Diffidente,23,2,2692,37.6,354,265,28,7,12,310,293,293,0,212,118,94,10110.55,678,1.6,1.6,0.0,False,2339,0,1368,1502,10000.01,monte_carlo_run_1494_seed_1536.log
1495,30,1,1,1,-1,1,1537,3101,0.259,5.94,True,Incontro Flotta Deep-Space,3778.98,9.23,Biosfera Primitiva,319,1,1842,23.92,228,179,14,2,11,205,204,204,0,142,88,54,9528.41,388,1.6,1.6,0.0,False,1609,0,785,866,10000.51,monte_carlo_run_1495_seed_1537.log
1496,30,1,1,1,-1,1,1538,3101,0.575,10.76,True,Contatto Planetario / Biofirme,310.9,18.72,Diffidente,23,3,2651,37.54,345,257,30,8,17,297,222,222,0,147,111,36,9492.28,567,1.526,1.6,0.074,True,2305,0,938,1291,10000.13,monte_carlo_run_1496_seed_1538.log
1497,30,1,1,1,-1,1,1539,3101,0.508,7.6,True,Contatto Planetario / Biofirme,70.83,10.05,Collaborativa,6,1,2350,10.55,265,209,18,3,12,238,231,231,0,158,103,55,9657.86,485,1.6,1.6,0.0,False,2082,0,741,819,10000.07,monte_carlo_run_1497_seed_1539.log
1498,30,1,1,1,-1,1,1540,3101,0.32,4.22,False,Solitudine / Nessun Contatto,,,Nessuna,267,0,267,7.43,34,28,2,1,1,31,1,1,0,1,1,0,8506.8,78,1.342,0.101,-1.2409,False,211,0,56,97,10000.13,monte_carlo_run_1498_seed_1540.log
1499,30,1,1,1,-1,1,1541,3101,0.389,7.21,True,Contatto Planetario / Biofirme,559.55,8.49,Predatoria,25,1,2336,41.88,284,222,21,1,15,254,240,240,0,173,105,68,9755.71,528,1.579,1.6,0.0213,True,2048,0,884,1003,10000.07,monte_carlo_run_1499_seed_1541.log
1500,30,1,1,1,-1,1,1542,3101,0.361,7.86,True,Incontro Flotta Deep-Space,672.59,6.97,Biosfera Primitiva,38,0,2602,26.02,326,251,25,4,17,285,253,253,0,177,106,71,9723.54,569,1.6,1.6,0.0,False,2275,0,1051,1218,10000.02,monte_carlo_run_1500_seed_1542.log
1501,31,1,1,1,1,-1,1543,3101,0.446,9.43,True,Contatto Planetario / Biofirme,434.72,16.95,Diffidente,24,1,1970,35.3,75,55,9,2,5,62,62,62,0,39,31,8,8795.11,102,1.6,1.6,0.0,False,1894,0,63,73,10000.37,monte_carlo_run_1501_seed_1543.log
1502,31,1,1,1,1,-1,1544,3101,0.563,11.26,False,Solitudine / Nessun Contatto,,,Nessuna,2037,0,2037,46.71,102,77,7,1,4,95,95,95,0,58,45,13,8882.03,157,1.6,1.6,0.0,False,1935,0,124,133,10000.09,monte_carlo_run_1502_seed_1544.log
1503,31,1,1,1,1,-1,1545,3101,0.255,4.9,True,Incontro Flotta Deep-Space,7884.14,21.3,Biosfera Primitiva,276,0,341,37.76,19,14,3,1,2,15,15,15,0,9,6,3,8557.89,25,1.6,1.487,-0.1127,False,307,0,13,17,10001.95,monte_carlo_run_1503_seed_1545.log
1504,31,1,1,1,1,-1,1546,3101,0.488,7.54,True,Contatto Planetario / Biofirme,46.23,9.85,Collaborativa,4,1,2046,34.58,103,78,8,2,4,91,90,90,0,63,49,14,8934.04,170,1.6,1.6,0.0,False,1939,0,139,165,10000.23,monte_carlo_run_1504_seed_1546.log
1505,31,1,1,1,1,-1,1547,3101,0.331,7.94,True,Incontro Flotta Deep-Space,7479.89,21.47,Biosfera Primitiva,1189,0,1753,50.66,75,52,6,2,4,65,65,65,0,43,40,3,8765.37,104,1.6,1.6,0.0,False,1675,0,56,74,10000.03,monte_carlo_run_1505_seed_1547.log
1506,31,1,1,1,1,-1,1548,3101,0.29,4.15,False,Solitudine / Nessun Contatto,,,Nessuna,1,0,1,0.0,1,1,1,1,0,0,0,0,0,0,0,0,8500.0,2,1.0,1.0,0.0,False,0,0,0,0,0.02,monte_carlo_run_1506_seed_1548.log
1507,31,1,1,1,1,-1,1549,3101,0.503,7.23,True,Contatto Planetario / Biofirme,1356.58,21.5,Predatoria,144,1,2239,41.64,111,86,11,2,7,98,86,86,0,58,47,11,8910.46,170,1.6,1.6,0.0,False,2123,0,134,171,10000.06,monte_carlo_run_1507_seed_1549.log
1508,31,1,1,1,1,-1,1550,3101,0.496,10.17,True,Contatto Planetario / Biofirme,300.26,10.76,Diffidente,19,2,1846,36.51,97,75,9,3,6,83,67,67,0,46,39,7,8852.04,131,1.6,1.6,0.0,False,1749,0,96,135,10000.0,monte_carlo_run_1508_seed_1550.log
1509,31,1,1,1,1,-1,1551,3101,0.302,5.38,True,Incontro Flotta Deep-Space,4236.39,20.98,Biosfera Primitiva,238,0,675,40.45,30,24,3,1,2,25,24,24,0,17,14,3,8621.71,49,1.6,1.6,0.0,False,641,0,31,41,10000.34,monte_carlo_run_1509_seed_1551.log
1510,31,1,1,1,1,-1,1552,3101,0.595,14.55,True,Incontro Flotta Deep-Space,1219.74,10.66,Collaborativa,203,1,1806,35.82,78,58,8,3,3,64,63,63,0,41,34,7,8765.9,116,1.6,1.6,0.0,False,1728,0,66,75,10000.4,monte_carlo_run_1510_seed_1552.log
1511,31,1,1,1,1,-1,1553,3101,0.23,3.04,False,Solitudine / Nessun Contatto,,,Nessuna,1,0,1,0.0,2,2,2,1,1,0,0,0,0,0,0,0,8500.0,2,1.0,1.0,0.0,False,0,0,1,1,0.02,monte_carlo_run_1511_seed_1553.log
1512,31,1,1,1,1,-1,1554,3101,0.414,8.78,True,Incontro Flotta Deep-Space,4163.88,19.94,Biosfera Primitiva,263,2,1424,40.39,64,49,3,1,1,55,52,52,0,35,28,7,8740.92,99,1.6,1.6,0.0,False,1352,0,46,58,10000.29,monte_carlo_run_1512_seed_1554.log
1513,31,1,1,1,1,-1,1555,3101,0.536,10.32,True,Contatto Planetario / Biofirme,16.98,9.1,Cauta,2,0,1477,34.29,72,59,5,1,3,66,66,66,0,39,31,8,8796.91,111,1.57,1.6,0.0296,True,1404,0,83,95,10000.33,monte_carlo_run_1513_seed_1555.log
1514,31,1,1,1,1,-1,1556,3101,0.317,6.3,True,Contatto Planetario / Biofirme,3806.5,20.96,Ostile,310,0,1613,38.6,70,50,6,2,3,61,61,61,0,38,32,6,8821.39,90,1.6,1.6,0.0,False,1537,0,54,62,10000.1,monte_carlo_run_1514_seed_1556.log
1515,31,1,1,1,1,-1,1557,3101,0.495,8.01,True,Incontro Flotta Deep-Space,2988.58,12.11,Biosfera Primitiva,464,0,1962,43.2,100,70,7,3,3,85,85,85,0,64,47,17,8986.98,163,1.6,1.6,0.0,False,1861,0,138,161,10000.19,monte_carlo_run_1515_seed_1557.log
1516,31,1,1,1,1,-1,1558,3101,0.228,5.56,False,Solitudine / Nessun Contatto,,,Nessuna,1644,0,1644,31.86,69,50,5,2,2,62,62,62,0,48,37,11,8795.17,105,1.597,1.6,0.0034,True,1561,0,104,114,10000.27,monte_carlo_run_1516_seed_1558.log
1517,31,1,1,1,1,-1,1559,3101,0.439,5.52,True,Contatto Planetario / Biofirme,206.1,7.42,Cauta,12,1,1541,38.8,76,51,8,1,6,64,64,64,0,42,34,8,8826.92,97,1.6,1.6,0.0,False,1452,0,64,92,10000.01,monte_carlo_run_1517_seed_1559.log
1518,31,1,1,1,1,-1,1560,3101,0.566,12.2,True,Incontro Flotta Deep-Space,2048.61,23.93,Biosfera Primitiva,290,0,1833,41.51,74,54,6,1,3,65,58,58,0,37,35,2,8755.92,118,1.6,1.6,0.0,False,1758,0,64,88,10000.12,monte_carlo_run_1518_seed_1560.log
1519,31,1,1,1,1,-1,1561,3101,0.317,4.36,True,Incontro Flotta Deep-Space,8287.61,36.12,Biosfera Primitiva,590,0,701,41.71,36,28,2,1,1,34,34,34,0,24,18,6,8677.33,64,1.6,1.6,0.0,False,607,0,46,48,10000.27,monte_carlo_run_1519_seed_1561.log
1520,31,1,1,1,1,-1,1562,3101,0.427,7.73,True,Incontro Flotta Deep-Space,2450.38,20.57,Collaborativa,182,1,1718,41.06,74,60,6,4,0,64,64,64,0,42,36,6,8829.67,115,1.6,1.6,0.0,False,1644,0,69,75,10000.07,monte_carlo_run_1520_seed_1562.log
1521,31,1,1,1,1,-1,1563,3101,0.599,13.4,True,Contatto Planetario / Biofirme,572.23,35.2,Predatoria,38,0,2184,38.49,108,86,7,3,4,99,85,85,0,59,48,11,8937.96,169,1.6,1.6,0.0,False,2073,0,112,148,10000.15,monte_carlo_run_1521_seed_1563.log
1522,31,1,1,1,1,-1,1564,3101,0.394,8.54,True,Incontro Flotta Deep-Space,2569.5,12.95,Biosfera Primitiva,141,0,1194,32.99,51,40,6,2,2,44,44,44,0,26,22,4,8713.2,72,1.6,1.6,0.0,False,1143,0,36,46,10000.71,monte_carlo_run_1522_seed_1564.log
1523,31,1,1,1,1,-1,1565,3101,0.242,3.65,False,Solitudine / Nessun Contatto,,,Nessuna,2,0,2,2.68,1,1,1,1,0,0,0,0,0,0,0,0,8500.0,2,1.0,1.0,0.0,False,0,0,0,0,44.34,monte_carlo_run_1523_seed_1565.log
1524,31,1,1,1,1,-1,1566,3101,0.262,5.23,True,Incontro Flotta Deep-Space,9347.81,33.42,Biosfera Primitiva,1304,0,1445,44.12,66,51,4,2,2,61,61,61,0,45,38,7,8830.44,93,1.6,1.6,0.0,False,1360,0,75,106,10000.05,monte_carlo_run_1524_seed_1566.log
1525,31,1,1,1,1,-1,1567,3101,0.464,11.04,True,Contatto Planetario / Biofirme,19.61,9.1,Ostile,2,1,1823,34.01,90,68,7,1,4,80,80,80,0,56,42,14,8882.18,132,1.6,1.6,0.0,False,1730,0,94,104,10000.48,monte_carlo_run_1525_seed_1567.log
1526,31,1,1,1,1,-1,1568,3101,0.341,5.02,True,Incontro Flotta Deep-Space,2673.97,0.0,Biosfera Primitiva,200,0,1360,37.21,75,58,10,3,7,64,62,62,0,38,33,5,8774.34,93,1.6,1.6,0.0,False,1251,0,50,60,10000.24,monte_carlo_run_1526_seed_1568.log
1527,31,1,1,1,1,-1,1569,3101,0.565,12.42,True,Contatto Planetario / Biofirme,68.54,10.12,Collaborativa,5,0,1624,46.03,79,59,4,1,2,70,65,65,0,45,34,11,8812.21,122,1.6,1.6,0.0,False,1541,0,96,121,10000.19,monte_carlo_run_1527_seed_1569.log
1528,31,1,1,1,1,-1,1570,3101,0.537,9.03,True,Contatto Planetario / Biofirme,693.68,23.51,Cauta,61,1,2398,39.05,118,83,9,2,5,100,100,100,0,67,47,20,8935.31,172,1.6,1.6,0.0,False,2278,0,133,142,10000.2,monte_carlo_run_1528_seed_1570.log
1529,31,1,1,1,1,-1,1571,3101,0.563,7.74,True,Contatto Planetario / Biofirme,128.32,11.48,Cauta,10,1,1899,56.44,101,72,10,2,7,86,79,79,0,48,39,9,8846.42,148,1.6,1.6,0.0,False,1796,0,93,112,10000.06,monte_carlo_run_1529_seed_1571.log
1530,31,1,1,1,1,-1,1572,3101,0.211,2.71,False,Solitudine / Nessun Contatto,,,Nessuna,1,0,1,0.0,1,1,1,1,0,0,0,0,0,0,0,0,8500.0,2,1.0,1.0,0.0,False,0,0,0,0,0.02,monte_carlo_run_1530_seed_1572.log
1531,31,1,1,1,1,-1,1573,3101,0.408,9.89,True,Incontro Flotta Deep-Space,728.82,9.43,Collaborativa,43,1,2031,52.53,86,66,4,1,3,80,80,80,0,55,45,10,8877.07,153,1.579,1.6,0.021,True,1943,0,114,127,10000.01,monte_carlo_run_1531_seed_1573.log
1532,31,1,1,1,1,-1,1574,3101,0.299,7.34,True,Contatto Planetario / Biofirme,1615.28,12.69,Ostile,130,0,1722,33.47,77,57,6,1,2,68,61,61,0,45,37,8,8830.16,125,1.6,1.6,0.0,False,1641,0,82,100,10000.38,monte_carlo_run_1532_seed_1574.log
1533,31,1,1,1,1,-1,1575,3101,0.282,4.8,False,Solitudine / Nessun Contatto,,,Nessuna,609,0,609,45.59,35,27,3,1,2,26,25,25,0,17,17,0,8615.73,47,1.6,1.6,0.0,False,556,0,26,34,10000.06,monte_carlo_run_1533_seed_1575.log
1534,31,1,1,1,1,-1,1576,3101,0.519,10.95,True,Contatto Planetario / Biofirme,876.24,26.69,Diffidente,113,1,2141,36.8,97,78,9,2,6,82,81,81,0,59,45,14,8930.86,149,1.558,1.6,0.0419,True,2043,0,118,131,10000.2,monte_carlo_run_1534_seed_1576.log
1535,31,1,1,1,1,-1,1577,3101,0.565,14.02,True,Contatto Planetario / Biofirme,16.67,9.42,Predatoria,2,0,1384,34.64,65,42,3,1,2,59,59,59,0,47,32,15,8848.94,137,1.6,1.6,0.0,False,1317,0,145,153,10000.17,monte_carlo_run_1535_seed_1577.log
1536,31,1,1,1,1,-1,1578,3101,0.591,10.74,True,Contatto Planetario / Biofirme,1294.05,10.32,Diffidente,131,0,2021,37.03,95,68,8,2,5,84,82,82,0,62,51,11,8954.27,138,1.6,1.6,0.0,False,1924,0,117,153,10000.29,monte_carlo_run_1536_seed_1578.log
1537,31,1,1,1,1,-1,1579,3101,0.502,10.98,True,Incontro Flotta Deep-Space,754.36,12.24,Collaborativa,76,0,1680,44.43,91,70,7,2,4,80,72,72,0,49,41,8,8831.26,156,1.6,1.6,0.0,False,1586,0,113,141,10000.18,monte_carlo_run_1537_seed_1579.log
1538,31,1,1,1,1,-1,1580,3101,0.399,5.47,True,Contatto Planetario / Biofirme,841.21,15.36,Diffidente,45,0,1093,41.27,52,40,7,2,2,42,42,42,0,25,24,1,8674.61,52,1.6,1.438,-0.1616,False,1031,0,29,36,10000.09,monte_carlo_run_1538_seed_1580.log
1539,31,1,1,1,1,-1,1581,3101,0.462,10.98,True,Contatto Planetario / Biofirme,1547.01,20.87,Ostile,143,0,1785,42.35,78,61,7,3,4,67,67,67,0,51,46,5,8813.99,115,1.6,1.6,0.0,False,1707,0,72,96,10000.83,monte_carlo_run_1539_seed_1581.log
1540,31,1,1,1,1,-1,1582,3101,0.377,4.7,True,Contatto Planetario / Biofirme,505.93,11.56,Predatoria,18,0,576,49.79,25,16,5,2,3,19,19,19,0,14,12,2,8592.06,37,1.6,1.538,-0.0622,False,530,0,15,22,10000.15,monte_carlo_run_1540_seed_1582.log
1541,31,1,1,1,1,-1,1583,3101,0.298,3.9,False,Solitudine / Nessun Contatto,,,Nessuna,16,0,16,10.65,2,2,1,1,0,1,1,1,0,1,1,0,8504.09,3,1.084,1.075,-0.0091,False,10,0,0,1,1410.58,monte_carlo_run_1541_seed_1583.log
1542,31,1,1,1,1,-1,1584,3101,0.376,7.2,True,Contatto Planetario / Biofirme,12.08,4.54,Diffidente,2,0,1822,43.88,75,60,6,1,4,68,68,68,0,50,38,12,8872.93,125,1.6,1.6,0.0,False,1745,0,95,109,10000.09,monte_carlo_run_1542_seed_1584.log
1543,31,1,1,1,1,-1,1585,3101,0.449,8.33,True,Contatto Planetario / Biofirme,3228.09,25.77,Collaborativa,429,0,1508,32.71,61,41,4,1,2,55,55,55,0,38,31,7,8765.59,101,1.6,1.6,0.0,False,1442,0,78,90,10000.3,monte_carlo_run_1543_seed_1585.log
1544,31,1,1,1,1,-1,1586,3101,0.295,6.91,True,Incontro Flotta Deep-Space,2802.98,11.01,Biosfera Primitiva,224,0,1506,36.11,79,62,8,2,5,67,66,66,0,40,32,8,8825.28,91,1.6,1.6,0.0,False,1425,0,66,83,10000.02,monte_carlo_run_1544_seed_1586.log
1545,31,1,1,1,1,-1,1587,3101,0.564,10.55,True,Contatto Planetario / Biofirme,1889.22,25.82,Diffidente,199,1,2109,45.23,91,76,7,1,5,81,81,81,0,50,39,11,8857.21,124,1.6,1.6,0.0,False,2016,0,74,90,10000.08,monte_carlo_run_1545_seed_1587.log
1546,31,1,1,1,1,-1,1588,3101,0.401,6.27,True,Contatto Planetario / Biofirme,4894.8,27.25,Collaborativa,407,0,1431,35.47,71,53,6,1,5,63,63,63,0,35,31,4,8777.45,79,1.6,1.566,-0.0336,False,1356,0,29,46,10000.31,monte_carlo_run_1546_seed_1588.log
1547,31,1,1,1,1,-1,1589,3101,0.301,5.96,True,Incontro Flotta Deep-Space,7888.02,23.09,Biosfera Primitiva,980,2,1604,38.1,96,71,7,2,4,81,81,81,0,54,40,14,8912.78,122,1.6,1.6,0.0,False,1503,0,90,111,10000.11,monte_carlo_run_1547_seed_1589.log
1548,31,1,1,1,1,-1,1590,3101,0.281,4.63,True,Incontro Flotta Deep-Space,7262.01,30.6,Biosfera Primitiva,755,0,1228,39.48,49,42,4,1,3,45,45,45,0,34,28,6,8711.52,75,1.6,1.6,0.0,False,1136,0,62,73,10000.13,monte_carlo_run_1548_seed_1590.log
1549,31,1,1,1,1,-1,1591,3101,0.594,14.37,True,Incontro Flotta Deep-Space,1923.75,0.0,Biosfera Primitiva,244,0,1436,31.23,63,48,6,1,4,54,54,54,0,35,32,3,8748.37,91,1.6,1.6,0.0,False,1370,0,51,56,10000.1,monte_carlo_run_1549_seed_1591.log
1550,31,1,1,1,1,-1,1592,3101,0.277,4.14,True,Incontro Flotta Deep-Space,9321.7,29.1,Biosfera Primitiva,141,0,141,37.09,6,2,1,1,0,5,5,5,0,4,4,0,8521.19,14,1.6,1.414,-0.1863,False,118,0,1,4,10001.4,monte_carlo_run_1550_seed_1592.log
1551,32,1,1,1,1,1,1593,3101,0.584,9.59,True,Contatto Planetario / Biofirme,2065.17,24.07,Cauta,192,1,2057,42.12,101,74,7,3,4,89,89,89,0,59,50,9,8894.63,140,1.6,1.6,0.0,False,1954,0,92,106,10000.08,monte_carlo_run_1551_seed_1593.log
1552,32,1,1,1,1,1,1594,3101,0.565,7.48,True,Contatto Planetario / Biofirme,635.52,16.33,Cauta,39,1,1513,42.21,46,39,5,1,3,39,39,39,0,32,27,5,8723.88,72,1.6,1.6,0.0,False,1465,0,45,51,10000.21,monte_carlo_run_1552_seed_1594.log
1553,32,1,1,1,1,1,1595,3101,0.312,6.83,True,Incontro Flotta Deep-Space,1362.21,3.57,Collaborativa,162,0,1743,34.86,83,56,5,1,4,74,69,69,0,42,32,10,8802.96,118,1.6,1.6,0.0,False,1659,0,87,111,10000.09,monte_carlo_run_1553_seed_1595.log
1554,32,1,1,1,1,1,1596,3101,0.461,6.85,True,Incontro Flotta Deep-Space,254.24,11.13,Cauta,26,0,1194,47.16,52,38,2,1,1,46,33,33,0,18,16,2,8605.99,70,1.6,1.55,-0.0495,False,1138,0,31,40,10000.01,monte_carlo_run_1554_seed_1596.log
1555,32,1,1,1,1,1,1597,3101,0.512,12.75,True,Contatto Planetario / Biofirme,249.23,15.13,Cauta,25,1,1814,37.81,83,62,7,3,3,74,46,46,0,33,26,7,8734.13,135,1.6,1.6,0.0,False,1730,0,83,112,10000.01,monte_carlo_run_1555_seed_1597.log
1556,32,1,1,1,1,1,1598,3101,0.243,3.38,False,Solitudine / Nessun Contatto,,,Nessuna,7,0,7,7.6,1,1,1,1,0,0,0,0,0,0,0,0,8500.0,2,1.014,1.014,0.0,False,5,0,0,0,314.06,monte_carlo_run_1556_seed_1598.log
1557,32,1,1,1,1,1,1599,3101,0.309,5.92,True,Incontro Flotta Deep-Space,2043.4,20.19,Leale alla Madrepatria,307,0,1448,24.17,83,64,8,4,3,73,19,19,0,9,9,0,8563.68,114,1.6,1.137,-0.463,False,1360,0,48,68,10000.02,monte_carlo_run_1557_seed_1599.log
1558,32,1,1,1,1,1,1600,3101,0.586,10.17,True,Incontro Flotta Deep-Space,0.02,8.77,Collaborativa,3,1,1454,34.21,63,47,4,1,2,54,30,30,0,21,21,0,8631.41,111,1.6,1.6,0.0,False,1389,0,51,82,10000.68,monte_carlo_run_1558_seed_1600.log
1559,32,1,1,1,1,1,1601,3101,0.364,5.36,True,Contatto Planetario / Biofirme,28.62,6.79,Ostile,4,0,1701,54.0,88,66,7,1,4,79,76,76,0,51,45,6,8853.59,111,1.576,1.466,-0.1099,False,1593,0,67,90,10000.53,monte_carlo_run_1559_seed_1601.log
1560,32,1,1,1,1,1,1602,3101,0.422,7.19,True,Incontro Flotta Deep-Space,498.36,12.67,Leale alla Madrepatria,43,0,2145,32.8,103,83,8,2,5,87,38,38,0,21,20,1,8664.57,161,1.588,1.418,-0.1703,False,2041,0,112,149,10000.14,monte_carlo_run_1560_seed_1602.log
1561,32,1,1,1,1,1,1603,3101,0.297,7.08,True,Contatto Planetario / Biofirme,562.43,16.52,Collaborativa,27,0,1570,39.92,75,50,5,1,3,65,65,65,0,42,31,11,8787.67,114,1.6,1.6,0.0,False,1494,0,84,94,10000.08,monte_carlo_run_1561_seed_1603.log
1562,32,1,1,1,1,1,1604,3101,0.537,6.84,False,Solitudine / Nessun Contatto,,,Nessuna,1507,0,1507,30.9,68,55,5,1,3,61,18,18,0,10,9,1,8580.02,104,1.6,1.517,-0.0828,False,1434,0,64,82,10000.46,monte_carlo_run_1562_seed_1604.log
1563,32,1,1,1,1,1,1605,3101,0.367,7.16,True,Incontro Flotta Deep-Space,1396.19,0.0,Biosfera Primitiva,41,0,1956,28.88,101,67,5,1,4,91,90,90,0,60,45,15,8909.45,129,1.6,1.6,0.0,False,1852,0,115,140,10000.02,monte_carlo_run_1563_seed_1605.log
1564,32,1,1,1,1,1,1606,3101,0.434,7.21,True,Incontro Flotta Deep-Space,354.3,11.46,Collaborativa,39,0,1011,26.85,53,40,6,2,3,44,14,14,0,11,11,0,8581.77,90,1.6,1.588,-0.0122,False,957,0,58,98,10000.01,monte_carlo_run_1564_seed_1606.log
1565,32,1,1,1,1,1,1607,3101,0.267,6.34,True,Incontro Flotta Deep-Space,3012.04,10.88,Biosfera Primitiva,182,0,1821,31.24,96,75,3,2,1,91,88,88,0,68,49,19,8944.37,159,1.6,1.6,0.0,False,1718,0,176,194,10000.2,monte_carlo_run_1565_seed_1607.log
1566,32,1,1,1,1,1,1608,3101,0.368,5.45,True,Incontro Flotta Deep-Space,3610.5,22.33,Biosfera Primitiva,422,0,1963,33.89,97,74,5,4,1,87,87,87,0,56,41,15,8870.22,135,1.582,1.6,0.0179,True,1846,0,129,146,10000.04,monte_carlo_run_1566_seed_1608.log
1567,32,1,1,1,1,1,1609,3101,0.28,4.93,False,Solitudine / Nessun Contatto,,,Nessuna,1398,0,1398,45.07,74,59,4,1,3,65,65,65,0,51,33,18,8870.17,138,1.6,1.6,0.0,False,1285,0,140,156,10000.07,monte_carlo_run_1567_seed_1609.log
1568,32,1,1,1,1,1,1610,3101,0.412,9.01,True,Incontro Flotta Deep-Space,750.73,4.01,Biosfera Primitiva,45,0,1635,38.99,81,68,12,3,6,65,65,65,0,44,32,12,8810.48,122,1.595,1.6,0.0051,True,1549,0,91,97,10000.16,monte_carlo_run_1568_seed_1610.log
1569,32,1,1,1,1,1,1611,3101,0.398,7.49,True,Incontro Flotta Deep-Space,1558.3,17.65,Biosfera Primitiva,118,0,1919,33.42,104,83,8,2,6,92,92,92,0,67,48,19,9011.47,141,1.6,1.6,0.0,False,1811,0,148,176,10000.1,monte_carlo_run_1569_seed_1611.log
1570,32,1,1,1,1,1,1612,3101,0.371,5.65,True,Incontro Flotta Deep-Space,3830.51,20.12,Biosfera Primitiva,350,1,1161,30.05,51,42,3,1,2,45,44,44,0,31,25,6,8748.64,74,1.6,1.6,0.0,False,1103,0,63,78,10000.24,monte_carlo_run_1570_seed_1612.log
1571,32,1,1,1,1,1,1613,3101,0.35,8.05,True,Incontro Flotta Deep-Space,242.0,12.48,Ostile,33,0,2205,19.72,122,92,9,1,6,104,22,22,0,14,14,0,8604.49,206,1.6,1.6,0.0,False,2081,0,128,175,10000.88,monte_carlo_run_1571_seed_1613.log
1572,32,1,1,1,1,1,1614,3101,0.438,10.56,True,Incontro Flotta Deep-Space,0.02,10.05,Diffidente,2,0,2019,23.31,98,75,9,3,2,85,23,23,0,15,14,1,8599.03,145,1.6,1.272,-0.3277,False,1918,0,60,97,10000.02,monte_carlo_run_1572_seed_1614.log
1573,32,1,1,1,1,1,1615,3101,0.277,5.73,True,Contatto Planetario / Biofirme,1327.31,10.73,Predatoria,44,0,894,38.66,41,37,6,2,3,35,35,35,0,24,20,4,8676.96,59,1.6,1.591,-0.0089,False,851,0,37,47,10000.6,monte_carlo_run_1573_seed_1615.log
1574,32,1,1,1,1,1,1616,3101,0.363,6.32,True,Incontro Flotta Deep-Space,2682.15,13.41,Biosfera Primitiva,222,1,1481,35.13,76,53,9,3,3,64,62,62,0,39,34,5,8790.53,107,1.6,1.6,0.0,False,1401,0,76,100,10000.08,monte_carlo_run_1574_seed_1616.log
1575,32,1,1,1,1,1,1617,3101,0.385,9.27,True,Contatto Planetario / Biofirme,1170.25,19.3,Collaborativa,90,1,1885,31.3,86,66,6,1,5,77,74,74,0,52,41,11,8883.87,136,1.6,1.6,0.0,False,1798,0,120,142,10000.05,monte_carlo_run_1575_seed_1617.log
1576,32,1,1,1,1,1,1618,3101,0.218,5.4,True,Incontro Flotta Deep-Space,2579.34,20.76,Collaborativa,174,0,1447,28.87,77,58,4,1,3,68,64,64,0,43,36,7,8800.41,107,1.6,1.6,0.0,False,1357,0,74,104,10000.08,monte_carlo_run_1576_seed_1618.log
1577,32,1,1,1,1,1,1619,3101,0.509,6.38,True,Incontro Flotta Deep-Space,151.7,7.88,Collaborativa,17,0,1590,14.99,84,65,6,1,3,72,58,58,0,36,30,6,8756.46,105,1.6,1.6,0.0,False,1501,0,75,101,10000.05,monte_carlo_run_1577_seed_1619.log
1578,32,1,1,1,1,1,1620,3101,0.448,10.4,True,Incontro Flotta Deep-Space,697.66,10.11,Biosfera Primitiva,49,2,1830,50.25,90,70,8,2,5,78,78,78,0,55,46,9,8869.94,133,1.6,1.6,0.0,False,1736,0,104,131,10000.58,monte_carlo_run_1578_seed_1620.log
1579,32,1,1,1,1,1,1621,3101,0.467,7.69,True,Contatto Planetario / Biofirme,27.23,12.02,Cauta,3,0,1980,37.87,109,81,10,4,5,96,95,95,0,65,46,19,8941.41,163,1.6,1.6,0.0,False,1869,0,148,192,10000.14,monte_carlo_run_1579_seed_1621.log
1580,32,1,1,1,1,1,1622,3101,0.411,5.97,True,Incontro Flotta Deep-Space,2199.46,20.4,Biosfera Primitiva,91,0,1172,35.11,62,44,5,1,2,56,56,56,0,34,29,5,8769.05,76,1.6,1.6,0.0,False,1107,0,44,62,10000.12,monte_carlo_run_1580_seed_1622.log
1581,32,1,1,1,1,1,1623,3101,0.33,6.9,False,Solitudine / Nessun Contatto,,,Nessuna,1667,0,1667,28.34,73,58,6,1,3,64,19,19,0,14,12,2,8578.71,138,1.6,1.6,0.0,False,1594,0,70,103,10000.36,monte_carlo_run_1581_seed_1623.log
1582,32,1,1,1,1,1,1624,3101,0.394,5.96,True,Incontro Flotta Deep-Space,562.65,15.6,Leale alla Madrepatria,66,1,1742,32.29,87,59,7,1,6,76,25,25,0,20,17,3,8629.61,144,1.6,1.589,-0.0114,False,1646,0,92,138,10000.54,monte_carlo_run_1582_seed_1624.log
1583,32,1,1,1,1,1,1625,3101,0.55,8.69,True,Incontro Flotta Deep-Space,780.51,2.51,Cauta,65,1,1743,38.73,74,57,6,2,4,65,65,65,0,42,39,3,8810.62,108,1.6,1.6,0.0,False,1667,0,48,59,10000.01,monte_carlo_run_1583_seed_1625.log
1584,32,1,1,1,1,1,1626,3101,0.37,4.91,False,Solitudine / Nessun Contatto,,,Nessuna,1283,0,1283,53.02,53,40,5,1,3,45,45,45,0,27,27,0,8694.56,59,1.6,1.467,-0.1328,False,1193,0,29,38,10000.02,monte_carlo_run_1584_seed_1626.log
1585,32,1,1,1,1,1,1627,3101,0.527,8.76,True,Contatto Planetario / Biofirme,3925.84,30.71,Predatoria,571,2,2096,42.97,95,66,5,1,4,87,85,85,0,61,41,20,8971.12,159,1.6,1.6,0.0,False,1995,0,128,138,10000.25,monte_carlo_run_1585_seed_1627.log
1586,32,1,1,1,1,1,1628,3101,0.417,6.9,True,Incontro Flotta Deep-Space,674.09,4.93,Biosfera Primitiva,48,0,1801,34.44,82,63,8,1,6,70,70,70,0,47,37,10,8832.08,116,1.6,1.6,0.0,False,1718,0,71,80,10000.31,monte_carlo_run_1586_seed_1628.log
1587,32,1,1,1,1,1,1629,3101,0.378,4.58,True,Contatto Planetario / Biofirme,1888.89,38.57,Collaborativa,112,1,600,50.72,29,21,3,1,2,24,15,15,0,9,8,1,8557.34,53,1.593,1.522,-0.0703,False,544,0,16,19,10000.52,monte_carlo_run_1587_seed_1629.log
1588,32,1,1,1,1,1,1630,3101,0.317,4.24,True,Contatto Planetario / Biofirme,203.2,13.79,Collaborativa,10,0,45,25.8,4,3,2,2,0,2,2,2,0,2,2,0,8509.84,8,1.6,1.331,-0.2686,False,37,0,1,3,5118.58,monte_carlo_run_1588_seed_1630.log
1589,32,1,1,1,1,1,1631,3101,0.585,14.29,True,Contatto Planetario / Biofirme,15.46,9.04,Predatoria,2,0,1138,37.46,49,35,4,3,1,42,39,39,0,28,24,4,8711.64,73,1.597,1.6,0.0034,True,1088,0,36,52,10000.55,monte_carlo_run_1589_seed_1631.log
1590,32,1,1,1,1,1,1632,3101,0.334,8.22,True,Incontro Flotta Deep-Space,3043.65,0.0,Predatoria,278,1,1138,13.79,60,47,5,2,3,50,15,15,0,8,8,0,8573.84,89,1.594,1.183,-0.4106,False,1075,0,47,90,10000.6,monte_carlo_run_1590_seed_1632.log
1591,32,1,1,1,1,1,1633,3101,0.259,5.81,True,Contatto Planetario / Biofirme,385.14,7.21,Collaborativa,34,0,598,14.57,30,24,3,1,2,25,1,1,0,1,1,0,8503.38,54,1.6,0.1,-1.5,False,568,0,15,29,10000.76,monte_carlo_run_1591_seed_1633.log
1592,32,1,1,1,1,1,1634,3101,0.353,5.43,False,Solitudine / Nessun Contatto,,,Nessuna,1122,0,1122,38.87,43,34,4,1,3,38,38,38,0,28,25,3,8690.37,53,1.6,1.581,-0.0189,False,1072,0,23,37,10000.47,monte_carlo_run_1592_seed_1634.log
1593,32,1,1,1,1,1,1635,3101,0.498,11.91,True,Incontro Flotta Deep-Space,120.94,13.78,Diffidente,20,0,1333,25.24,62,52,4,2,1,55,47,47,0,33,33,0,8749.54,96,1.6,1.6,0.0,False,1270,0,53,85,10000.05,monte_carlo_run_1593_seed_1635.log
1594,32,1,1,1,1,1,1636,3101,0.511,6.63,True,Contatto Planetario / Biofirme,2069.04,25.68,Cauta,213,1,1722,40.95,81,61,8,3,3,69,69,69,0,46,36,10,8785.54,121,1.6,1.6,0.0,False,1636,0,85,96,10000.08,monte_carlo_run_1594_seed_1636.log
1595,32,1,1,1,1,1,1637,3101,0.367,8.71,True,Incontro Flotta Deep-Space,2213.0,10.55,Biosfera Primitiva,344,0,2409,32.27,117,83,8,3,5,102,101,101,0,72,53,19,9070.98,202,1.6,1.6,0.0,False,2290,0,157,171,10000.02,monte_carlo_run_1595_seed_1637.log
1596,32,1,1,1,1,1,1638,3101,0.527,11.86,True,Incontro Flotta Deep-Space,764.16,8.38,Biosfera Primitiva,47,0,2057,33.59,99,78,9,3,4,86,86,86,0,65,49,16,8930.96,162,1.542,1.6,0.0583,True,1957,0,155,168,10000.19,monte_carlo_run_1596_seed_1638.log
1597,32,1,1,1,1,1,1639,3101,0.558,6.82,True,Incontro Flotta Deep-Space,2044.13,13.55,Biosfera Primitiva,119,1,1701,44.21,78,55,3,1,2,70,70,70,0,49,39,10,8840.36,117,1.6,1.6,0.0,False,1619,0,90,101,10000.19,monte_carlo_run_1597_seed_1639.log
1598,32,1,1,1,1,1,1640,3101,0.473,10.94,True,Incontro Flotta Deep-Space,4000.93,23.41,Biosfera Primitiva,429,0,1783,39.64,99,73,8,3,4,87,84,84,0,53,46,7,8883.54,135,1.6,1.6,0.0,False,1681,0,79,119,10000.17,monte_carlo_run_1598_seed_1640.log
1599,32,1,1,1,1,1,1641,3101,0.298,3.73,False,Solitudine / Nessun Contatto,,,Nessuna,32,0,32,22.68,5,4,1,0,1,3,3,3,0,2,2,0,8516.48,9,0.953,1.213,0.26,True,22,0,1,4,2761.2,monte_carlo_run_1599_seed_1641.log
1600,32,1,1,1,1,1,1642,3101,0.459,10.98,True,Contatto Planetario / Biofirme,2159.22,17.98,Collaborativa,133,1,1845,45.83,82,62,8,3,4,70,70,70,0,45,38,7,8819.87,110,1.6,1.6,0.0,False,1760,0,51,70,10000.11,monte_carlo_run_1600_seed_1642.log
1601,33,0,0,0,0,0,1643,3101,0.178,3.86,False,Solitudine / Nessun Contatto,,,Nessuna,5,0,5,4.42,2,2,2,1,1,0,0,0,0,0,0,0,8500.0,2,1.032,1.032,0.0,False,3,0,1,1,441.48,monte_carlo_run_1601_seed_1643.log
1602,33,0,0,0,0,0,1644,3101,0.133,3.31,False,Solitudine / Nessun Contatto,,,Nessuna,26,0,26,5.13,7,7,3,3,0,4,1,1,0,1,1,0,8514.56,12,1.063,1.035,-0.0275,False,13,0,3,7,847.91,monte_carlo_run_1602_seed_1644.log
1603,33,0,0,0,0,0,1645,3101,0.267,3.35,False,Solitudine / Nessun Contatto,,,Nessuna,7,0,7,6.37,3,3,2,2,0,1,1,1,0,0,0,0,8500.44,4,1.014,0.787,-0.2276,False,2,0,1,1,224.74,monte_carlo_run_1603_seed_1645.log
1604,33,0,0,0,0,0,1646,3101,0.268,6.06,True,Incontro Flotta Deep-Space,649.27,1.07,Biosfera Primitiva,12,0,1752,38.35,142,108,10,3,6,128,125,125,0,82,59,23,9122.09,203,1.6,1.6,0.0,False,1604,0,241,298,10000.32,monte_carlo_run_1604_seed_1646.log
1605,33,0,0,0,0,0,1647,3101,0.335,5.47,True,Incontro Flotta Deep-Space,8503.99,30.58,Collaborativa,2109,0,2416,35.08,200,149,19,2,10,173,173,173,0,113,71,42,9328.13,298,1.569,1.6,0.0312,True,2197,0,351,372,10000.21,monte_carlo_run_1605_seed_1647.log
1606,33,0,0,0,0,0,1648,3101,0.215,4.86,True,Incontro Flotta Deep-Space,7838.29,25.9,Collaborativa,1205,0,1847,44.26,161,121,12,2,8,142,142,142,0,93,66,27,9229.07,241,1.53,1.6,0.0702,True,1611,0,305,342,10000.01,monte_carlo_run_1606_seed_1648.log
1607,33,0,0,0,0,0,1649,3101,0.13,2.58,False,Solitudine / Nessun Contatto,,,Nessuna,1,0,1,0.0,1,1,1,1,0,0,0,0,0,0,0,0,8500.0,2,1.0,1.0,0.0,False,0,0,0,0,0.02,monte_carlo_run_1607_seed_1649.log
1608,33,0,0,0,0,0,1650,3101,0.311,7.72,True,Contatto Planetario / Biofirme,13.65,4.24,Collaborativa,2,0,2713,42.35,204,159,17,2,14,183,175,175,0,119,78,41,9359.55,352,1.6,1.6,0.0,False,2509,0,368,427,10000.25,monte_carlo_run_1608_seed_1650.log
1609,33,0,0,0,0,0,1651,3101,0.244,4.16,False,Solitudine / Nessun Contatto,,,Nessuna,2,0,2,1.9,1,1,1,1,0,0,0,0,0,0,0,0,8500.0,2,1.0,1.0,0.0,False,0,0,0,0,31.13,monte_carlo_run_1609_seed_1651.log
1610,33,0,0,0,0,0,1652,3101,0.123,2.72,False,Solitudine / Nessun Contatto,,,Nessuna,2,0,2,0.0,2,2,2,2,0,0,0,0,0,0,0,0,8500.0,5,1.0,1.0,0.0,False,0,0,0,1,0.04,monte_carlo_run_1610_seed_1652.log
1611,33,0,0,0,0,0,1653,3101,0.279,6.2,True,Contatto Planetario / Biofirme,195.77,11.57,Collaborativa,8,1,2007,31.56,178,129,9,2,5,163,162,162,0,110,78,32,9281.38,281,1.575,1.6,0.025,True,1823,0,350,397,10000.0,monte_carlo_run_1611_seed_1653.log
1612,33,0,0,0,0,0,1654,3101,0.21,4.39,True,Contatto Planetario / Biofirme,159.68,10.38,Predatoria,6,1,201,46.07,18,11,2,1,1,15,15,15,0,13,10,3,8587.55,36,1.6,1.6,0.0,False,173,0,19,22,10001.16,monte_carlo_run_1612_seed_1654.log
1613,33,0,0,0,0,0,1655,3101,0.245,5.8,True,Incontro Flotta Deep-Space,2216.99,10.22,Biosfera Primitiva,51,1,2026,28.86,160,120,18,2,13,134,134,134,0,91,51,40,9136.18,246,1.6,1.6,0.0,False,1863,0,332,354,10000.03,monte_carlo_run_1613_seed_1655.log
1614,33,0,0,0,0,0,1656,3101,0.133,1.63,False,Solitudine / Nessun Contatto,,,Nessuna,1,0,1,0.0,2,2,2,1,1,0,0,0,0,0,0,0,8500.0,2,1.0,1.0,0.0,False,0,0,1,1,0.02,monte_carlo_run_1614_seed_1656.log
1615,33,0,0,0,0,0,1657,3101,0.284,4.56,True,Incontro Flotta Deep-Space,4065.5,3.68,Biosfera Primitiva,170,0,954,44.3,86,71,12,1,10,72,72,72,0,46,33,13,8817.88,111,1.6,1.6,0.0,False,812,0,118,134,10000.01,monte_carlo_run_1615_seed_1657.log
1616,33,0,0,0,0,0,1658,3101,0.125,1.61,False,Solitudine / Nessun Contatto,,,Nessuna,1,0,1,0.0,1,1,1,1,0,0,0,0,0,0,0,0,8500.0,2,1.0,1.0,0.0,False,0,0,0,0,0.02,monte_carlo_run_1616_seed_1658.log
1617,33,0,0,0,0,0,1659,3101,0.294,5.3,True,Incontro Flotta Deep-Space,4718.15,22.17,Collaborativa,522,1,1856,41.74,164,109,8,3,5,152,134,134,0,97,57,40,9193.64,289,1.6,1.6,0.0,False,1675,0,398,457,10000.36,monte_carlo_run_1617_seed_1659.log
1618,33,0,0,0,0,0,1660,3101,0.252,4.69,True,Incontro Flotta Deep-Space,3871.17,27.86,Biosfera Primitiva,82,0,564,44.73,51,39,5,2,3,46,46,46,0,29,23,6,8713.13,69,1.6,1.6,0.0,False,496,0,49,64,10000.13,monte_carlo_run_1618_seed_1660.log
1619,33,0,0,0,0,0,1661,3101,0.161,2.91,False,Solitudine / Nessun Contatto,,,Nessuna,4,0,4,4.56,3,3,3,0,3,0,0,0,0,0,0,0,8500.0,2,0.96,0.96,0.0,False,3,0,1,3,244.82,monte_carlo_run_1619_seed_1661.log
1620,33,0,0,0,0,0,1662,3101,0.262,5.6,True,Contatto Planetario / Biofirme,308.54,7.47,Cauta,10,0,1899,41.07,137,104,10,2,8,123,123,123,0,78,49,29,9093.17,221,1.6,1.6,0.0,False,1748,0,212,232,10000.03,monte_carlo_run_1620_seed_1662.log
1621,33,0,0,0,0,0,1663,3101,0.341,4.71,True,Incontro Flotta Deep-Space,635.9,4.62,Leale alla Madrepatria,44,0,1614,41.33,143,104,9,1,7,126,55,55,0,32,24,8,8764.89,185,1.6,1.6,0.0,False,1400,0,189,241,10000.06,monte_carlo_run_1621_seed_1663.log
1622,33,0,0,0,0,0,1664,3101,0.251,3.12,False,Solitudine / Nessun Contatto,,,Nessuna,11,0,11,1.39,3,3,3,3,0,0,0,0,0,0,0,0,8500.0,7,1.069,1.069,0.0,False,7,0,2,2,837.27,monte_carlo_run_1622_seed_1664.log
1623,33,0,0,0,0,0,1665,3101,0.18,3.12,False,Solitudine / Nessun Contatto,,,Nessuna,5,0,5,3.61,2,2,2,2,0,0,0,0,0,0,0,0,8500.0,5,1.002,1.002,0.0,False,1,0,0,1,114.8,monte_carlo_run_1623_seed_1665.log
1624,33,0,0,0,0,0,1666,3101,0.276,4.77,True,Incontro Flotta Deep-Space,7112.0,23.62,Biosfera Primitiva,1109,0,1904,51.3,139,115,6,1,5,130,129,129,0,87,66,21,9091.0,193,1.6,1.6,0.0,False,1687,0,200,247,10000.14,monte_carlo_run_1624_seed_1666.log
1625,33,0,0,0,0,0,1667,3101,0.132,2.03,False,Solitudine / Nessun Contatto,,,Nessuna,1,0,1,0.0,1,1,1,1,0,0,0,0,0,0,0,0,8500.0,2,1.0,1.0,0.0,False,0,0,0,0,0.02,monte_carlo_run_1625_seed_1667.log
1626,33,0,0,0,0,0,1668,3101,0.286,4.67,True,Incontro Flotta Deep-Space,4590.1,20.06,Biosfera Primitiva,440,0,1614,48.89,131,103,9,1,7,117,117,117,0,71,54,17,9051.57,151,1.576,1.6,0.0238,True,1403,0,154,194,10000.11,monte_carlo_run_1626_seed_1668.log
1627,33,0,0,0,0,0,1669,3101,0.232,2.96,False,Solitudine / Nessun Contatto,,,Nessuna,2,0,2,2.12,1,1,1,1,0,0,0,0,0,0,0,0,8500.0,2,1.0,1.0,0.0,False,0,0,0,0,36.49,monte_carlo_run_1627_seed_1669.log
1628,33,0,0,0,0,0,1670,3101,0.131,1.8,False,Solitudine / Nessun Contatto,,,Nessuna,1,0,1,0.0,1,1,1,1,0,0,0,0,0,0,0,0,8500.0,2,1.0,1.0,0.0,False,0,0,0,0,0.02,monte_carlo_run_1628_seed_1670.log
1629,33,0,0,0,0,0,1671,3101,0.347,5.69,True,Incontro Flotta Deep-Space,376.32,0.0,Diffidente,43,0,1985,18.86,143,112,6,2,4,132,24,24,0,17,17,0,8610.85,264,1.415,1.6,0.185,True,1837,0,324,397,10000.06,monte_carlo_run_1629_seed_1671.log
1630,33,0,0,0,0,0,1672,3101,0.284,4.62,True,Incontro Flotta Deep-Space,3424.48,23.57,Biosfera Primitiva,344,0,1071,44.69,95,73,9,2,6,77,61,61,0,43,33,10,8810.98,135,1.6,1.6,0.0,False,905,0,165,202,10000.08,monte_carlo_run_1630_seed_1672.log
1631,33,0,0,0,0,0,1673,3101,0.272,3.46,False,Solitudine / Nessun Contatto,,,Nessuna,2,0,2,3.09,2,2,2,1,1,0,0,0,0,0,0,0,8500.0,2,1.0,1.0,0.0,False,0,0,0,1,45.38,monte_carlo_run_1631_seed_1673.log
1632,33,0,0,0,0,0,1674,3101,0.29,4.69,True,Contatto Planetario / Biofirme,1794.06,17.12,Cauta,43,1,1023,43.29,98,75,3,2,1,90,90,90,0,58,35,23,8933.41,133,1.6,1.6,0.0,False,883,0,161,199,10000.6,monte_carlo_run_1632_seed_1674.log
1633,33,0,0,0,0,0,1675,3101,0.333,6.45,True,Incontro Flotta Deep-Space,5119.22,22.05,Biosfera Primitiva,784,0,2310,35.04,178,137,15,4,8,157,148,148,0,102,81,21,9212.67,289,1.6,1.6,0.0,False,2127,0,300,352,10000.42,monte_carlo_run_1633_seed_1675.log
1634,33,0,0,0,0,0,1676,3101,0.231,3.4,False,Solitudine / Nessun Contatto,,,Nessuna,8,0,8,9.43,2,2,1,1,0,1,1,1,0,1,1,0,8503.62,4,1.033,1.25,0.2173,True,5,0,0,1,690.64,monte_carlo_run_1634_seed_1676.log
1635,33,0,0,0,0,0,1677,3101,0.222,3.79,False,Solitudine / Nessun Contatto,,,Nessuna,86,0,86,33.11,7,7,2,1,1,5,5,5,0,3,3,0,8523.9,11,1.562,1.236,-0.3255,False,72,0,1,2,9498.94,monte_carlo_run_1635_seed_1677.log
1636,33,0,0,0,0,0,1678,3101,0.218,3.28,False,Solitudine / Nessun Contatto,,,Nessuna,3,0,3,3.57,1,1,1,1,0,0,0,0,0,0,0,0,8500.0,2,1.002,1.002,0.0,False,1,0,0,0,123.32,monte_carlo_run_1636_seed_1678.log
1637,33,0,0,0,0,0,1679,3101,0.224,3.58,False,Solitudine / Nessun Contatto,,,Nessuna,63,1,63,4.34,6,3,2,2,0,2,0,0,0,0,0,0,8500.0,13,1.487,1.487,0.0,False,48,0,2,4,7487.28,monte_carlo_run_1637_seed_1679.log
1638,33,0,0,0,0,0,1680,3101,0.271,5.57,True,Incontro Flotta Deep-Space,648.84,5.48,Biosfera Primitiva,40,0,2023,16.57,156,119,8,2,6,139,60,60,0,41,35,6,8821.27,231,1.6,1.6,0.0,False,1853,0,226,296,10000.02,monte_carlo_run_1638_seed_1680.log
1639,33,0,0,0,0,0,1681,3101,0.176,4.32,True,Incontro Flotta Deep-Space,4599.45,12.84,Biosfera Primitiva,97,0,172,28.97,15,9,1,1,0,13,13,13,0,11,10,1,8570.77,27,1.522,1.6,0.0784,True,138,0,18,24,10000.23,monte_carlo_run_1639_seed_1681.log
1640,33,0,0,0,0,0,1682,3101,0.185,2.9,False,Solitudine / Nessun Contatto,,,Nessuna,4,0,4,2.54,2,2,2,2,0,0,0,0,0,0,0,0,8500.0,4,1.004,1.004,0.0,False,0,0,1,1,124.49,monte_carlo_run_1640_seed_1682.log
1641,33,0,0,0,0,0,1683,3101,0.17,3.52,False,Solitudine / Nessun Contatto,,,Nessuna,29,0,29,10.47,3,3,3,2,1,0,0,0,0,0,0,0,8500.0,4,1.145,1.145,0.0,False,18,0,3,3,1183.77,monte_carlo_run_1641_seed_1683.log
1642,33,0,0,0,0,0,1684,3101,0.159,3.38,False,Solitudine / Nessun Contatto,,,Nessuna,6,0,6,0.0,4,4,3,2,1,1,0,0,0,0,0,0,8500.0,4,1.019,1.019,0.0,False,3,0,2,3,240.75,monte_carlo_run_1642_seed_1684.log
1643,33,0,0,0,0,0,1685,3101,0.258,4.86,True,Incontro Flotta Deep-Space,2201.65,8.01,Collaborativa,68,0,1906,37.2,160,125,12,3,6,147,142,142,0,93,75,18,9147.07,228,1.6,1.6,0.0,False,1678,0,258,326,10000.0,monte_carlo_run_1643_seed_1685.log
1644,33,0,0,0,0,0,1686,3101,0.3,5.88,True,Incontro Flotta Deep-Space,3121.5,8.35,Biosfera Primitiva,349,1,2113,38.77,173,134,13,2,10,150,149,149,0,96,69,27,9207.86,252,1.6,1.6,0.0,False,1924,0,302,358,10000.05,monte_carlo_run_1644_seed_1686.log
1645,33,0,0,0,0,0,1687,3101,0.254,4.1,True,Incontro Flotta Deep-Space,1081.23,4.14,Biosfera Primitiva,43,1,241,42.09,22,15,4,3,1,15,15,15,0,11,8,3,8582.94,31,1.395,1.6,0.205,True,192,0,23,30,10000.17,monte_carlo_run_1645_seed_1687.log
1646,33,0,0,0,0,0,1688,3101,0.252,5.25,True,Contatto Planetario / Biofirme,71.85,9.39,Ostile,4,0,1485,34.4,115,85,7,2,3,103,103,103,0,61,42,19,8961.1,150,1.6,1.6,0.0,False,1348,0,159,211,10000.01,monte_carlo_run_1646_seed_1688.log
1647,33,0,0,0,0,0,1689,3101,0.298,5.39,True,Contatto Planetario / Biofirme,1561.15,15.33,Diffidente,48,1,2058,36.95,179,136,11,2,8,161,152,152,0,107,77,30,9204.55,299,1.6,1.6,0.0,False,1858,0,445,507,10000.09,monte_carlo_run_1647_seed_1689.log
1648,33,0,0,0,0,0,1690,3101,0.262,3.22,False,Solitudine / Nessun Contatto,,,Nessuna,1,0,1,0.0,1,1,1,1,0,0,0,0,0,0,0,0,8500.0,2,1.0,1.0,0.0,False,0,0,0,0,0.02,monte_carlo_run_1648_seed_1690.log
1649,33,0,0,0,0,0,1691,3101,0.248,3.93,False,Solitudine / Nessun Contatto,,,Nessuna,48,1,48,23.33,5,1,1,1,0,1,1,1,0,0,0,0,8501.1,6,1.6,0.655,-0.9446,False,36,0,2,2,4679.64,monte_carlo_run_1649_seed_1691.log
1650,33,0,0,0,0,0,1692,3101,0.293,4.36,True,Incontro Flotta Deep-Space,497.5,10.36,Cauta,54,0,213,15.33,14,8,2,1,1,9,1,1,0,1,1,0,8507.75,23,1.299,0.102,-1.1964,False,183,0,7,15,10000.72,monte_carlo_run_1650_seed_1692.log
1651,34,0,0,0,0,0,1693,3101,0.138,2.84,False,Solitudine / Nessun Contatto,,,Nessuna,3,0,3,4.31,2,2,1,1,0,1,1,1,0,0,0,0,8500.08,2,1.0,0.803,-0.1977,False,0,0,0,0,143.39,monte_carlo_run_1651_seed_1693.log
1652,34,0,0,0,0,0,1694,3101,0.34,5.43,True,Incontro Flotta Deep-Space,2657.49,15.33,Biosfera Primitiva,229,1,1894,27.14,123,99,14,4,8,105,90,90,0,67,52,15,8955.62,179,1.475,1.6,0.125,True,1755,0,213,261,10000.05,monte_carlo_run_1652_seed_1694.log
1653,34,0,0,0,0,0,1695,3101,0.174,2.14,False,Solitudine / Nessun Contatto,,,Nessuna,3,0,3,0.0,3,3,3,2,1,0,0,0,0,0,0,0,8500.0,4,1.001,1.001,0.0,False,0,0,1,3,5.42,monte_carlo_run_1653_seed_1695.log
1654,34,0,0,0,0,0,1696,3101,0.216,2.59,False,Solitudine / Nessun Contatto,,,Nessuna,1,0,1,0.0,1,1,1,1,0,0,0,0,0,0,0,0,8500.0,2,1.0,1.0,0.0,False,0,0,0,0,0.02,monte_carlo_run_1654_seed_1696.log
1655,34,0,0,0,0,0,1697,3101,0.18,3.12,False,Solitudine / Nessun Contatto,,,Nessuna,1,0,1,0.0,2,2,2,1,1,0,0,0,0,0,0,0,8500.0,2,1.0,1.0,0.0,False,0,0,0,1,0.02,monte_carlo_run_1655_seed_1697.log
1656,34,0,0,0,0,0,1698,3101,0.129,2.56,False,Solitudine / Nessun Contatto,,,Nessuna,1,0,1,0.0,1,1,1,1,0,0,0,0,0,0,0,0,8500.0,2,1.0,1.0,0.0,False,0,0,0,0,0.02,monte_carlo_run_1656_seed_1698.log
1657,34,0,0,0,0,0,1699,3101,0.322,7.35,True,Incontro Flotta Deep-Space,746.62,0.0,Biosfera Primitiva,36,2,2023,27.89,167,120,9,1,7,149,114,114,0,74,58,16,9025.61,265,1.6,1.6,0.0,False,1854,0,273,393,10000.03,monte_carlo_run_1657_seed_1699.log
1658,34,0,0,0,0,0,1700,3101,0.274,4.64,True,Incontro Flotta Deep-Space,2462.75,6.46,Biosfera Primitiva,255,0,1608,38.4,135,100,10,2,8,119,119,119,0,79,60,19,9069.89,214,1.6,1.6,0.0,False,1373,0,258,280,10000.16,monte_carlo_run_1658_seed_1700.log
1659,34,0,0,0,0,0,1701,3101,0.262,6.24,True,Incontro Flotta Deep-Space,4871.5,17.6,Biosfera Primitiva,862,0,2326,31.87,189,140,16,4,8,165,162,162,0,116,69,47,9325.49,326,1.6,1.6,0.0,False,2132,0,456,494,10000.08,monte_carlo_run_1659_seed_1701.log
1660,34,0,0,0,0,0,1702,3101,0.193,3.52,False,Solitudine / Nessun Contatto,,,Nessuna,20,0,20,11.07,2,1,1,1,0,0,0,0,0,0,0,0,8500.0,4,1.137,1.137,0.0,False,14,0,0,1,1344.38,monte_carlo_run_1660_seed_1702.log
1661,34,0,0,0,0,0,1703,3101,0.232,4.21,False,Solitudine / Nessun Contatto,,,Nessuna,460,0,460,34.87,31,24,5,1,4,26,26,26,0,18,18,0,8633.23,34,1.6,1.318,-0.2817,False,387,0,9,29,10000.23,monte_carlo_run_1661_seed_1703.log
1662,34,0,0,0,0,0,1704,3101,0.172,3.69,False,Solitudine / Nessun Contatto,,,Nessuna,5,0,5,8.95,1,1,1,1,0,0,0,0,0,0,0,0,8500.0,2,1.013,1.013,0.0,False,4,0,0,0,357.69,monte_carlo_run_1662_seed_1704.log
1663,34,0,0,0,0,0,1705,3101,0.202,4.71,True,Incontro Flotta Deep-Space,8536.78,19.42,Biosfera Primitiva,911,0,1327,46.49,104,76,6,2,2,96,96,96,0,61,50,11,8948.44,132,1.587,1.6,0.0127,True,1177,0,193,232,10000.12,monte_carlo_run_1663_seed_1705.log
1664,34,0,0,0,0,0,1706,3101,0.128,2.9,False,Solitudine / Nessun Contatto,,,Nessuna,5,0,5,4.74,1,1,1,1,0,0,0,0,0,0,0,0,8500.0,2,1.012,1.012,0.0,False,4,0,0,0,332.18,monte_carlo_run_1664_seed_1706.log
1665,34,0,0,0,0,0,1707,3101,0.313,5.2,True,Incontro Flotta Deep-Space,2712.24,24.83,Biosfera Primitiva,201,0,1857,37.14,140,108,10,2,6,124,123,123,0,80,54,26,9090.92,213,1.569,1.6,0.0311,True,1676,0,270,298,10000.24,monte_carlo_run_1665_seed_1707.log
1666,34,0,0,0,0,0,1708,3101,0.293,5.94,True,Contatto Planetario / Biofirme,79.85,7.13,Collaborativa,6,0,1868,29.09,128,104,10,2,7,111,111,111,0,75,44,31,9054.58,195,1.573,1.6,0.0273,True,1735,0,214,242,10000.04,monte_carlo_run_1666_seed_1708.log
1667,34,0,0,0,0,0,1709,3101,0.256,5.06,True,Contatto Planetario / Biofirme,141.21,5.15,Collaborativa,7,0,1742,29.66,150,129,16,5,9,131,129,129,0,83,55,28,9096.87,202,1.6,1.6,0.0,False,1554,0,233,287,10000.29,monte_carlo_run_1667_seed_1709.log
1668,34,0,0,0,0,0,1710,3101,0.269,3.72,False,Solitudine / Nessun Contatto,,,Nessuna,22,0,22,7.06,3,3,2,2,0,1,1,1,0,0,0,0,8500.76,7,1.204,0.788,-0.4157,False,17,0,1,1,1562.75,monte_carlo_run_1668_seed_1710.log
1669,34,0,0,0,0,0,1711,3101,0.323,5.06,True,Incontro Flotta Deep-Space,1912.9,6.81,Biosfera Primitiva,128,0,2154,45.06,176,133,13,4,9,154,153,153,0,108,66,42,9274.65,264,1.6,1.6,0.0,False,1926,0,333,374,10000.06,monte_carlo_run_1669_seed_1711.log
1670,34,0,0,0,0,0,1712,3101,0.199,2.4,False,Solitudine / Nessun Contatto,,,Nessuna,1,0,1,0.0,1,1,1,1,0,0,0,0,0,0,0,0,8500.0,2,1.0,1.0,0.0,False,0,0,0,0,0.02,monte_carlo_run_1670_seed_1712.log
1671,34,0,0,0,0,0,1713,3101,0.164,3.88,False,Solitudine / Nessun Contatto,,,Nessuna,6,0,6,3.57,3,3,3,2,1,0,0,0,0,0,0,0,8500.0,4,1.004,1.004,0.0,False,3,0,0,1,197.41,monte_carlo_run_1671_seed_1713.log
1672,34,0,0,0,0,0,1714,3101,0.183,4.52,True,Incontro Flotta Deep-Space,80.14,0.0,Ostile,7,0,1451,29.72,126,97,9,4,5,111,111,111,0,75,56,19,9013.22,173,1.6,1.6,0.0,False,1238,0,229,272,10000.4,monte_carlo_run_1672_seed_1714.log
1673,34,0,0,0,0,0,1715,3101,0.247,6.17,True,Incontro Flotta Deep-Space,574.58,9.77,Collaborativa,53,1,1735,19.43,137,105,14,1,11,118,1,1,0,1,1,0,8514.33,201,0.988,0.389,-0.5992,False,1594,0,190,286,10000.25,monte_carlo_run_1673_seed_1715.log
1674,34,0,0,0,0,0,1716,3101,0.148,2.88,False,Solitudine / Nessun Contatto,,,Nessuna,1,0,1,0.0,1,1,1,1,0,0,0,0,0,0,0,0,8500.0,2,1.0,1.0,0.0,False,0,0,0,0,0.02,monte_carlo_run_1674_seed_1716.log
1675,34,0,0,0,0,0,1717,3101,0.3,4.18,True,Contatto Planetario / Biofirme,2195.07,22.57,Collaborativa,47,0,298,46.51,33,23,2,1,1,28,28,28,0,22,13,9,8639.52,59,1.6,1.6,0.0,False,243,0,76,85,10000.01,monte_carlo_run_1675_seed_1717.log
1676,34,0,0,0,0,0,1718,3101,0.326,8.02,True,Incontro Flotta Deep-Space,3193.39,2.08,Collaborativa,338,2,2545,32.35,206,155,18,2,15,177,176,176,0,117,74,43,9347.53,323,1.482,1.6,0.1178,True,2337,0,354,376,10000.01,monte_carlo_run_1676_seed_1718.log
1677,34,0,0,0,0,0,1719,3101,0.178,4.21,False,Solitudine / Nessun Contatto,,,Nessuna,371,1,371,26.63,31,21,1,1,0,26,26,26,0,18,13,5,8644.21,49,1.6,1.6,0.0,False,307,0,25,31,10000.18,monte_carlo_run_1677_seed_1719.log
1678,34,0,0,0,0,0,1720,3101,0.184,2.28,False,Solitudine / Nessun Contatto,,,Nessuna,1,0,1,0.0,1,1,1,1,0,0,0,0,0,0,0,0,8500.0,2,1.0,1.0,0.0,False,0,0,0,0,0.02,monte_carlo_run_1678_seed_1720.log
1679,34,0,0,0,0,0,1721,3101,0.201,4.74,True,Incontro Flotta Deep-Space,1780.99,6.87,Biosfera Primitiva,117,0,1564,40.41,130,105,8,1,6,117,117,117,0,87,52,35,9089.56,230,1.6,1.6,0.0,False,1365,0,304,328,10000.12,monte_carlo_run_1679_seed_1721.log
1680,34,0,0,0,0,0,1722,3101,0.278,4.26,True,Incontro Flotta Deep-Space,88.8,7.73,Collaborativa,10,0,10,9.55,3,2,2,2,0,1,0,0,0,0,0,0,8500.0,4,1.018,1.018,0.0,False,6,0,1,1,252.43,monte_carlo_run_1680_seed_1722.log
1681,34,0,0,0,0,0,1723,3101,0.229,3.35,False,Solitudine / Nessun Contatto,,,Nessuna,2,0,2,3.0,1,1,1,1,0,0,0,0,0,0,0,0,8500.0,2,1.0,1.0,0.0,False,0,0,0,0,93.82,monte_carlo_run_1681_seed_1723.log
1682,34,0,0,0,0,0,1724,3101,0.165,3.05,False,Solitudine / Nessun Contatto,,,Nessuna,4,0,4,4.34,1,1,1,1,0,0,0,0,0,0,0,0,8500.0,2,1.006,1.006,0.0,False,2,0,0,0,246.85,monte_carlo_run_1682_seed_1724.log
1683,34,0,0,0,0,0,1725,3101,0.278,6.43,True,Incontro Flotta Deep-Space,5159.88,16.24,Collaborativa,746,0,2369,29.25,211,162,19,6,10,183,181,181,0,122,73,49,9419.67,323,1.571,1.6,0.0295,True,2155,0,465,502,10000.11,monte_carlo_run_1683_seed_1725.log
1684,34,0,0,0,0,0,1726,3101,0.148,3.26,False,Solitudine / Nessun Contatto,,,Nessuna,1,0,1,0.0,1,1,1,1,0,0,0,0,0,0,0,0,8500.0,2,1.0,1.0,0.0,False,0,0,0,0,0.02,monte_carlo_run_1684_seed_1726.log
1685,34,0,0,0,0,0,1727,3101,0.31,6.33,True,Incontro Flotta Deep-Space,500.92,7.39,Cauta,55,1,2291,37.87,186,137,12,4,8,169,136,136,0,85,52,33,9082.53,323,1.6,1.6,0.0,False,2105,0,376,435,10000.03,monte_carlo_run_1685_seed_1727.log
1686,34,0,0,0,0,0,1728,3101,0.197,3.56,False,Solitudine / Nessun Contatto,,,Nessuna,1,0,1,0.0,1,1,1,1,0,0,0,0,0,0,0,0,8500.0,2,1.0,1.0,0.0,False,0,0,0,0,0.02,monte_carlo_run_1686_seed_1728.log
1687,34,0,0,0,0,0,1729,3101,0.306,6.9,True,Contatto Planetario / Biofirme,11.65,3.56,Diffidente,2,0,2446,33.09,199,147,15,2,10,177,171,171,0,114,80,34,9319.01,329,1.6,1.6,0.0,False,2246,0,355,409,10000.08,monte_carlo_run_1687_seed_1729.log
1688,34,0,0,0,0,0,1730,3101,0.192,3.18,False,Solitudine / Nessun Contatto,,,Nessuna,4,0,4,5.99,1,1,1,1,0,0,0,0,0,0,0,0,8500.0,2,1.003,1.003,0.0,False,2,0,0,0,167.78,monte_carlo_run_1688_seed_1730.log
1689,34,0,0,0,0,0,1731,3101,0.249,3.06,False,Solitudine / Nessun Contatto,,,Nessuna,10,0,10,8.32,1,1,1,1,0,0,0,0,0,0,0,0,8500.0,2,1.026,1.026,0.0,False,6,0,0,0,488.35,monte_carlo_run_1689_seed_1731.log
1690,34,0,0,0,0,0,1732,3101,0.209,3.35,False,Solitudine / Nessun Contatto,,,Nessuna,10,0,10,8.61,1,1,1,1,0,0,0,0,0,0,0,0,8500.0,2,1.054,1.054,0.0,False,8,0,0,0,792.92,monte_carlo_run_1690_seed_1732.log
1691,34,0,0,0,0,0,1733,3101,0.268,4.32,True,Incontro Flotta Deep-Space,4210.37,30.35,Biosfera Primitiva,315,0,976,45.62,74,51,7,2,3,63,63,63,0,38,32,6,8796.04,90,1.6,1.6,0.0,False,831,0,71,95,10000.04,monte_carlo_run_1691_seed_1733.log
1692,34,0,0,0,0,0,1734,3101,0.163,3.83,False,Solitudine / Nessun Contatto,,,Nessuna,99,0,99,28.25,7,6,1,1,0,5,4,4,0,4,4,0,8528.3,11,1.594,1.186,-0.4079,False,77,0,3,12,5031.89,monte_carlo_run_1692_seed_1734.log
1693,34,0,0,0,0,0,1735,3101,0.218,5.1,True,Incontro Flotta Deep-Space,3120.49,11.21,Biosfera Primitiva,261,0,1844,39.26,155,122,15,1,13,137,131,131,0,90,72,18,9112.84,232,1.557,1.6,0.0431,True,1643,0,284,320,10000.03,monte_carlo_run_1693_seed_1735.log
1694,34,0,0,0,0,0,1736,3101,0.212,3.63,False,Solitudine / Nessun Contatto,,,Nessuna,1,0,1,0.0,2,2,2,1,1,0,0,0,0,0,0,0,8500.0,2,1.0,1.0,0.0,False,0,0,0,1,0.02,monte_carlo_run_1694_seed_1736.log
1695,34,0,0,0,0,0,1737,3101,0.127,2.87,False,Solitudine / Nessun Contatto,,,Nessuna,1,0,1,0.0,1,1,1,1,0,0,0,0,0,0,0,0,8500.0,2,1.0,1.0,0.0,False,0,0,0,0,0.02,monte_carlo_run_1695_seed_1737.log
1696,34,0,0,0,0,0,1738,3101,0.163,2.16,False,Solitudine / Nessun Contatto,,,Nessuna,2,0,2,0.0,2,2,2,2,0,0,0,0,0,0,0,0,8500.0,5,1.0,1.0,0.0,False,0,0,1,1,0.04,monte_carlo_run_1696_seed_1738.log
1697,34,0,0,0,0,0,1739,3101,0.273,3.8,False,Solitudine / Nessun Contatto,,,Nessuna,65,0,65,3.39,7,6,1,1,0,5,0,0,0,0,0,0,8500.0,16,1.309,1.309,0.0,False,48,0,5,9,5427.18,monte_carlo_run_1697_seed_1739.log
1698,34,0,0,0,0,0,1740,3101,0.347,7.45,True,Incontro Flotta Deep-Space,1118.97,0.0,Leale alla Madrepatria,232,0,2532,19.41,181,131,14,2,10,161,28,28,0,16,15,1,8623.07,294,1.519,1.6,0.081,True,2352,0,244,349,10000.05,monte_carlo_run_1698_seed_1740.log
1699,34,0,0,0,0,0,1741,3101,0.324,7.75,True,Incontro Flotta Deep-Space,30.21,0.0,Ostile,7,0,2464,27.58,197,148,12,2,9,179,128,128,0,86,65,21,9130.03,304,1.6,1.6,0.0,False,2264,0,353,493,10000.05,monte_carlo_run_1699_seed_1741.log
1700,34,0,0,0,0,0,1742,3101,0.338,6.87,True,Incontro Flotta Deep-Space,445.38,3.55,Cauta,60,0,2249,24.31,163,125,16,4,11,140,91,91,0,66,53,13,8934.8,259,1.6,1.6,0.0,False,2085,0,266,330,10000.17,monte_carlo_run_1700_seed_1742.log
