run_id,treatment_id,factor_A,factor_B,factor_C,factor_D,factor_E,seed,num_stars,ship_speed_c,max_reach_ly,first_contact_occurred,contact_type,time_to_first_contact_years,contact_distance_ly,contact_disposition,systems_before_contact,archeological_relics_found,total_systems_explored,max_expansion_radius_ly,planets_habitable_surveyed,planets_with_life_surveyed,planets_with_intel_surveyed,planets_with_spacefaring_surveyed,prime_directive_encounters,colonies_founded,colonies_active,total_earth_colonies,colonies_collapsed,colonies_sovereign,colonies_secession_hostile,colonies_secession_loyal,total_human_pop_millions,total_fleets_activated,earth_final_lc,max_colony_lc,delta_lc_max,colony_surpassed_earth,total_starbases,fallen_starbases,total_trade_routes,total_wars,simulation_duration_years,log_filename
1,1,-1,-1,-1,-1,-1,43,3101,0.082,1.56,False,Solitudine / Nessun Contatto,,,Nessuna,2,0,2,1.48,2,2,2,1,1,0,0,0,0,0,0,0,8500.0,2,1.022,1.022,0.0,False,0,0,1,1,72.17,monte_carlo_run_1_seed_43.log
2,1,-1,-1,-1,-1,-1,44,3101,0.079,1.47,False,Solitudine / Nessun Contatto,,,Nessuna,1,0,1,0.0,1,1,1,1,0,0,0,0,0,0,0,0,8500.0,2,1.0,1.0,0.0,False,0,0,0,0,0.02,monte_carlo_run_2_seed_44.log
3,1,-1,-1,-1,-1,-1,45,3101,0.056,1.06,False,Solitudine / Nessun Contatto,,,Nessuna,1,0,1,0.0,2,2,2,1,1,0,0,0,0,0,0,0,8500.0,2,1.0,1.0,0.0,False,0,0,1,1,0.02,monte_carlo_run_3_seed_45.log
4,1,-1,-1,-1,-1,-1,46,3101,0.079,1.6,False,Solitudine / Nessun Contatto,,,Nessuna,1,0,1,0.0,1,1,1,1,0,0,0,0,0,0,0,0,8500.0,2,1.0,1.0,0.0,False,0,0,0,0,0.02,monte_carlo_run_4_seed_46.log
5,1,-1,-1,-1,-1,-1,47,3101,0.078,1.62,False,Solitudine / Nessun Contatto,,,Nessuna,1,0,1,0.0,2,2,2,1,1,0,0,0,0,0,0,0,8500.0,2,1.0,1.0,0.0,False,0,0,1,1,0.02,monte_carlo_run_5_seed_47.log
6,1,-1,-1,-1,-1,-1,48,3101,0.071,1.58,False,Solitudine / Nessun Contatto,,,Nessuna,1,0,1,0.0,3,3,3,0,3,0,0,0,0,0,0,0,8500.0,1,0.985,0.985,0.0,False,0,0,1,3,0.02,monte_carlo_run_6_seed_48.log
7,1,-1,-1,-1,-1,-1,49,3101,0.133,2.89,False,Solitudine / Nessun Contatto,,,Nessuna,1,0,1,0.0,1,1,1,1,0,0,0,0,0,0,0,0,8500.0,2,1.0,1.0,0.0,False,0,0,0,0,0.02,monte_carlo_run_7_seed_49.log
8,1,-1,-1,-1,-1,-1,50,3101,0.054,1.21,False,Solitudine / Nessun Contatto,,,Nessuna,1,0,1,0.0,1,1,1,1,0,0,0,0,0,0,0,0,8500.0,2,1.0,1.0,0.0,False,0,0,0,0,0.02,monte_carlo_run_8_seed_50.log
9,1,-1,-1,-1,-1,-1,51,3101,0.062,0.78,False,Solitudine / Nessun Contatto,,,Nessuna,1,0,1,0.0,2,2,2,1,1,0,0,0,0,0,0,0,8500.0,2,1.0,1.0,0.0,False,0,0,1,1,0.02,monte_carlo_run_9_seed_51.log
10,1,-1,-1,-1,-1,-1,52,3101,0.057,1.14,False,Solitudine / Nessun Contatto,,,Nessuna,1,0,1,0.0,1,1,1,1,0,0,0,0,0,0,0,0,8500.0,2,1.0,1.0,0.0,False,0,0,0,0,0.02,monte_carlo_run_10_seed_52.log
11,1,-1,-1,-1,-1,-1,53,3101,0.065,0.86,False,Solitudine / Nessun Contatto,,,Nessuna,1,0,1,0.0,3,3,3,1,2,0,0,0,0,0,0,0,8500.0,2,1.0,1.0,0.0,False,0,0,1,3,0.02,monte_carlo_run_11_seed_53.log
12,1,-1,-1,-1,-1,-1,54,3101,0.098,2.17,False,Solitudine / Nessun Contatto,,,Nessuna,2,0,2,2.12,2,2,1,1,0,1,1,1,0,0,0,0,8500.08,2,1.002,0.894,-0.1083,False,0,0,0,0,86.71,monte_carlo_run_12_seed_54.log
13,1,-1,-1,-1,-1,-1,55,3101,0.148,2.21,False,Solitudine / Nessun Contatto,,,Nessuna,3,0,3,1.45,1,1,1,1,0,0,0,0,0,0,0,0,8500.0,2,1.014,1.014,0.0,False,2,0,0,0,104.57,monte_carlo_run_13_seed_55.log
14,1,-1,-1,-1,-1,-1,56,3101,0.064,1.52,False,Solitudine / Nessun Contatto,,,Nessuna,2,0,2,0.96,3,3,3,1,2,0,0,0,0,0,0,0,8500.0,2,1.031,1.031,0.0,False,0,0,2,3,60.14,monte_carlo_run_14_seed_56.log
15,1,-1,-1,-1,-1,-1,57,3101,0.094,1.46,False,Solitudine / Nessun Contatto,,,Nessuna,1,0,1,0.0,3,3,3,1,2,0,0,0,0,0,0,0,8500.0,2,1.0,1.0,0.0,False,0,0,2,3,0.02,monte_carlo_run_15_seed_57.log
16,1,-1,-1,-1,-1,-1,58,3101,0.141,2.29,False,Solitudine / Nessun Contatto,,,Nessuna,1,0,1,0.0,1,1,1,1,0,0,0,0,0,0,0,0,8500.0,2,1.0,1.0,0.0,False,0,0,0,0,0.02,monte_carlo_run_16_seed_58.log
17,1,-1,-1,-1,-1,-1,59,3101,0.145,3.42,False,Solitudine / Nessun Contatto,,,Nessuna,9,0,9,7.34,2,2,2,0,1,0,0,0,0,0,0,0,8500.0,1,0.643,0.643,0.0,False,7,0,0,1,738.06,monte_carlo_run_17_seed_59.log
18,1,-1,-1,-1,-1,-1,60,3101,0.136,3.06,False,Solitudine / Nessun Contatto,,,Nessuna,3,0,3,3.72,1,1,1,1,0,0,0,0,0,0,0,0,8500.0,2,1.01,1.01,0.0,False,1,0,0,0,126.28,monte_carlo_run_18_seed_60.log
19,1,-1,-1,-1,-1,-1,61,3101,0.127,1.54,False,Solitudine / Nessun Contatto,,,Nessuna,1,0,1,0.0,1,1,1,1,0,0,0,0,0,0,0,0,8500.0,2,1.0,1.0,0.0,False,0,0,0,0,0.02,monte_carlo_run_19_seed_61.log
20,1,-1,-1,-1,-1,-1,62,3101,0.122,1.6,False,Solitudine / Nessun Contatto,,,Nessuna,2,0,2,1.59,1,1,1,1,0,0,0,0,0,0,0,0,8500.0,2,1.002,1.002,0.0,False,0,0,0,0,55.53,monte_carlo_run_20_seed_62.log
21,1,-1,-1,-1,-1,-1,63,3101,0.077,0.93,False,Solitudine / Nessun Contatto,,,Nessuna,2,0,2,0.9,3,2,2,0,2,1,1,1,0,0,0,0,8500.18,2,0.903,0.861,-0.0425,False,0,0,0,1,46.81,monte_carlo_run_21_seed_63.log
22,1,-1,-1,-1,-1,-1,64,3101,0.057,1.31,False,Solitudine / Nessun Contatto,,,Nessuna,1,0,1,0.0,2,2,2,1,1,0,0,0,0,0,0,0,8500.0,2,1.0,1.0,0.0,False,0,0,0,1,0.02,monte_carlo_run_22_seed_64.log
23,1,-1,-1,-1,-1,-1,65,3101,0.127,2.0,False,Solitudine / Nessun Contatto,,,Nessuna,1,0,1,0.0,1,1,1,1,0,0,0,0,0,0,0,0,8500.0,2,1.0,1.0,0.0,False,0,0,0,0,0.02,monte_carlo_run_23_seed_65.log
24,1,-1,-1,-1,-1,-1,66,3101,0.132,2.28,False,Solitudine / Nessun Contatto,,,Nessuna,1,0,1,0.0,3,3,3,0,3,0,0,0,0,0,0,0,8500.0,1,0.985,0.985,0.0,False,0,0,1,2,0.02,monte_carlo_run_24_seed_66.log
25,1,-1,-1,-1,-1,-1,67,3101,0.065,0.87,False,Solitudine / Nessun Contatto,,,Nessuna,1,0,1,0.0,2,2,2,1,1,0,0,0,0,0,0,0,8500.0,2,1.0,1.0,0.0,False,0,0,1,1,0.02,monte_carlo_run_25_seed_67.log
26,1,-1,-1,-1,-1,-1,68,3101,0.138,2.03,False,Solitudine / Nessun Contatto,,,Nessuna,1,0,1,0.0,3,3,3,0,3,0,0,0,0,0,0,0,8500.0,1,0.985,0.985,0.0,False,0,0,1,3,0.02,monte_carlo_run_26_seed_68.log
27,1,-1,-1,-1,-1,-1,69,3101,0.12,2.99,False,Solitudine / Nessun Contatto,,,Nessuna,1,0,1,0.0,2,2,2,1,1,0,0,0,0,0,0,0,8500.0,2,1.0,1.0,0.0,False,0,0,1,1,0.02,monte_carlo_run_27_seed_69.log
28,1,-1,-1,-1,-1,-1,70,3101,0.067,1.57,False,Solitudine / Nessun Contatto,,,Nessuna,2,0,2,1.29,2,2,2,1,1,0,0,0,0,0,0,0,8500.0,2,1.018,1.018,0.0,False,0,0,1,1,77.11,monte_carlo_run_28_seed_70.log
29,1,-1,-1,-1,-1,-1,71,3101,0.109,2.54,False,Solitudine / Nessun Contatto,,,Nessuna,1,0,1,0.0,2,2,2,0,2,0,0,0,0,0,0,0,8500.0,1,0.985,0.985,0.0,False,0,0,0,1,0.02,monte_carlo_run_29_seed_71.log
30,1,-1,-1,-1,-1,-1,72,3101,0.096,2.12,False,Solitudine / Nessun Contatto,,,Nessuna,2,0,2,2.05,2,2,1,1,0,1,1,1,0,0,0,0,8500.27,2,1.002,0.859,-0.1432,False,0,0,0,0,85.39,monte_carlo_run_30_seed_72.log
31,1,-1,-1,-1,-1,-1,73,3101,0.138,3.39,False,Solitudine / Nessun Contatto,,,Nessuna,3,0,3,3.47,3,2,2,1,1,0,0,0,0,0,0,0,8500.0,2,1.069,1.069,0.0,False,1,0,2,2,114.99,monte_carlo_run_31_seed_73.log
32,1,-1,-1,-1,-1,-1,74,3101,0.145,3.37,False,Solitudine / Nessun Contatto,,,Nessuna,19,0,19,13.55,4,4,2,1,1,2,2,2,0,1,1,0,8508.32,5,1.118,0.936,-0.182,False,15,0,1,3,1010.62,monte_carlo_run_32_seed_74.log
33,1,-1,-1,-1,-1,-1,75,3101,0.065,1.2,False,Solitudine / Nessun Contatto,,,Nessuna,1,0,1,0.0,1,1,1,1,0,0,0,0,0,0,0,0,8500.0,2,1.0,1.0,0.0,False,0,0,0,0,0.02,monte_carlo_run_33_seed_75.log
34,1,-1,-1,-1,-1,-1,76,3101,0.144,3.5,False,Solitudine / Nessun Contatto,,,Nessuna,2,0,2,3.18,1,1,1,1,0,0,0,0,0,0,0,0,8500.0,2,1.002,1.002,0.0,False,0,0,0,0,88.24,monte_carlo_run_34_seed_76.log
35,1,-1,-1,-1,-1,-1,77,3101,0.071,1.35,False,Solitudine / Nessun Contatto,,,Nessuna,1,0,1,0.0,1,1,1,1,0,0,0,0,0,0,0,0,8500.0,2,1.0,1.0,0.0,False,0,0,0,0,0.02,monte_carlo_run_35_seed_77.log
36,1,-1,-1,-1,-1,-1,78,3101,0.086,1.97,False,Solitudine / Nessun Contatto,,,Nessuna,1,0,1,0.0,1,1,1,1,0,0,0,0,0,0,0,0,8500.0,2,1.0,1.0,0.0,False,0,0,0,0,0.02,monte_carlo_run_36_seed_78.log
37,1,-1,-1,-1,-1,-1,79,3101,0.144,3.27,False,Solitudine / Nessun Contatto,,,Nessuna,4,0,4,2.96,1,1,1,1,0,0,0,0,0,0,0,0,8500.0,2,1.004,1.004,0.0,False,0,0,0,0,178.29,monte_carlo_run_37_seed_79.log
38,1,-1,-1,-1,-1,-1,80,3101,0.145,3.01,False,Solitudine / Nessun Contatto,,,Nessuna,2,0,2,2.99,2,1,1,1,0,1,1,1,0,0,0,0,8500.16,2,1.002,0.858,-0.1445,False,0,0,0,0,100.48,monte_carlo_run_38_seed_80.log
39,1,-1,-1,-1,-1,-1,81,3101,0.144,2.16,False,Solitudine / Nessun Contatto,,,Nessuna,1,0,1,0.0,1,1,1,1,0,0,0,0,0,0,0,0,8500.0,2,1.0,1.0,0.0,False,0,0,0,0,0.02,monte_carlo_run_39_seed_81.log
40,1,-1,-1,-1,-1,-1,82,3101,0.063,1.15,False,Solitudine / Nessun Contatto,,,Nessuna,1,0,1,0.0,3,3,3,1,2,0,0,0,0,0,0,0,8500.0,2,1.001,1.001,0.0,False,0,0,2,2,0.02,monte_carlo_run_40_seed_82.log
41,1,-1,-1,-1,-1,-1,83,3101,0.058,0.8,False,Solitudine / Nessun Contatto,,,Nessuna,1,0,1,0.0,1,1,1,1,0,0,0,0,0,0,0,0,8500.0,2,1.0,1.0,0.0,False,0,0,0,0,0.02,monte_carlo_run_41_seed_83.log
42,1,-1,-1,-1,-1,-1,84,3101,0.137,1.77,False,Solitudine / Nessun Contatto,,,Nessuna,1,0,1,0.0,1,1,1,1,0,0,0,0,0,0,0,0,8500.0,2,1.0,1.0,0.0,False,0,0,0,0,0.02,monte_carlo_run_42_seed_84.log
43,1,-1,-1,-1,-1,-1,85,3101,0.057,0.93,False,Solitudine / Nessun Contatto,,,Nessuna,1,0,1,0.0,1,1,1,1,0,0,0,0,0,0,0,0,8500.0,2,1.0,1.0,0.0,False,0,0,0,0,0.02,monte_carlo_run_43_seed_85.log
44,1,-1,-1,-1,-1,-1,86,3101,0.096,1.99,False,Solitudine / Nessun Contatto,,,Nessuna,1,0,1,0.0,2,2,2,1,1,0,0,0,0,0,0,0,8500.0,2,1.0,1.0,0.0,False,0,0,1,1,0.02,monte_carlo_run_44_seed_86.log
45,1,-1,-1,-1,-1,-1,87,3101,0.125,2.93,False,Solitudine / Nessun Contatto,,,Nessuna,2,0,2,2.75,2,2,1,1,0,1,1,1,0,0,0,0,8500.17,2,1.002,0.883,-0.119,False,0,0,0,0,95.37,monte_carlo_run_45_seed_87.log
46,1,-1,-1,-1,-1,-1,88,3101,0.096,1.24,False,Solitudine / Nessun Contatto,,,Nessuna,1,0,1,0.0,1,1,1,1,0,0,0,0,0,0,0,0,8500.0,2,1.0,1.0,0.0,False,0,0,0,0,0.02,monte_carlo_run_46_seed_88.log
47,1,-1,-1,-1,-1,-1,89,3101,0.144,3.14,True,Incontro Flotta Deep-Space,520.17,4.47,Biosfera Primitiva,8,0,8,6.74,3,3,2,0,1,1,1,1,0,1,1,0,8504.51,3,0.589,1.306,0.7175,True,6,0,0,2,893.31,monte_carlo_run_47_seed_89.log
48,1,-1,-1,-1,-1,-1,90,3101,0.053,1.21,False,Solitudine / Nessun Contatto,,,Nessuna,1,0,1,0.0,1,1,1,1,0,0,0,0,0,0,0,0,8500.0,2,1.0,1.0,0.0,False,0,0,0,0,0.02,monte_carlo_run_48_seed_90.log
49,1,-1,-1,-1,-1,-1,91,3101,0.136,1.81,False,Solitudine / Nessun Contatto,,,Nessuna,1,0,1,0.0,3,3,3,0,3,0,0,0,0,0,0,0,8500.0,1,0.985,0.985,0.0,False,0,0,0,2,0.02,monte_carlo_run_49_seed_91.log
50,1,-1,-1,-1,-1,-1,92,3101,0.07,1.52,False,Solitudine / Nessun Contatto,,,Nessuna,1,0,1,0.0,3,3,3,1,2,0,0,0,0,0,0,0,8500.0,2,1.0,1.0,0.0,False,0,0,0,2,0.02,monte_carlo_run_50_seed_92.log
51,2,-1,-1,-1,-1,1,93,3101,0.057,0.73,False,Solitudine / Nessun Contatto,,,Nessuna,1,0,1,0.0,1,1,1,1,0,0,0,0,0,0,0,0,8500.0,2,1.0,1.0,0.0,False,0,0,0,0,0.02,monte_carlo_run_51_seed_93.log
52,2,-1,-1,-1,-1,1,94,3101,0.133,2.41,False,Solitudine / Nessun Contatto,,,Nessuna,2,0,2,1.83,1,1,1,1,0,0,0,0,0,0,0,0,8500.0,2,1.002,1.002,0.0,False,0,0,0,0,62.49,monte_carlo_run_52_seed_94.log
53,2,-1,-1,-1,-1,1,95,3101,0.112,2.15,False,Solitudine / Nessun Contatto,,,Nessuna,5,0,5,2.96,2,2,2,2,0,0,0,0,0,0,0,0,8500.0,5,1.032,1.032,0.0,False,1,0,1,1,107.09,monte_carlo_run_53_seed_95.log
54,2,-1,-1,-1,-1,1,96,3101,0.085,1.06,False,Solitudine / Nessun Contatto,,,Nessuna,2,0,2,0.0,2,2,2,2,0,0,0,0,0,0,0,0,8500.0,5,1.0,1.0,0.0,False,0,0,1,1,0.04,monte_carlo_run_54_seed_96.log
55,2,-1,-1,-1,-1,1,97,3101,0.093,2.2,False,Solitudine / Nessun Contatto,,,Nessuna,1,0,1,0.0,1,1,1,1,0,0,0,0,0,0,0,0,8500.0,2,1.0,1.0,0.0,False,0,0,0,0,0.02,monte_carlo_run_55_seed_97.log
56,2,-1,-1,-1,-1,1,98,3101,0.118,2.32,False,Solitudine / Nessun Contatto,,,Nessuna,1,0,1,0.0,1,1,1,1,0,0,0,0,0,0,0,0,8500.0,2,1.0,1.0,0.0,False,0,0,0,0,0.02,monte_carlo_run_56_seed_98.log
57,2,-1,-1,-1,-1,1,99,3101,0.115,2.57,False,Solitudine / Nessun Contatto,,,Nessuna,2,0,2,0.0,2,2,2,2,0,0,0,0,0,0,0,0,8500.0,6,1.0,1.0,0.0,False,0,0,0,1,0.04,monte_carlo_run_57_seed_99.log
58,2,-1,-1,-1,-1,1,100,3101,0.094,1.94,False,Solitudine / Nessun Contatto,,,Nessuna,8,0,8,4.28,3,3,3,3,0,0,0,0,0,0,0,0,8500.0,9,1.154,1.154,0.0,False,4,0,1,2,336.97,monte_carlo_run_58_seed_100.log
59,2,-1,-1,-1,-1,1,101,3101,0.114,2.22,False,Solitudine / Nessun Contatto,,,Nessuna,1,0,1,0.0,1,1,1,1,0,0,0,0,0,0,0,0,8500.0,2,1.0,1.0,0.0,False,0,0,0,0,0.02,monte_carlo_run_59_seed_101.log
60,2,-1,-1,-1,-1,1,102,3101,0.068,1.44,False,Solitudine / Nessun Contatto,,,Nessuna,2,0,2,0.0,2,2,2,2,0,0,0,0,0,0,0,0,8500.0,5,1.0,1.0,0.0,False,0,0,0,1,0.04,monte_carlo_run_60_seed_102.log
61,2,-1,-1,-1,-1,1,103,3101,0.146,2.1,False,Solitudine / Nessun Contatto,,,Nessuna,1,0,1,0.0,1,1,1,1,0,0,0,0,0,0,0,0,8500.0,2,1.0,1.0,0.0,False,0,0,0,0,0.02,monte_carlo_run_61_seed_103.log
62,2,-1,-1,-1,-1,1,104,3101,0.118,2.56,False,Solitudine / Nessun Contatto,,,Nessuna,4,0,4,2.41,2,2,2,2,0,0,0,0,0,0,0,0,8500.0,6,1.025,1.025,0.0,False,0,0,1,1,81.84,monte_carlo_run_62_seed_104.log
63,2,-1,-1,-1,-1,1,105,3101,0.111,2.46,False,Solitudine / Nessun Contatto,,,Nessuna,1,0,1,0.0,1,1,1,1,0,0,0,0,0,0,0,0,8500.0,2,1.0,1.0,0.0,False,0,0,0,0,0.02,monte_carlo_run_63_seed_105.log
64,2,-1,-1,-1,-1,1,106,3101,0.144,1.73,False,Solitudine / Nessun Contatto,,,Nessuna,1,0,1,0.0,1,1,1,1,0,0,0,0,0,0,0,0,8500.0,2,1.0,1.0,0.0,False,0,0,0,0,0.02,monte_carlo_run_64_seed_106.log
65,2,-1,-1,-1,-1,1,107,3101,0.059,1.14,False,Solitudine / Nessun Contatto,,,Nessuna,1,0,1,0.0,1,1,1,1,0,0,0,0,0,0,0,0,8500.0,2,1.0,1.0,0.0,False,0,0,0,0,0.02,monte_carlo_run_65_seed_107.log
66,2,-1,-1,-1,-1,1,108,3101,0.137,2.33,False,Solitudine / Nessun Contatto,,,Nessuna,3,0,3,2.31,2,2,2,2,0,0,0,0,0,0,0,0,8500.0,5,1.024,1.024,0.0,False,0,0,1,1,78.61,monte_carlo_run_66_seed_108.log
67,2,-1,-1,-1,-1,1,109,3101,0.106,2.38,False,Solitudine / Nessun Contatto,,,Nessuna,3,0,3,1.98,2,2,2,2,0,0,0,0,0,0,0,0,8500.0,6,1.002,1.002,0.0,False,0,0,0,1,74.83,monte_carlo_run_67_seed_109.log
68,2,-1,-1,-1,-1,1,110,3101,0.095,1.76,False,Solitudine / Nessun Contatto,,,Nessuna,3,0,3,0.0,2,2,2,2,0,0,0,0,0,0,0,0,8500.0,6,1.014,1.014,0.0,False,0,0,1,1,46.26,monte_carlo_run_68_seed_110.log
69,2,-1,-1,-1,-1,1,111,3101,0.103,1.95,False,Solitudine / Nessun Contatto,,,Nessuna,4,0,4,0.0,3,3,3,3,0,0,0,0,0,0,0,0,8500.0,10,1.021,1.021,0.0,False,0,0,2,2,35.41,monte_carlo_run_69_seed_111.log
70,2,-1,-1,-1,-1,1,112,3101,0.079,1.95,True,Contatto Planetario / Biofirme,15.96,1.26,Collaborativa,2,0,5,1.92,2,2,2,1,1,0,0,0,0,0,0,0,8500.0,2,1.056,1.056,0.0,False,2,0,0,0,423.55,monte_carlo_run_70_seed_112.log
71,2,-1,-1,-1,-1,1,113,3101,0.063,1.36,False,Solitudine / Nessun Contatto,,,Nessuna,1,0,1,0.0,1,1,1,1,0,0,0,0,0,0,0,0,8500.0,2,1.0,1.0,0.0,False,0,0,0,0,0.02,monte_carlo_run_71_seed_113.log
72,2,-1,-1,-1,-1,1,114,3101,0.062,1.35,False,Solitudine / Nessun Contatto,,,Nessuna,1,0,1,0.0,1,1,1,1,0,0,0,0,0,0,0,0,8500.0,2,1.0,1.0,0.0,False,0,0,0,0,0.02,monte_carlo_run_72_seed_114.log
73,2,-1,-1,-1,-1,1,115,3101,0.076,1.82,False,Solitudine / Nessun Contatto,,,Nessuna,1,0,1,0.0,1,1,1,1,0,0,0,0,0,0,0,0,8500.0,2,1.0,1.0,0.0,False,0,0,0,0,0.02,monte_carlo_run_73_seed_115.log
74,2,-1,-1,-1,-1,1,116,3101,0.082,1.02,False,Solitudine / Nessun Contatto,,,Nessuna,1,0,1,0.0,1,1,1,1,0,0,0,0,0,0,0,0,8500.0,2,1.0,1.0,0.0,False,0,0,0,0,0.02,monte_carlo_run_74_seed_116.log
75,2,-1,-1,-1,-1,1,117,3101,0.1,1.22,False,Solitudine / Nessun Contatto,,,Nessuna,1,0,1,0.0,1,1,1,1,0,0,0,0,0,0,0,0,8500.0,2,1.0,1.0,0.0,False,0,0,0,0,0.02,monte_carlo_run_75_seed_117.log
76,2,-1,-1,-1,-1,1,118,3101,0.094,1.91,False,Solitudine / Nessun Contatto,,,Nessuna,1,0,1,0.0,1,1,1,1,0,0,0,0,0,0,0,0,8500.0,2,1.0,1.0,0.0,False,0,0,0,0,0.02,monte_carlo_run_76_seed_118.log
77,2,-1,-1,-1,-1,1,119,3101,0.121,2.51,False,Solitudine / Nessun Contatto,,,Nessuna,4,0,4,3.01,1,1,1,1,0,0,0,0,0,0,0,0,8500.0,2,1.015,1.015,0.0,False,1,0,0,0,184.37,monte_carlo_run_77_seed_119.log
78,2,-1,-1,-1,-1,1,120,3101,0.14,3.06,True,Incontro Flotta Deep-Space,357.85,4.38,Biosfera Primitiva,13,0,14,8.81,4,3,2,2,0,2,2,2,0,1,1,0,8506.09,10,1.308,1.22,-0.088,False,7,0,1,3,749.71,monte_carlo_run_78_seed_120.log
79,2,-1,-1,-1,-1,1,121,3101,0.13,2.43,False,Solitudine / Nessun Contatto,,,Nessuna,1,0,1,0.0,1,1,1,1,0,0,0,0,0,0,0,0,8500.0,2,1.0,1.0,0.0,False,0,0,0,0,0.02,monte_carlo_run_79_seed_121.log
80,2,-1,-1,-1,-1,1,122,3101,0.128,2.88,False,Solitudine / Nessun Contatto,,,Nessuna,5,0,5,3.51,3,3,3,3,0,0,0,0,0,0,0,0,8500.0,10,1.043,1.043,0.0,False,1,0,1,3,122.43,monte_carlo_run_80_seed_122.log
81,2,-1,-1,-1,-1,1,123,3101,0.066,0.89,False,Solitudine / Nessun Contatto,,,Nessuna,4,0,4,0.0,4,4,3,3,0,1,0,0,0,0,0,0,8500.0,9,1.017,1.017,0.0,False,0,0,2,2,27.91,monte_carlo_run_81_seed_123.log
82,2,-1,-1,-1,-1,1,124,3101,0.1,1.33,False,Solitudine / Nessun Contatto,,,Nessuna,3,0,3,0.0,3,3,3,3,0,0,0,0,0,0,0,0,8500.0,10,1.001,1.001,0.0,False,0,0,2,2,0.06,monte_carlo_run_82_seed_124.log
83,2,-1,-1,-1,-1,1,125,3101,0.082,1.42,False,Solitudine / Nessun Contatto,,,Nessuna,3,0,3,0.0,3,3,3,3,0,0,0,0,0,0,0,0,8500.0,10,1.0,1.0,0.0,False,0,0,0,3,0.06,monte_carlo_run_83_seed_125.log
84,2,-1,-1,-1,-1,1,126,3101,0.128,2.55,False,Solitudine / Nessun Contatto,,,Nessuna,12,0,12,2.42,4,4,3,3,0,1,0,0,0,0,0,0,8500.0,14,1.247,1.247,0.0,False,5,0,3,5,516.67,monte_carlo_run_84_seed_126.log
85,2,-1,-1,-1,-1,1,127,3101,0.123,2.64,False,Solitudine / Nessun Contatto,,,Nessuna,8,0,8,3.57,3,3,3,3,0,0,0,0,0,0,0,0,8500.0,9,1.135,1.135,0.0,False,3,0,3,3,232.17,monte_carlo_run_85_seed_127.log
86,2,-1,-1,-1,-1,1,128,3101,0.139,1.9,False,Solitudine / Nessun Contatto,,,Nessuna,1,0,1,0.0,1,1,1,1,0,0,0,0,0,0,0,0,8500.0,2,1.0,1.0,0.0,False,0,0,0,0,0.02,monte_carlo_run_86_seed_128.log
87,2,-1,-1,-1,-1,1,129,3101,0.095,1.4,False,Solitudine / Nessun Contatto,,,Nessuna,5,0,5,2.26,3,3,3,3,0,0,0,0,0,0,0,0,8500.0,9,1.055,1.055,0.0,False,1,0,2,2,95.22,monte_carlo_run_87_seed_129.log
88,2,-1,-1,-1,-1,1,130,3101,0.127,2.1,False,Solitudine / Nessun Contatto,,,Nessuna,2,0,2,0.0,2,2,2,2,0,0,0,0,0,0,0,0,8500.0,6,1.0,1.0,0.0,False,0,0,0,1,0.04,monte_carlo_run_88_seed_130.log
89,2,-1,-1,-1,-1,1,131,3101,0.064,0.88,False,Solitudine / Nessun Contatto,,,Nessuna,1,0,1,0.0,1,1,1,1,0,0,0,0,0,0,0,0,8500.0,2,1.0,1.0,0.0,False,0,0,0,0,0.02,monte_carlo_run_89_seed_131.log
90,2,-1,-1,-1,-1,1,132,3101,0.145,2.58,False,Solitudine / Nessun Contatto,,,Nessuna,1,0,1,0.0,1,1,1,1,0,0,0,0,0,0,0,0,8500.0,2,1.0,1.0,0.0,False,0,0,0,0,0.02,monte_carlo_run_90_seed_132.log
91,2,-1,-1,-1,-1,1,133,3101,0.143,2.51,False,Solitudine / Nessun Contatto,,,Nessuna,5,0,5,0.0,2,2,2,2,0,0,0,0,0,0,0,0,8500.0,6,1.004,1.004,0.0,False,1,0,0,1,159.36,monte_carlo_run_91_seed_133.log
92,2,-1,-1,-1,-1,1,134,3101,0.087,1.52,False,Solitudine / Nessun Contatto,,,Nessuna,1,0,1,0.0,1,1,1,1,0,0,0,0,0,0,0,0,8500.0,2,1.0,1.0,0.0,False,0,0,0,0,0.02,monte_carlo_run_92_seed_134.log
93,2,-1,-1,-1,-1,1,135,3101,0.082,1.84,False,Solitudine / Nessun Contatto,,,Nessuna,5,0,5,0.0,3,3,3,3,0,0,0,0,0,0,0,0,8500.0,9,1.018,1.018,0.0,False,0,0,1,3,57.18,monte_carlo_run_93_seed_135.log
94,2,-1,-1,-1,-1,1,136,3101,0.143,1.78,False,Solitudine / Nessun Contatto,,,Nessuna,2,0,2,1.18,1,1,1,1,0,0,0,0,0,0,0,0,8500.0,2,1.001,1.001,0.0,False,0,0,0,0,39.75,monte_carlo_run_94_seed_136.log
95,2,-1,-1,-1,-1,1,137,3101,0.095,2.34,False,Solitudine / Nessun Contatto,,,Nessuna,2,0,2,0.0,2,2,2,2,0,0,0,0,0,0,0,0,8500.0,6,1.0,1.0,0.0,False,0,0,0,1,0.04,monte_carlo_run_95_seed_137.log
96,2,-1,-1,-1,-1,1,138,3101,0.12,2.6,False,Solitudine / Nessun Contatto,,,Nessuna,6,0,6,1.78,3,3,3,3,0,0,0,0,0,0,0,0,8500.0,9,1.077,1.077,0.0,False,0,0,2,2,135.75,monte_carlo_run_96_seed_138.log
97,2,-1,-1,-1,-1,1,139,3101,0.058,1.45,False,Solitudine / Nessun Contatto,,,Nessuna,3,0,3,0.0,3,3,3,3,0,0,0,0,0,0,0,0,8500.0,8,1.0,1.0,0.0,False,0,0,1,2,0.06,monte_carlo_run_97_seed_139.log
98,2,-1,-1,-1,-1,1,140,3101,0.137,3.37,False,Solitudine / Nessun Contatto,,,Nessuna,10,0,10,3.75,4,4,3,3,0,1,0,0,0,0,0,0,8500.0,10,1.076,1.076,0.0,False,2,0,1,2,217.87,monte_carlo_run_98_seed_140.log
99,2,-1,-1,-1,-1,1,141,3101,0.062,0.83,False,Solitudine / Nessun Contatto,,,Nessuna,2,0,2,0.0,2,2,2,2,0,0,0,0,0,0,0,0,8500.0,6,1.0,1.0,0.0,False,0,0,0,1,0.04,monte_carlo_run_99_seed_141.log
100,2,-1,-1,-1,-1,1,142,3101,0.145,1.74,False,Solitudine / Nessun Contatto,,,Nessuna,3,0,3,0.0,3,3,3,3,0,0,0,0,0,0,0,0,8500.0,10,1.0,1.0,0.0,False,0,0,0,2,0.06,monte_carlo_run_100_seed_142.log
101,3,-1,-1,-1,1,-1,143,3101,0.137,2.81,False,Solitudine / Nessun Contatto,,,Nessuna,6,0,6,6.76,1,1,1,1,0,0,0,0,0,0,0,0,8500.0,2,1.081,1.081,0.0,False,4,0,0,0,366.11,monte_carlo_run_101_seed_143.log
102,3,-1,-1,-1,1,-1,144,3101,0.061,1.48,False,Solitudine / Nessun Contatto,,,Nessuna,1,0,1,0.0,1,1,1,1,0,0,0,0,0,0,0,0,8500.0,2,1.0,1.0,0.0,False,0,0,0,0,0.02,monte_carlo_run_102_seed_144.log
103,3,-1,-1,-1,1,-1,145,3101,0.082,1.29,False,Solitudine / Nessun Contatto,,,Nessuna,1,0,1,0.0,2,2,2,0,2,0,0,0,0,0,0,0,8500.0,1,0.985,0.985,0.0,False,0,0,0,1,0.02,monte_carlo_run_103_seed_145.log
104,3,-1,-1,-1,1,-1,146,3101,0.123,3.05,False,Solitudine / Nessun Contatto,,,Nessuna,1,0,1,0.0,3,3,3,1,2,0,0,0,0,0,0,0,8500.0,2,1.0,1.0,0.0,False,0,0,1,3,0.02,monte_carlo_run_104_seed_146.log
105,3,-1,-1,-1,1,-1,147,3101,0.089,1.82,False,Solitudine / Nessun Contatto,,,Nessuna,1,0,1,0.0,1,1,1,1,0,0,0,0,0,0,0,0,8500.0,2,1.0,1.0,0.0,False,0,0,0,0,0.02,monte_carlo_run_105_seed_147.log
106,3,-1,-1,-1,1,-1,148,3101,0.084,2.02,False,Solitudine / Nessun Contatto,,,Nessuna,2,0,2,1.7,2,2,2,1,1,0,0,0,0,0,0,0,8500.0,2,1.025,1.025,0.0,False,0,0,1,1,80.92,monte_carlo_run_106_seed_148.log
107,3,-1,-1,-1,1,-1,149,3101,0.114,2.68,False,Solitudine / Nessun Contatto,,,Nessuna,1,0,1,0.0,2,2,2,0,2,0,0,0,0,0,0,0,8500.0,1,0.985,0.985,0.0,False,0,0,0,1,0.02,monte_carlo_run_107_seed_149.log
108,3,-1,-1,-1,1,-1,150,3101,0.095,2.08,False,Solitudine / Nessun Contatto,,,Nessuna,1,0,1,0.0,1,1,1,1,0,0,0,0,0,0,0,0,8500.0,2,1.0,1.0,0.0,False,0,0,0,0,0.02,monte_carlo_run_108_seed_150.log
109,3,-1,-1,-1,1,-1,151,3101,0.103,1.86,False,Solitudine / Nessun Contatto,,,Nessuna,1,0,1,0.0,1,1,1,1,0,0,0,0,0,0,0,0,8500.0,2,1.0,1.0,0.0,False,0,0,0,0,0.02,monte_carlo_run_109_seed_151.log
110,3,-1,-1,-1,1,-1,152,3101,0.073,1.57,False,Solitudine / Nessun Contatto,,,Nessuna,1,0,1,0.0,1,1,1,1,0,0,0,0,0,0,0,0,8500.0,2,1.0,1.0,0.0,False,0,0,0,0,0.02,monte_carlo_run_110_seed_152.log
111,3,-1,-1,-1,1,-1,153,3101,0.147,2.62,False,Solitudine / Nessun Contatto,,,Nessuna,1,0,1,0.0,1,1,1,1,0,0,0,0,0,0,0,0,8500.0,2,1.0,1.0,0.0,False,0,0,0,0,0.02,monte_carlo_run_111_seed_153.log
112,3,-1,-1,-1,1,-1,154,3101,0.081,1.56,False,Solitudine / Nessun Contatto,,,Nessuna,1,0,1,0.0,2,2,2,1,1,0,0,0,0,0,0,0,8500.0,2,1.0,1.0,0.0,False,0,0,0,1,0.02,monte_carlo_run_112_seed_154.log
113,3,-1,-1,-1,1,-1,155,3101,0.101,2.4,False,Solitudine / Nessun Contatto,,,Nessuna,1,0,1,0.0,2,2,2,1,1,0,0,0,0,0,0,0,8500.0,2,1.0,1.0,0.0,False,0,0,0,1,0.02,monte_carlo_run_113_seed_155.log
114,3,-1,-1,-1,1,-1,156,3101,0.097,1.92,False,Solitudine / Nessun Contatto,,,Nessuna,1,0,1,0.0,2,2,2,1,1,0,0,0,0,0,0,0,8500.0,2,1.0,1.0,0.0,False,0,0,1,1,0.02,monte_carlo_run_114_seed_156.log
115,3,-1,-1,-1,1,-1,157,3101,0.115,1.81,False,Solitudine / Nessun Contatto,,,Nessuna,2,0,2,1.44,1,1,1,1,0,0,0,0,0,0,0,0,8500.0,2,1.001,1.001,0.0,False,0,0,0,0,50.83,monte_carlo_run_115_seed_157.log
116,3,-1,-1,-1,1,-1,158,3101,0.097,1.9,False,Solitudine / Nessun Contatto,,,Nessuna,1,0,1,0.0,3,3,3,1,2,0,0,0,0,0,0,0,8500.0,2,1.001,1.001,0.0,False,0,0,2,2,0.02,monte_carlo_run_116_seed_158.log
117,3,-1,-1,-1,1,-1,159,3101,0.06,1.48,False,Solitudine / Nessun Contatto,,,Nessuna,1,0,1,0.0,1,1,1,1,0,0,0,0,0,0,0,0,8500.0,2,1.0,1.0,0.0,False,0,0,0,0,0.02,monte_carlo_run_117_seed_159.log
118,3,-1,-1,-1,1,-1,160,3101,0.089,1.48,False,Solitudine / Nessun Contatto,,,Nessuna,1,0,1,0.0,1,1,1,1,0,0,0,0,0,0,0,0,8500.0,2,1.0,1.0,0.0,False,0,0,0,0,0.02,monte_carlo_run_118_seed_160.log
119,3,-1,-1,-1,1,-1,161,3101,0.066,1.49,False,Solitudine / Nessun Contatto,,,Nessuna,1,0,1,0.0,3,3,3,1,2,0,0,0,0,0,0,0,8500.0,2,1.0,1.0,0.0,False,0,0,1,3,0.02,monte_carlo_run_119_seed_161.log
120,3,-1,-1,-1,1,-1,162,3101,0.069,1.16,False,Solitudine / Nessun Contatto,,,Nessuna,2,0,2,1.01,1,1,1,1,0,0,0,0,0,0,0,0,8500.0,2,1.002,1.002,0.0,False,0,0,0,0,58.35,monte_carlo_run_120_seed_162.log
121,3,-1,-1,-1,1,-1,163,3101,0.062,1.47,False,Solitudine / Nessun Contatto,,,Nessuna,1,0,1,0.0,1,1,1,1,0,0,0,0,0,0,0,0,8500.0,2,1.0,1.0,0.0,False,0,0,0,0,0.02,monte_carlo_run_121_seed_163.log
122,3,-1,-1,-1,1,-1,164,3101,0.109,1.7,False,Solitudine / Nessun Contatto,,,Nessuna,3,0,3,1.21,3,3,3,1,2,0,0,0,0,0,0,0,8500.0,2,1.069,1.069,0.0,False,2,0,2,2,102.83,monte_carlo_run_122_seed_164.log
123,3,-1,-1,-1,1,-1,165,3101,0.095,1.99,False,Solitudine / Nessun Contatto,,,Nessuna,2,0,2,1.13,1,1,1,1,0,0,0,0,0,0,0,0,8500.0,2,1.001,1.001,0.0,False,0,0,0,0,47.71,monte_carlo_run_123_seed_165.log
124,3,-1,-1,-1,1,-1,166,3101,0.12,2.1,False,Solitudine / Nessun Contatto,,,Nessuna,1,0,1,0.0,1,1,1,1,0,0,0,0,0,0,0,0,8500.0,2,1.0,1.0,0.0,False,0,0,0,0,0.02,monte_carlo_run_124_seed_166.log
125,3,-1,-1,-1,1,-1,167,3101,0.06,0.87,False,Solitudine / Nessun Contatto,,,Nessuna,1,0,1,0.0,1,1,1,1,0,0,0,0,0,0,0,0,8500.0,2,1.0,1.0,0.0,False,0,0,0,0,0.02,monte_carlo_run_125_seed_167.log
126,3,-1,-1,-1,1,-1,168,3101,0.123,2.67,False,Solitudine / Nessun Contatto,,,Nessuna,3,0,3,2.41,2,2,2,0,2,0,0,0,0,0,0,0,8500.0,2,0.823,0.823,0.0,False,0,0,0,1,128.9,monte_carlo_run_126_seed_168.log
127,3,-1,-1,-1,1,-1,169,3101,0.093,1.24,False,Solitudine / Nessun Contatto,,,Nessuna,1,0,1,0.0,2,2,2,1,1,0,0,0,0,0,0,0,8500.0,2,1.0,1.0,0.0,False,0,0,1,1,0.02,monte_carlo_run_127_seed_169.log
128,3,-1,-1,-1,1,-1,170,3101,0.144,2.91,False,Solitudine / Nessun Contatto,,,Nessuna,2,0,2,2.82,1,1,1,1,0,0,0,0,0,0,0,0,8500.0,2,1.002,1.002,0.0,False,0,0,0,0,78.31,monte_carlo_run_128_seed_170.log
129,3,-1,-1,-1,1,-1,171,3101,0.132,2.86,False,Solitudine / Nessun Contatto,,,Nessuna,1,0,1,0.0,1,1,1,1,0,0,0,0,0,0,0,0,8500.0,2,1.0,1.0,0.0,False,0,0,0,0,0.02,monte_carlo_run_129_seed_171.log
130,3,-1,-1,-1,1,-1,172,3101,0.094,1.5,False,Solitudine / Nessun Contatto,,,Nessuna,1,0,1,0.0,1,1,1,1,0,0,0,0,0,0,0,0,8500.0,2,1.0,1.0,0.0,False,0,0,0,0,0.02,monte_carlo_run_130_seed_172.log
131,3,-1,-1,-1,1,-1,173,3101,0.087,2.01,False,Solitudine / Nessun Contatto,,,Nessuna,1,0,1,0.0,1,1,1,1,0,0,0,0,0,0,0,0,8500.0,2,1.0,1.0,0.0,False,0,0,0,0,0.02,monte_carlo_run_131_seed_173.log
132,3,-1,-1,-1,1,-1,174,3101,0.123,1.59,False,Solitudine / Nessun Contatto,,,Nessuna,1,0,1,0.0,3,3,3,1,2,0,0,0,0,0,0,0,8500.0,2,1.001,1.001,0.0,False,0,0,2,2,0.02,monte_carlo_run_132_seed_174.log
133,3,-1,-1,-1,1,-1,175,3101,0.118,2.03,False,Solitudine / Nessun Contatto,,,Nessuna,2,0,2,0.79,1,1,1,1,0,0,0,0,0,0,0,0,8500.0,2,1.001,1.001,0.0,False,0,0,0,0,27.67,monte_carlo_run_133_seed_175.log
134,3,-1,-1,-1,1,-1,176,3101,0.146,1.82,False,Solitudine / Nessun Contatto,,,Nessuna,1,0,1,0.0,3,3,3,1,2,0,0,0,0,0,0,0,8500.0,2,1.0,1.0,0.0,False,0,0,1,2,0.02,monte_carlo_run_134_seed_176.log
135,3,-1,-1,-1,1,-1,177,3101,0.062,0.83,False,Solitudine / Nessun Contatto,,,Nessuna,1,0,1,0.0,3,3,3,1,2,0,0,0,0,0,0,0,8500.0,2,1.001,1.001,0.0,False,0,0,2,2,0.02,monte_carlo_run_135_seed_177.log
136,3,-1,-1,-1,1,-1,178,3101,0.097,1.6,False,Solitudine / Nessun Contatto,,,Nessuna,1,0,1,0.0,2,2,2,1,1,0,0,0,0,0,0,0,8500.0,2,1.0,1.0,0.0,False,0,0,0,1,0.02,monte_carlo_run_136_seed_178.log
137,3,-1,-1,-1,1,-1,179,3101,0.063,0.8,False,Solitudine / Nessun Contatto,,,Nessuna,1,0,1,0.0,1,1,1,1,0,0,0,0,0,0,0,0,8500.0,2,1.0,1.0,0.0,False,0,0,0,0,0.02,monte_carlo_run_137_seed_179.log
138,3,-1,-1,-1,1,-1,180,3101,0.086,1.26,False,Solitudine / Nessun Contatto,,,Nessuna,1,0,1,0.0,1,1,1,1,0,0,0,0,0,0,0,0,8500.0,2,1.0,1.0,0.0,False,0,0,0,0,0.02,monte_carlo_run_138_seed_180.log
139,3,-1,-1,-1,1,-1,181,3101,0.12,1.89,False,Solitudine / Nessun Contatto,,,Nessuna,1,0,1,0.0,3,3,3,1,2,0,0,0,0,0,0,0,8500.0,2,1.001,1.001,0.0,False,0,0,2,3,0.02,monte_carlo_run_139_seed_181.log
140,3,-1,-1,-1,1,-1,182,3101,0.098,1.94,False,Solitudine / Nessun Contatto,,,Nessuna,1,0,1,0.0,1,1,1,1,0,0,0,0,0,0,0,0,8500.0,2,1.0,1.0,0.0,False,0,0,0,0,0.02,monte_carlo_run_140_seed_182.log
141,3,-1,-1,-1,1,-1,183,3101,0.053,0.7,False,Solitudine / Nessun Contatto,,,Nessuna,1,0,1,0.0,2,2,2,1,1,0,0,0,0,0,0,0,8500.0,2,1.0,1.0,0.0,False,0,0,0,1,0.02,monte_carlo_run_141_seed_183.log
142,3,-1,-1,-1,1,-1,184,3101,0.109,2.23,False,Solitudine / Nessun Contatto,,,Nessuna,1,0,1,0.0,2,2,2,1,1,0,0,0,0,0,0,0,8500.0,2,1.0,1.0,0.0,False,0,0,0,1,0.02,monte_carlo_run_142_seed_184.log
143,3,-1,-1,-1,1,-1,185,3101,0.088,1.75,False,Solitudine / Nessun Contatto,,,Nessuna,1,0,1,0.0,1,1,1,1,0,0,0,0,0,0,0,0,8500.0,2,1.0,1.0,0.0,False,0,0,0,0,0.02,monte_carlo_run_143_seed_185.log
144,3,-1,-1,-1,1,-1,186,3101,0.106,2.36,False,Solitudine / Nessun Contatto,,,Nessuna,2,0,2,1.79,1,1,1,1,0,0,0,0,0,0,0,0,8500.0,2,1.002,1.002,0.0,False,0,0,0,0,67.44,monte_carlo_run_144_seed_186.log
145,3,-1,-1,-1,1,-1,187,3101,0.143,2.98,False,Solitudine / Nessun Contatto,,,Nessuna,3,0,3,2.56,1,1,1,1,0,0,0,0,0,0,0,0,8500.0,2,1.003,1.003,0.0,False,0,0,0,0,141.64,monte_carlo_run_145_seed_187.log
146,3,-1,-1,-1,1,-1,188,3101,0.149,3.29,False,Solitudine / Nessun Contatto,,,Nessuna,3,0,3,2.85,1,1,1,1,0,0,0,0,0,0,0,0,8500.0,2,1.004,1.004,0.0,False,0,0,0,0,148.32,monte_carlo_run_146_seed_188.log
147,3,-1,-1,-1,1,-1,189,3101,0.104,1.47,False,Solitudine / Nessun Contatto,,,Nessuna,1,0,1,0.0,3,3,3,1,2,0,0,0,0,0,0,0,8500.0,2,1.0,1.0,0.0,False,0,0,0,2,0.02,monte_carlo_run_147_seed_189.log
148,3,-1,-1,-1,1,-1,190,3101,0.118,1.66,False,Solitudine / Nessun Contatto,,,Nessuna,1,0,1,0.0,1,1,1,1,0,0,0,0,0,0,0,0,8500.0,2,1.0,1.0,0.0,False,0,0,0,0,0.02,monte_carlo_run_148_seed_190.log
149,3,-1,-1,-1,1,-1,191,3101,0.068,1.07,False,Solitudine / Nessun Contatto,,,Nessuna,1,0,1,0.0,1,1,1,1,0,0,0,0,0,0,0,0,8500.0,2,1.0,1.0,0.0,False,0,0,0,0,0.02,monte_carlo_run_149_seed_191.log
150,3,-1,-1,-1,1,-1,192,3101,0.114,2.55,False,Solitudine / Nessun Contatto,,,Nessuna,2,0,2,1.19,1,1,1,1,0,0,0,0,0,0,0,0,8500.0,2,1.001,1.001,0.0,False,0,0,0,0,42.33,monte_carlo_run_150_seed_192.log
151,4,-1,-1,-1,1,1,193,3101,0.138,1.97,False,Solitudine / Nessun Contatto,,,Nessuna,1,0,1,0.0,1,1,1,1,0,0,0,0,0,0,0,0,8500.0,2,1.0,1.0,0.0,False,0,0,0,0,0.02,monte_carlo_run_151_seed_193.log
152,4,-1,-1,-1,1,1,194,3101,0.103,1.9,False,Solitudine / Nessun Contatto,,,Nessuna,4,0,4,0.0,4,4,3,3,0,1,0,0,0,0,0,0,8500.0,10,1.001,1.001,0.0,False,0,0,0,3,46.37,monte_carlo_run_152_seed_194.log
153,4,-1,-1,-1,1,1,195,3101,0.066,1.35,False,Solitudine / Nessun Contatto,,,Nessuna,1,0,1,0.0,1,1,1,1,0,0,0,0,0,0,0,0,8500.0,2,1.0,1.0,0.0,False,0,0,0,0,0.02,monte_carlo_run_153_seed_195.log
154,4,-1,-1,-1,1,1,196,3101,0.089,1.3,False,Solitudine / Nessun Contatto,,,Nessuna,4,0,4,0.77,3,3,3,3,0,0,0,0,0,0,0,0,8500.0,9,1.021,1.021,0.0,False,0,0,2,2,34.75,monte_carlo_run_154_seed_196.log
155,4,-1,-1,-1,1,1,197,3101,0.146,3.55,False,Solitudine / Nessun Contatto,,,Nessuna,16,0,16,6.5,2,2,2,2,0,0,0,0,0,0,0,0,8500.0,8,1.507,1.507,0.0,False,11,0,1,1,1008.69,monte_carlo_run_155_seed_197.log
156,4,-1,-1,-1,1,1,198,3101,0.12,1.7,False,Solitudine / Nessun Contatto,,,Nessuna,2,0,2,0.0,2,2,2,2,0,0,0,0,0,0,0,0,8500.0,6,1.0,1.0,0.0,False,0,0,0,1,0.04,monte_carlo_run_156_seed_198.log
157,4,-1,-1,-1,1,1,199,3101,0.112,1.94,False,Solitudine / Nessun Contatto,,,Nessuna,3,0,3,1.65,2,2,2,2,0,0,0,0,0,0,0,0,8500.0,5,1.002,1.002,0.0,False,0,0,0,1,59.09,monte_carlo_run_157_seed_199.log
158,4,-1,-1,-1,1,1,200,3101,0.143,1.93,False,Solitudine / Nessun Contatto,,,Nessuna,3,0,3,2.25,1,1,1,1,0,0,0,0,0,0,0,0,8500.0,2,1.007,1.007,0.0,False,1,0,0,0,79.74,monte_carlo_run_158_seed_200.log
159,4,-1,-1,-1,1,1,201,3101,0.145,2.25,False,Solitudine / Nessun Contatto,,,Nessuna,2,0,2,0.0,2,2,2,2,0,0,0,0,0,0,0,0,8500.0,5,1.0,1.0,0.0,False,0,0,0,1,0.04,monte_carlo_run_159_seed_201.log
160,4,-1,-1,-1,1,1,202,3101,0.084,1.93,False,Solitudine / Nessun Contatto,,,Nessuna,2,0,2,0.0,2,2,2,2,0,0,0,0,0,0,0,0,8500.0,6,1.0,1.0,0.0,False,0,0,0,1,0.04,monte_carlo_run_160_seed_202.log
161,4,-1,-1,-1,1,1,203,3101,0.108,1.55,False,Solitudine / Nessun Contatto,,,Nessuna,1,0,1,0.0,1,1,1,1,0,0,0,0,0,0,0,0,8500.0,2,1.0,1.0,0.0,False,0,0,0,0,0.02,monte_carlo_run_161_seed_203.log
162,4,-1,-1,-1,1,1,204,3101,0.143,3.37,False,Solitudine / Nessun Contatto,,,Nessuna,3,0,3,0.0,3,3,3,3,0,0,0,0,0,0,0,0,8500.0,9,1.0,1.0,0.0,False,0,0,1,2,0.06,monte_carlo_run_162_seed_204.log
163,4,-1,-1,-1,1,1,205,3101,0.107,1.74,False,Solitudine / Nessun Contatto,,,Nessuna,1,0,1,0.0,1,1,1,1,0,0,0,0,0,0,0,0,8500.0,2,1.0,1.0,0.0,False,0,0,0,0,0.02,monte_carlo_run_163_seed_205.log
164,4,-1,-1,-1,1,1,206,3101,0.129,1.64,False,Solitudine / Nessun Contatto,,,Nessuna,1,0,1,0.0,1,1,1,1,0,0,0,0,0,0,0,0,8500.0,2,1.0,1.0,0.0,False,0,0,0,0,0.02,monte_carlo_run_164_seed_206.log
165,4,-1,-1,-1,1,1,207,3101,0.138,2.89,False,Solitudine / Nessun Contatto,,,Nessuna,2,0,2,1.6,1,1,1,1,0,0,0,0,0,0,0,0,8500.0,2,1.002,1.002,0.0,False,0,0,0,0,54.34,monte_carlo_run_165_seed_207.log
166,4,-1,-1,-1,1,1,208,3101,0.108,1.47,False,Solitudine / Nessun Contatto,,,Nessuna,2,0,2,1.29,1,1,1,1,0,0,0,0,0,0,0,0,8500.0,2,1.001,1.001,0.0,False,0,0,0,0,47.72,monte_carlo_run_166_seed_208.log
167,4,-1,-1,-1,1,1,209,3101,0.122,1.9,False,Solitudine / Nessun Contatto,,,Nessuna,2,0,2,0.0,2,2,2,2,0,0,0,0,0,0,0,0,8500.0,5,1.0,1.0,0.0,False,0,0,0,1,0.04,monte_carlo_run_167_seed_209.log
168,4,-1,-1,-1,1,1,210,3101,0.062,0.91,False,Solitudine / Nessun Contatto,,,Nessuna,1,0,1,0.0,1,1,1,1,0,0,0,0,0,0,0,0,8500.0,2,1.0,1.0,0.0,False,0,0,0,0,0.02,monte_carlo_run_168_seed_210.log
169,4,-1,-1,-1,1,1,211,3101,0.075,1.41,False,Solitudine / Nessun Contatto,,,Nessuna,1,0,1,0.0,1,1,1,1,0,0,0,0,0,0,0,0,8500.0,2,1.0,1.0,0.0,False,0,0,0,0,0.02,monte_carlo_run_169_seed_211.log
170,4,-1,-1,-1,1,1,212,3101,0.106,2.07,False,Solitudine / Nessun Contatto,,,Nessuna,1,0,1,0.0,1,1,1,1,0,0,0,0,0,0,0,0,8500.0,2,1.0,1.0,0.0,False,0,0,0,0,0.02,monte_carlo_run_170_seed_212.log
171,4,-1,-1,-1,1,1,213,3101,0.1,1.73,False,Solitudine / Nessun Contatto,,,Nessuna,1,0,1,0.0,1,1,1,1,0,0,0,0,0,0,0,0,8500.0,2,1.0,1.0,0.0,False,0,0,0,0,0.02,monte_carlo_run_171_seed_213.log
172,4,-1,-1,-1,1,1,214,3101,0.098,2.28,False,Solitudine / Nessun Contatto,,,Nessuna,4,0,4,0.0,3,3,3,3,0,0,0,0,0,0,0,0,8500.0,9,1.025,1.025,0.0,False,0,0,2,2,52.26,monte_carlo_run_172_seed_214.log
173,4,-1,-1,-1,1,1,215,3101,0.111,2.15,False,Solitudine / Nessun Contatto,,,Nessuna,4,0,4,0.0,3,3,3,3,0,0,0,0,0,0,0,0,8500.0,8,1.017,1.017,0.0,False,0,0,1,3,66.96,monte_carlo_run_173_seed_215.log
174,4,-1,-1,-1,1,1,216,3101,0.073,1.18,False,Solitudine / Nessun Contatto,,,Nessuna,3,0,3,0.0,3,3,3,3,0,0,0,0,0,0,0,0,8500.0,9,1.001,1.001,0.0,False,0,0,2,3,0.06,monte_carlo_run_174_seed_216.log
175,4,-1,-1,-1,1,1,217,3101,0.087,2.03,False,Solitudine / Nessun Contatto,,,Nessuna,1,0,1,0.0,1,1,1,1,0,0,0,0,0,0,0,0,8500.0,2,1.0,1.0,0.0,False,0,0,0,0,0.02,monte_carlo_run_175_seed_217.log
176,4,-1,-1,-1,1,1,218,3101,0.062,1.25,False,Solitudine / Nessun Contatto,,,Nessuna,1,0,1,0.0,1,1,1,1,0,0,0,0,0,0,0,0,8500.0,2,1.0,1.0,0.0,False,0,0,0,0,0.02,monte_carlo_run_176_seed_218.log
177,4,-1,-1,-1,1,1,219,3101,0.122,1.56,False,Solitudine / Nessun Contatto,,,Nessuna,1,0,1,0.0,1,1,1,1,0,0,0,0,0,0,0,0,8500.0,2,1.0,1.0,0.0,False,0,0,0,0,0.02,monte_carlo_run_177_seed_219.log
178,4,-1,-1,-1,1,1,220,3101,0.129,1.61,False,Solitudine / Nessun Contatto,,,Nessuna,3,0,3,0.0,3,3,3,3,0,0,0,0,0,0,0,0,8500.0,9,1.0,1.0,0.0,False,0,0,1,2,0.06,monte_carlo_run_178_seed_220.log
179,4,-1,-1,-1,1,1,221,3101,0.091,1.79,False,Solitudine / Nessun Contatto,,,Nessuna,1,0,1,0.0,1,1,1,1,0,0,0,0,0,0,0,0,8500.0,2,1.0,1.0,0.0,False,0,0,0,0,0.02,monte_carlo_run_179_seed_221.log
180,4,-1,-1,-1,1,1,222,3101,0.139,2.87,False,Solitudine / Nessun Contatto,,,Nessuna,3,0,3,2.28,1,1,1,1,0,0,0,0,0,0,0,0,8500.0,2,1.003,1.003,0.0,False,0,0,0,0,128.41,monte_carlo_run_180_seed_222.log
181,4,-1,-1,-1,1,1,223,3101,0.104,1.99,False,Solitudine / Nessun Contatto,,,Nessuna,1,0,1,0.0,1,1,1,1,0,0,0,0,0,0,0,0,8500.0,2,1.0,1.0,0.0,False,0,0,0,0,0.02,monte_carlo_run_181_seed_223.log
182,4,-1,-1,-1,1,1,224,3101,0.146,2.89,False,Solitudine / Nessun Contatto,,,Nessuna,5,0,5,3.17,1,1,1,1,0,0,0,0,0,0,0,0,8500.0,2,1.041,1.041,0.0,False,2,0,0,0,296.94,monte_carlo_run_182_seed_224.log
183,4,-1,-1,-1,1,1,225,3101,0.133,2.3,False,Solitudine / Nessun Contatto,,,Nessuna,2,0,2,0.0,2,2,2,2,0,0,0,0,0,0,0,0,8500.0,6,1.0,1.0,0.0,False,0,0,0,1,0.04,monte_carlo_run_183_seed_225.log
184,4,-1,-1,-1,1,1,226,3101,0.077,1.66,False,Solitudine / Nessun Contatto,,,Nessuna,3,0,3,0.0,3,3,3,3,0,0,0,0,0,0,0,0,8500.0,9,1.0,1.0,0.0,False,0,0,0,3,0.06,monte_carlo_run_184_seed_226.log
185,4,-1,-1,-1,1,1,227,3101,0.09,1.43,False,Solitudine / Nessun Contatto,,,Nessuna,1,0,1,0.0,1,1,1,1,0,0,0,0,0,0,0,0,8500.0,2,1.0,1.0,0.0,False,0,0,0,0,0.02,monte_carlo_run_185_seed_227.log
186,4,-1,-1,-1,1,1,228,3101,0.139,2.44,False,Solitudine / Nessun Contatto,,,Nessuna,6,0,6,2.51,3,3,2,2,0,1,1,1,0,0,0,0,8500.62,6,1.052,0.962,-0.0892,False,2,0,1,1,173.34,monte_carlo_run_186_seed_228.log
187,4,-1,-1,-1,1,1,229,3101,0.084,1.02,False,Solitudine / Nessun Contatto,,,Nessuna,2,0,2,0.0,2,2,2,2,0,0,0,0,0,0,0,0,8500.0,6,1.0,1.0,0.0,False,0,0,0,1,0.04,monte_carlo_run_187_seed_229.log
188,4,-1,-1,-1,1,1,230,3101,0.054,1.17,False,Solitudine / Nessun Contatto,,,Nessuna,3,0,3,0.0,3,3,3,3,0,0,0,0,0,0,0,0,8500.0,9,1.001,1.001,0.0,False,0,0,2,2,0.06,monte_carlo_run_188_seed_230.log
189,4,-1,-1,-1,1,1,231,3101,0.084,1.37,False,Solitudine / Nessun Contatto,,,Nessuna,2,0,2,0.0,2,2,2,2,0,0,0,0,0,0,0,0,8500.0,5,1.0,1.0,0.0,False,0,0,0,1,0.04,monte_carlo_run_189_seed_231.log
190,4,-1,-1,-1,1,1,232,3101,0.133,3.0,False,Solitudine / Nessun Contatto,,,Nessuna,2,0,2,2.92,1,1,1,1,0,0,0,0,0,0,0,0,8500.0,2,1.002,1.002,0.0,False,0,0,0,0,99.84,monte_carlo_run_190_seed_232.log
191,4,-1,-1,-1,1,1,233,3101,0.076,1.7,False,Solitudine / Nessun Contatto,,,Nessuna,1,0,1,0.0,1,1,1,1,0,0,0,0,0,0,0,0,8500.0,2,1.0,1.0,0.0,False,0,0,0,0,0.02,monte_carlo_run_191_seed_233.log
192,4,-1,-1,-1,1,1,234,3101,0.137,1.85,False,Solitudine / Nessun Contatto,,,Nessuna,4,0,4,1.69,2,2,2,2,0,0,0,0,0,0,0,0,8500.0,6,1.03,1.03,0.0,False,0,0,1,1,98.71,monte_carlo_run_192_seed_234.log
193,4,-1,-1,-1,1,1,235,3101,0.106,2.53,False,Solitudine / Nessun Contatto,,,Nessuna,2,0,2,0.0,2,2,2,2,0,0,0,0,0,0,0,0,8500.0,5,1.0,1.0,0.0,False,0,0,1,1,0.04,monte_carlo_run_193_seed_235.log
194,4,-1,-1,-1,1,1,236,3101,0.075,1.37,False,Solitudine / Nessun Contatto,,,Nessuna,1,0,1,0.0,1,1,1,1,0,0,0,0,0,0,0,0,8500.0,2,1.0,1.0,0.0,False,0,0,0,0,0.02,monte_carlo_run_194_seed_236.log
195,4,-1,-1,-1,1,1,237,3101,0.119,2.85,False,Solitudine / Nessun Contatto,,,Nessuna,7,0,7,5.68,2,2,1,1,0,1,1,1,0,0,0,0,8500.61,3,1.087,0.945,-0.1416,False,3,0,0,0,523.6,monte_carlo_run_195_seed_237.log
196,4,-1,-1,-1,1,1,238,3101,0.071,1.06,False,Solitudine / Nessun Contatto,,,Nessuna,1,0,1,0.0,1,1,1,1,0,0,0,0,0,0,0,0,8500.0,2,1.0,1.0,0.0,False,0,0,0,0,0.02,monte_carlo_run_196_seed_238.log
197,4,-1,-1,-1,1,1,239,3101,0.096,1.32,False,Solitudine / Nessun Contatto,,,Nessuna,1,0,1,0.0,1,1,1,1,0,0,0,0,0,0,0,0,8500.0,2,1.0,1.0,0.0,False,0,0,0,0,0.02,monte_carlo_run_197_seed_239.log
198,4,-1,-1,-1,1,1,240,3101,0.108,1.7,False,Solitudine / Nessun Contatto,,,Nessuna,1,0,1,0.0,1,1,1,1,0,0,0,0,0,0,0,0,8500.0,2,1.0,1.0,0.0,False,0,0,0,0,0.02,monte_carlo_run_198_seed_240.log
199,4,-1,-1,-1,1,1,241,3101,0.072,1.62,False,Solitudine / Nessun Contatto,,,Nessuna,3,0,3,0.0,3,3,3,3,0,0,0,0,0,0,0,0,8500.0,10,1.001,1.001,0.0,False,0,0,2,3,0.06,monte_carlo_run_199_seed_241.log
200,4,-1,-1,-1,1,1,242,3101,0.137,2.94,False,Solitudine / Nessun Contatto,,,Nessuna,3,0,3,0.0,2,2,2,2,0,0,0,0,0,0,0,0,8500.0,6,1.017,1.017,0.0,False,0,0,1,1,54.18,monte_carlo_run_200_seed_242.log
201,5,-1,-1,1,-1,-1,243,3101,0.28,4.29,False,Solitudine / Nessun Contatto,,,Nessuna,31,0,31,8.23,4,3,3,2,1,1,0,0,0,0,0,0,8500.0,7,1.28,1.28,0.0,False,24,0,2,4,1002.63,monte_carlo_run_201_seed_243.log
202,5,-1,-1,1,-1,-1,244,3101,0.481,7.92,True,Contatto Planetario / Biofirme,89.46,6.85,Predatoria,9,1,108,13.86,14,12,3,1,1,10,10,10,0,5,5,0,8539.09,16,1.469,1.543,0.0738,True,92,0,8,16,1000.96,monte_carlo_run_202_seed_244.log
203,5,-1,-1,1,-1,-1,245,3101,0.371,5.11,True,Incontro Flotta Deep-Space,378.99,7.45,Biosfera Primitiva,21,0,57,16.86,9,7,1,1,0,8,8,8,0,3,3,0,8521.8,12,1.211,1.33,0.1192,True,47,0,3,6,1003.44,monte_carlo_run_203_seed_245.log
204,5,-1,-1,1,-1,-1,246,3101,0.561,12.1,True,Contatto Planetario / Biofirme,39.72,8.12,Diffidente,5,1,209,21.93,34,23,6,2,4,26,26,26,0,8,7,1,8566.47,27,1.533,1.369,-0.1634,False,170,0,4,12,1000.98,monte_carlo_run_204_seed_246.log
205,5,-1,-1,1,-1,-1,247,3101,0.475,11.21,True,Contatto Planetario / Biofirme,128.44,12.12,Diffidente,10,1,189,31.91,31,25,4,1,3,26,24,24,0,15,13,2,8593.51,49,1.212,1.51,0.298,True,156,0,43,63,1000.73,monte_carlo_run_205_seed_247.log
206,5,-1,-1,1,-1,-1,248,3101,0.512,11.16,False,Solitudine / Nessun Contatto,,,Nessuna,210,1,210,15.58,39,26,2,1,1,35,30,30,0,13,10,3,8601.9,50,1.243,1.6,0.3572,True,166,0,34,47,1000.03,monte_carlo_run_206_seed_248.log
207,5,-1,-1,1,-1,-1,249,3101,0.36,5.18,True,Contatto Planetario / Biofirme,111.11,7.79,Cauta,9,0,54,13.56,13,9,2,1,1,11,11,11,0,5,5,0,8546.98,18,1.223,1.327,0.1033,True,37,0,4,14,1002.4,monte_carlo_run_207_seed_249.log
208,5,-1,-1,1,-1,-1,250,3101,0.419,5.04,True,Incontro Flotta Deep-Space,295.32,0.92,Biosfera Primitiva,19,0,96,17.13,16,14,4,1,2,12,7,7,0,5,5,0,8539.69,24,1.324,1.381,0.0568,True,78,0,17,38,1001.08,monte_carlo_run_208_seed_250.log
209,5,-1,-1,1,-1,-1,251,3101,0.513,12.29,True,Incontro Flotta Deep-Space,374.63,0.0,Biosfera Primitiva,46,2,230,24.68,40,32,3,1,2,35,33,33,0,21,19,2,8643.29,57,1.237,1.6,0.3632,True,189,0,69,109,1000.57,monte_carlo_run_209_seed_251.log
210,5,-1,-1,1,-1,-1,252,3101,0.47,7.28,True,Contatto Planetario / Biofirme,156.17,9.06,Cauta,10,0,94,21.58,15,11,3,1,2,12,12,12,0,5,5,0,8528.72,11,0.993,1.151,0.1582,True,76,0,4,10,1000.69,monte_carlo_run_210_seed_252.log
211,5,-1,-1,1,-1,-1,253,3101,0.252,3.72,False,Solitudine / Nessun Contatto,,,Nessuna,1,0,1,0.0,1,1,1,1,0,0,0,0,0,0,0,0,8500.0,2,1.0,1.0,0.0,False,0,0,0,0,0.02,monte_carlo_run_211_seed_253.log
212,5,-1,-1,1,-1,-1,254,3101,0.246,6.06,True,Contatto Planetario / Biofirme,17.68,4.35,Collaborativa,2,0,103,9.66,27,19,5,0,4,21,9,9,0,7,7,0,8537.49,32,0.722,1.6,0.8778,True,75,0,41,82,1000.28,monte_carlo_run_212_seed_254.log
213,5,-1,-1,1,-1,-1,255,3101,0.417,10.4,True,Incontro Flotta Deep-Space,460.57,10.67,Biosfera Primitiva,66,2,244,24.64,39,30,2,1,1,32,32,32,0,21,14,7,8632.39,62,1.394,1.6,0.206,True,202,0,61,88,1000.05,monte_carlo_run_213_seed_255.log
214,5,-1,-1,1,-1,-1,256,3101,0.384,6.47,True,Incontro Flotta Deep-Space,700.72,11.86,Biosfera Primitiva,78,1,145,20.91,30,25,2,1,1,27,21,21,0,14,11,3,8587.22,42,1.194,1.425,0.2309,True,112,0,25,54,1000.2,monte_carlo_run_214_seed_256.log
215,5,-1,-1,1,-1,-1,257,3101,0.309,4.24,True,Incontro Flotta Deep-Space,578.38,11.21,Biosfera Primitiva,31,0,57,16.17,8,7,3,3,0,4,2,2,0,2,1,1,8512.21,13,1.32,1.318,-0.0018,False,43,0,4,7,1000.09,monte_carlo_run_215_seed_257.log
216,5,-1,-1,1,-1,-1,258,3101,0.293,5.13,True,Contatto Planetario / Biofirme,119.29,9.61,Ostile,6,0,75,17.33,10,9,2,1,1,8,8,8,0,4,4,0,8542.16,11,1.222,1.264,0.042,True,62,0,1,4,1001.27,monte_carlo_run_216_seed_258.log
217,5,-1,-1,1,-1,-1,259,3101,0.493,6.1,True,Incontro Flotta Deep-Space,936.66,0.0,Collaborativa,106,0,125,19.92,32,25,3,1,0,26,26,26,0,11,11,0,8573.5,30,1.058,1.497,0.4389,True,90,0,22,45,1000.79,monte_carlo_run_217_seed_259.log
218,5,-1,-1,1,-1,-1,260,3101,0.424,9.79,True,Contatto Planetario / Biofirme,78.44,7.04,Ostile,4,1,148,20.21,31,20,5,1,2,24,23,23,0,11,10,1,8588.31,30,1.153,1.6,0.4465,True,116,0,33,59,1000.31,monte_carlo_run_218_seed_260.log
219,5,-1,-1,1,-1,-1,261,3101,0.251,3.07,False,Solitudine / Nessun Contatto,,,Nessuna,1,0,1,0.0,1,1,1,1,0,0,0,0,0,0,0,0,8500.0,2,1.0,1.0,0.0,False,0,0,0,0,0.02,monte_carlo_run_219_seed_261.log
220,5,-1,-1,1,-1,-1,262,3101,0.38,4.81,True,Incontro Flotta Deep-Space,847.54,8.7,Cauta,69,0,83,18.26,19,18,3,2,1,16,15,15,0,9,7,2,8559.42,21,1.079,1.279,0.2006,True,61,0,16,36,1000.77,monte_carlo_run_220_seed_262.log
221,5,-1,-1,1,-1,-1,263,3101,0.279,4.52,False,Solitudine / Nessun Contatto,,,Nessuna,27,0,27,16.48,6,4,2,1,1,3,2,2,0,1,1,0,8508.8,5,0.91,0.822,-0.0884,False,21,0,1,3,1004.07,monte_carlo_run_221_seed_263.log
222,5,-1,-1,1,-1,-1,264,3101,0.509,7.18,True,Contatto Planetario / Biofirme,133.48,15.5,Collaborativa,11,1,85,26.1,15,9,4,1,2,10,10,10,0,7,4,3,8552.63,19,1.553,1.562,0.0085,True,71,0,18,28,1000.92,monte_carlo_run_222_seed_264.log
223,5,-1,-1,1,-1,-1,265,3101,0.394,7.84,True,Incontro Flotta Deep-Space,574.82,0.0,Biosfera Primitiva,48,0,120,14.02,22,17,3,2,1,17,12,12,0,7,7,0,8546.11,29,1.273,1.588,0.3147,True,96,0,15,40,1000.52,monte_carlo_run_223_seed_265.log
224,5,-1,-1,1,-1,-1,266,3101,0.421,5.67,True,Contatto Planetario / Biofirme,252.63,14.51,Cauta,13,0,115,22.18,23,19,5,2,3,18,17,17,0,7,7,0,8556.07,19,1.141,1.326,0.1843,True,86,0,10,16,1000.54,monte_carlo_run_224_seed_266.log
225,5,-1,-1,1,-1,-1,267,3101,0.426,5.96,True,Incontro Flotta Deep-Space,429.03,9.56,Biosfera Primitiva,31,0,125,19.7,18,15,1,1,0,17,13,13,0,5,5,0,8532.27,32,1.399,1.49,0.0901,True,104,0,7,25,1000.03,monte_carlo_run_225_seed_267.log
226,5,-1,-1,1,-1,-1,268,3101,0.358,5.38,True,Incontro Flotta Deep-Space,526.97,8.51,Biosfera Primitiva,27,0,57,17.85,11,7,1,1,0,10,10,10,0,7,5,2,8543.7,21,1.087,1.464,0.3769,True,44,0,20,27,1000.36,monte_carlo_run_226_seed_268.log
227,5,-1,-1,1,-1,-1,269,3101,0.405,9.39,True,Incontro Flotta Deep-Space,399.25,4.34,Biosfera Primitiva,36,0,84,9.62,16,12,1,0,1,15,15,15,0,10,7,3,8577.74,28,0.929,1.6,0.6705,True,66,0,22,32,1001.31,monte_carlo_run_227_seed_269.log
228,5,-1,-1,1,-1,-1,270,3101,0.349,6.87,True,Contatto Planetario / Biofirme,13.13,4.58,Ostile,2,0,103,13.5,26,22,4,2,1,22,16,16,0,5,5,0,8540.04,21,1.05,1.174,0.1241,True,76,0,10,28,1000.13,monte_carlo_run_228_seed_270.log
229,5,-1,-1,1,-1,-1,271,3101,0.548,11.78,False,Solitudine / Nessun Contatto,,,Nessuna,123,2,123,26.62,19,13,2,1,1,14,13,13,0,7,6,1,8547.12,20,1.516,1.393,-0.1234,False,104,0,6,10,1002.39,monte_carlo_run_229_seed_271.log
230,5,-1,-1,1,-1,-1,272,3101,0.316,6.47,True,Contatto Planetario / Biofirme,165.81,10.36,Diffidente,7,0,50,17.07,11,9,4,1,3,7,7,7,0,4,4,0,8523.11,9,0.912,1.1,0.1879,True,35,0,2,13,1003.36,monte_carlo_run_230_seed_272.log
231,5,-1,-1,1,-1,-1,273,3101,0.505,11.99,True,Contatto Planetario / Biofirme,79.62,11.78,Ostile,8,0,124,13.99,26,21,5,2,2,19,13,13,0,5,5,0,8532.95,28,1.111,1.6,0.4891,True,92,0,10,19,1000.01,monte_carlo_run_231_seed_273.log
232,5,-1,-1,1,-1,-1,274,3101,0.369,6.92,False,Solitudine / Nessun Contatto,,,Nessuna,68,1,68,22.06,13,10,2,1,1,10,10,10,0,2,2,0,8522.26,9,1.249,0.851,-0.3982,False,54,0,2,4,1001.93,monte_carlo_run_232_seed_274.log
233,5,-1,-1,1,-1,-1,275,3101,0.253,3.55,True,Contatto Planetario / Biofirme,10.12,2.56,Cauta,2,0,18,8.14,6,5,2,0,1,4,4,4,0,4,4,0,8532.06,8,0.657,1.377,0.7199,True,12,0,6,10,1000.64,monte_carlo_run_233_seed_275.log
234,5,-1,-1,1,-1,-1,276,3101,0.553,8.34,True,Contatto Planetario / Biofirme,47.42,7.84,Predatoria,5,1,88,16.49,19,14,3,1,1,15,10,10,0,6,6,0,8544.6,31,1.294,1.534,0.2403,True,67,0,10,35,1000.27,monte_carlo_run_234_seed_276.log
235,5,-1,-1,1,-1,-1,277,3101,0.473,7.99,False,Solitudine / Nessun Contatto,,,Nessuna,83,0,83,20.56,18,11,1,1,0,17,17,17,0,9,9,0,8553.34,23,1.066,1.39,0.3238,True,65,0,13,27,1000.11,monte_carlo_run_235_seed_277.log
236,5,-1,-1,1,-1,-1,278,3101,0.333,5.41,True,Incontro Flotta Deep-Space,604.51,6.98,Collaborativa,40,0,107,13.9,22,15,2,1,0,19,19,19,0,9,7,2,8572.53,27,1.099,1.6,0.5015,True,85,0,35,55,1000.12,monte_carlo_run_236_seed_278.log
237,5,-1,-1,1,-1,-1,279,3101,0.455,8.81,True,Contatto Planetario / Biofirme,63.14,11.25,Ostile,5,1,143,21.35,25,16,3,1,1,21,21,21,0,13,9,4,8593.05,33,1.355,1.443,0.0879,True,115,0,29,40,1000.86,monte_carlo_run_237_seed_279.log
238,5,-1,-1,1,-1,-1,280,3101,0.599,14.27,True,Contatto Planetario / Biofirme,99.5,14.33,Predatoria,8,0,178,24.79,30,23,5,2,3,25,25,25,0,14,11,3,8590.28,47,1.171,1.6,0.4291,True,146,0,56,69,1000.0,monte_carlo_run_238_seed_280.log
239,5,-1,-1,1,-1,-1,281,3101,0.509,10.84,False,Solitudine / Nessun Contatto,,,Nessuna,82,0,82,20.83,18,13,2,1,1,16,16,16,0,10,7,3,8564.43,32,1.162,1.6,0.4383,True,62,0,27,39,1000.06,monte_carlo_run_239_seed_281.log
240,5,-1,-1,1,-1,-1,282,3101,0.451,9.12,True,Contatto Planetario / Biofirme,6.66,3.0,Cauta,2,1,109,16.83,24,18,5,1,2,18,7,7,0,4,4,0,8527.08,28,1.072,1.462,0.39,True,82,0,20,38,1000.74,monte_carlo_run_240_seed_282.log
241,5,-1,-1,1,-1,-1,283,3101,0.522,7.03,True,Contatto Planetario / Biofirme,18.32,7.85,Diffidente,4,0,116,25.32,17,13,2,1,1,14,13,13,0,8,6,2,8566.89,23,1.026,1.542,0.5154,True,98,0,16,24,1001.44,monte_carlo_run_241_seed_283.log
242,5,-1,-1,1,-1,-1,284,3101,0.563,13.59,True,Contatto Planetario / Biofirme,39.05,9.22,Predatoria,4,1,154,16.58,32,25,4,0,4,25,25,25,0,10,7,3,8585.92,29,0.858,1.415,0.5567,True,118,0,22,33,1000.6,monte_carlo_run_242_seed_284.log
243,5,-1,-1,1,-1,-1,285,3101,0.563,7.79,True,Contatto Planetario / Biofirme,140.34,16.7,Collaborativa,12,1,149,28.19,27,21,5,0,4,20,20,20,0,10,9,1,8589.87,33,0.894,1.588,0.694,True,119,0,25,33,1000.02,monte_carlo_run_243_seed_285.log
244,5,-1,-1,1,-1,-1,286,3101,0.226,2.9,False,Solitudine / Nessun Contatto,,,Nessuna,1,0,1,0.0,2,2,2,1,1,0,0,0,0,0,0,0,8500.0,2,1.0,1.0,0.0,False,0,0,1,1,0.02,monte_carlo_run_244_seed_286.log
245,5,-1,-1,1,-1,-1,287,3101,0.599,10.14,True,Contatto Planetario / Biofirme,65.04,10.45,Diffidente,5,2,161,24.13,29,21,3,1,0,23,23,23,0,16,12,4,8605.51,44,1.046,1.6,0.5545,True,128,0,58,75,1000.63,monte_carlo_run_245_seed_287.log
246,5,-1,-1,1,-1,-1,288,3101,0.255,4.14,False,Solitudine / Nessun Contatto,,,Nessuna,49,0,49,20.62,7,6,2,2,0,5,3,3,0,2,2,0,8515.13,10,1.048,1.114,0.0654,True,34,0,3,10,1000.28,monte_carlo_run_246_seed_288.log
247,5,-1,-1,1,-1,-1,289,3101,0.257,3.65,False,Solitudine / Nessun Contatto,,,Nessuna,3,0,3,4.03,1,1,1,1,0,0,0,0,0,0,0,0,8500.0,2,1.006,1.006,0.0,False,1,0,0,0,74.71,monte_carlo_run_247_seed_289.log
248,5,-1,-1,1,-1,-1,290,3101,0.297,4.33,True,Contatto Planetario / Biofirme,11.72,3.48,Diffidente,2,0,44,15.93,6,6,3,1,1,3,3,3,0,0,0,0,8502.76,5,1.118,0.983,-0.1351,False,38,0,0,1,1000.69,monte_carlo_run_248_seed_290.log
249,5,-1,-1,1,-1,-1,291,3101,0.33,4.39,True,Contatto Planetario / Biofirme,154.39,7.03,Collaborativa,8,0,23,14.87,3,2,2,1,1,1,1,1,0,1,1,0,8503.51,5,1.459,1.137,-0.3224,False,20,0,0,1,1001.28,monte_carlo_run_249_seed_291.log
250,5,-1,-1,1,-1,-1,292,3101,0.484,8.12,True,Contatto Planetario / Biofirme,63.19,8.22,Diffidente,6,1,175,22.03,35,24,4,1,2,30,30,30,0,17,11,6,8603.28,46,1.014,1.6,0.5859,True,139,0,66,87,1001.4,monte_carlo_run_250_seed_292.log
251,6,-1,-1,1,-1,1,293,3101,0.445,6.66,True,Incontro Flotta Deep-Space,10.88,0.0,Cauta,4,0,156,22.13,35,28,3,1,1,32,15,15,0,8,8,0,8554.49,59,1.281,1.187,-0.0943,False,118,0,62,118,1000.2,monte_carlo_run_251_seed_293.log
252,6,-1,-1,1,-1,1,294,3101,0.597,10.11,True,Contatto Planetario / Biofirme,9.75,4.24,Collaborativa,7,1,438,24.94,63,48,7,3,3,54,26,26,0,15,12,3,8603.18,119,1.259,1.6,0.3407,True,365,0,91,145,1000.19,monte_carlo_run_252_seed_294.log
253,6,-1,-1,1,-1,1,295,3101,0.362,7.93,True,Contatto Planetario / Biofirme,174.0,7.25,Collaborativa,9,0,158,13.52,33,24,4,0,3,29,25,25,0,19,19,0,8624.14,54,0.991,1.532,0.5406,True,124,0,69,150,1000.66,monte_carlo_run_253_seed_295.log
254,6,-1,-1,1,-1,1,296,3101,0.525,9.18,True,Contatto Planetario / Biofirme,70.17,5.24,Cauta,12,0,133,10.33,30,23,7,3,2,23,8,8,0,7,7,0,8541.09,51,1.265,1.598,0.3334,True,100,0,41,82,1000.39,monte_carlo_run_254_seed_296.log
255,6,-1,-1,1,-1,1,297,3101,0.211,3.33,True,Incontro Flotta Deep-Space,466.73,6.79,Biosfera Primitiva,15,0,15,9.6,2,2,1,1,0,1,1,1,0,1,1,0,8506.79,5,1.376,1.265,-0.1113,False,9,0,0,1,1004.53,monte_carlo_run_255_seed_297.log
256,6,-1,-1,1,-1,1,298,3101,0.548,8.69,True,Incontro Flotta Deep-Space,23.44,8.11,Cauta,7,0,193,16.39,39,29,10,2,4,29,16,16,0,8,5,3,8549.84,40,1.386,1.6,0.2139,True,146,0,19,35,1000.08,monte_carlo_run_256_seed_298.log
257,6,-1,-1,1,-1,1,299,3101,0.476,7.66,True,Incontro Flotta Deep-Space,0.02,5.27,Ostile,2,0,149,24.09,27,24,3,1,1,24,24,24,0,12,10,2,8580.43,34,1.263,1.387,0.1245,True,120,0,29,43,1000.1,monte_carlo_run_257_seed_299.log
258,6,-1,-1,1,-1,1,300,3101,0.268,5.18,False,Solitudine / Nessun Contatto,,,Nessuna,130,0,130,15.18,21,17,2,1,1,19,10,10,0,6,4,2,8544.8,32,1.229,1.463,0.2341,True,102,0,9,24,1000.46,monte_carlo_run_258_seed_300.log
259,6,-1,-1,1,-1,1,301,3101,0.498,12.4,True,Incontro Flotta Deep-Space,20.63,6.06,Predatoria,5,0,55,8.9,14,13,3,1,0,10,1,1,0,0,0,0,8500.64,25,1.181,0.849,-0.3317,False,41,0,6,21,1008.55,monte_carlo_run_259_seed_301.log
260,6,-1,-1,1,-1,1,302,3101,0.541,12.78,True,Contatto Planetario / Biofirme,79.92,13.3,Collaborativa,8,0,70,13.3,19,16,6,2,2,13,13,13,0,2,2,0,8514.84,13,1.287,1.149,-0.1387,False,48,0,0,3,1000.05,monte_carlo_run_260_seed_302.log
261,6,-1,-1,1,-1,1,303,3101,0.39,8.42,True,Incontro Flotta Deep-Space,553.1,6.64,Biosfera Primitiva,69,0,203,19.66,37,30,2,1,1,35,29,29,0,17,14,3,8630.38,57,1.092,1.6,0.5084,True,162,0,60,81,1000.02,monte_carlo_run_261_seed_303.log
262,6,-1,-1,1,-1,1,304,3101,0.219,3.57,False,Solitudine / Nessun Contatto,,,Nessuna,13,0,13,8.2,2,2,2,2,0,0,0,0,0,0,0,0,8500.0,8,1.532,1.532,0.0,False,10,0,1,1,1006.58,monte_carlo_run_262_seed_304.log
263,6,-1,-1,1,-1,1,305,3101,0.241,5.68,True,Incontro Flotta Deep-Space,490.89,3.87,Biosfera Primitiva,50,0,134,16.1,33,28,3,1,2,29,23,23,0,11,7,4,8592.55,43,1.261,1.6,0.3394,True,101,0,25,38,1000.08,monte_carlo_run_263_seed_305.log
264,6,-1,-1,1,-1,1,306,3101,0.24,4.77,True,Incontro Flotta Deep-Space,271.76,4.2,Biosfera Primitiva,25,0,117,14.05,15,9,3,2,1,11,3,3,0,2,2,0,8512.88,28,1.367,1.277,-0.0892,False,98,0,6,16,1000.46,monte_carlo_run_264_seed_306.log
265,6,-1,-1,1,-1,1,307,3101,0.41,7.87,True,Incontro Flotta Deep-Space,231.84,0.0,Biosfera Primitiva,26,0,104,15.57,24,20,4,1,1,19,8,8,0,5,4,1,8533.84,52,1.362,1.6,0.2383,True,80,0,52,81,1000.06,monte_carlo_run_265_seed_307.log
266,6,-1,-1,1,-1,1,308,3101,0.289,4.72,True,Incontro Flotta Deep-Space,487.74,9.63,Biosfera Primitiva,16,1,54,16.97,11,7,2,1,1,8,8,8,0,5,4,1,8536.6,15,1.286,1.326,0.04,True,42,0,5,8,1001.98,monte_carlo_run_266_seed_308.log
267,6,-1,-1,1,-1,1,309,3101,0.581,11.1,True,Contatto Planetario / Biofirme,52.29,9.35,Diffidente,6,0,68,11.72,9,7,2,1,1,7,7,7,0,6,4,2,8544.23,19,1.184,1.529,0.3447,True,57,0,13,18,1001.66,monte_carlo_run_267_seed_309.log
268,6,-1,-1,1,-1,1,310,3101,0.349,7.01,True,Contatto Planetario / Biofirme,566.29,12.42,Collaborativa,28,0,89,18.39,16,13,2,1,0,14,11,11,0,4,3,1,8536.35,20,1.065,1.512,0.4463,True,72,0,2,6,1001.15,monte_carlo_run_268_seed_310.log
269,6,-1,-1,1,-1,1,311,3101,0.519,12.61,True,Contatto Planetario / Biofirme,16.96,8.8,Diffidente,2,0,205,30.03,34,26,4,1,3,29,24,24,0,7,5,2,8571.39,41,1.6,1.52,-0.0803,False,169,0,10,20,1000.04,monte_carlo_run_269_seed_311.log
270,6,-1,-1,1,-1,1,312,3101,0.472,7.07,True,Incontro Flotta Deep-Space,241.94,6.02,Collaborativa,22,0,141,18.86,30,21,2,1,1,27,27,27,0,15,12,3,8601.14,36,1.058,1.566,0.5081,True,109,0,24,46,1000.13,monte_carlo_run_270_seed_312.log
271,6,-1,-1,1,-1,1,313,3101,0.401,7.15,True,Incontro Flotta Deep-Space,442.33,5.98,Biosfera Primitiva,45,0,141,17.73,24,19,2,0,2,21,20,20,0,12,10,2,8592.82,36,0.971,1.6,0.6291,True,113,0,39,63,1001.45,monte_carlo_run_271_seed_313.log
272,6,-1,-1,1,-1,1,314,3101,0.592,8.85,True,Incontro Flotta Deep-Space,220.81,17.36,Collaborativa,48,1,178,30.19,33,21,4,3,1,27,16,16,0,9,8,1,8566.48,50,1.42,1.581,0.1606,True,143,0,45,78,1000.68,monte_carlo_run_272_seed_314.log
273,6,-1,-1,1,-1,1,315,3101,0.544,13.26,True,Contatto Planetario / Biofirme,397.19,11.3,Collaborativa,59,0,151,19.96,26,17,2,2,0,23,18,18,0,9,8,1,8556.75,38,1.323,1.6,0.2773,True,125,0,24,36,1000.17,monte_carlo_run_273_seed_315.log
274,6,-1,-1,1,-1,1,316,3101,0.404,8.15,True,Contatto Planetario / Biofirme,236.47,10.48,Ostile,10,0,106,19.04,19,18,3,2,0,16,13,13,0,6,6,0,8552.41,23,1.469,1.349,-0.1199,False,82,0,7,13,1001.03,monte_carlo_run_274_seed_316.log
275,6,-1,-1,1,-1,1,317,3101,0.379,7.25,True,Contatto Planetario / Biofirme,15.94,4.25,Cauta,3,0,74,19.0,18,15,3,1,2,15,15,15,0,2,2,0,8535.19,16,1.6,1.31,-0.2904,False,54,0,1,2,1001.02,monte_carlo_run_275_seed_317.log
276,6,-1,-1,1,-1,1,318,3101,0.441,9.58,False,Solitudine / Nessun Contatto,,,Nessuna,248,0,248,22.05,50,43,4,1,3,44,14,14,0,10,9,1,8581.98,87,1.105,1.6,0.4954,True,191,0,93,158,1000.36,monte_carlo_run_276_seed_318.log
277,6,-1,-1,1,-1,1,319,3101,0.333,4.87,True,Incontro Flotta Deep-Space,411.06,6.95,Biosfera Primitiva,32,0,94,14.87,17,13,1,0,1,16,16,16,0,11,6,5,8575.11,29,0.908,1.581,0.6734,True,72,0,36,49,1001.53,monte_carlo_run_277_seed_319.log
278,6,-1,-1,1,-1,1,320,3101,0.325,5.55,True,Contatto Planetario / Biofirme,32.74,7.16,Cauta,4,0,49,13.29,8,5,2,0,2,6,6,6,0,5,3,2,8532.26,12,0.741,1.457,0.7154,True,42,0,6,13,1000.22,monte_carlo_run_278_seed_320.log
279,6,-1,-1,1,-1,1,321,3101,0.599,7.7,True,Incontro Flotta Deep-Space,463.83,7.26,Leale alla Madrepatria,116,0,321,16.69,49,33,4,1,3,44,23,23,0,16,13,3,8616.2,85,1.0,1.599,0.5994,True,268,0,79,132,1000.25,monte_carlo_run_279_seed_321.log
280,6,-1,-1,1,-1,1,322,3101,0.426,5.27,True,Contatto Planetario / Biofirme,165.66,5.99,Diffidente,11,0,73,14.39,9,6,2,1,1,7,7,7,0,5,4,1,8535.07,14,1.247,1.52,0.273,True,63,0,8,14,1001.97,monte_carlo_run_280_seed_322.log
281,6,-1,-1,1,-1,1,323,3101,0.35,6.28,True,Incontro Flotta Deep-Space,162.7,9.19,Diffidente,18,1,111,14.22,19,13,2,1,1,16,8,8,0,4,4,0,8530.48,36,0.906,1.554,0.6477,True,91,0,17,32,1000.67,monte_carlo_run_281_seed_323.log
282,6,-1,-1,1,-1,1,324,3101,0.419,7.99,True,Incontro Flotta Deep-Space,260.22,0.0,Collaborativa,29,0,239,19.26,44,34,5,2,3,39,13,13,0,6,6,0,8549.19,70,1.353,1.6,0.2466,True,189,0,29,57,1000.09,monte_carlo_run_282_seed_324.log
283,6,-1,-1,1,-1,1,325,3101,0.211,2.68,False,Solitudine / Nessun Contatto,,,Nessuna,3,0,3,0.0,2,2,2,2,0,0,0,0,0,0,0,0,8500.0,6,1.012,1.012,0.0,False,0,0,1,1,39.62,monte_carlo_run_283_seed_325.log
284,6,-1,-1,1,-1,1,326,3101,0.527,10.26,True,Incontro Flotta Deep-Space,491.42,24.01,Biosfera Primitiva,81,1,186,33.58,35,28,3,2,1,29,27,27,0,13,7,6,8583.77,49,1.588,1.586,-0.0021,False,149,0,32,35,1001.01,monte_carlo_run_284_seed_326.log
285,6,-1,-1,1,-1,1,327,3101,0.433,9.46,True,Contatto Planetario / Biofirme,27.01,5.64,Cauta,6,0,146,15.57,30,25,3,2,1,27,11,11,0,7,6,1,8547.83,58,1.05,1.563,0.5129,True,112,0,40,81,1000.54,monte_carlo_run_285_seed_327.log
286,6,-1,-1,1,-1,1,328,3101,0.455,9.52,True,Contatto Planetario / Biofirme,69.29,8.64,Cauta,7,1,153,18.08,27,20,4,2,1,19,18,18,0,9,6,3,8568.27,29,1.224,1.6,0.3756,True,124,0,22,33,1000.1,monte_carlo_run_286_seed_328.log
287,6,-1,-1,1,-1,1,329,3101,0.498,7.93,True,Contatto Planetario / Biofirme,86.14,17.9,Predatoria,20,0,251,23.35,55,45,10,2,5,43,14,14,0,12,11,1,8586.4,86,1.096,1.6,0.5041,True,188,0,95,191,1001.08,monte_carlo_run_287_seed_329.log
288,6,-1,-1,1,-1,1,330,3101,0.374,8.23,True,Incontro Flotta Deep-Space,913.37,22.17,Biosfera Primitiva,158,0,170,25.49,33,23,3,1,1,29,29,29,0,14,12,2,8619.63,44,1.231,1.516,0.285,True,135,0,22,34,1000.03,monte_carlo_run_288_seed_330.log
289,6,-1,-1,1,-1,1,331,3101,0.481,9.71,False,Solitudine / Nessun Contatto,,,Nessuna,103,0,103,9.97,17,12,1,0,1,16,14,14,0,11,8,3,8584.93,34,0.993,1.6,0.607,True,86,0,42,61,1001.1,monte_carlo_run_289_seed_331.log
290,6,-1,-1,1,-1,1,332,3101,0.517,6.28,False,Solitudine / Nessun Contatto,,,Nessuna,18,0,18,4.47,5,5,1,1,0,4,4,4,0,1,1,0,8515.14,7,1.28,1.101,-0.1788,False,13,0,0,1,1003.11,monte_carlo_run_290_seed_332.log
291,6,-1,-1,1,-1,1,333,3101,0.43,8.34,True,Contatto Planetario / Biofirme,30.83,5.58,Collaborativa,6,0,278,12.91,53,37,8,2,6,45,15,15,0,12,12,0,8580.54,90,1.121,1.6,0.4794,True,222,0,95,178,1000.11,monte_carlo_run_291_seed_333.log
292,6,-1,-1,1,-1,1,334,3101,0.414,8.54,True,Contatto Planetario / Biofirme,136.08,14.47,Collaborativa,11,2,176,20.44,40,29,3,1,2,34,31,31,0,15,10,5,8606.14,58,1.138,1.578,0.4397,True,136,0,47,72,1000.65,monte_carlo_run_292_seed_334.log
293,6,-1,-1,1,-1,1,335,3101,0.484,8.18,True,Incontro Flotta Deep-Space,41.61,0.0,Diffidente,9,0,259,29.94,47,36,5,0,4,39,16,16,0,7,6,1,8555.91,69,0.955,1.244,0.2893,True,204,0,31,70,1000.12,monte_carlo_run_293_seed_335.log
294,6,-1,-1,1,-1,1,336,3101,0.329,4.63,True,Incontro Flotta Deep-Space,893.28,23.13,Collaborativa,83,0,90,25.42,14,10,3,2,1,11,5,5,0,4,4,0,8525.57,23,1.263,1.335,0.0724,True,74,0,7,15,1000.3,monte_carlo_run_294_seed_336.log
295,6,-1,-1,1,-1,1,337,3101,0.305,3.87,True,Incontro Flotta Deep-Space,292.31,3.7,Biosfera Primitiva,34,0,46,9.63,8,6,2,1,1,6,2,2,0,2,1,1,8512.45,24,1.542,1.6,0.0578,True,29,0,11,19,1000.96,monte_carlo_run_295_seed_337.log
296,6,-1,-1,1,-1,1,338,3101,0.235,4.99,True,Incontro Flotta Deep-Space,130.2,9.79,Leale alla Madrepatria,14,0,111,14.35,19,13,3,3,0,15,1,1,0,1,1,0,8502.6,37,1.236,0.1,-1.1365,False,90,0,20,39,1001.3,monte_carlo_run_296_seed_338.log
297,6,-1,-1,1,-1,1,339,3101,0.428,7.98,True,Contatto Planetario / Biofirme,131.38,17.91,Diffidente,16,0,253,28.83,54,42,7,1,6,44,17,17,0,6,5,1,8543.37,93,1.486,1.508,0.0214,True,195,0,61,103,1000.36,monte_carlo_run_297_seed_339.log
298,6,-1,-1,1,-1,1,340,3101,0.366,7.34,True,Contatto Planetario / Biofirme,16.66,6.1,Ostile,7,0,284,13.65,60,45,9,3,4,49,17,17,0,9,7,2,8557.65,100,1.029,1.6,0.5706,True,223,0,134,212,1000.46,monte_carlo_run_298_seed_340.log
299,6,-1,-1,1,-1,1,341,3101,0.508,9.95,True,Incontro Flotta Deep-Space,0.02,7.93,Cauta,2,0,133,23.14,23,16,6,3,2,15,7,7,0,2,2,0,8513.67,32,1.187,1.218,0.0317,True,109,0,10,22,1001.14,monte_carlo_run_299_seed_341.log
300,6,-1,-1,1,-1,1,342,3101,0.278,3.88,False,Solitudine / Nessun Contatto,,,Nessuna,11,0,11,3.84,4,4,2,2,0,2,0,0,0,0,0,0,8500.0,12,1.129,1.129,0.0,False,3,0,2,5,480.13,monte_carlo_run_300_seed_342.log
301,7,-1,-1,1,1,-1,343,3101,0.218,5.43,True,Contatto Planetario / Biofirme,501.53,12.33,Diffidente,21,0,40,14.0,5,4,2,2,0,3,3,3,0,1,1,0,8507.24,6,1.211,0.797,-0.4135,False,35,0,1,3,1002.79,monte_carlo_run_301_seed_343.log
302,7,-1,-1,1,1,-1,344,3101,0.582,10.02,False,Solitudine / Nessun Contatto,,,Nessuna,116,0,116,20.68,11,8,2,2,0,8,8,8,0,3,3,0,8526.54,14,1.253,1.317,0.0641,True,101,0,3,5,1000.1,monte_carlo_run_302_seed_344.log
303,7,-1,-1,1,1,-1,345,3101,0.574,11.95,True,Incontro Flotta Deep-Space,933.21,16.5,Collaborativa,91,1,107,31.26,15,10,1,1,0,12,12,12,0,3,3,0,8523.6,14,1.331,1.02,-0.3114,False,90,0,0,6,1000.04,monte_carlo_run_303_seed_345.log
304,7,-1,-1,1,1,-1,346,3101,0.336,8.06,True,Incontro Flotta Deep-Space,238.35,0.0,Collaborativa,15,0,96,20.18,9,8,1,1,0,8,8,8,0,5,5,0,8546.63,13,1.367,1.34,-0.0269,False,85,0,4,8,1000.24,monte_carlo_run_304_seed_346.log
305,7,-1,-1,1,1,-1,347,3101,0.443,9.9,True,Contatto Planetario / Biofirme,20.67,9.16,Cauta,2,0,91,20.56,10,6,3,1,1,7,7,7,0,4,3,1,8530.15,14,1.277,1.354,0.0766,True,80,0,3,7,1001.57,monte_carlo_run_305_seed_347.log
306,7,-1,-1,1,1,-1,348,3101,0.507,9.49,False,Solitudine / Nessun Contatto,,,Nessuna,59,0,59,19.62,3,3,1,1,0,2,2,2,0,0,0,0,8501.47,6,1.6,0.876,-0.7242,False,54,0,0,0,1004.32,monte_carlo_run_306_seed_348.log
307,7,-1,-1,1,1,-1,349,3101,0.256,4.15,False,Solitudine / Nessun Contatto,,,Nessuna,25,0,25,18.7,1,1,1,1,0,0,0,0,0,0,0,0,8500.0,4,1.53,1.53,0.0,False,21,0,0,0,1000.25,monte_carlo_run_307_seed_349.log
308,7,-1,-1,1,1,-1,350,3101,0.368,7.32,False,Solitudine / Nessun Contatto,,,Nessuna,42,0,42,19.02,2,2,2,1,0,0,0,0,0,0,0,0,8500.0,3,1.217,1.217,0.0,False,41,0,0,1,1000.08,monte_carlo_run_308_seed_350.log
309,7,-1,-1,1,1,-1,351,3101,0.342,4.83,False,Solitudine / Nessun Contatto,,,Nessuna,33,0,33,16.97,1,1,1,1,0,0,0,0,0,0,0,0,8500.0,4,1.561,1.561,0.0,False,31,0,0,0,1000.4,monte_carlo_run_309_seed_351.log
310,7,-1,-1,1,1,-1,352,3101,0.381,7.13,True,Incontro Flotta Deep-Space,688.81,16.3,Collaborativa,52,0,76,24.66,11,7,2,0,1,9,9,9,0,5,3,2,8544.14,17,0.923,1.404,0.481,True,63,0,10,15,1000.26,monte_carlo_run_310_seed_352.log
311,7,-1,-1,1,1,-1,353,3101,0.433,7.75,True,Contatto Planetario / Biofirme,22.21,5.65,Collaborativa,3,0,55,13.95,6,4,3,1,2,3,3,3,0,2,1,1,8513.51,11,1.437,1.366,-0.0709,False,48,0,3,6,1003.06,monte_carlo_run_311_seed_353.log
312,7,-1,-1,1,1,-1,354,3101,0.342,6.55,True,Incontro Flotta Deep-Space,256.04,5.2,Biosfera Primitiva,14,0,62,18.37,6,6,2,1,1,4,4,4,0,3,3,0,8523.06,10,1.6,1.37,-0.2298,False,55,0,2,4,1001.57,monte_carlo_run_312_seed_354.log
313,7,-1,-1,1,1,-1,355,3101,0.406,8.15,True,Contatto Planetario / Biofirme,13.42,5.45,Collaborativa,2,0,77,15.32,7,6,3,3,0,4,3,3,0,2,2,0,8517.09,10,1.238,0.894,-0.3434,False,70,0,5,13,1001.53,monte_carlo_run_313_seed_355.log
314,7,-1,-1,1,1,-1,356,3101,0.483,8.81,True,Contatto Planetario / Biofirme,17.58,8.49,Diffidente,2,0,80,22.13,7,5,2,1,1,5,5,5,0,2,2,0,8513.78,7,1.288,0.888,-0.4002,False,72,0,1,3,1001.52,monte_carlo_run_314_seed_356.log
315,7,-1,-1,1,1,-1,357,3101,0.304,6.7,False,Solitudine / Nessun Contatto,,,Nessuna,64,0,64,12.54,3,2,1,1,0,2,2,2,0,1,1,0,8507.29,6,1.502,0.922,-0.5801,False,60,0,0,1,1002.54,monte_carlo_run_315_seed_357.log
316,7,-1,-1,1,1,-1,358,3101,0.331,4.91,False,Solitudine / Nessun Contatto,,,Nessuna,36,0,36,13.33,2,2,1,1,0,1,1,1,0,1,1,0,8505.86,5,1.129,0.541,-0.5878,False,34,0,0,1,1003.6,monte_carlo_run_316_seed_358.log
317,7,-1,-1,1,1,-1,359,3101,0.447,7.12,True,Contatto Planetario / Biofirme,15.49,6.93,Cauta,2,2,104,18.15,12,6,2,1,1,8,8,8,0,4,4,0,8528.87,11,1.088,1.046,-0.0414,False,91,0,3,9,1000.68,monte_carlo_run_317_seed_359.log
318,7,-1,-1,1,1,-1,360,3101,0.599,8.43,True,Incontro Flotta Deep-Space,601.95,10.09,Biosfera Primitiva,55,0,91,19.96,11,7,1,1,0,10,10,10,0,6,6,0,8548.07,17,1.33,1.304,-0.0256,False,78,0,5,18,1000.4,monte_carlo_run_318_seed_360.log
319,7,-1,-1,1,1,-1,361,3101,0.417,5.09,True,Incontro Flotta Deep-Space,698.93,9.72,Biosfera Primitiva,59,0,93,16.75,14,8,3,3,0,10,4,4,0,4,4,0,8527.29,18,1.421,1.428,0.0071,True,78,0,6,16,1000.9,monte_carlo_run_319_seed_361.log
320,7,-1,-1,1,1,-1,362,3101,0.291,4.42,True,Incontro Flotta Deep-Space,419.11,3.77,Biosfera Primitiva,21,0,52,31.25,8,8,2,2,0,6,6,6,0,5,5,0,8530.9,19,1.6,1.44,-0.1605,False,42,0,7,9,1000.24,monte_carlo_run_320_seed_362.log
321,7,-1,-1,1,1,-1,363,3101,0.301,7.19,True,Incontro Flotta Deep-Space,840.9,17.12,Collaborativa,66,0,85,18.82,8,4,1,1,0,7,7,7,0,6,5,1,8539.39,13,1.173,1.379,0.2054,True,76,0,6,12,1000.35,monte_carlo_run_321_seed_363.log
322,7,-1,-1,1,1,-1,364,3101,0.378,7.05,True,Incontro Flotta Deep-Space,240.01,0.0,Biosfera Primitiva,12,0,66,12.98,4,3,1,1,0,3,3,3,0,1,1,0,8508.62,8,1.6,1.27,-0.3298,False,60,0,0,1,1000.04,monte_carlo_run_322_seed_364.log
323,7,-1,-1,1,1,-1,365,3101,0.48,9.7,True,Incontro Flotta Deep-Space,337.9,0.0,Biosfera Primitiva,26,0,96,15.24,10,10,1,1,0,9,9,9,0,2,2,0,8514.65,14,1.6,1.375,-0.2251,False,84,0,1,3,1002.27,monte_carlo_run_323_seed_365.log
324,7,-1,-1,1,1,-1,366,3101,0.22,3.81,False,Solitudine / Nessun Contatto,,,Nessuna,8,0,8,10.1,1,1,1,1,0,0,0,0,0,0,0,0,8500.0,2,1.16,1.16,0.0,False,5,0,0,0,590.99,monte_carlo_run_324_seed_366.log
325,7,-1,-1,1,1,-1,367,3101,0.447,10.06,True,Incontro Flotta Deep-Space,235.08,0.0,Biosfera Primitiva,11,0,96,15.52,9,8,3,2,1,6,6,6,0,5,3,2,8525.95,15,1.462,1.513,0.0511,True,86,0,8,16,1001.22,monte_carlo_run_325_seed_367.log
326,7,-1,-1,1,1,-1,368,3101,0.521,11.33,False,Solitudine / Nessun Contatto,,,Nessuna,90,0,90,27.29,7,6,2,1,1,5,5,5,0,4,4,0,8521.54,10,1.387,1.14,-0.247,False,82,0,3,6,1002.16,monte_carlo_run_326_seed_368.log
327,7,-1,-1,1,1,-1,369,3101,0.227,4.98,False,Solitudine / Nessun Contatto,,,Nessuna,35,0,35,18.71,3,1,1,1,0,1,1,1,0,1,1,0,8509.03,4,1.007,0.25,-0.7572,False,31,0,0,1,1006.04,monte_carlo_run_327_seed_369.log
328,7,-1,-1,1,1,-1,370,3101,0.437,5.3,True,Contatto Planetario / Biofirme,7.99,3.49,Diffidente,2,0,75,18.31,8,7,3,2,0,5,5,5,0,2,2,0,8519.88,12,1.301,0.866,-0.4357,False,65,0,4,8,1000.2,monte_carlo_run_328_seed_370.log
329,7,-1,-1,1,1,-1,371,3101,0.376,5.24,False,Solitudine / Nessun Contatto,,,Nessuna,39,0,39,20.31,4,2,2,2,0,1,0,0,0,0,0,0,8500.0,8,1.6,1.6,0.0,False,34,0,3,3,1001.6,monte_carlo_run_329_seed_371.log
330,7,-1,-1,1,1,-1,372,3101,0.525,10.56,True,Contatto Planetario / Biofirme,46.39,9.81,Predatoria,4,0,76,18.06,6,5,2,1,0,4,4,4,0,2,2,0,8512.15,7,1.386,0.895,-0.4916,False,69,0,0,4,1000.8,monte_carlo_run_330_seed_372.log
331,7,-1,-1,1,1,-1,373,3101,0.324,3.9,False,Solitudine / Nessun Contatto,,,Nessuna,36,0,36,26.57,2,2,1,1,0,1,1,1,0,1,1,0,8504.26,5,1.105,0.429,-0.6767,False,28,0,0,1,1002.92,monte_carlo_run_331_seed_373.log
332,7,-1,-1,1,1,-1,374,3101,0.471,7.85,True,Incontro Flotta Deep-Space,847.99,11.17,Biosfera Primitiva,64,0,80,14.46,7,5,1,1,0,6,6,6,0,5,5,0,8523.93,12,1.052,1.408,0.3563,True,72,0,6,11,1001.08,monte_carlo_run_332_seed_374.log
333,7,-1,-1,1,1,-1,375,3101,0.251,4.74,False,Solitudine / Nessun Contatto,,,Nessuna,50,0,50,23.53,5,5,3,2,1,2,1,1,0,1,1,0,8503.1,7,1.126,0.1,-1.0257,False,43,0,1,3,1000.0,monte_carlo_run_333_seed_375.log
334,7,-1,-1,1,1,-1,376,3101,0.336,8.35,True,Incontro Flotta Deep-Space,236.5,6.95,Biosfera Primitiva,9,0,75,14.16,7,6,2,2,0,5,3,3,0,1,1,0,8510.18,11,1.6,1.391,-0.2093,False,66,0,2,3,1001.21,monte_carlo_run_334_seed_376.log
335,7,-1,-1,1,1,-1,377,3101,0.497,9.29,False,Solitudine / Nessun Contatto,,,Nessuna,42,1,42,8.88,4,3,1,1,0,2,2,2,0,1,1,0,8510.46,7,1.6,1.22,-0.3795,False,38,0,0,1,1000.35,monte_carlo_run_335_seed_377.log
336,7,-1,-1,1,1,-1,378,3101,0.42,8.74,True,Incontro Flotta Deep-Space,247.01,6.82,Biosfera Primitiva,19,0,79,16.55,7,5,1,1,0,6,6,6,0,4,4,0,8535.29,12,1.388,1.361,-0.027,False,71,0,3,10,1000.29,monte_carlo_run_336_seed_378.log
337,7,-1,-1,1,1,-1,379,3101,0.407,7.11,True,Incontro Flotta Deep-Space,290.21,0.0,Biosfera Primitiva,18,0,53,14.96,6,5,3,2,0,3,1,1,0,1,1,0,8513.21,9,1.076,0.543,-0.5325,False,46,0,2,5,1000.2,monte_carlo_run_337_seed_379.log
338,7,-1,-1,1,1,-1,380,3101,0.384,6.28,True,Incontro Flotta Deep-Space,273.13,5.99,Collaborativa,19,0,34,11.16,5,4,1,1,0,4,4,4,0,3,2,1,8518.9,13,1.6,1.465,-0.135,False,29,0,3,6,1000.4,monte_carlo_run_338_seed_380.log
339,7,-1,-1,1,1,-1,381,3101,0.222,3.7,False,Solitudine / Nessun Contatto,,,Nessuna,9,0,9,6.61,1,1,1,1,0,0,0,0,0,0,0,0,8500.0,3,1.332,1.332,0.0,False,7,0,0,0,1004.04,monte_carlo_run_339_seed_381.log
340,7,-1,-1,1,1,-1,382,3101,0.318,6.6,False,Solitudine / Nessun Contatto,,,Nessuna,77,0,77,16.61,9,7,1,1,0,8,8,8,0,1,1,0,8510.05,10,1.6,1.031,-0.5694,False,67,0,0,0,1001.29,monte_carlo_run_340_seed_382.log
341,7,-1,-1,1,1,-1,383,3101,0.526,11.06,True,Contatto Planetario / Biofirme,550.15,23.53,Diffidente,55,1,139,29.17,13,11,2,1,1,10,10,10,0,5,5,0,8538.04,16,1.43,1.382,-0.0473,False,125,0,5,7,1002.09,monte_carlo_run_341_seed_383.log
342,7,-1,-1,1,1,-1,384,3101,0.304,5.12,False,Solitudine / Nessun Contatto,,,Nessuna,28,1,28,14.82,2,1,1,1,0,0,0,0,0,0,0,0,8500.0,4,1.575,1.575,0.0,False,26,0,0,0,1003.16,monte_carlo_run_342_seed_384.log
343,7,-1,-1,1,1,-1,385,3101,0.428,10.18,True,Contatto Planetario / Biofirme,210.17,17.47,Diffidente,15,0,126,20.44,11,8,3,2,1,8,4,4,0,2,2,0,8508.96,18,1.3,0.883,-0.4165,False,111,0,6,19,1000.95,monte_carlo_run_343_seed_385.log
344,7,-1,-1,1,1,-1,386,3101,0.433,9.17,True,Contatto Planetario / Biofirme,31.64,8.02,Collaborativa,4,0,77,14.6,8,6,3,2,1,5,4,4,0,3,3,0,8520.41,12,1.144,1.452,0.3075,True,68,0,4,9,1001.65,monte_carlo_run_344_seed_386.log
345,7,-1,-1,1,1,-1,387,3101,0.411,9.26,True,Incontro Flotta Deep-Space,897.23,10.01,Biosfera Primitiva,107,0,123,16.23,15,11,1,1,0,14,14,14,0,6,5,1,8537.86,23,1.309,1.495,0.1862,True,108,0,6,13,1000.55,monte_carlo_run_345_seed_387.log
346,7,-1,-1,1,1,-1,388,3101,0.294,4.23,False,Solitudine / Nessun Contatto,,,Nessuna,35,0,35,9.73,2,2,2,2,0,0,0,0,0,0,0,0,8500.0,5,1.6,1.6,0.0,False,30,0,1,1,1000.07,monte_carlo_run_346_seed_388.log
347,7,-1,-1,1,1,-1,389,3101,0.394,9.38,False,Solitudine / Nessun Contatto,,,Nessuna,124,0,124,18.89,12,8,2,1,0,10,10,10,0,5,5,0,8542.38,17,1.409,1.399,-0.0099,False,109,0,8,15,1000.19,monte_carlo_run_347_seed_389.log
348,7,-1,-1,1,1,-1,390,3101,0.45,6.89,True,Incontro Flotta Deep-Space,854.31,11.77,Collaborativa,99,0,113,23.05,12,8,2,2,0,10,10,10,0,8,8,0,8557.95,18,1.085,1.46,0.375,True,100,0,12,19,1001.3,monte_carlo_run_348_seed_390.log
349,7,-1,-1,1,1,-1,391,3101,0.259,4.82,False,Solitudine / Nessun Contatto,,,Nessuna,57,0,57,26.26,8,8,1,1,0,7,7,7,0,3,3,0,8517.79,12,1.181,1.359,0.1775,True,49,0,3,4,1000.7,monte_carlo_run_349_seed_391.log
350,7,-1,-1,1,1,-1,392,3101,0.434,10.05,True,Contatto Planetario / Biofirme,77.4,10.11,Collaborativa,7,2,78,17.02,7,5,2,1,1,3,1,1,0,1,1,0,8505.48,10,1.197,1.484,0.2868,True,71,0,0,3,1000.1,monte_carlo_run_350_seed_392.log
351,8,-1,-1,1,1,1,393,3101,0.328,4.09,False,Solitudine / Nessun Contatto,,,Nessuna,21,0,21,15.26,3,3,1,1,0,2,2,2,0,1,1,0,8510.55,7,1.238,0.972,-0.2656,False,18,0,0,1,1003.98,monte_carlo_run_351_seed_393.log
352,8,-1,-1,1,1,1,394,3101,0.358,8.73,False,Solitudine / Nessun Contatto,,,Nessuna,87,1,87,16.17,9,6,1,1,0,7,7,7,0,4,4,0,8526.75,9,1.141,1.154,0.0125,True,78,0,3,6,1001.23,monte_carlo_run_352_seed_394.log
353,8,-1,-1,1,1,1,395,3101,0.393,9.4,True,Incontro Flotta Deep-Space,470.95,1.83,Collaborativa,51,0,109,18.03,11,9,4,3,1,7,3,3,0,1,1,0,8506.24,19,1.446,0.883,-0.5625,False,96,0,1,5,1000.48,monte_carlo_run_353_seed_395.log
354,8,-1,-1,1,1,1,396,3101,0.515,7.98,True,Incontro Flotta Deep-Space,494.42,5.6,Collaborativa,60,0,89,13.93,9,7,1,1,0,7,6,6,0,5,5,0,8533.56,19,1.242,1.502,0.2599,True,79,0,7,15,1000.6,monte_carlo_run_354_seed_396.log
355,8,-1,-1,1,1,1,397,3101,0.468,11.08,True,Contatto Planetario / Biofirme,73.32,8.85,Ostile,8,1,54,12.16,5,4,2,1,1,2,2,2,0,1,1,0,8505.59,6,1.6,1.082,-0.5177,False,49,0,0,1,1001.14,monte_carlo_run_355_seed_397.log
356,8,-1,-1,1,1,1,398,3101,0.6,13.58,True,Incontro Flotta Deep-Space,853.66,12.05,Biosfera Primitiva,151,0,192,24.99,12,8,1,1,0,11,11,11,0,6,5,1,8546.69,22,1.6,1.6,0.0001,True,176,0,6,8,1000.23,monte_carlo_run_356_seed_398.log
357,8,-1,-1,1,1,1,399,3101,0.301,7.24,False,Solitudine / Nessun Contatto,,,Nessuna,50,1,50,20.97,4,2,1,1,0,2,2,2,0,1,1,0,8505.12,5,1.249,1.006,-0.2428,False,45,0,0,1,1000.72,monte_carlo_run_357_seed_399.log
358,8,-1,-1,1,1,1,400,3101,0.463,6.58,True,Contatto Planetario / Biofirme,64.85,7.76,Collaborativa,10,1,90,21.57,6,5,3,2,0,2,0,0,0,0,0,0,8500.0,10,1.6,1.6,0.0,False,84,0,1,1,1000.37,monte_carlo_run_358_seed_400.log
359,8,-1,-1,1,1,1,401,3101,0.301,6.45,True,Contatto Planetario / Biofirme,322.53,15.75,Collaborativa,14,0,46,17.4,8,5,2,1,0,6,6,6,0,3,2,1,8525.84,15,1.538,1.435,-0.1023,False,35,0,3,6,1000.29,monte_carlo_run_359_seed_401.log
360,8,-1,-1,1,1,1,402,3101,0.291,3.71,False,Solitudine / Nessun Contatto,,,Nessuna,1,0,1,0.0,1,1,1,1,0,0,0,0,0,0,0,0,8500.0,2,1.0,1.0,0.0,False,0,0,0,0,0.02,monte_carlo_run_360_seed_402.log
361,8,-1,-1,1,1,1,403,3101,0.596,14.59,True,Incontro Flotta Deep-Space,114.66,14.0,Leale alla Madrepatria,32,0,353,39.46,33,27,3,2,1,30,22,22,0,10,9,1,8580.98,55,1.51,1.6,0.0904,True,316,0,12,36,1000.0,monte_carlo_run_361_seed_403.log
362,8,-1,-1,1,1,1,404,3101,0.528,10.7,True,Incontro Flotta Deep-Space,554.92,5.5,Biosfera Primitiva,45,2,98,15.62,11,5,1,1,0,8,8,8,0,6,6,0,8532.69,18,1.254,1.467,0.2125,True,85,0,6,13,1000.31,monte_carlo_run_362_seed_404.log
363,8,-1,-1,1,1,1,405,3101,0.578,8.79,False,Solitudine / Nessun Contatto,,,Nessuna,97,0,97,19.13,8,6,2,1,1,6,6,6,0,4,4,0,8523.15,10,1.241,1.089,-0.1517,False,88,0,3,6,1001.53,monte_carlo_run_363_seed_405.log
364,8,-1,-1,1,1,1,406,3101,0.272,4.23,False,Solitudine / Nessun Contatto,,,Nessuna,6,0,6,6.53,2,2,1,1,0,1,1,1,0,0,0,0,8500.48,3,1.109,0.849,-0.2599,False,4,0,0,0,489.77,monte_carlo_run_364_seed_406.log
365,8,-1,-1,1,1,1,407,3101,0.502,8.79,True,Contatto Planetario / Biofirme,5.76,2.89,Diffidente,2,1,58,26.73,7,6,2,1,1,4,4,4,0,2,2,0,8513.95,9,1.221,1.32,0.0988,True,50,0,1,2,1000.42,monte_carlo_run_365_seed_407.log
366,8,-1,-1,1,1,1,408,3101,0.551,9.59,False,Solitudine / Nessun Contatto,,,Nessuna,77,0,77,28.83,6,3,1,1,0,5,5,5,0,2,2,0,8520.59,9,1.126,0.928,-0.1974,False,70,0,0,2,1001.34,monte_carlo_run_366_seed_408.log
367,8,-1,-1,1,1,1,409,3101,0.338,5.97,True,Incontro Flotta Deep-Space,178.31,0.0,Collaborativa,17,0,49,15.77,3,3,2,2,0,1,1,1,0,0,0,0,8500.5,9,1.6,0.887,-0.7131,False,46,0,1,1,1004.18,monte_carlo_run_367_seed_409.log
368,8,-1,-1,1,1,1,410,3101,0.465,8.12,False,Solitudine / Nessun Contatto,,,Nessuna,64,1,64,18.61,6,1,1,1,0,4,4,4,0,2,2,0,8516.92,9,1.048,0.825,-0.2229,False,57,0,1,3,1002.94,monte_carlo_run_368_seed_410.log
369,8,-1,-1,1,1,1,411,3101,0.336,8.29,False,Solitudine / Nessun Contatto,,,Nessuna,170,0,170,20.2,13,11,4,3,1,9,4,4,0,3,3,0,8525.47,29,1.012,0.932,-0.0799,False,151,0,8,19,1000.33,monte_carlo_run_369_seed_411.log
370,8,-1,-1,1,1,1,412,3101,0.501,7.81,True,Incontro Flotta Deep-Space,334.39,7.29,Diffidente,31,0,84,15.32,4,3,2,2,0,2,1,1,0,1,1,0,8507.57,13,1.192,0.503,-0.6893,False,80,0,1,3,1001.86,monte_carlo_run_370_seed_412.log
371,8,-1,-1,1,1,1,413,3101,0.216,3.13,False,Solitudine / Nessun Contatto,,,Nessuna,3,0,3,3.99,1,1,1,1,0,0,0,0,0,0,0,0,8500.0,2,1.007,1.007,0.0,False,1,0,0,0,90.31,monte_carlo_run_371_seed_413.log
372,8,-1,-1,1,1,1,414,3101,0.222,5.31,False,Solitudine / Nessun Contatto,,,Nessuna,85,0,85,13.25,11,8,3,3,0,8,3,3,0,0,0,0,8502.33,17,1.6,0.971,-0.6286,False,72,0,1,2,1000.02,monte_carlo_run_372_seed_414.log
373,8,-1,-1,1,1,1,415,3101,0.586,11.58,False,Solitudine / Nessun Contatto,,,Nessuna,122,0,122,20.75,12,9,1,1,0,11,11,11,0,7,5,2,8574.24,24,1.526,1.599,0.0735,True,107,0,10,15,1001.39,monte_carlo_run_373_seed_415.log
374,8,-1,-1,1,1,1,416,3101,0.348,7.02,True,Incontro Flotta Deep-Space,224.76,0.0,Biosfera Primitiva,14,0,73,14.21,7,7,1,1,0,6,6,6,0,3,2,1,8521.69,14,1.283,1.516,0.2329,True,66,0,3,6,1000.26,monte_carlo_run_374_seed_416.log
375,8,-1,-1,1,1,1,417,3101,0.377,4.72,False,Solitudine / Nessun Contatto,,,Nessuna,41,0,41,21.64,3,2,1,1,0,2,2,2,0,1,1,0,8506.74,6,1.53,1.048,-0.4812,False,34,0,0,1,1000.25,monte_carlo_run_375_seed_417.log
376,8,-1,-1,1,1,1,418,3101,0.316,5.95,False,Solitudine / Nessun Contatto,,,Nessuna,49,0,49,18.71,7,5,1,1,0,6,6,6,0,2,2,0,8511.41,7,1.35,1.324,-0.0257,False,42,0,1,3,1001.94,monte_carlo_run_376_seed_418.log
377,8,-1,-1,1,1,1,419,3101,0.443,9.25,True,Incontro Flotta Deep-Space,245.53,4.55,Biosfera Primitiva,17,0,100,11.95,7,6,1,1,0,6,6,6,0,4,3,1,8533.66,14,1.539,1.488,-0.0512,False,90,0,4,8,1000.74,monte_carlo_run_377_seed_419.log
378,8,-1,-1,1,1,1,420,3101,0.327,5.62,True,Contatto Planetario / Biofirme,46.66,6.18,Collaborativa,4,0,70,20.55,10,10,3,0,3,7,7,7,0,5,5,0,8537.53,14,0.841,1.504,0.663,True,59,0,9,14,1000.12,monte_carlo_run_378_seed_420.log
379,8,-1,-1,1,1,1,421,3101,0.484,9.04,True,Incontro Flotta Deep-Space,45.52,9.54,Diffidente,12,0,160,17.95,14,12,4,2,2,10,2,2,0,2,2,0,8512.95,35,1.475,0.109,-1.3656,False,145,0,6,23,1002.08,monte_carlo_run_379_seed_421.log
380,8,-1,-1,1,1,1,422,3101,0.521,11.09,True,Incontro Flotta Deep-Space,0.02,8.18,Diffidente,2,0,79,9.0,8,5,2,2,0,3,0,0,0,0,0,0,8500.0,16,1.394,1.394,0.0,False,69,0,4,7,1001.49,monte_carlo_run_380_seed_422.log
381,8,-1,-1,1,1,1,423,3101,0.366,9.02,True,Incontro Flotta Deep-Space,876.96,4.17,Collaborativa,131,0,150,17.79,17,12,2,2,0,14,0,0,0,0,0,0,8500.0,41,1.487,1.487,0.0,False,132,0,21,40,1000.15,monte_carlo_run_381_seed_423.log
382,8,-1,-1,1,1,1,424,3101,0.551,12.72,False,Solitudine / Nessun Contatto,,,Nessuna,183,1,183,26.35,19,13,1,1,0,17,17,17,0,10,9,1,8565.03,28,1.488,1.521,0.0339,True,163,0,12,18,1000.05,monte_carlo_run_382_seed_424.log
383,8,-1,-1,1,1,1,425,3101,0.384,7.98,False,Solitudine / Nessun Contatto,,,Nessuna,57,0,57,15.71,2,2,1,1,0,1,1,1,0,1,1,0,8504.08,4,1.355,0.138,-1.2171,False,55,0,0,1,1002.75,monte_carlo_run_383_seed_425.log
384,8,-1,-1,1,1,1,426,3101,0.437,10.71,True,Contatto Planetario / Biofirme,26.54,6.82,Diffidente,7,1,124,11.54,14,10,3,2,1,10,2,2,0,2,1,1,8511.61,30,1.6,1.374,-0.2261,False,108,0,6,13,1000.16,monte_carlo_run_384_seed_426.log
385,8,-1,-1,1,1,1,427,3101,0.423,5.86,True,Contatto Planetario / Biofirme,175.47,10.35,Predatoria,20,0,110,24.88,12,8,4,2,2,8,5,5,0,5,3,2,8531.05,21,0.943,1.453,0.5106,True,98,0,10,15,1000.49,monte_carlo_run_385_seed_427.log
386,8,-1,-1,1,1,1,428,3101,0.31,6.86,False,Solitudine / Nessun Contatto,,,Nessuna,262,0,262,20.26,27,22,3,2,0,24,6,6,0,4,4,0,8532.44,51,1.564,1.14,-0.4245,False,231,0,28,46,1000.14,monte_carlo_run_386_seed_428.log
387,8,-1,-1,1,1,1,429,3101,0.287,3.78,False,Solitudine / Nessun Contatto,,,Nessuna,7,0,7,7.09,2,2,1,1,0,1,1,1,0,1,1,0,8505.61,3,1.082,1.165,0.0834,True,3,0,0,1,483.07,monte_carlo_run_387_seed_429.log
388,8,-1,-1,1,1,1,430,3101,0.539,13.28,False,Solitudine / Nessun Contatto,,,Nessuna,106,0,106,14.09,8,7,1,1,0,7,7,7,0,3,3,0,8524.27,12,1.428,1.048,-0.3798,False,97,0,0,3,1000.49,monte_carlo_run_388_seed_430.log
389,8,-1,-1,1,1,1,431,3101,0.507,7.1,True,Contatto Planetario / Biofirme,810.94,16.95,Diffidente,51,1,67,19.35,9,7,2,1,1,6,6,6,0,4,4,0,8518.04,9,1.147,1.327,0.1803,True,57,0,3,9,1000.29,monte_carlo_run_389_seed_431.log
390,8,-1,-1,1,1,1,432,3101,0.334,5.8,True,Incontro Flotta Deep-Space,433.88,7.93,Biosfera Primitiva,16,0,42,26.29,4,3,1,1,0,3,3,3,0,2,2,0,8515.92,8,1.6,1.277,-0.3231,False,37,0,1,2,1000.7,monte_carlo_run_390_seed_432.log
391,8,-1,-1,1,1,1,433,3101,0.471,6.43,True,Incontro Flotta Deep-Space,706.81,11.85,Collaborativa,46,1,62,26.23,8,6,1,1,0,6,6,6,0,5,5,0,8536.0,11,1.281,1.326,0.0457,True,54,0,3,11,1001.52,monte_carlo_run_391_seed_433.log
392,8,-1,-1,1,1,1,434,3101,0.553,8.17,True,Incontro Flotta Deep-Space,876.53,13.0,Biosfera Primitiva,124,1,140,21.87,14,10,3,2,1,10,8,8,0,4,3,1,8524.23,20,1.164,1.274,0.1101,True,125,0,6,14,1000.93,monte_carlo_run_392_seed_434.log
393,8,-1,-1,1,1,1,435,3101,0.246,5.0,True,Incontro Flotta Deep-Space,404.09,5.75,Leale alla Madrepatria,39,0,104,19.12,7,6,2,1,1,5,3,3,0,2,2,0,8511.88,17,1.214,1.311,0.0974,True,96,0,2,8,1000.38,monte_carlo_run_393_seed_435.log
394,8,-1,-1,1,1,1,436,3101,0.418,5.66,True,Incontro Flotta Deep-Space,480.23,4.34,Biosfera Primitiva,60,0,119,14.15,12,8,2,1,1,10,6,6,0,2,2,0,8515.7,23,1.125,1.264,0.1383,True,106,0,1,7,1000.3,monte_carlo_run_394_seed_436.log
395,8,-1,-1,1,1,1,437,3101,0.387,8.28,True,Incontro Flotta Deep-Space,501.29,0.0,Diffidente,81,0,168,15.51,11,7,2,2,0,7,1,1,0,1,1,0,8508.93,26,1.36,0.1,-1.2601,False,154,0,4,9,1000.25,monte_carlo_run_395_seed_437.log
396,8,-1,-1,1,1,1,438,3101,0.415,7.62,True,Incontro Flotta Deep-Space,706.35,13.52,Biosfera Primitiva,49,0,73,17.18,8,8,1,1,0,7,7,7,0,3,2,1,8524.9,13,1.292,1.542,0.2507,True,65,0,2,5,1000.09,monte_carlo_run_396_seed_438.log
397,8,-1,-1,1,1,1,439,3101,0.549,7.58,True,Incontro Flotta Deep-Space,467.4,12.7,Leale alla Madrepatria,81,0,190,19.57,20,15,3,2,1,17,4,4,0,2,2,0,8511.86,42,1.116,0.804,-0.3127,False,168,0,10,29,1000.23,monte_carlo_run_397_seed_439.log
398,8,-1,-1,1,1,1,440,3101,0.341,7.16,True,Incontro Flotta Deep-Space,239.18,0.0,Biosfera Primitiva,11,0,78,16.51,5,5,1,1,0,4,4,4,0,3,3,0,8519.31,10,1.482,1.407,-0.0753,False,71,0,2,6,1000.8,monte_carlo_run_398_seed_440.log
399,8,-1,-1,1,1,1,441,3101,0.561,10.0,True,Incontro Flotta Deep-Space,537.32,7.28,Biosfera Primitiva,46,0,108,20.82,11,8,1,1,0,9,9,9,0,5,5,0,8529.9,15,1.6,1.545,-0.055,False,96,0,4,7,1002.04,monte_carlo_run_399_seed_441.log
400,8,-1,-1,1,1,1,442,3101,0.398,5.33,True,Incontro Flotta Deep-Space,257.61,12.18,Cauta,23,0,96,21.75,11,6,3,2,1,7,2,2,0,2,2,0,8516.31,18,1.6,0.795,-0.8052,False,82,0,3,9,1000.15,monte_carlo_run_400_seed_442.log
401,9,-1,1,-1,-1,-1,443,3101,0.063,0.85,False,Solitudine / Nessun Contatto,,,Nessuna,2,0,2,0.83,1,1,1,1,0,0,0,0,0,0,0,0,8500.0,2,1.001,1.001,0.0,False,0,0,0,0,52.97,monte_carlo_run_401_seed_443.log
402,9,-1,1,-1,-1,-1,444,3101,0.058,1.36,False,Solitudine / Nessun Contatto,,,Nessuna,1,0,1,0.0,3,3,3,0,3,0,0,0,0,0,0,0,8500.0,1,0.985,0.985,0.0,False,0,0,1,3,0.02,monte_carlo_run_402_seed_444.log
403,9,-1,1,-1,-1,-1,445,3101,0.094,2.03,False,Solitudine / Nessun Contatto,,,Nessuna,1,0,1,0.0,2,2,2,1,1,0,0,0,0,0,0,0,8500.0,2,1.0,1.0,0.0,False,0,0,1,1,0.02,monte_carlo_run_403_seed_445.log
404,9,-1,1,-1,-1,-1,446,3101,0.108,1.87,False,Solitudine / Nessun Contatto,,,Nessuna,2,0,2,1.15,2,2,2,0,2,0,0,0,0,0,0,0,8500.0,1,0.877,0.877,0.0,False,0,0,0,1,42.46,monte_carlo_run_404_seed_446.log
405,9,-1,1,-1,-1,-1,447,3101,0.114,2.39,False,Solitudine / Nessun Contatto,,,Nessuna,1,0,1,0.0,1,1,1,1,0,0,0,0,0,0,0,0,8500.0,2,1.0,1.0,0.0,False,0,0,0,0,0.02,monte_carlo_run_405_seed_447.log
406,9,-1,1,-1,-1,-1,448,3101,0.076,1.26,False,Solitudine / Nessun Contatto,,,Nessuna,1,0,1,0.0,2,2,2,1,1,0,0,0,0,0,0,0,8500.0,2,1.0,1.0,0.0,False,0,0,0,1,0.02,monte_carlo_run_406_seed_448.log
407,9,-1,1,-1,-1,-1,449,3101,0.105,1.53,False,Solitudine / Nessun Contatto,,,Nessuna,1,0,1,0.0,1,1,1,1,0,0,0,0,0,0,0,0,8500.0,2,1.0,1.0,0.0,False,0,0,0,0,0.02,monte_carlo_run_407_seed_449.log
408,9,-1,1,-1,-1,-1,450,3101,0.147,3.01,False,Solitudine / Nessun Contatto,,,Nessuna,6,0,6,7.28,1,1,1,1,0,0,0,0,0,0,0,0,8500.0,2,1.049,1.049,0.0,False,3,0,0,0,304.43,monte_carlo_run_408_seed_450.log
409,9,-1,1,-1,-1,-1,451,3101,0.116,2.64,False,Solitudine / Nessun Contatto,,,Nessuna,2,0,2,2.56,3,3,3,1,2,0,0,0,0,0,0,0,8500.0,2,1.052,1.052,0.0,False,0,0,3,3,90.35,monte_carlo_run_409_seed_451.log
410,9,-1,1,-1,-1,-1,452,3101,0.09,1.56,False,Solitudine / Nessun Contatto,,,Nessuna,1,0,1,0.0,2,2,2,0,2,0,0,0,0,0,0,0,8500.0,1,0.985,0.985,0.0,False,0,0,0,1,0.02,monte_carlo_run_410_seed_452.log
411,9,-1,1,-1,-1,-1,453,3101,0.064,1.35,False,Solitudine / Nessun Contatto,,,Nessuna,1,0,1,0.0,1,1,1,1,0,0,0,0,0,0,0,0,8500.0,2,1.0,1.0,0.0,False,0,0,0,0,0.02,monte_carlo_run_411_seed_453.log
412,9,-1,1,-1,-1,-1,454,3101,0.098,1.23,False,Solitudine / Nessun Contatto,,,Nessuna,1,0,1,0.0,1,1,1,1,0,0,0,0,0,0,0,0,8500.0,2,1.0,1.0,0.0,False,0,0,0,0,0.02,monte_carlo_run_412_seed_454.log
413,9,-1,1,-1,-1,-1,455,3101,0.102,2.02,False,Solitudine / Nessun Contatto,,,Nessuna,2,0,2,0.97,3,3,3,0,3,0,0,0,0,0,0,0,8500.0,1,0.925,0.925,0.0,False,0,0,1,3,37.87,monte_carlo_run_413_seed_455.log
414,9,-1,1,-1,-1,-1,456,3101,0.089,1.76,False,Solitudine / Nessun Contatto,,,Nessuna,2,0,2,1.29,1,1,1,1,0,0,0,0,0,0,0,0,8500.0,2,1.001,1.001,0.0,False,0,0,0,0,57.9,monte_carlo_run_414_seed_456.log
415,9,-1,1,-1,-1,-1,457,3101,0.074,1.68,False,Solitudine / Nessun Contatto,,,Nessuna,1,0,1,0.0,3,3,3,1,2,0,0,0,0,0,0,0,8500.0,2,1.0,1.0,0.0,False,0,0,1,3,0.02,monte_carlo_run_415_seed_457.log
416,9,-1,1,-1,-1,-1,458,3101,0.097,1.32,False,Solitudine / Nessun Contatto,,,Nessuna,1,0,1,0.0,1,1,1,1,0,0,0,0,0,0,0,0,8500.0,2,1.0,1.0,0.0,False,0,0,0,0,0.02,monte_carlo_run_416_seed_458.log
417,9,-1,1,-1,-1,-1,459,3101,0.147,2.66,False,Solitudine / Nessun Contatto,,,Nessuna,6,0,6,4.31,1,1,1,1,0,0,0,0,0,0,0,0,8500.0,2,1.057,1.057,0.0,False,3,0,0,0,326.19,monte_carlo_run_417_seed_459.log
418,9,-1,1,-1,-1,-1,460,3101,0.108,2.51,False,Solitudine / Nessun Contatto,,,Nessuna,1,0,1,0.0,3,3,3,1,2,0,0,0,0,0,0,0,8500.0,2,1.001,1.001,0.0,False,0,0,2,3,0.02,monte_carlo_run_418_seed_460.log
419,9,-1,1,-1,-1,-1,461,3101,0.054,1.03,False,Solitudine / Nessun Contatto,,,Nessuna,1,0,1,0.0,1,1,1,1,0,0,0,0,0,0,0,0,8500.0,2,1.0,1.0,0.0,False,0,0,0,0,0.02,monte_carlo_run_419_seed_461.log
420,9,-1,1,-1,-1,-1,462,3101,0.094,1.84,False,Solitudine / Nessun Contatto,,,Nessuna,1,0,1,0.0,1,1,1,1,0,0,0,0,0,0,0,0,8500.0,2,1.0,1.0,0.0,False,0,0,0,0,0.02,monte_carlo_run_420_seed_462.log
421,9,-1,1,-1,-1,-1,463,3101,0.101,1.24,False,Solitudine / Nessun Contatto,,,Nessuna,1,0,1,0.0,1,1,1,1,0,0,0,0,0,0,0,0,8500.0,2,1.0,1.0,0.0,False,0,0,0,0,0.02,monte_carlo_run_421_seed_463.log
422,9,-1,1,-1,-1,-1,464,3101,0.122,1.95,False,Solitudine / Nessun Contatto,,,Nessuna,2,0,2,1.94,4,4,3,1,2,1,1,1,0,0,0,0,8500.22,2,1.032,0.856,-0.1757,False,0,0,2,2,67.64,monte_carlo_run_422_seed_464.log
423,9,-1,1,-1,-1,-1,465,3101,0.116,2.75,False,Solitudine / Nessun Contatto,,,Nessuna,2,0,2,2.62,1,1,1,1,0,0,0,0,0,0,0,0,8500.0,2,1.002,1.002,0.0,False,0,0,0,0,92.6,monte_carlo_run_423_seed_465.log
424,9,-1,1,-1,-1,-1,466,3101,0.063,1.31,False,Solitudine / Nessun Contatto,,,Nessuna,1,0,1,0.0,2,2,2,1,1,0,0,0,0,0,0,0,8500.0,2,1.0,1.0,0.0,False,0,0,1,1,0.02,monte_carlo_run_424_seed_466.log
425,9,-1,1,-1,-1,-1,467,3101,0.067,0.87,False,Solitudine / Nessun Contatto,,,Nessuna,1,0,1,0.0,2,2,2,1,1,0,0,0,0,0,0,0,8500.0,2,1.0,1.0,0.0,False,0,0,0,1,0.02,monte_carlo_run_425_seed_467.log
426,9,-1,1,-1,-1,-1,468,3101,0.113,2.04,False,Solitudine / Nessun Contatto,,,Nessuna,1,0,1,0.0,2,2,2,1,1,0,0,0,0,0,0,0,8500.0,2,1.0,1.0,0.0,False,0,0,1,1,0.02,monte_carlo_run_426_seed_468.log
427,9,-1,1,-1,-1,-1,469,3101,0.134,2.16,False,Solitudine / Nessun Contatto,,,Nessuna,1,0,1,0.0,1,1,1,1,0,0,0,0,0,0,0,0,8500.0,2,1.0,1.0,0.0,False,0,0,0,0,0.02,monte_carlo_run_427_seed_469.log
428,9,-1,1,-1,-1,-1,470,3101,0.072,1.48,False,Solitudine / Nessun Contatto,,,Nessuna,1,0,1,0.0,1,1,1,1,0,0,0,0,0,0,0,0,8500.0,2,1.0,1.0,0.0,False,0,0,0,0,0.02,monte_carlo_run_428_seed_470.log
429,9,-1,1,-1,-1,-1,471,3101,0.145,1.87,False,Solitudine / Nessun Contatto,,,Nessuna,1,0,1,0.0,2,2,2,1,1,0,0,0,0,0,0,0,8500.0,2,1.0,1.0,0.0,False,0,0,1,1,0.02,monte_carlo_run_429_seed_471.log
430,9,-1,1,-1,-1,-1,472,3101,0.129,2.1,False,Solitudine / Nessun Contatto,,,Nessuna,2,0,2,0.8,1,1,1,1,0,0,0,0,0,0,0,0,8500.0,2,1.0,1.0,0.0,False,0,0,0,0,27.59,monte_carlo_run_430_seed_472.log
431,9,-1,1,-1,-1,-1,473,3101,0.065,1.49,False,Solitudine / Nessun Contatto,,,Nessuna,1,0,1,0.0,3,3,3,0,3,0,0,0,0,0,0,0,8500.0,1,0.985,0.985,0.0,False,0,0,1,3,0.02,monte_carlo_run_431_seed_473.log
432,9,-1,1,-1,-1,-1,474,3101,0.081,1.01,False,Solitudine / Nessun Contatto,,,Nessuna,1,0,1,0.0,1,1,1,1,0,0,0,0,0,0,0,0,8500.0,2,1.0,1.0,0.0,False,0,0,0,0,0.02,monte_carlo_run_432_seed_474.log
433,9,-1,1,-1,-1,-1,475,3101,0.059,1.47,False,Solitudine / Nessun Contatto,,,Nessuna,1,0,1,0.0,1,1,1,1,0,0,0,0,0,0,0,0,8500.0,2,1.0,1.0,0.0,False,0,0,0,0,0.02,monte_carlo_run_433_seed_475.log
434,9,-1,1,-1,-1,-1,476,3101,0.132,1.58,False,Solitudine / Nessun Contatto,,,Nessuna,1,0,1,0.0,3,3,3,1,2,0,0,0,0,0,0,0,8500.0,2,1.001,1.001,0.0,False,0,0,3,3,0.02,monte_carlo_run_434_seed_476.log
435,9,-1,1,-1,-1,-1,477,3101,0.142,3.37,False,Solitudine / Nessun Contatto,,,Nessuna,4,0,4,7.1,3,3,3,0,3,0,0,0,0,0,0,0,8500.0,2,0.755,0.755,0.0,False,2,0,1,2,232.63,monte_carlo_run_435_seed_477.log
436,9,-1,1,-1,-1,-1,478,3101,0.114,1.71,False,Solitudine / Nessun Contatto,,,Nessuna,1,0,1,0.0,2,2,2,1,1,0,0,0,0,0,0,0,8500.0,2,1.0,1.0,0.0,False,0,0,0,1,0.02,monte_carlo_run_436_seed_478.log
437,9,-1,1,-1,-1,-1,479,3101,0.1,2.03,False,Solitudine / Nessun Contatto,,,Nessuna,1,0,1,0.0,1,1,1,1,0,0,0,0,0,0,0,0,8500.0,2,1.0,1.0,0.0,False,0,0,0,0,0.02,monte_carlo_run_437_seed_479.log
438,9,-1,1,-1,-1,-1,480,3101,0.086,1.95,False,Solitudine / Nessun Contatto,,,Nessuna,1,0,1,0.0,1,1,1,1,0,0,0,0,0,0,0,0,8500.0,2,1.0,1.0,0.0,False,0,0,0,0,0.02,monte_carlo_run_438_seed_480.log
439,9,-1,1,-1,-1,-1,481,3101,0.142,3.03,False,Solitudine / Nessun Contatto,,,Nessuna,8,0,8,5.45,3,2,1,1,0,2,2,2,0,2,2,0,8518.82,5,1.188,1.313,0.1245,True,5,0,1,3,789.77,monte_carlo_run_439_seed_481.log
440,9,-1,1,-1,-1,-1,482,3101,0.058,1.0,False,Solitudine / Nessun Contatto,,,Nessuna,1,0,1,0.0,1,1,1,1,0,0,0,0,0,0,0,0,8500.0,2,1.0,1.0,0.0,False,0,0,0,0,0.02,monte_carlo_run_440_seed_482.log
441,9,-1,1,-1,-1,-1,483,3101,0.053,0.68,False,Solitudine / Nessun Contatto,,,Nessuna,1,0,1,0.0,1,1,1,1,0,0,0,0,0,0,0,0,8500.0,2,1.0,1.0,0.0,False,0,0,0,0,0.02,monte_carlo_run_441_seed_483.log
442,9,-1,1,-1,-1,-1,484,3101,0.108,2.63,False,Solitudine / Nessun Contatto,,,Nessuna,1,0,1,0.0,1,1,1,1,0,0,0,0,0,0,0,0,8500.0,2,1.0,1.0,0.0,False,0,0,0,0,0.02,monte_carlo_run_442_seed_484.log
443,9,-1,1,-1,-1,-1,485,3101,0.063,1.21,False,Solitudine / Nessun Contatto,,,Nessuna,2,0,2,0.46,1,1,1,1,0,0,0,0,0,0,0,0,8500.0,2,1.001,1.001,0.0,False,0,0,0,0,29.26,monte_carlo_run_443_seed_485.log
444,9,-1,1,-1,-1,-1,486,3101,0.069,1.27,False,Solitudine / Nessun Contatto,,,Nessuna,1,0,1,0.0,3,3,3,1,2,0,0,0,0,0,0,0,8500.0,2,1.0,1.0,0.0,False,0,0,1,3,0.02,monte_carlo_run_444_seed_486.log
445,9,-1,1,-1,-1,-1,487,3101,0.091,1.65,False,Solitudine / Nessun Contatto,,,Nessuna,1,0,1,0.0,1,1,1,1,0,0,0,0,0,0,0,0,8500.0,2,1.0,1.0,0.0,False,0,0,0,0,0.02,monte_carlo_run_445_seed_487.log
446,9,-1,1,-1,-1,-1,488,3101,0.098,2.12,False,Solitudine / Nessun Contatto,,,Nessuna,1,0,1,0.0,1,1,1,1,0,0,0,0,0,0,0,0,8500.0,2,1.0,1.0,0.0,False,0,0,0,0,0.02,monte_carlo_run_446_seed_488.log
447,9,-1,1,-1,-1,-1,489,3101,0.148,3.32,False,Solitudine / Nessun Contatto,,,Nessuna,7,0,7,5.18,2,2,2,1,1,0,0,0,0,0,0,0,8500.0,3,1.384,1.384,0.0,False,5,0,1,1,919.82,monte_carlo_run_447_seed_489.log
448,9,-1,1,-1,-1,-1,490,3101,0.075,1.27,False,Solitudine / Nessun Contatto,,,Nessuna,1,0,1,0.0,1,1,1,1,0,0,0,0,0,0,0,0,8500.0,2,1.0,1.0,0.0,False,0,0,0,0,0.02,monte_carlo_run_448_seed_490.log
449,9,-1,1,-1,-1,-1,491,3101,0.141,3.33,False,Solitudine / Nessun Contatto,,,Nessuna,2,0,2,3.05,1,1,1,1,0,0,0,0,0,0,0,0,8500.0,2,1.002,1.002,0.0,False,0,0,0,0,102.99,monte_carlo_run_449_seed_491.log
450,9,-1,1,-1,-1,-1,492,3101,0.104,1.35,False,Solitudine / Nessun Contatto,,,Nessuna,1,0,1,0.0,2,2,2,1,1,0,0,0,0,0,0,0,8500.0,2,1.0,1.0,0.0,False,0,0,1,1,0.02,monte_carlo_run_450_seed_492.log
451,10,-1,1,-1,-1,1,493,3101,0.084,1.39,False,Solitudine / Nessun Contatto,,,Nessuna,2,0,2,0.0,2,2,2,2,0,0,0,0,0,0,0,0,8500.0,6,1.0,1.0,0.0,False,0,0,1,1,0.04,monte_carlo_run_451_seed_493.log
452,10,-1,1,-1,-1,1,494,3101,0.089,1.32,False,Solitudine / Nessun Contatto,,,Nessuna,1,0,1,0.0,1,1,1,1,0,0,0,0,0,0,0,0,8500.0,2,1.0,1.0,0.0,False,0,0,0,0,0.02,monte_carlo_run_452_seed_494.log
453,10,-1,1,-1,-1,1,495,3101,0.103,2.14,False,Solitudine / Nessun Contatto,,,Nessuna,2,0,2,1.25,1,1,1,1,0,0,0,0,0,0,0,0,8500.0,2,1.001,1.001,0.0,False,0,0,0,0,48.45,monte_carlo_run_453_seed_495.log
454,10,-1,1,-1,-1,1,496,3101,0.084,1.99,False,Solitudine / Nessun Contatto,,,Nessuna,1,0,1,0.0,1,1,1,1,0,0,0,0,0,0,0,0,8500.0,2,1.0,1.0,0.0,False,0,0,0,0,0.02,monte_carlo_run_454_seed_496.log
455,10,-1,1,-1,-1,1,497,3101,0.131,2.0,False,Solitudine / Nessun Contatto,,,Nessuna,1,0,1,0.0,1,1,1,1,0,0,0,0,0,0,0,0,8500.0,2,1.0,1.0,0.0,False,0,0,0,0,0.02,monte_carlo_run_455_seed_497.log
456,10,-1,1,-1,-1,1,498,3101,0.066,1.55,False,Solitudine / Nessun Contatto,,,Nessuna,2,0,2,1.33,1,1,1,1,0,0,0,0,0,0,0,0,8500.0,2,1.002,1.002,0.0,False,0,0,0,0,80.54,monte_carlo_run_456_seed_498.log
457,10,-1,1,-1,-1,1,499,3101,0.139,1.95,False,Solitudine / Nessun Contatto,,,Nessuna,2,0,2,1.92,1,1,1,1,0,0,0,0,0,0,0,0,8500.0,2,1.002,1.002,0.0,False,0,0,0,0,65.08,monte_carlo_run_457_seed_499.log
458,10,-1,1,-1,-1,1,500,3101,0.075,1.72,False,Solitudine / Nessun Contatto,,,Nessuna,3,0,3,1.62,2,1,1,1,0,0,0,0,0,0,0,0,8500.0,5,1.014,1.014,0.0,False,0,0,1,1,86.16,monte_carlo_run_458_seed_500.log
459,10,-1,1,-1,-1,1,501,3101,0.096,1.19,False,Solitudine / Nessun Contatto,,,Nessuna,2,0,2,0.0,2,2,2,2,0,0,0,0,0,0,0,0,8500.0,6,1.0,1.0,0.0,False,0,0,1,1,0.04,monte_carlo_run_459_seed_501.log
460,10,-1,1,-1,-1,1,502,3101,0.077,1.64,False,Solitudine / Nessun Contatto,,,Nessuna,1,0,1,0.0,1,1,1,1,0,0,0,0,0,0,0,0,8500.0,2,1.0,1.0,0.0,False,0,0,0,0,0.02,monte_carlo_run_460_seed_502.log
461,10,-1,1,-1,-1,1,503,3101,0.133,1.78,False,Solitudine / Nessun Contatto,,,Nessuna,1,0,1,0.0,1,1,1,1,0,0,0,0,0,0,0,0,8500.0,2,1.0,1.0,0.0,False,0,0,0,0,0.02,monte_carlo_run_461_seed_503.log
462,10,-1,1,-1,-1,1,504,3101,0.077,1.41,False,Solitudine / Nessun Contatto,,,Nessuna,1,0,1,0.0,1,1,1,1,0,0,0,0,0,0,0,0,8500.0,2,1.0,1.0,0.0,False,0,0,0,0,0.02,monte_carlo_run_462_seed_504.log
463,10,-1,1,-1,-1,1,505,3101,0.115,2.13,False,Solitudine / Nessun Contatto,,,Nessuna,4,0,4,2.06,4,4,2,2,0,2,2,2,0,1,1,0,8520.84,8,1.064,1.291,0.2269,True,0,0,1,3,354.76,monte_carlo_run_463_seed_505.log
464,10,-1,1,-1,-1,1,506,3101,0.146,2.04,False,Solitudine / Nessun Contatto,,,Nessuna,1,0,1,0.0,1,1,1,1,0,0,0,0,0,0,0,0,8500.0,2,1.0,1.0,0.0,False,0,0,0,0,0.02,monte_carlo_run_464_seed_506.log
465,10,-1,1,-1,-1,1,507,3101,0.059,1.23,False,Solitudine / Nessun Contatto,,,Nessuna,3,0,3,0.0,3,3,3,3,0,0,0,0,0,0,0,0,8500.0,10,1.0,1.0,0.0,False,0,0,1,2,0.06,monte_carlo_run_465_seed_507.log
466,10,-1,1,-1,-1,1,508,3101,0.095,1.34,False,Solitudine / Nessun Contatto,,,Nessuna,1,0,1,0.0,1,1,1,1,0,0,0,0,0,0,0,0,8500.0,2,1.0,1.0,0.0,False,0,0,0,0,0.02,monte_carlo_run_466_seed_508.log
467,10,-1,1,-1,-1,1,509,3101,0.055,1.03,False,Solitudine / Nessun Contatto,,,Nessuna,1,0,1,0.0,1,1,1,1,0,0,0,0,0,0,0,0,8500.0,2,1.0,1.0,0.0,False,0,0,0,0,0.02,monte_carlo_run_467_seed_509.log
468,10,-1,1,-1,-1,1,510,3101,0.065,1.62,False,Solitudine / Nessun Contatto,,,Nessuna,1,0,1,0.0,1,1,1,1,0,0,0,0,0,0,0,0,8500.0,2,1.0,1.0,0.0,False,0,0,0,0,0.02,monte_carlo_run_468_seed_510.log
469,10,-1,1,-1,-1,1,511,3101,0.078,1.33,False,Solitudine / Nessun Contatto,,,Nessuna,1,0,1,0.0,1,1,1,1,0,0,0,0,0,0,0,0,8500.0,2,1.0,1.0,0.0,False,0,0,0,0,0.02,monte_carlo_run_469_seed_511.log
470,10,-1,1,-1,-1,1,512,3101,0.055,1.35,False,Solitudine / Nessun Contatto,,,Nessuna,3,0,3,0.56,3,3,2,2,0,1,1,1,0,0,0,0,8500.34,6,1.013,0.779,-0.2338,False,0,0,1,1,40.92,monte_carlo_run_470_seed_512.log
471,10,-1,1,-1,-1,1,513,3101,0.068,1.5,False,Solitudine / Nessun Contatto,,,Nessuna,2,0,2,0.0,2,2,2,2,0,0,0,0,0,0,0,0,8500.0,5,1.0,1.0,0.0,False,0,0,1,1,0.04,monte_carlo_run_471_seed_513.log
472,10,-1,1,-1,-1,1,514,3101,0.141,2.58,True,Contatto Planetario / Biofirme,16.5,2.33,Collaborativa,3,0,5,6.04,3,3,3,2,1,0,0,0,0,0,0,0,8500.0,6,1.07,1.07,0.0,False,1,0,1,1,208.27,monte_carlo_run_472_seed_514.log
473,10,-1,1,-1,-1,1,515,3101,0.133,2.05,False,Solitudine / Nessun Contatto,,,Nessuna,3,0,3,0.0,3,3,3,3,0,0,0,0,0,0,0,0,8500.0,9,1.0,1.0,0.0,False,0,0,0,3,0.06,monte_carlo_run_473_seed_515.log
474,10,-1,1,-1,-1,1,516,3101,0.104,1.59,False,Solitudine / Nessun Contatto,,,Nessuna,1,0,1,0.0,1,1,1,1,0,0,0,0,0,0,0,0,8500.0,2,1.0,1.0,0.0,False,0,0,0,0,0.02,monte_carlo_run_474_seed_516.log
475,10,-1,1,-1,-1,1,517,3101,0.069,1.48,False,Solitudine / Nessun Contatto,,,Nessuna,1,0,1,0.0,1,1,1,1,0,0,0,0,0,0,0,0,8500.0,2,1.0,1.0,0.0,False,0,0,0,0,0.02,monte_carlo_run_475_seed_517.log
476,10,-1,1,-1,-1,1,518,3101,0.117,2.8,False,Solitudine / Nessun Contatto,,,Nessuna,6,0,6,5.12,4,3,2,2,0,1,1,1,0,0,0,0,8500.78,9,1.085,0.873,-0.2116,False,1,0,1,3,250.09,monte_carlo_run_476_seed_518.log
477,10,-1,1,-1,-1,1,519,3101,0.101,1.76,False,Solitudine / Nessun Contatto,,,Nessuna,2,0,2,0.0,2,2,2,2,0,0,0,0,0,0,0,0,8500.0,5,1.0,1.0,0.0,False,0,0,1,1,0.04,monte_carlo_run_477_seed_519.log
478,10,-1,1,-1,-1,1,520,3101,0.091,1.67,False,Solitudine / Nessun Contatto,,,Nessuna,4,0,4,0.0,3,3,3,3,0,0,0,0,0,0,0,0,8500.0,10,1.009,1.009,0.0,False,0,0,1,2,29.95,monte_carlo_run_478_seed_520.log
479,10,-1,1,-1,-1,1,521,3101,0.055,0.73,False,Solitudine / Nessun Contatto,,,Nessuna,1,0,1,0.0,1,1,1,1,0,0,0,0,0,0,0,0,8500.0,2,1.0,1.0,0.0,False,0,0,0,0,0.02,monte_carlo_run_479_seed_521.log
480,10,-1,1,-1,-1,1,522,3101,0.11,1.49,False,Solitudine / Nessun Contatto,,,Nessuna,1,0,1,0.0,1,1,1,1,0,0,0,0,0,0,0,0,8500.0,2,1.0,1.0,0.0,False,0,0,0,0,0.02,monte_carlo_run_480_seed_522.log
481,10,-1,1,-1,-1,1,523,3101,0.115,1.89,False,Solitudine / Nessun Contatto,,,Nessuna,2,0,2,0.0,2,2,2,2,0,0,0,0,0,0,0,0,8500.0,5,1.0,1.0,0.0,False,0,0,0,1,0.04,monte_carlo_run_481_seed_523.log
482,10,-1,1,-1,-1,1,524,3101,0.08,1.9,False,Solitudine / Nessun Contatto,,,Nessuna,6,0,6,3.42,3,3,3,3,0,0,0,0,0,0,0,0,8500.0,10,1.104,1.104,0.0,False,1,0,3,3,171.65,monte_carlo_run_482_seed_524.log
483,10,-1,1,-1,-1,1,525,3101,0.145,2.39,False,Solitudine / Nessun Contatto,,,Nessuna,4,0,4,3.13,1,1,1,1,0,0,0,0,0,0,0,0,8500.0,2,1.03,1.03,0.0,False,2,0,0,0,221.57,monte_carlo_run_483_seed_525.log
484,10,-1,1,-1,-1,1,526,3101,0.081,1.54,False,Solitudine / Nessun Contatto,,,Nessuna,1,0,1,0.0,1,1,1,1,0,0,0,0,0,0,0,0,8500.0,2,1.0,1.0,0.0,False,0,0,0,0,0.02,monte_carlo_run_484_seed_526.log
485,10,-1,1,-1,-1,1,527,3101,0.071,1.76,False,Solitudine / Nessun Contatto,,,Nessuna,1,0,1,0.0,1,1,1,1,0,0,0,0,0,0,0,0,8500.0,2,1.0,1.0,0.0,False,0,0,0,0,0.02,monte_carlo_run_485_seed_527.log
486,10,-1,1,-1,-1,1,528,3101,0.137,1.94,False,Solitudine / Nessun Contatto,,,Nessuna,5,0,5,0.0,3,3,3,3,0,0,0,0,0,0,0,0,8500.0,8,1.053,1.053,0.0,False,1,0,2,2,95.51,monte_carlo_run_486_seed_528.log
487,10,-1,1,-1,-1,1,529,3101,0.113,1.86,False,Solitudine / Nessun Contatto,,,Nessuna,1,0,1,0.0,1,1,1,1,0,0,0,0,0,0,0,0,8500.0,2,1.0,1.0,0.0,False,0,0,0,0,0.02,monte_carlo_run_487_seed_529.log
488,10,-1,1,-1,-1,1,530,3101,0.078,1.23,False,Solitudine / Nessun Contatto,,,Nessuna,4,0,4,1.7,2,1,1,1,0,1,1,1,0,0,0,0,8500.84,3,1.03,0.838,-0.192,False,2,0,0,0,209.35,monte_carlo_run_488_seed_530.log
489,10,-1,1,-1,-1,1,531,3101,0.092,1.95,False,Solitudine / Nessun Contatto,,,Nessuna,1,0,1,0.0,1,1,1,1,0,0,0,0,0,0,0,0,8500.0,2,1.0,1.0,0.0,False,0,0,0,0,0.02,monte_carlo_run_489_seed_531.log
490,10,-1,1,-1,-1,1,532,3101,0.081,1.42,False,Solitudine / Nessun Contatto,,,Nessuna,1,0,1,0.0,1,1,1,1,0,0,0,0,0,0,0,0,8500.0,2,1.0,1.0,0.0,False,0,0,0,0,0.02,monte_carlo_run_490_seed_532.log
491,10,-1,1,-1,-1,1,533,3101,0.104,1.86,False,Solitudine / Nessun Contatto,,,Nessuna,1,0,1,0.0,1,1,1,1,0,0,0,0,0,0,0,0,8500.0,2,1.0,1.0,0.0,False,0,0,0,0,0.02,monte_carlo_run_491_seed_533.log
492,10,-1,1,-1,-1,1,534,3101,0.057,1.3,False,Solitudine / Nessun Contatto,,,Nessuna,3,0,3,0.99,2,2,2,2,0,0,0,0,0,0,0,0,8500.0,6,1.021,1.021,0.0,False,0,0,1,1,69.22,monte_carlo_run_492_seed_534.log
493,10,-1,1,-1,-1,1,535,3101,0.069,0.89,False,Solitudine / Nessun Contatto,,,Nessuna,1,0,1,0.0,1,1,1,1,0,0,0,0,0,0,0,0,8500.0,2,1.0,1.0,0.0,False,0,0,0,0,0.02,monte_carlo_run_493_seed_535.log
494,10,-1,1,-1,-1,1,536,3101,0.139,2.01,False,Solitudine / Nessun Contatto,,,Nessuna,1,0,1,0.0,1,1,1,1,0,0,0,0,0,0,0,0,8500.0,2,1.0,1.0,0.0,False,0,0,0,0,0.02,monte_carlo_run_494_seed_536.log
495,10,-1,1,-1,-1,1,537,3101,0.132,2.07,False,Solitudine / Nessun Contatto,,,Nessuna,2,0,2,0.0,2,2,2,2,0,0,0,0,0,0,0,0,8500.0,6,1.0,1.0,0.0,False,0,0,0,1,0.04,monte_carlo_run_495_seed_537.log
496,10,-1,1,-1,-1,1,538,3101,0.058,1.28,False,Solitudine / Nessun Contatto,,,Nessuna,2,0,2,0.0,2,2,2,2,0,0,0,0,0,0,0,0,8500.0,6,1.0,1.0,0.0,False,0,0,1,1,0.04,monte_carlo_run_496_seed_538.log
497,10,-1,1,-1,-1,1,539,3101,0.117,2.57,False,Solitudine / Nessun Contatto,,,Nessuna,2,0,2,1.86,1,1,1,1,0,0,0,0,0,0,0,0,8500.0,2,1.002,1.002,0.0,False,0,0,0,0,65.36,monte_carlo_run_497_seed_539.log
498,10,-1,1,-1,-1,1,540,3101,0.123,2.41,False,Solitudine / Nessun Contatto,,,Nessuna,2,0,2,2.07,1,1,1,1,0,0,0,0,0,0,0,0,8500.0,2,1.002,1.002,0.0,False,0,0,0,0,71.88,monte_carlo_run_498_seed_540.log
499,10,-1,1,-1,-1,1,541,3101,0.135,2.96,False,Solitudine / Nessun Contatto,,,Nessuna,5,0,5,0.0,3,3,3,3,0,0,0,0,0,0,0,0,8500.0,10,1.086,1.086,0.0,False,1,0,2,2,153.27,monte_carlo_run_499_seed_541.log
500,10,-1,1,-1,-1,1,542,3101,0.073,1.39,False,Solitudine / Nessun Contatto,,,Nessuna,3,0,3,0.0,3,3,3,3,0,0,0,0,0,0,0,0,8500.0,8,1.0,1.0,0.0,False,0,0,0,2,0.06,monte_carlo_run_500_seed_542.log
501,11,-1,1,-1,1,-1,543,3101,0.094,2.12,False,Solitudine / Nessun Contatto,,,Nessuna,3,0,3,3.5,2,2,2,1,1,0,0,0,0,0,0,0,8500.0,2,1.058,1.058,0.0,False,1,0,1,1,164.51,monte_carlo_run_501_seed_543.log
502,11,-1,1,-1,1,-1,544,3101,0.066,0.94,False,Solitudine / Nessun Contatto,,,Nessuna,1,0,1,0.0,2,2,2,1,1,0,0,0,0,0,0,0,8500.0,2,1.0,1.0,0.0,False,0,0,0,1,0.02,monte_carlo_run_502_seed_544.log
503,11,-1,1,-1,1,-1,545,3101,0.149,3.67,False,Solitudine / Nessun Contatto,,,Nessuna,12,0,12,7.75,2,1,1,1,0,0,0,0,0,0,0,0,8500.0,4,1.481,1.481,0.0,False,8,0,1,1,1003.28,monte_carlo_run_503_seed_545.log
504,11,-1,1,-1,1,-1,546,3101,0.146,3.56,False,Solitudine / Nessun Contatto,,,Nessuna,4,0,4,4.54,3,2,2,0,2,0,0,0,0,0,0,0,8500.0,1,0.783,0.783,0.0,False,3,0,1,2,356.67,monte_carlo_run_504_seed_546.log
505,11,-1,1,-1,1,-1,547,3101,0.082,1.98,False,Solitudine / Nessun Contatto,,,Nessuna,2,0,2,1.56,1,1,1,1,0,0,0,0,0,0,0,0,8500.0,2,1.002,1.002,0.0,False,0,0,0,0,76.06,monte_carlo_run_505_seed_547.log
506,11,-1,1,-1,1,-1,548,3101,0.077,1.4,False,Solitudine / Nessun Contatto,,,Nessuna,1,0,1,0.0,3,3,3,1,2,0,0,0,0,0,0,0,8500.0,2,1.001,1.001,0.0,False,0,0,3,3,0.02,monte_carlo_run_506_seed_548.log
507,11,-1,1,-1,1,-1,549,3101,0.058,1.03,False,Solitudine / Nessun Contatto,,,Nessuna,1,0,1,0.0,1,1,1,1,0,0,0,0,0,0,0,0,8500.0,2,1.0,1.0,0.0,False,0,0,0,0,0.02,monte_carlo_run_507_seed_549.log
508,11,-1,1,-1,1,-1,550,3101,0.127,2.34,False,Solitudine / Nessun Contatto,,,Nessuna,1,0,1,0.0,2,2,2,1,1,0,0,0,0,0,0,0,8500.0,2,1.0,1.0,0.0,False,0,0,1,1,0.02,monte_carlo_run_508_seed_550.log
509,11,-1,1,-1,1,-1,551,3101,0.089,2.22,False,Solitudine / Nessun Contatto,,,Nessuna,5,0,5,3.65,1,1,1,1,0,0,0,0,0,0,0,0,8500.0,2,1.053,1.053,0.0,False,3,0,0,0,293.55,monte_carlo_run_509_seed_551.log
510,11,-1,1,-1,1,-1,552,3101,0.065,1.0,False,Solitudine / Nessun Contatto,,,Nessuna,1,0,1,0.0,1,1,1,1,0,0,0,0,0,0,0,0,8500.0,2,1.0,1.0,0.0,False,0,0,0,0,0.02,monte_carlo_run_510_seed_552.log
511,11,-1,1,-1,1,-1,553,3101,0.143,1.77,False,Solitudine / Nessun Contatto,,,Nessuna,1,0,1,0.0,1,1,1,1,0,0,0,0,0,0,0,0,8500.0,2,1.0,1.0,0.0,False,0,0,0,0,0.02,monte_carlo_run_511_seed_553.log
512,11,-1,1,-1,1,-1,554,3101,0.076,1.89,False,Solitudine / Nessun Contatto,,,Nessuna,1,0,1,0.0,1,1,1,1,0,0,0,0,0,0,0,0,8500.0,2,1.0,1.0,0.0,False,0,0,0,0,0.02,monte_carlo_run_512_seed_554.log
513,11,-1,1,-1,1,-1,555,3101,0.104,2.55,False,Solitudine / Nessun Contatto,,,Nessuna,2,0,2,1.95,1,1,1,1,0,0,0,0,0,0,0,0,8500.0,2,1.002,1.002,0.0,False,0,0,0,0,75.13,monte_carlo_run_513_seed_555.log
514,11,-1,1,-1,1,-1,556,3101,0.06,1.27,False,Solitudine / Nessun Contatto,,,Nessuna,2,0,2,1.0,1,1,1,1,0,0,0,0,0,0,0,0,8500.0,2,1.002,1.002,0.0,False,0,0,0,0,66.71,monte_carlo_run_514_seed_556.log
515,11,-1,1,-1,1,-1,557,3101,0.066,1.55,False,Solitudine / Nessun Contatto,,,Nessuna,1,0,1,0.0,1,1,1,1,0,0,0,0,0,0,0,0,8500.0,2,1.0,1.0,0.0,False,0,0,0,0,0.02,monte_carlo_run_515_seed_557.log
516,11,-1,1,-1,1,-1,558,3101,0.107,2.44,False,Solitudine / Nessun Contatto,,,Nessuna,1,0,1,0.0,1,1,1,1,0,0,0,0,0,0,0,0,8500.0,2,1.0,1.0,0.0,False,0,0,0,0,0.02,monte_carlo_run_516_seed_558.log
517,11,-1,1,-1,1,-1,559,3101,0.092,1.25,False,Solitudine / Nessun Contatto,,,Nessuna,2,0,2,0.57,2,1,1,1,0,1,1,1,0,0,0,0,8500.03,2,1.0,0.822,-0.1784,False,0,0,0,0,24.68,monte_carlo_run_517_seed_559.log
518,11,-1,1,-1,1,-1,560,3101,0.144,2.85,False,Solitudine / Nessun Contatto,,,Nessuna,2,0,2,2.79,1,1,1,1,0,0,0,0,0,0,0,0,8500.0,2,1.002,1.002,0.0,False,0,0,0,0,77.41,monte_carlo_run_518_seed_560.log
519,11,-1,1,-1,1,-1,561,3101,0.096,1.59,False,Solitudine / Nessun Contatto,,,Nessuna,3,0,3,1.66,1,1,1,1,0,0,0,0,0,0,0,0,8500.0,2,1.006,1.006,0.0,False,1,0,0,0,82.76,monte_carlo_run_519_seed_561.log
520,11,-1,1,-1,1,-1,562,3101,0.087,1.8,False,Solitudine / Nessun Contatto,,,Nessuna,1,0,1,0.0,1,1,1,1,0,0,0,0,0,0,0,0,8500.0,2,1.0,1.0,0.0,False,0,0,0,0,0.02,monte_carlo_run_520_seed_562.log
521,11,-1,1,-1,1,-1,563,3101,0.121,2.45,False,Solitudine / Nessun Contatto,,,Nessuna,1,0,1,0.0,1,1,1,1,0,0,0,0,0,0,0,0,8500.0,2,1.0,1.0,0.0,False,0,0,0,0,0.02,monte_carlo_run_521_seed_563.log
522,11,-1,1,-1,1,-1,564,3101,0.077,1.04,False,Solitudine / Nessun Contatto,,,Nessuna,1,0,1,0.0,1,1,1,1,0,0,0,0,0,0,0,0,8500.0,2,1.0,1.0,0.0,False,0,0,0,0,0.02,monte_carlo_run_522_seed_564.log
523,11,-1,1,-1,1,-1,565,3101,0.142,2.68,False,Solitudine / Nessun Contatto,,,Nessuna,6,0,6,4.28,1,1,1,1,0,0,0,0,0,0,0,0,8500.0,2,1.045,1.045,0.0,False,3,0,0,0,283.79,monte_carlo_run_523_seed_565.log
524,11,-1,1,-1,1,-1,566,3101,0.074,1.3,False,Solitudine / Nessun Contatto,,,Nessuna,1,0,1,0.0,1,1,1,1,0,0,0,0,0,0,0,0,8500.0,2,1.0,1.0,0.0,False,0,0,0,0,0.02,monte_carlo_run_524_seed_566.log
525,11,-1,1,-1,1,-1,567,3101,0.143,1.99,False,Solitudine / Nessun Contatto,,,Nessuna,1,0,1,0.0,2,2,2,1,1,0,0,0,0,0,0,0,8500.0,2,1.0,1.0,0.0,False,0,0,1,1,0.02,monte_carlo_run_525_seed_567.log
526,11,-1,1,-1,1,-1,568,3101,0.105,2.1,False,Solitudine / Nessun Contatto,,,Nessuna,6,0,6,6.54,3,2,2,0,2,0,0,0,0,0,0,0,8500.0,2,0.752,0.752,0.0,False,5,0,1,2,396.38,monte_carlo_run_526_seed_568.log
527,11,-1,1,-1,1,-1,569,3101,0.053,0.92,False,Solitudine / Nessun Contatto,,,Nessuna,1,0,1,0.0,2,2,2,1,1,0,0,0,0,0,0,0,8500.0,2,1.0,1.0,0.0,False,0,0,0,1,0.02,monte_carlo_run_527_seed_569.log
528,11,-1,1,-1,1,-1,570,3101,0.088,1.95,False,Solitudine / Nessun Contatto,,,Nessuna,1,0,1,0.0,1,1,1,1,0,0,0,0,0,0,0,0,8500.0,2,1.0,1.0,0.0,False,0,0,0,0,0.02,monte_carlo_run_528_seed_570.log
529,11,-1,1,-1,1,-1,571,3101,0.118,2.86,False,Solitudine / Nessun Contatto,,,Nessuna,1,0,1,0.0,2,2,2,1,1,0,0,0,0,0,0,0,8500.0,2,1.0,1.0,0.0,False,0,0,0,1,0.02,monte_carlo_run_529_seed_571.log
530,11,-1,1,-1,1,-1,572,3101,0.136,3.16,False,Solitudine / Nessun Contatto,,,Nessuna,2,0,2,1.46,3,3,2,1,1,1,1,1,0,0,0,0,8500.18,2,1.015,0.819,-0.1964,False,0,0,1,1,49.72,monte_carlo_run_530_seed_572.log
531,11,-1,1,-1,1,-1,573,3101,0.082,1.28,False,Solitudine / Nessun Contatto,,,Nessuna,1,0,1,0.0,2,2,2,1,1,0,0,0,0,0,0,0,8500.0,2,1.0,1.0,0.0,False,0,0,1,1,0.02,monte_carlo_run_531_seed_573.log
532,11,-1,1,-1,1,-1,574,3101,0.148,2.71,False,Solitudine / Nessun Contatto,,,Nessuna,1,0,1,0.0,1,1,1,1,0,0,0,0,0,0,0,0,8500.0,2,1.0,1.0,0.0,False,0,0,0,0,0.02,monte_carlo_run_532_seed_574.log
533,11,-1,1,-1,1,-1,575,3101,0.111,2.72,False,Solitudine / Nessun Contatto,,,Nessuna,1,0,1,0.0,1,1,1,1,0,0,0,0,0,0,0,0,8500.0,2,1.0,1.0,0.0,False,0,0,0,0,0.02,monte_carlo_run_533_seed_575.log
534,11,-1,1,-1,1,-1,576,3101,0.146,2.55,False,Solitudine / Nessun Contatto,,,Nessuna,3,0,3,3.51,2,2,2,1,1,0,0,0,0,0,0,0,8500.0,2,1.049,1.049,0.0,False,1,0,1,1,137.9,monte_carlo_run_534_seed_576.log
535,11,-1,1,-1,1,-1,577,3101,0.06,1.12,False,Solitudine / Nessun Contatto,,,Nessuna,1,0,1,0.0,3,3,3,1,2,0,0,0,0,0,0,0,8500.0,2,1.001,1.001,0.0,False,0,0,2,3,0.02,monte_carlo_run_535_seed_577.log
536,11,-1,1,-1,1,-1,578,3101,0.06,1.34,False,Solitudine / Nessun Contatto,,,Nessuna,1,0,1,0.0,2,2,2,0,2,0,0,0,0,0,0,0,8500.0,1,0.985,0.985,0.0,False,0,0,0,1,0.02,monte_carlo_run_536_seed_578.log
537,11,-1,1,-1,1,-1,579,3101,0.139,3.0,True,Contatto Planetario / Biofirme,74.98,4.05,Collaborativa,5,0,6,5.39,3,3,3,1,1,0,0,0,0,0,0,0,8500.0,2,1.156,1.156,0.0,False,3,0,1,1,367.05,monte_carlo_run_537_seed_579.log
538,11,-1,1,-1,1,-1,580,3101,0.122,1.92,False,Solitudine / Nessun Contatto,,,Nessuna,1,0,1,0.0,3,3,3,1,2,0,0,0,0,0,0,0,8500.0,2,1.0,1.0,0.0,False,0,0,1,2,0.02,monte_carlo_run_538_seed_580.log
539,11,-1,1,-1,1,-1,581,3101,0.117,2.63,False,Solitudine / Nessun Contatto,,,Nessuna,1,0,1,0.0,3,3,3,1,2,0,0,0,0,0,0,0,8500.0,2,1.0,1.0,0.0,False,0,0,1,2,0.02,monte_carlo_run_539_seed_581.log
540,11,-1,1,-1,1,-1,582,3101,0.102,2.26,False,Solitudine / Nessun Contatto,,,Nessuna,2,0,2,1.44,1,1,1,1,0,0,0,0,0,0,0,0,8500.0,2,1.001,1.001,0.0,False,0,0,0,0,56.29,monte_carlo_run_540_seed_582.log
541,11,-1,1,-1,1,-1,583,3101,0.063,1.15,False,Solitudine / Nessun Contatto,,,Nessuna,1,0,1,0.0,1,1,1,1,0,0,0,0,0,0,0,0,8500.0,2,1.0,1.0,0.0,False,0,0,0,0,0.02,monte_carlo_run_541_seed_583.log
542,11,-1,1,-1,1,-1,584,3101,0.132,2.42,False,Solitudine / Nessun Contatto,,,Nessuna,1,0,1,0.0,3,3,3,0,3,0,0,0,0,0,0,0,8500.0,1,0.97,0.97,0.0,False,0,0,0,3,0.02,monte_carlo_run_542_seed_584.log
543,11,-1,1,-1,1,-1,585,3101,0.066,1.59,False,Solitudine / Nessun Contatto,,,Nessuna,1,0,1,0.0,1,1,1,1,0,0,0,0,0,0,0,0,8500.0,2,1.0,1.0,0.0,False,0,0,0,0,0.02,monte_carlo_run_543_seed_585.log
544,11,-1,1,-1,1,-1,586,3101,0.058,1.24,False,Solitudine / Nessun Contatto,,,Nessuna,1,0,1,0.0,1,1,1,1,0,0,0,0,0,0,0,0,8500.0,2,1.0,1.0,0.0,False,0,0,0,0,0.02,monte_carlo_run_544_seed_586.log
545,11,-1,1,-1,1,-1,587,3101,0.106,2.17,False,Solitudine / Nessun Contatto,,,Nessuna,1,0,1,0.0,1,1,1,1,0,0,0,0,0,0,0,0,8500.0,2,1.0,1.0,0.0,False,0,0,0,0,0.02,monte_carlo_run_545_seed_587.log
546,11,-1,1,-1,1,-1,588,3101,0.133,2.15,False,Solitudine / Nessun Contatto,,,Nessuna,2,0,2,1.37,2,2,2,0,2,0,0,0,0,0,0,0,8500.0,1,0.864,0.864,0.0,False,0,0,0,1,41.29,monte_carlo_run_546_seed_588.log
547,11,-1,1,-1,1,-1,589,3101,0.119,2.57,False,Solitudine / Nessun Contatto,,,Nessuna,1,0,1,0.0,2,2,2,1,1,0,0,0,0,0,0,0,8500.0,2,1.0,1.0,0.0,False,0,0,0,1,0.02,monte_carlo_run_547_seed_589.log
548,11,-1,1,-1,1,-1,590,3101,0.146,2.98,False,Solitudine / Nessun Contatto,,,Nessuna,7,0,7,5.67,2,2,1,1,0,1,1,1,0,0,0,0,8500.78,3,1.105,0.872,-0.2328,False,4,0,0,0,488.54,monte_carlo_run_548_seed_590.log
549,11,-1,1,-1,1,-1,591,3101,0.082,1.15,False,Solitudine / Nessun Contatto,,,Nessuna,1,0,1,0.0,2,2,2,1,1,0,0,0,0,0,0,0,8500.0,2,1.0,1.0,0.0,False,0,0,1,1,0.02,monte_carlo_run_549_seed_591.log
550,11,-1,1,-1,1,-1,592,3101,0.094,1.53,False,Solitudine / Nessun Contatto,,,Nessuna,2,0,2,1.33,1,1,1,1,0,0,0,0,0,0,0,0,8500.0,2,1.001,1.001,0.0,False,0,0,0,0,56.55,monte_carlo_run_550_seed_592.log
551,12,-1,1,-1,1,1,593,3101,0.131,3.06,False,Solitudine / Nessun Contatto,,,Nessuna,5,0,5,3.57,1,1,1,1,0,0,0,0,0,0,0,0,8500.0,2,1.07,1.07,0.0,False,3,0,0,0,397.59,monte_carlo_run_551_seed_593.log
552,12,-1,1,-1,1,1,594,3101,0.135,2.42,False,Solitudine / Nessun Contatto,,,Nessuna,1,0,1,0.0,1,1,1,1,0,0,0,0,0,0,0,0,8500.0,2,1.0,1.0,0.0,False,0,0,0,0,0.02,monte_carlo_run_552_seed_594.log
553,12,-1,1,-1,1,1,595,3101,0.123,2.48,False,Solitudine / Nessun Contatto,,,Nessuna,2,0,2,0.0,2,2,2,2,0,0,0,0,0,0,0,0,8500.0,6,1.0,1.0,0.0,False,0,0,1,1,0.04,monte_carlo_run_553_seed_595.log
554,12,-1,1,-1,1,1,596,3101,0.131,3.16,False,Solitudine / Nessun Contatto,,,Nessuna,4,0,4,0.0,2,2,2,2,0,0,0,0,0,0,0,0,8500.0,6,1.003,1.003,0.0,False,0,0,0,1,103.3,monte_carlo_run_554_seed_596.log
555,12,-1,1,-1,1,1,597,3101,0.096,1.59,False,Solitudine / Nessun Contatto,,,Nessuna,2,0,2,0.72,1,1,1,1,0,0,0,0,0,0,0,0,8500.0,2,1.001,1.001,0.0,False,0,0,0,0,30.17,monte_carlo_run_555_seed_597.log
556,12,-1,1,-1,1,1,598,3101,0.132,3.21,False,Solitudine / Nessun Contatto,,,Nessuna,2,0,2,1.96,1,1,1,1,0,0,0,0,0,0,0,0,8500.0,2,1.002,1.002,0.0,False,0,0,0,0,67.1,monte_carlo_run_556_seed_598.log
557,12,-1,1,-1,1,1,599,3101,0.107,2.43,False,Solitudine / Nessun Contatto,,,Nessuna,4,0,4,2.59,1,1,1,1,0,0,0,0,0,0,0,0,8500.0,2,1.02,1.02,0.0,False,1,0,0,0,251.17,monte_carlo_run_557_seed_599.log
558,12,-1,1,-1,1,1,600,3101,0.144,2.39,False,Solitudine / Nessun Contatto,,,Nessuna,5,0,5,3.53,2,2,2,2,0,0,0,0,0,0,0,0,8500.0,6,1.042,1.042,0.0,False,1,0,1,1,117.07,monte_carlo_run_558_seed_600.log
559,12,-1,1,-1,1,1,601,3101,0.075,1.58,False,Solitudine / Nessun Contatto,,,Nessuna,1,0,1,0.0,1,1,1,1,0,0,0,0,0,0,0,0,8500.0,2,1.0,1.0,0.0,False,0,0,0,0,0.02,monte_carlo_run_559_seed_601.log
560,12,-1,1,-1,1,1,602,3101,0.125,3.05,False,Solitudine / Nessun Contatto,,,Nessuna,2,0,2,2.61,1,1,1,1,0,0,0,0,0,0,0,0,8500.0,2,1.002,1.002,0.0,False,0,0,0,0,90.57,monte_carlo_run_560_seed_602.log
561,12,-1,1,-1,1,1,603,3101,0.053,1.3,False,Solitudine / Nessun Contatto,,,Nessuna,1,0,1,0.0,1,1,1,1,0,0,0,0,0,0,0,0,8500.0,2,1.0,1.0,0.0,False,0,0,0,0,0.02,monte_carlo_run_561_seed_603.log
562,12,-1,1,-1,1,1,604,3101,0.143,2.84,False,Solitudine / Nessun Contatto,,,Nessuna,4,0,4,2.37,3,3,2,2,0,1,0,0,0,0,0,0,8500.0,7,1.038,1.038,0.0,False,0,0,1,1,126.37,monte_carlo_run_562_seed_604.log
563,12,-1,1,-1,1,1,605,3101,0.12,2.35,False,Solitudine / Nessun Contatto,,,Nessuna,4,0,4,0.0,3,3,3,3,0,0,0,0,0,0,0,0,8500.0,8,1.018,1.018,0.0,False,0,0,2,3,47.3,monte_carlo_run_563_seed_605.log
564,12,-1,1,-1,1,1,606,3101,0.146,2.29,False,Solitudine / Nessun Contatto,,,Nessuna,1,0,1,0.0,1,1,1,1,0,0,0,0,0,0,0,0,8500.0,2,1.0,1.0,0.0,False,0,0,0,0,0.02,monte_carlo_run_564_seed_606.log
565,12,-1,1,-1,1,1,607,3101,0.108,1.55,False,Solitudine / Nessun Contatto,,,Nessuna,2,0,2,0.0,2,2,2,2,0,0,0,0,0,0,0,0,8500.0,6,1.0,1.0,0.0,False,0,0,0,1,0.04,monte_carlo_run_565_seed_607.log
566,12,-1,1,-1,1,1,608,3101,0.091,2.17,False,Solitudine / Nessun Contatto,,,Nessuna,3,0,3,1.1,2,2,2,2,0,0,0,0,0,0,0,0,8500.0,5,1.012,1.012,0.0,False,0,0,1,1,48.19,monte_carlo_run_566_seed_608.log
567,12,-1,1,-1,1,1,609,3101,0.054,0.66,False,Solitudine / Nessun Contatto,,,Nessuna,1,0,1,0.0,1,1,1,1,0,0,0,0,0,0,0,0,8500.0,2,1.0,1.0,0.0,False,0,0,0,0,0.02,monte_carlo_run_567_seed_609.log
568,12,-1,1,-1,1,1,610,3101,0.063,1.08,False,Solitudine / Nessun Contatto,,,Nessuna,1,0,1,0.0,1,1,1,1,0,0,0,0,0,0,0,0,8500.0,2,1.0,1.0,0.0,False,0,0,0,0,0.02,monte_carlo_run_568_seed_610.log
569,12,-1,1,-1,1,1,611,3101,0.123,1.51,False,Solitudine / Nessun Contatto,,,Nessuna,1,0,1,0.0,1,1,1,1,0,0,0,0,0,0,0,0,8500.0,2,1.0,1.0,0.0,False,0,0,0,0,0.02,monte_carlo_run_569_seed_611.log
570,12,-1,1,-1,1,1,612,3101,0.142,2.14,False,Solitudine / Nessun Contatto,,,Nessuna,1,0,1,0.0,1,1,1,1,0,0,0,0,0,0,0,0,8500.0,2,1.0,1.0,0.0,False,0,0,0,0,0.02,monte_carlo_run_570_seed_612.log
571,12,-1,1,-1,1,1,613,3101,0.096,1.57,False,Solitudine / Nessun Contatto,,,Nessuna,1,0,1,0.0,1,1,1,1,0,0,0,0,0,0,0,0,8500.0,2,1.0,1.0,0.0,False,0,0,0,0,0.02,monte_carlo_run_571_seed_613.log
572,12,-1,1,-1,1,1,614,3101,0.072,0.98,False,Solitudine / Nessun Contatto,,,Nessuna,2,0,2,0.0,2,2,2,2,0,0,0,0,0,0,0,0,8500.0,6,1.0,1.0,0.0,False,0,0,1,1,0.04,monte_carlo_run_572_seed_614.log
573,12,-1,1,-1,1,1,615,3101,0.099,1.44,False,Solitudine / Nessun Contatto,,,Nessuna,1,0,1,0.0,1,1,1,1,0,0,0,0,0,0,0,0,8500.0,2,1.0,1.0,0.0,False,0,0,0,0,0.02,monte_carlo_run_573_seed_615.log
574,12,-1,1,-1,1,1,616,3101,0.114,1.61,False,Solitudine / Nessun Contatto,,,Nessuna,1,0,1,0.0,1,1,1,1,0,0,0,0,0,0,0,0,8500.0,2,1.0,1.0,0.0,False,0,0,0,0,0.02,monte_carlo_run_574_seed_616.log
575,12,-1,1,-1,1,1,617,3101,0.123,1.48,False,Solitudine / Nessun Contatto,,,Nessuna,2,0,2,1.22,1,1,1,1,0,0,0,0,0,0,0,0,8500.0,2,1.001,1.001,0.0,False,0,0,0,0,42.52,monte_carlo_run_575_seed_617.log
576,12,-1,1,-1,1,1,618,3101,0.108,2.49,False,Solitudine / Nessun Contatto,,,Nessuna,1,0,1,0.0,1,1,1,1,0,0,0,0,0,0,0,0,8500.0,2,1.0,1.0,0.0,False,0,0,0,0,0.02,monte_carlo_run_576_seed_618.log
577,12,-1,1,-1,1,1,619,3101,0.14,3.09,False,Solitudine / Nessun Contatto,,,Nessuna,3,0,3,3.25,1,1,1,1,0,0,0,0,0,0,0,0,8500.0,2,1.011,1.011,0.0,False,1,0,0,0,146.04,monte_carlo_run_577_seed_619.log
578,12,-1,1,-1,1,1,620,3101,0.069,1.6,False,Solitudine / Nessun Contatto,,,Nessuna,4,0,4,1.06,3,3,3,3,0,0,0,0,0,0,0,0,8500.0,9,1.002,1.002,0.0,False,0,0,0,2,61.73,monte_carlo_run_578_seed_620.log
579,12,-1,1,-1,1,1,621,3101,0.055,0.69,False,Solitudine / Nessun Contatto,,,Nessuna,1,0,1,0.0,1,1,1,1,0,0,0,0,0,0,0,0,8500.0,2,1.0,1.0,0.0,False,0,0,0,0,0.02,monte_carlo_run_579_seed_621.log
580,12,-1,1,-1,1,1,622,3101,0.062,1.49,False,Solitudine / Nessun Contatto,,,Nessuna,2,0,2,0.0,2,2,2,2,0,0,0,0,0,0,0,0,8500.0,6,1.0,1.0,0.0,False,0,0,0,1,0.04,monte_carlo_run_580_seed_622.log
581,12,-1,1,-1,1,1,623,3101,0.086,1.81,False,Solitudine / Nessun Contatto,,,Nessuna,1,0,1,0.0,1,1,1,1,0,0,0,0,0,0,0,0,8500.0,2,1.0,1.0,0.0,False,0,0,0,0,0.02,monte_carlo_run_581_seed_623.log
582,12,-1,1,-1,1,1,624,3101,0.14,2.01,False,Solitudine / Nessun Contatto,,,Nessuna,2,0,2,1.96,1,1,1,1,0,0,0,0,0,0,0,0,8500.0,2,1.002,1.002,0.0,False,0,0,0,0,66.33,monte_carlo_run_582_seed_624.log
583,12,-1,1,-1,1,1,625,3101,0.058,1.1,False,Solitudine / Nessun Contatto,,,Nessuna,2,0,2,0.0,2,2,2,2,0,0,0,0,0,0,0,0,8500.0,6,1.0,1.0,0.0,False,0,0,0,1,0.04,monte_carlo_run_583_seed_625.log
584,12,-1,1,-1,1,1,626,3101,0.093,1.74,False,Solitudine / Nessun Contatto,,,Nessuna,2,0,2,0.0,2,2,2,2,0,0,0,0,0,0,0,0,8500.0,6,1.0,1.0,0.0,False,0,0,0,1,0.04,monte_carlo_run_584_seed_626.log
585,12,-1,1,-1,1,1,627,3101,0.061,1.27,False,Solitudine / Nessun Contatto,,,Nessuna,1,0,1,0.0,1,1,1,1,0,0,0,0,0,0,0,0,8500.0,2,1.0,1.0,0.0,False,0,0,0,0,0.02,monte_carlo_run_585_seed_627.log
586,12,-1,1,-1,1,1,628,3101,0.071,1.68,False,Solitudine / Nessun Contatto,,,Nessuna,3,0,3,1.22,1,1,1,1,0,0,0,0,0,0,0,0,8500.0,2,1.003,1.003,0.0,False,0,0,0,0,118.89,monte_carlo_run_586_seed_628.log
587,12,-1,1,-1,1,1,629,3101,0.075,1.51,False,Solitudine / Nessun Contatto,,,Nessuna,3,0,3,0.0,3,3,3,3,0,0,0,0,0,0,0,0,8500.0,10,1.001,1.001,0.0,False,0,0,2,2,0.06,monte_carlo_run_587_seed_629.log
588,12,-1,1,-1,1,1,630,3101,0.137,3.27,False,Solitudine / Nessun Contatto,,,Nessuna,2,0,2,2.85,1,1,1,1,0,0,0,0,0,0,0,0,8500.0,2,1.002,1.002,0.0,False,0,0,0,0,96.81,monte_carlo_run_588_seed_630.log
589,12,-1,1,-1,1,1,631,3101,0.092,1.8,False,Solitudine / Nessun Contatto,,,Nessuna,1,0,1,0.0,1,1,1,1,0,0,0,0,0,0,0,0,8500.0,2,1.0,1.0,0.0,False,0,0,0,0,0.02,monte_carlo_run_589_seed_631.log
590,12,-1,1,-1,1,1,632,3101,0.115,2.18,False,Solitudine / Nessun Contatto,,,Nessuna,4,0,4,0.0,3,3,3,3,0,0,0,0,0,0,0,0,8500.0,8,1.017,1.017,0.0,False,0,0,2,2,39.29,monte_carlo_run_590_seed_632.log
591,12,-1,1,-1,1,1,633,3101,0.063,1.35,False,Solitudine / Nessun Contatto,,,Nessuna,1,0,1,0.0,1,1,1,1,0,0,0,0,0,0,0,0,8500.0,2,1.0,1.0,0.0,False,0,0,0,0,0.02,monte_carlo_run_591_seed_633.log
592,12,-1,1,-1,1,1,634,3101,0.076,1.12,False,Solitudine / Nessun Contatto,,,Nessuna,2,0,2,0.99,1,1,1,1,0,0,0,0,0,0,0,0,8500.0,2,1.001,1.001,0.0,False,0,0,0,0,52.26,monte_carlo_run_592_seed_634.log
593,12,-1,1,-1,1,1,635,3101,0.133,2.29,False,Solitudine / Nessun Contatto,,,Nessuna,4,0,4,1.52,2,2,2,2,0,0,0,0,0,0,0,0,8500.0,6,1.022,1.022,0.0,False,0,0,1,1,71.54,monte_carlo_run_593_seed_635.log
594,12,-1,1,-1,1,1,636,3101,0.1,2.09,False,Solitudine / Nessun Contatto,,,Nessuna,1,0,1,0.0,1,1,1,1,0,0,0,0,0,0,0,0,8500.0,2,1.0,1.0,0.0,False,0,0,0,0,0.02,monte_carlo_run_594_seed_636.log
595,12,-1,1,-1,1,1,637,3101,0.059,1.06,False,Solitudine / Nessun Contatto,,,Nessuna,1,0,1,0.0,1,1,1,1,0,0,0,0,0,0,0,0,8500.0,2,1.0,1.0,0.0,False,0,0,0,0,0.02,monte_carlo_run_595_seed_637.log
596,12,-1,1,-1,1,1,638,3101,0.124,2.52,False,Solitudine / Nessun Contatto,,,Nessuna,6,0,6,2.71,2,2,2,2,0,0,0,0,0,0,0,0,8500.0,6,1.169,1.169,0.0,False,3,0,1,1,402.9,monte_carlo_run_596_seed_638.log
597,12,-1,1,-1,1,1,639,3101,0.076,1.24,False,Solitudine / Nessun Contatto,,,Nessuna,1,0,1,0.0,1,1,1,1,0,0,0,0,0,0,0,0,8500.0,2,1.0,1.0,0.0,False,0,0,0,0,0.02,monte_carlo_run_597_seed_639.log
598,12,-1,1,-1,1,1,640,3101,0.138,1.67,False,Solitudine / Nessun Contatto,,,Nessuna,2,0,2,1.6,1,1,1,1,0,0,0,0,0,0,0,0,8500.0,2,1.002,1.002,0.0,False,0,0,0,0,54.2,monte_carlo_run_598_seed_640.log
599,12,-1,1,-1,1,1,641,3101,0.092,1.21,False,Solitudine / Nessun Contatto,,,Nessuna,1,0,1,0.0,1,1,1,1,0,0,0,0,0,0,0,0,8500.0,2,1.0,1.0,0.0,False,0,0,0,0,0.02,monte_carlo_run_599_seed_641.log
600,12,-1,1,-1,1,1,642,3101,0.101,1.44,False,Solitudine / Nessun Contatto,,,Nessuna,1,0,1,0.0,1,1,1,1,0,0,0,0,0,0,0,0,8500.0,2,1.0,1.0,0.0,False,0,0,0,0,0.02,monte_carlo_run_600_seed_642.log
601,13,-1,1,1,-1,-1,643,3101,0.437,9.96,True,Incontro Flotta Deep-Space,347.16,5.27,Collaborativa,41,1,191,33.15,29,19,2,1,1,26,26,26,0,13,11,2,8602.58,37,1.184,1.6,0.4157,True,158,0,23,44,1000.46,monte_carlo_run_601_seed_643.log
602,13,-1,1,1,-1,-1,644,3101,0.242,5.5,False,Solitudine / Nessun Contatto,,,Nessuna,84,0,84,10.1,20,15,4,1,1,15,14,14,0,6,5,1,8560.14,24,1.148,1.539,0.3909,True,62,0,17,35,1001.73,monte_carlo_run_602_seed_644.log
603,13,-1,1,1,-1,-1,645,3101,0.31,7.17,True,Contatto Planetario / Biofirme,79.46,7.09,Cauta,8,0,139,11.78,25,19,7,1,3,16,15,15,0,10,10,0,8564.54,31,1.159,1.6,0.4406,True,114,0,31,46,1000.61,monte_carlo_run_603_seed_645.log
604,13,-1,1,1,-1,-1,646,3101,0.446,8.59,True,Contatto Planetario / Biofirme,106.8,13.67,Collaborativa,8,0,61,18.61,16,10,2,0,2,12,12,12,0,6,6,0,8546.65,17,0.986,1.271,0.2853,True,48,0,12,23,1001.44,monte_carlo_run_604_seed_646.log
605,13,-1,1,1,-1,-1,647,3101,0.508,9.67,True,Incontro Flotta Deep-Space,621.32,0.0,Biosfera Primitiva,103,1,151,27.52,27,24,3,1,1,23,18,18,0,13,9,4,8592.8,41,1.492,1.6,0.1085,True,120,0,41,49,1000.34,monte_carlo_run_605_seed_647.log
606,13,-1,1,1,-1,-1,648,3101,0.593,14.01,True,Contatto Planetario / Biofirme,12.11,7.18,Diffidente,2,0,260,19.67,43,34,3,2,1,40,40,40,0,24,17,7,8686.38,62,1.224,1.6,0.376,True,214,0,62,87,1000.56,monte_carlo_run_606_seed_648.log
607,13,-1,1,1,-1,-1,649,3101,0.366,6.76,True,Contatto Planetario / Biofirme,386.45,13.2,Cauta,30,1,137,22.83,30,22,6,2,3,21,19,19,0,13,13,0,8591.25,30,1.412,1.264,-0.1488,False,104,0,25,59,1000.77,monte_carlo_run_607_seed_649.log
608,13,-1,1,1,-1,-1,650,3101,0.322,5.13,False,Solitudine / Nessun Contatto,,,Nessuna,102,0,102,16.76,14,9,2,1,1,10,2,2,0,1,1,0,8506.76,16,1.232,0.821,-0.4107,False,83,0,6,12,1000.22,monte_carlo_run_608_seed_650.log
609,13,-1,1,1,-1,-1,651,3101,0.542,11.24,True,Incontro Flotta Deep-Space,263.53,0.0,Collaborativa,35,0,185,14.52,34,26,4,1,3,30,25,25,0,13,13,0,8599.64,49,1.246,1.584,0.3376,True,148,0,34,71,1000.12,monte_carlo_run_609_seed_651.log
610,13,-1,1,1,-1,-1,652,3101,0.485,10.66,True,Contatto Planetario / Biofirme,180.21,16.37,Cauta,25,0,221,22.75,35,28,2,1,1,32,29,29,0,19,9,10,8635.88,64,1.194,1.6,0.4065,True,182,0,98,113,1000.65,monte_carlo_run_610_seed_652.log
611,13,-1,1,1,-1,-1,653,3101,0.589,11.54,True,Contatto Planetario / Biofirme,26.82,9.84,Cauta,4,1,132,22.62,34,28,6,2,3,27,25,25,0,12,9,3,8611.87,42,1.199,1.6,0.4007,True,98,0,32,44,1000.99,monte_carlo_run_611_seed_653.log
612,13,-1,1,1,-1,-1,654,3101,0.516,10.12,False,Solitudine / Nessun Contatto,,,Nessuna,163,0,163,17.94,31,23,2,1,0,28,27,27,0,15,8,7,8610.06,44,1.039,1.6,0.5611,True,129,0,56,71,1000.23,monte_carlo_run_612_seed_654.log
613,13,-1,1,1,-1,-1,655,3101,0.529,8.67,True,Contatto Planetario / Biofirme,90.41,12.75,Collaborativa,8,0,122,17.28,25,18,3,1,2,20,8,8,0,4,4,0,8518.92,30,1.16,1.592,0.4314,True,94,0,15,27,1000.97,monte_carlo_run_613_seed_655.log
614,13,-1,1,1,-1,-1,656,3101,0.316,6.5,True,Incontro Flotta Deep-Space,457.76,0.0,Collaborativa,33,0,111,17.3,20,12,2,1,1,18,17,17,0,7,5,2,8544.14,27,1.263,1.578,0.3145,True,90,0,17,27,1000.24,monte_carlo_run_614_seed_656.log
615,13,-1,1,1,-1,-1,657,3101,0.509,11.67,False,Solitudine / Nessun Contatto,,,Nessuna,126,0,126,11.29,24,20,4,1,2,20,20,20,0,13,10,3,8576.02,33,1.16,1.6,0.4404,True,102,0,44,60,1000.08,monte_carlo_run_615_seed_657.log
616,13,-1,1,1,-1,-1,658,3101,0.364,4.85,True,Incontro Flotta Deep-Space,593.58,5.64,Collaborativa,27,1,50,17.77,11,8,2,1,1,8,8,8,0,2,2,0,8520.56,10,1.561,1.324,-0.2374,False,37,0,0,3,1000.37,monte_carlo_run_616_seed_658.log
617,13,-1,1,1,-1,-1,659,3101,0.54,10.45,True,Incontro Flotta Deep-Space,373.48,20.24,Biosfera Primitiva,53,1,138,24.15,23,19,2,1,1,19,19,19,0,14,6,8,8603.55,45,1.372,1.6,0.2277,True,113,0,72,86,1000.5,monte_carlo_run_617_seed_659.log
618,13,-1,1,1,-1,-1,660,3101,0.539,10.45,True,Contatto Planetario / Biofirme,16.15,5.79,Collaborativa,4,1,27,10.55,6,5,5,2,3,0,0,0,0,0,0,0,8500.0,4,1.461,1.461,0.0,False,20,0,0,0,1003.68,monte_carlo_run_618_seed_660.log
619,13,-1,1,1,-1,-1,661,3101,0.21,3.3,False,Solitudine / Nessun Contatto,,,Nessuna,1,0,1,0.0,1,1,1,1,0,0,0,0,0,0,0,0,8500.0,2,1.0,1.0,0.0,False,0,0,0,0,0.02,monte_carlo_run_619_seed_661.log
620,13,-1,1,1,-1,-1,662,3101,0.212,3.3,True,Contatto Planetario / Biofirme,4.9,1.04,Cauta,2,0,3,1.59,2,2,2,2,0,0,0,0,0,0,0,0,8500.0,2,1.006,1.006,0.0,False,1,0,0,0,80.12,monte_carlo_run_620_seed_662.log
621,13,-1,1,1,-1,-1,663,3101,0.361,7.05,False,Solitudine / Nessun Contatto,,,Nessuna,41,0,41,14.36,5,5,1,1,0,4,4,4,0,0,0,0,8501.01,5,1.6,0.83,-0.7701,False,35,0,0,0,1008.67,monte_carlo_run_621_seed_663.log
622,13,-1,1,1,-1,-1,664,3101,0.534,10.47,True,Contatto Planetario / Biofirme,18.1,5.53,Ostile,3,0,172,26.9,28,17,5,1,3,22,22,22,0,12,11,1,8589.35,33,1.427,1.6,0.1727,True,141,0,29,46,1000.27,monte_carlo_run_622_seed_664.log
623,13,-1,1,1,-1,-1,665,3101,0.31,7.38,True,Incontro Flotta Deep-Space,335.2,10.05,Biosfera Primitiva,36,0,204,12.11,41,31,2,1,1,38,33,33,0,17,13,4,8615.31,70,1.215,1.6,0.385,True,160,0,100,171,1000.25,monte_carlo_run_623_seed_665.log
624,13,-1,1,1,-1,-1,666,3101,0.57,11.59,True,Contatto Planetario / Biofirme,233.94,10.22,Diffidente,25,0,223,21.01,45,33,6,1,5,39,34,34,0,19,16,3,8618.44,63,1.293,1.6,0.3073,True,174,0,59,89,1000.38,monte_carlo_run_624_seed_666.log
625,13,-1,1,1,-1,-1,667,3101,0.508,9.52,True,Incontro Flotta Deep-Space,258.77,4.64,Biosfera Primitiva,19,3,196,25.92,36,18,3,1,0,29,23,23,0,17,15,2,8619.33,42,1.284,1.6,0.3165,True,158,0,50,73,1000.1,monte_carlo_run_625_seed_667.log
626,13,-1,1,1,-1,-1,668,3101,0.507,8.26,True,Incontro Flotta Deep-Space,436.02,0.0,Biosfera Primitiva,29,0,130,27.91,20,19,3,1,1,17,17,17,0,13,8,5,8580.21,32,1.197,1.554,0.3569,True,107,0,37,51,1001.43,monte_carlo_run_626_seed_668.log
627,13,-1,1,1,-1,-1,669,3101,0.575,9.88,True,Contatto Planetario / Biofirme,19.23,6.58,Ostile,3,0,57,8.61,11,8,2,1,1,8,8,8,0,5,4,1,8531.08,14,1.03,1.428,0.3981,True,45,0,6,14,1000.18,monte_carlo_run_627_seed_669.log
628,13,-1,1,1,-1,-1,670,3101,0.548,9.67,True,Incontro Flotta Deep-Space,531.08,14.73,Biosfera Primitiva,103,1,235,21.53,41,27,3,1,2,36,36,36,0,17,11,6,8629.32,56,1.142,1.6,0.4581,True,192,0,46,66,1000.24,monte_carlo_run_628_seed_670.log
629,13,-1,1,1,-1,-1,671,3101,0.479,5.84,False,Solitudine / Nessun Contatto,,,Nessuna,85,1,85,25.67,11,9,1,1,0,9,9,9,0,2,2,0,8522.58,14,1.124,0.978,-0.1463,False,73,0,1,3,1000.65,monte_carlo_run_629_seed_671.log
630,13,-1,1,1,-1,-1,672,3101,0.389,4.97,True,Contatto Planetario / Biofirme,8.67,3.37,Collaborativa,2,0,56,14.81,11,10,4,1,3,7,7,7,0,3,3,0,8518.19,10,1.215,1.334,0.1185,True,44,0,3,6,1001.15,monte_carlo_run_630_seed_672.log
631,13,-1,1,1,-1,-1,673,3101,0.436,7.07,False,Solitudine / Nessun Contatto,,,Nessuna,62,1,62,18.26,10,7,1,1,0,7,7,7,0,1,1,0,8510.69,9,1.44,0.987,-0.4528,False,48,0,1,2,1000.45,monte_carlo_run_631_seed_673.log
632,13,-1,1,1,-1,-1,674,3101,0.511,12.31,True,Contatto Planetario / Biofirme,165.15,16.99,Collaborativa,14,1,194,20.37,39,28,4,2,1,30,25,25,0,21,10,11,8633.33,61,1.155,1.6,0.4454,True,155,0,103,125,1000.36,monte_carlo_run_632_seed_674.log
633,13,-1,1,1,-1,-1,675,3101,0.361,8.26,True,Contatto Planetario / Biofirme,28.7,8.82,Cauta,3,0,105,17.67,20,18,4,2,0,16,16,16,0,5,5,0,8547.0,17,1.168,1.374,0.2058,True,85,0,4,11,1001.57,monte_carlo_run_633_seed_675.log
634,13,-1,1,1,-1,-1,676,3101,0.552,8.72,False,Solitudine / Nessun Contatto,,,Nessuna,237,0,237,23.06,46,36,3,1,2,43,38,38,0,22,20,2,8652.67,69,1.259,1.6,0.3409,True,187,0,78,108,1000.12,monte_carlo_run_634_seed_676.log
635,13,-1,1,1,-1,-1,677,3101,0.357,7.63,True,Contatto Planetario / Biofirme,44.61,5.88,Diffidente,3,0,136,23.06,25,17,3,1,2,20,18,18,0,9,8,1,8562.68,26,0.995,1.437,0.4418,True,109,0,8,25,1000.31,monte_carlo_run_635_seed_677.log
636,13,-1,1,1,-1,-1,678,3101,0.534,7.27,True,Incontro Flotta Deep-Space,358.01,7.14,Biosfera Primitiva,28,2,124,24.66,23,19,2,1,1,18,18,18,0,12,10,2,8574.9,32,1.154,1.508,0.3544,True,97,0,25,47,1000.48,monte_carlo_run_636_seed_678.log
637,13,-1,1,1,-1,-1,679,3101,0.214,5.07,False,Solitudine / Nessun Contatto,,,Nessuna,33,0,33,19.22,5,4,2,0,1,3,3,3,0,1,1,0,8508.87,6,0.997,0.813,-0.184,False,25,0,0,1,1000.66,monte_carlo_run_637_seed_679.log
638,13,-1,1,1,-1,-1,680,3101,0.357,6.16,True,Contatto Planetario / Biofirme,23.11,4.32,Diffidente,3,0,55,14.22,9,7,3,1,2,6,6,6,0,2,2,0,8514.15,10,1.185,1.324,0.1393,True,45,0,1,3,1002.29,monte_carlo_run_638_seed_680.log
639,13,-1,1,1,-1,-1,681,3101,0.468,6.09,True,Incontro Flotta Deep-Space,863.23,9.87,Biosfera Primitiva,100,0,130,18.78,25,19,4,3,1,20,15,15,0,7,7,0,8544.75,27,1.016,1.337,0.3213,True,104,0,11,34,1000.36,monte_carlo_run_639_seed_681.log
640,13,-1,1,1,-1,-1,682,3101,0.545,10.85,True,Contatto Planetario / Biofirme,117.44,13.2,Collaborativa,12,1,246,22.62,41,30,4,1,3,36,29,29,0,21,16,5,8648.22,66,1.078,1.6,0.5219,True,197,0,70,117,1000.01,monte_carlo_run_640_seed_682.log
641,13,-1,1,1,-1,-1,683,3101,0.33,7.83,True,Contatto Planetario / Biofirme,20.44,6.75,Predatoria,2,0,116,22.35,24,19,3,0,3,20,17,17,0,11,8,3,8570.11,34,0.919,1.6,0.6809,True,85,0,29,40,1000.35,monte_carlo_run_641_seed_683.log
642,13,-1,1,1,-1,-1,684,3101,0.566,11.69,False,Solitudine / Nessun Contatto,,,Nessuna,78,0,78,13.68,15,11,3,1,2,12,12,12,0,8,8,0,8553.0,21,1.273,1.573,0.2998,True,63,0,10,19,1001.54,monte_carlo_run_642_seed_684.log
643,13,-1,1,1,-1,-1,685,3101,0.214,3.94,False,Solitudine / Nessun Contatto,,,Nessuna,2,0,2,0.48,1,1,1,1,0,0,0,0,0,0,0,0,8500.0,2,1.0,1.0,0.0,False,0,0,0,0,13.31,monte_carlo_run_643_seed_685.log
644,13,-1,1,1,-1,-1,686,3101,0.593,9.42,True,Contatto Planetario / Biofirme,238.37,15.18,Ostile,31,0,186,18.39,32,21,2,1,1,28,27,27,0,12,11,1,8584.14,43,1.6,1.6,0.0,False,150,0,22,30,1001.63,monte_carlo_run_644_seed_686.log
645,13,-1,1,1,-1,-1,687,3101,0.598,14.18,True,Incontro Flotta Deep-Space,712.22,4.98,Collaborativa,189,2,285,28.69,47,32,4,1,3,41,31,31,0,19,14,5,8646.48,65,1.323,1.6,0.2766,True,234,0,47,71,1000.74,monte_carlo_run_645_seed_687.log
646,13,-1,1,1,-1,-1,688,3101,0.349,7.23,True,Incontro Flotta Deep-Space,232.33,5.35,Biosfera Primitiva,13,0,144,18.25,33,26,3,1,2,30,22,22,0,16,8,8,8609.66,43,1.205,1.6,0.395,True,108,0,54,76,1000.11,monte_carlo_run_646_seed_688.log
647,13,-1,1,1,-1,-1,689,3101,0.375,5.76,True,Incontro Flotta Deep-Space,252.48,4.31,Collaborativa,17,0,107,15.94,17,12,1,1,0,15,15,15,0,10,9,1,8572.88,29,1.126,1.513,0.3863,True,88,0,22,34,1000.55,monte_carlo_run_647_seed_689.log
648,13,-1,1,1,-1,-1,690,3101,0.307,6.41,False,Solitudine / Nessun Contatto,,,Nessuna,136,1,136,15.26,27,21,3,2,1,23,19,19,0,7,6,1,8556.5,33,1.055,1.588,0.5328,True,108,0,29,56,1000.32,monte_carlo_run_648_seed_690.log
649,13,-1,1,1,-1,-1,691,3101,0.533,13.14,True,Incontro Flotta Deep-Space,680.55,0.0,Collaborativa,146,0,220,32.28,31,23,3,1,2,28,27,27,0,15,12,3,8595.33,42,1.192,1.6,0.4085,True,187,0,29,41,1000.73,monte_carlo_run_649_seed_691.log
650,13,-1,1,1,-1,-1,692,3101,0.239,4.63,False,Solitudine / Nessun Contatto,,,Nessuna,1,0,1,0.0,1,1,1,1,0,0,0,0,0,0,0,0,8500.0,2,1.0,1.0,0.0,False,0,0,0,0,0.02,monte_carlo_run_650_seed_692.log
651,14,-1,1,1,-1,1,693,3101,0.46,5.66,True,Contatto Planetario / Biofirme,482.82,8.65,Diffidente,30,0,116,18.51,24,19,3,1,2,21,21,21,0,9,7,2,8566.58,25,0.983,1.327,0.3441,True,92,0,13,22,1000.52,monte_carlo_run_651_seed_693.log
652,14,-1,1,1,-1,1,694,3101,0.542,13.27,False,Solitudine / Nessun Contatto,,,Nessuna,242,0,242,14.0,38,24,4,1,3,33,21,21,0,8,8,0,8557.13,54,1.262,1.565,0.3032,True,202,0,19,43,1000.35,monte_carlo_run_652_seed_694.log
653,14,-1,1,1,-1,1,695,3101,0.409,7.76,True,Incontro Flotta Deep-Space,9.85,4.03,Diffidente,5,0,189,11.61,35,31,3,0,3,32,5,5,0,3,3,0,8523.83,74,0.736,0.804,0.0687,True,152,0,71,148,1000.16,monte_carlo_run_653_seed_695.log
654,14,-1,1,1,-1,1,696,3101,0.371,8.07,True,Incontro Flotta Deep-Space,544.23,9.39,Biosfera Primitiva,75,0,201,21.28,32,23,4,2,1,27,16,16,0,3,3,0,8546.1,38,1.478,1.324,-0.154,False,167,0,3,8,1000.45,monte_carlo_run_654_seed_696.log
655,14,-1,1,1,-1,1,697,3101,0.512,8.4,True,Incontro Flotta Deep-Space,742.85,5.91,Biosfera Primitiva,166,0,246,13.12,53,43,3,1,2,48,19,19,0,12,10,2,8584.87,91,1.236,1.6,0.3645,True,189,0,112,181,1000.3,monte_carlo_run_655_seed_697.log
656,14,-1,1,1,-1,1,698,3101,0.579,10.65,True,Incontro Flotta Deep-Space,183.54,16.78,Diffidente,60,0,324,20.54,53,36,4,2,2,46,11,11,0,10,10,0,8570.45,108,1.323,1.363,0.0405,True,267,0,121,218,1000.44,monte_carlo_run_656_seed_698.log
657,14,-1,1,1,-1,1,699,3101,0.34,5.67,False,Solitudine / Nessun Contatto,,,Nessuna,88,0,88,14.3,13,8,1,1,0,11,11,11,0,6,5,1,8541.27,14,1.068,1.223,0.1549,True,73,0,6,14,1001.08,monte_carlo_run_657_seed_699.log
658,14,-1,1,1,-1,1,700,3101,0.339,5.41,True,Incontro Flotta Deep-Space,571.57,7.61,Collaborativa,67,0,100,14.23,12,10,2,2,0,10,0,0,0,0,0,0,8500.0,34,1.6,1.6,0.0,False,87,0,23,33,1000.12,monte_carlo_run_658_seed_700.log
659,14,-1,1,1,-1,1,701,3101,0.523,8.66,True,Incontro Flotta Deep-Space,242.61,3.97,Biosfera Primitiva,31,0,157,13.08,31,27,5,1,3,26,7,7,0,3,2,1,8525.17,59,1.29,1.502,0.212,True,123,0,26,60,1000.08,monte_carlo_run_659_seed_701.log
660,14,-1,1,1,-1,1,702,3101,0.278,3.79,False,Solitudine / Nessun Contatto,,,Nessuna,4,0,4,4.02,2,1,1,1,0,1,1,1,0,0,0,0,8500.09,2,1.003,0.891,-0.1117,False,0,0,0,0,95.73,monte_carlo_run_660_seed_702.log
661,14,-1,1,1,-1,1,703,3101,0.423,10.12,True,Incontro Flotta Deep-Space,400.42,0.0,Collaborativa,47,0,125,12.22,23,19,2,1,1,21,21,21,0,10,8,2,8583.11,30,1.028,1.6,0.5715,True,100,0,26,38,1000.04,monte_carlo_run_661_seed_703.log
662,14,-1,1,1,-1,1,704,3101,0.283,4.27,False,Solitudine / Nessun Contatto,,,Nessuna,63,0,63,16.77,11,6,1,1,0,9,9,9,0,1,1,0,8517.32,13,1.277,0.901,-0.376,False,50,0,0,1,1000.46,monte_carlo_run_662_seed_704.log
663,14,-1,1,1,-1,1,705,3101,0.247,4.04,False,Solitudine / Nessun Contatto,,,Nessuna,6,0,6,4.63,1,1,1,1,0,0,0,0,0,0,0,0,8500.0,2,1.132,1.132,0.0,False,5,0,0,0,492.24,monte_carlo_run_663_seed_705.log
664,14,-1,1,1,-1,1,706,3101,0.39,5.99,True,Incontro Flotta Deep-Space,11.02,5.68,Cauta,3,0,141,15.62,17,14,5,2,3,12,6,6,0,3,2,1,8522.66,25,1.45,1.225,-0.2243,False,120,0,5,13,1000.63,monte_carlo_run_664_seed_706.log
665,14,-1,1,1,-1,1,707,3101,0.329,7.25,True,Incontro Flotta Deep-Space,475.13,7.58,Biosfera Primitiva,55,0,146,21.51,23,14,1,1,0,19,12,12,0,8,5,3,8557.94,35,1.072,1.534,0.4622,True,121,0,20,27,1001.21,monte_carlo_run_665_seed_707.log
666,14,-1,1,1,-1,1,708,3101,0.227,3.18,False,Solitudine / Nessun Contatto,,,Nessuna,2,0,2,2.43,1,1,1,1,0,0,0,0,0,0,0,0,8500.0,2,1.001,1.001,0.0,False,0,0,0,0,44.32,monte_carlo_run_666_seed_708.log
667,14,-1,1,1,-1,1,709,3101,0.544,10.91,True,Contatto Planetario / Biofirme,8.45,4.6,Diffidente,6,0,174,17.82,27,21,4,2,2,21,15,15,0,11,10,1,8571.31,45,1.153,1.6,0.4472,True,145,0,52,96,1000.19,monte_carlo_run_667_seed_709.log
668,14,-1,1,1,-1,1,710,3101,0.341,6.14,True,Incontro Flotta Deep-Space,509.63,11.23,Cauta,72,0,167,15.5,36,25,3,1,0,31,14,14,0,8,5,3,8564.38,57,1.129,1.6,0.4714,True,129,0,37,69,1000.17,monte_carlo_run_668_seed_710.log
669,14,-1,1,1,-1,1,711,3101,0.595,8.79,True,Incontro Flotta Deep-Space,251.76,9.29,Collaborativa,43,0,262,14.65,53,39,5,2,2,46,1,1,0,1,1,0,8504.06,94,1.107,0.104,-1.003,False,200,0,55,106,1000.49,monte_carlo_run_669_seed_711.log
670,14,-1,1,1,-1,1,712,3101,0.421,8.65,True,Incontro Flotta Deep-Space,13.44,5.66,Diffidente,5,0,200,16.8,35,23,3,2,1,29,19,19,0,9,7,2,8571.48,53,1.004,1.6,0.5962,True,164,0,42,74,1000.3,monte_carlo_run_670_seed_712.log
671,14,-1,1,1,-1,1,713,3101,0.311,5.19,True,Incontro Flotta Deep-Space,117.89,6.03,Collaborativa,11,0,13,8.26,2,2,2,2,0,0,0,0,0,0,0,0,8500.0,6,1.142,1.142,0.0,False,10,0,1,1,299.19,monte_carlo_run_671_seed_713.log
672,14,-1,1,1,-1,1,714,3101,0.35,5.6,True,Incontro Flotta Deep-Space,587.86,11.07,Biosfera Primitiva,23,0,73,17.39,9,8,1,1,0,7,7,7,0,4,4,0,8527.29,13,1.189,1.41,0.2212,True,61,0,2,6,1001.68,monte_carlo_run_672_seed_714.log
673,14,-1,1,1,-1,1,715,3101,0.289,6.42,True,Contatto Planetario / Biofirme,19.97,5.77,Collaborativa,2,0,139,19.49,27,22,3,2,1,23,21,21,0,12,7,5,8592.18,42,1.12,1.6,0.4796,True,111,0,46,57,1000.71,monte_carlo_run_673_seed_715.log
674,14,-1,1,1,-1,1,716,3101,0.285,6.57,True,Incontro Flotta Deep-Space,209.14,5.51,Leale alla Madrepatria,19,1,75,16.34,14,11,3,3,0,10,3,3,0,1,1,0,8510.55,19,1.295,0.898,-0.3968,False,59,0,2,6,1000.22,monte_carlo_run_674_seed_716.log
675,14,-1,1,1,-1,1,717,3101,0.311,7.51,True,Incontro Flotta Deep-Space,485.11,1.84,Biosfera Primitiva,46,0,116,25.17,18,11,2,1,1,16,16,16,0,6,6,0,8537.22,23,1.573,1.45,-0.1225,False,98,0,7,11,1000.92,monte_carlo_run_675_seed_717.log
676,14,-1,1,1,-1,1,718,3101,0.291,4.67,True,Contatto Planetario / Biofirme,926.08,19.43,Cauta,103,0,109,21.02,19,12,3,1,2,15,3,3,0,1,1,0,8511.94,45,1.084,0.797,-0.2873,False,85,0,20,55,1000.34,monte_carlo_run_676_seed_718.log
677,14,-1,1,1,-1,1,719,3101,0.533,7.1,True,Incontro Flotta Deep-Space,378.59,8.37,Biosfera Primitiva,63,0,135,16.16,24,21,2,1,0,22,15,15,0,8,7,1,8566.21,45,1.113,1.6,0.4875,True,108,0,36,67,1000.49,monte_carlo_run_677_seed_719.log
678,14,-1,1,1,-1,1,720,3101,0.596,8.48,True,Incontro Flotta Deep-Space,374.79,0.0,Cauta,86,0,239,17.7,44,36,7,3,3,35,13,13,0,8,6,2,8565.9,76,1.157,1.6,0.4425,True,189,0,68,142,1000.64,monte_carlo_run_678_seed_720.log
679,14,-1,1,1,-1,1,721,3101,0.306,6.66,True,Contatto Planetario / Biofirme,252.41,6.94,Cauta,11,1,37,18.28,7,5,3,2,0,3,3,3,0,1,1,0,8505.37,6,1.15,0.888,-0.2619,False,30,0,0,1,1004.42,monte_carlo_run_679_seed_721.log
680,14,-1,1,1,-1,1,722,3101,0.269,6.3,False,Solitudine / Nessun Contatto,,,Nessuna,87,0,87,17.85,15,10,2,1,0,13,13,13,0,4,3,1,8527.59,14,1.121,1.277,0.156,True,70,0,3,6,1000.27,monte_carlo_run_680_seed_722.log
681,14,-1,1,1,-1,1,723,3101,0.337,5.96,True,Incontro Flotta Deep-Space,582.33,7.41,Collaborativa,56,0,98,11.66,16,10,2,0,1,13,10,10,0,6,4,2,8544.27,29,0.979,1.557,0.5783,True,81,0,20,30,1002.45,monte_carlo_run_681_seed_723.log
682,14,-1,1,1,-1,1,724,3101,0.334,6.24,True,Incontro Flotta Deep-Space,747.11,6.2,Collaborativa,55,0,76,14.91,10,7,1,1,0,8,8,8,0,3,2,1,8522.34,11,1.13,1.329,0.1996,True,65,0,3,6,1001.82,monte_carlo_run_682_seed_724.log
683,14,-1,1,1,-1,1,725,3101,0.578,10.09,True,Incontro Flotta Deep-Space,479.0,21.5,Biosfera Primitiva,128,0,339,34.94,57,46,3,2,0,54,24,24,0,15,14,1,8600.31,113,1.263,1.6,0.3373,True,274,0,107,176,1000.38,monte_carlo_run_683_seed_725.log
684,14,-1,1,1,-1,1,726,3101,0.417,8.55,True,Incontro Flotta Deep-Space,55.1,6.59,Cauta,7,0,189,13.51,35,20,1,0,1,31,8,8,0,5,3,2,8533.6,64,0.921,1.6,0.679,True,151,0,40,79,1000.0,monte_carlo_run_684_seed_726.log
685,14,-1,1,1,-1,1,727,3101,0.26,4.53,False,Solitudine / Nessun Contatto,,,Nessuna,37,0,37,25.56,4,4,1,1,0,3,3,3,0,2,2,0,8510.21,6,1.534,1.159,-0.3752,False,33,0,0,1,1001.26,monte_carlo_run_685_seed_727.log
686,14,-1,1,1,-1,1,728,3101,0.38,8.89,True,Contatto Planetario / Biofirme,111.02,8.46,Cauta,7,1,137,15.65,24,20,6,2,3,17,10,10,0,7,7,0,8542.01,25,1.087,1.58,0.4927,True,110,0,11,21,1000.28,monte_carlo_run_686_seed_728.log
687,14,-1,1,1,-1,1,729,3101,0.427,9.02,True,Incontro Flotta Deep-Space,744.85,4.78,Biosfera Primitiva,49,0,66,7.67,10,7,2,1,0,6,6,6,0,3,3,0,8527.62,13,1.6,1.297,-0.3032,False,54,0,2,5,1001.09,monte_carlo_run_687_seed_729.log
688,14,-1,1,1,-1,1,730,3101,0.264,5.31,False,Solitudine / Nessun Contatto,,,Nessuna,59,0,59,8.78,12,11,3,1,2,9,9,9,0,3,2,1,8534.53,12,1.237,1.189,-0.0478,False,47,0,1,4,1001.61,monte_carlo_run_688_seed_730.log
689,14,-1,1,1,-1,1,731,3101,0.395,7.22,True,Contatto Planetario / Biofirme,146.55,6.57,Diffidente,33,0,268,9.6,47,40,5,1,2,41,8,8,0,5,5,0,8541.29,92,1.6,1.589,-0.0108,False,221,0,75,154,1000.03,monte_carlo_run_689_seed_731.log
690,14,-1,1,1,-1,1,732,3101,0.542,9.67,True,Incontro Flotta Deep-Space,519.63,10.99,Biosfera Primitiva,72,0,182,19.31,26,18,1,1,0,24,24,24,0,13,10,3,8580.4,39,1.353,1.565,0.2125,True,155,0,25,37,1001.23,monte_carlo_run_690_seed_732.log
691,14,-1,1,1,-1,1,733,3101,0.344,7.58,False,Solitudine / Nessun Contatto,,,Nessuna,96,0,96,20.54,13,12,3,1,2,10,10,10,0,6,5,1,8534.83,22,1.317,1.6,0.2827,True,82,0,15,20,1000.37,monte_carlo_run_691_seed_733.log
692,14,-1,1,1,-1,1,734,3101,0.503,11.74,True,Contatto Planetario / Biofirme,18.04,9.01,Diffidente,4,0,134,13.03,27,24,4,1,2,23,22,22,0,13,7,6,8579.93,44,1.133,1.6,0.4666,True,105,0,49,62,1000.08,monte_carlo_run_692_seed_734.log
693,14,-1,1,1,-1,1,735,3101,0.28,4.92,True,Incontro Flotta Deep-Space,635.62,17.7,Collaborativa,24,0,50,27.33,10,6,1,0,1,8,8,8,0,4,4,0,8530.28,13,0.811,1.348,0.5374,True,39,0,4,8,1001.56,monte_carlo_run_693_seed_735.log
694,14,-1,1,1,-1,1,736,3101,0.261,4.74,True,Incontro Flotta Deep-Space,390.32,7.65,Ostile,48,0,130,11.77,16,10,1,1,0,14,2,2,0,2,2,0,8513.74,39,1.365,0.783,-0.5824,False,110,0,26,48,1000.46,monte_carlo_run_694_seed_736.log
695,14,-1,1,1,-1,1,737,3101,0.452,10.39,True,Contatto Planetario / Biofirme,49.73,9.04,Ostile,13,1,353,23.72,69,44,9,1,8,55,15,15,0,8,6,2,8557.68,113,1.126,1.554,0.4281,True,275,0,65,129,1000.26,monte_carlo_run_695_seed_737.log
696,14,-1,1,1,-1,1,738,3101,0.576,10.6,True,Contatto Planetario / Biofirme,96.28,9.19,Diffidente,9,2,202,24.57,29,21,2,1,1,24,24,24,0,15,11,4,8589.74,50,1.493,1.6,0.1066,True,174,0,41,53,1000.75,monte_carlo_run_696_seed_738.log
697,14,-1,1,1,-1,1,739,3101,0.25,4.25,True,Incontro Flotta Deep-Space,31.98,3.82,Predatoria,4,0,34,4.61,7,6,2,1,1,4,0,0,0,0,0,0,8500.0,13,1.022,1.022,0.0,False,23,0,1,4,1001.49,monte_carlo_run_697_seed_739.log
698,14,-1,1,1,-1,1,740,3101,0.222,5.09,False,Solitudine / Nessun Contatto,,,Nessuna,134,0,134,15.94,25,18,4,2,2,17,6,6,0,4,4,0,8535.93,37,1.341,1.116,-0.2248,False,104,0,15,34,1000.19,monte_carlo_run_698_seed_740.log
699,14,-1,1,1,-1,1,741,3101,0.574,12.99,True,Contatto Planetario / Biofirme,109.15,19.38,Diffidente,9,0,89,19.38,11,11,3,2,1,8,8,8,0,6,5,1,8548.14,20,1.153,1.557,0.4041,True,78,0,11,17,1001.02,monte_carlo_run_699_seed_741.log
700,14,-1,1,1,-1,1,742,3101,0.336,8.07,True,Incontro Flotta Deep-Space,256.88,10.75,Collaborativa,17,2,84,13.2,17,11,1,1,0,13,13,13,0,8,6,2,8554.1,26,1.047,1.6,0.5527,True,67,0,21,29,1000.45,monte_carlo_run_700_seed_742.log
701,15,-1,1,1,1,-1,743,3101,0.551,13.38,True,Contatto Planetario / Biofirme,455.9,20.14,Ostile,30,0,106,27.03,11,9,2,1,0,9,9,9,0,4,4,0,8531.65,14,1.262,1.328,0.0654,True,93,0,2,4,1002.23,monte_carlo_run_701_seed_743.log
702,15,-1,1,1,1,-1,744,3101,0.228,3.95,False,Solitudine / Nessun Contatto,,,Nessuna,23,0,23,10.44,3,3,3,1,0,0,0,0,0,0,0,0,8500.0,2,1.002,1.002,0.0,False,20,0,1,3,1001.62,monte_carlo_run_702_seed_744.log
703,15,-1,1,1,1,-1,745,3101,0.566,11.1,True,Contatto Planetario / Biofirme,434.34,17.49,Diffidente,69,0,130,18.29,9,9,2,1,1,7,7,7,0,1,1,0,8513.29,12,1.6,1.243,-0.3573,False,121,0,0,1,1000.39,monte_carlo_run_703_seed_745.log
704,15,-1,1,1,1,-1,746,3101,0.462,11.37,True,Contatto Planetario / Biofirme,47.67,11.0,Diffidente,5,0,80,11.11,5,4,2,2,0,2,2,2,0,2,2,0,8513.48,8,1.571,1.282,-0.289,False,77,0,3,7,1000.09,monte_carlo_run_704_seed_746.log
705,15,-1,1,1,1,-1,747,3101,0.523,11.48,True,Incontro Flotta Deep-Space,906.41,0.0,Biosfera Primitiva,118,1,136,15.76,13,11,1,1,0,11,9,9,0,8,8,0,8551.46,24,1.17,1.556,0.3857,True,120,0,17,26,1000.01,monte_carlo_run_705_seed_747.log
706,15,-1,1,1,1,-1,748,3101,0.391,5.33,False,Solitudine / Nessun Contatto,,,Nessuna,64,0,64,24.18,6,5,1,1,0,5,5,5,0,2,2,0,8512.74,9,1.437,1.256,-0.1802,False,57,0,1,2,1000.36,monte_carlo_run_706_seed_748.log
707,15,-1,1,1,1,-1,749,3101,0.274,5.28,True,Contatto Planetario / Biofirme,13.45,3.69,Cauta,2,0,41,25.3,4,4,3,2,1,1,1,1,0,0,0,0,8500.7,6,1.6,0.871,-0.729,False,35,0,1,1,1000.44,monte_carlo_run_707_seed_749.log
708,15,-1,1,1,1,-1,750,3101,0.31,7.16,True,Contatto Planetario / Biofirme,9.71,3.01,Cauta,2,0,39,10.56,4,3,2,1,1,2,2,2,0,1,1,0,8504.3,8,1.6,1.555,-0.0453,False,35,0,0,1,1001.06,monte_carlo_run_708_seed_750.log
709,15,-1,1,1,1,-1,751,3101,0.416,6.04,False,Solitudine / Nessun Contatto,,,Nessuna,47,0,47,13.95,5,4,1,1,0,3,3,3,0,3,3,0,8519.34,6,1.15,1.073,-0.0771,False,43,0,2,6,1001.61,monte_carlo_run_709_seed_751.log
710,15,-1,1,1,1,-1,752,3101,0.543,9.65,True,Incontro Flotta Deep-Space,664.29,5.97,Biosfera Primitiva,35,0,70,16.12,8,7,1,1,0,7,7,7,0,4,4,0,8526.15,11,1.11,1.278,0.1679,True,59,0,2,6,1000.22,monte_carlo_run_710_seed_752.log
711,15,-1,1,1,1,-1,753,3101,0.496,7.55,True,Contatto Planetario / Biofirme,390.51,10.84,Cauta,30,0,60,17.81,5,4,2,1,1,3,3,3,0,2,2,0,8513.95,8,1.358,1.251,-0.1073,False,55,0,1,3,1000.48,monte_carlo_run_711_seed_753.log
712,15,-1,1,1,1,-1,754,3101,0.495,6.16,False,Solitudine / Nessun Contatto,,,Nessuna,57,0,57,21.08,6,3,1,1,0,3,3,3,0,1,1,0,8506.78,7,1.221,0.907,-0.3133,False,53,0,1,3,1000.7,monte_carlo_run_712_seed_754.log
713,15,-1,1,1,1,-1,755,3101,0.272,3.27,False,Solitudine / Nessun Contatto,,,Nessuna,5,0,5,3.6,2,2,2,1,1,0,0,0,0,0,0,0,8500.0,2,1.075,1.075,0.0,False,3,0,1,1,169.63,monte_carlo_run_713_seed_755.log
714,15,-1,1,1,1,-1,756,3101,0.383,7.29,True,Contatto Planetario / Biofirme,16.11,6.17,Predatoria,2,0,54,20.09,6,6,3,1,1,3,3,3,0,3,3,0,8516.41,7,1.234,1.175,-0.0598,False,47,0,1,8,1000.06,monte_carlo_run_714_seed_756.log
715,15,-1,1,1,1,-1,757,3101,0.461,10.19,True,Incontro Flotta Deep-Space,248.5,0.0,Biosfera Primitiva,14,0,72,8.61,2,2,1,1,0,1,1,1,0,1,1,0,8506.98,6,1.6,1.231,-0.3691,False,68,0,0,1,1000.72,monte_carlo_run_715_seed_757.log
716,15,-1,1,1,1,-1,758,3101,0.43,6.76,False,Solitudine / Nessun Contatto,,,Nessuna,82,1,82,16.06,7,5,1,1,0,4,4,4,0,3,3,0,8518.11,10,1.45,1.321,-0.1287,False,73,0,4,6,1000.55,monte_carlo_run_716_seed_758.log
717,15,-1,1,1,1,-1,759,3101,0.381,9.23,True,Contatto Planetario / Biofirme,206.46,9.65,Cauta,14,0,35,14.43,4,3,2,1,0,2,2,2,0,1,1,0,8505.37,6,1.185,0.803,-0.3823,False,31,0,0,1,1002.52,monte_carlo_run_717_seed_759.log
718,15,-1,1,1,1,-1,760,3101,0.423,10.29,True,Contatto Planetario / Biofirme,21.21,8.97,Diffidente,2,0,50,15.17,5,4,3,1,1,1,1,1,0,1,1,0,8506.39,5,1.321,0.392,-0.9288,False,45,0,1,4,1002.35,monte_carlo_run_718_seed_760.log
719,15,-1,1,1,1,-1,761,3101,0.534,12.98,True,Incontro Flotta Deep-Space,338.44,5.39,Biosfera Primitiva,38,0,161,26.74,18,14,2,1,1,16,16,16,0,11,7,4,8566.66,29,1.272,1.6,0.3279,True,143,0,21,29,1000.06,monte_carlo_run_719_seed_761.log
720,15,-1,1,1,1,-1,762,3101,0.282,6.23,False,Solitudine / Nessun Contatto,,,Nessuna,30,0,30,14.92,2,2,2,1,1,0,0,0,0,0,0,0,8500.0,4,1.6,1.6,0.0,False,29,0,1,1,1000.39,monte_carlo_run_720_seed_762.log
721,15,-1,1,1,1,-1,763,3101,0.578,7.53,True,Incontro Flotta Deep-Space,528.0,19.03,Collaborativa,33,0,75,25.64,8,6,3,1,0,4,4,4,0,2,0,2,8513.12,9,1.435,1.363,-0.0717,False,69,0,2,5,1005.39,monte_carlo_run_721_seed_763.log
722,15,-1,1,1,1,-1,764,3101,0.464,5.99,False,Solitudine / Nessun Contatto,,,Nessuna,43,0,43,20.63,6,5,1,0,1,5,5,5,0,2,2,0,8516.1,5,0.906,0.865,-0.0409,False,37,0,1,3,1003.14,monte_carlo_run_722_seed_764.log
723,15,-1,1,1,1,-1,765,3101,0.594,12.86,False,Solitudine / Nessun Contatto,,,Nessuna,110,0,110,25.15,6,4,1,1,0,5,5,5,0,2,1,1,8518.51,10,1.556,1.366,-0.1899,False,104,0,1,2,1000.45,monte_carlo_run_723_seed_765.log
724,15,-1,1,1,1,-1,766,3101,0.459,11.08,True,Incontro Flotta Deep-Space,394.53,12.83,Collaborativa,25,0,104,26.6,12,9,2,1,0,9,9,9,0,2,2,0,8520.61,13,1.519,0.938,-0.5811,False,89,0,1,7,1003.22,monte_carlo_run_724_seed_766.log
725,15,-1,1,1,1,-1,767,3101,0.438,8.55,True,Incontro Flotta Deep-Space,303.9,8.97,Biosfera Primitiva,29,0,89,21.94,10,7,1,1,0,9,9,9,0,5,5,0,8533.17,17,1.32,1.484,0.1642,True,78,0,4,8,1002.17,monte_carlo_run_725_seed_767.log
726,15,-1,1,1,1,-1,768,3101,0.27,6.28,False,Solitudine / Nessun Contatto,,,Nessuna,19,0,19,10.79,2,1,1,1,0,1,1,1,0,1,1,0,8510.49,5,1.419,1.173,-0.2457,False,16,0,0,1,1002.66,monte_carlo_run_726_seed_768.log
727,15,-1,1,1,1,-1,769,3101,0.577,11.8,True,Contatto Planetario / Biofirme,79.64,10.07,Collaborativa,7,0,188,22.99,18,12,2,2,0,16,16,16,0,7,5,2,8552.22,28,1.393,1.503,0.1103,True,168,0,11,15,1001.07,monte_carlo_run_727_seed_769.log
728,15,-1,1,1,1,-1,770,3101,0.417,9.17,False,Solitudine / Nessun Contatto,,,Nessuna,81,0,81,14.77,8,5,2,1,0,4,3,3,0,2,2,0,8511.4,10,1.337,1.19,-0.1478,False,71,0,1,4,1000.12,monte_carlo_run_728_seed_770.log
729,15,-1,1,1,1,-1,771,3101,0.42,6.8,False,Solitudine / Nessun Contatto,,,Nessuna,88,0,88,17.7,7,3,1,1,0,5,5,5,0,2,2,0,8522.98,9,1.307,0.907,-0.3998,False,82,0,2,4,1000.9,monte_carlo_run_729_seed_771.log
730,15,-1,1,1,1,-1,772,3101,0.381,5.23,False,Solitudine / Nessun Contatto,,,Nessuna,40,0,40,16.91,4,2,1,1,0,3,3,3,0,3,1,2,8516.92,9,1.045,1.296,0.2506,True,35,0,3,6,1001.75,monte_carlo_run_730_seed_772.log
731,15,-1,1,1,1,-1,773,3101,0.334,7.74,False,Solitudine / Nessun Contatto,,,Nessuna,47,0,47,11.8,2,1,1,1,0,1,1,1,0,0,0,0,8503.36,5,1.6,0.913,-0.6868,False,44,0,0,0,1002.53,monte_carlo_run_731_seed_773.log
732,15,-1,1,1,1,-1,774,3101,0.506,12.36,True,Contatto Planetario / Biofirme,35.2,11.7,Predatoria,4,0,94,22.95,7,6,2,1,0,5,5,5,0,1,1,0,8506.54,9,1.512,1.335,-0.1777,False,87,0,0,2,1002.85,monte_carlo_run_732_seed_774.log
733,15,-1,1,1,1,-1,775,3101,0.396,9.87,True,Incontro Flotta Deep-Space,545.67,10.63,Biosfera Primitiva,45,0,86,17.99,10,8,1,1,0,7,7,7,0,5,5,0,8540.76,15,1.207,1.438,0.2302,True,77,0,9,18,1000.63,monte_carlo_run_733_seed_775.log
734,15,-1,1,1,1,-1,776,3101,0.4,8.69,True,Incontro Flotta Deep-Space,454.95,9.3,Collaborativa,31,0,92,23.4,11,9,2,1,1,9,9,9,0,5,4,1,8534.29,16,1.376,1.355,-0.0213,False,79,0,4,7,1001.39,monte_carlo_run_734_seed_776.log
735,15,-1,1,1,1,-1,777,3101,0.571,7.79,False,Solitudine / Nessun Contatto,,,Nessuna,57,0,57,16.75,5,5,2,1,0,3,3,3,0,1,1,0,8510.27,6,1.337,0.91,-0.427,False,53,0,0,3,1005.9,monte_carlo_run_735_seed_777.log
736,15,-1,1,1,1,-1,778,3101,0.44,5.38,False,Solitudine / Nessun Contatto,,,Nessuna,116,0,116,25.9,10,7,2,2,0,8,8,8,0,6,5,1,8538.17,16,1.152,1.274,0.1227,True,105,0,8,18,1000.06,monte_carlo_run_736_seed_778.log
737,15,-1,1,1,1,-1,779,3101,0.538,11.95,True,Contatto Planetario / Biofirme,14.66,7.89,Collaborativa,2,0,129,22.54,11,10,2,1,1,9,7,7,0,6,5,1,8529.75,22,1.485,1.533,0.0482,True,118,0,6,14,1000.69,monte_carlo_run_737_seed_779.log
738,15,-1,1,1,1,-1,780,3101,0.391,4.84,False,Solitudine / Nessun Contatto,,,Nessuna,4,0,4,4.65,3,3,3,0,3,0,0,0,0,0,0,0,8500.0,2,0.852,0.852,0.0,False,2,0,1,3,215.1,monte_carlo_run_738_seed_780.log
739,15,-1,1,1,1,-1,781,3101,0.585,12.1,True,Contatto Planetario / Biofirme,13.99,8.19,Cauta,2,1,151,23.51,14,9,1,1,0,10,10,10,0,10,10,0,8567.27,26,1.254,1.56,0.3052,True,136,0,22,31,1000.45,monte_carlo_run_739_seed_781.log
740,15,-1,1,1,1,-1,782,3101,0.587,8.64,False,Solitudine / Nessun Contatto,,,Nessuna,74,0,74,25.05,5,2,1,1,0,4,4,4,0,1,1,0,8503.21,7,1.528,1.226,-0.3026,False,68,0,0,1,1000.29,monte_carlo_run_740_seed_782.log
741,15,-1,1,1,1,-1,783,3101,0.546,8.32,True,Contatto Planetario / Biofirme,148.22,12.86,Cauta,9,0,94,24.13,6,4,1,1,0,3,3,3,0,2,2,0,8509.7,8,1.446,0.917,-0.5285,False,88,0,2,6,1001.03,monte_carlo_run_741_seed_783.log
742,15,-1,1,1,1,-1,784,3101,0.271,4.57,False,Solitudine / Nessun Contatto,,,Nessuna,39,0,39,17.06,4,2,2,1,1,0,0,0,0,0,0,0,8500.0,5,1.6,1.6,0.0,False,34,0,2,2,1000.17,monte_carlo_run_742_seed_784.log
743,15,-1,1,1,1,-1,785,3101,0.526,8.54,True,Incontro Flotta Deep-Space,936.13,7.04,Biosfera Primitiva,74,0,76,19.83,4,2,1,1,0,3,3,3,0,2,2,0,8516.93,8,1.466,1.217,-0.2487,False,72,0,1,3,1002.33,monte_carlo_run_743_seed_785.log
744,15,-1,1,1,1,-1,786,3101,0.393,7.95,True,Contatto Planetario / Biofirme,171.42,8.47,Diffidente,13,0,55,16.71,6,5,2,0,1,4,4,4,0,3,3,0,8528.49,7,0.955,1.327,0.3727,True,47,0,3,6,1000.93,monte_carlo_run_744_seed_786.log
745,15,-1,1,1,1,-1,787,3101,0.415,6.74,True,Contatto Planetario / Biofirme,105.31,7.25,Diffidente,7,0,49,18.48,6,4,1,1,0,4,4,4,0,0,0,0,8503.26,8,1.6,0.94,-0.6601,False,43,0,1,1,1003.56,monte_carlo_run_745_seed_787.log
746,15,-1,1,1,1,-1,788,3101,0.37,7.98,True,Incontro Flotta Deep-Space,874.13,13.37,Cauta,79,1,88,20.56,11,7,1,1,0,7,5,5,0,2,2,0,8518.59,12,1.294,1.163,-0.131,False,76,0,2,6,1000.28,monte_carlo_run_746_seed_788.log
747,15,-1,1,1,1,-1,789,3101,0.347,7.27,False,Solitudine / Nessun Contatto,,,Nessuna,57,0,57,12.41,3,2,1,1,0,1,1,1,0,1,1,0,8507.84,6,1.472,0.318,-1.1535,False,55,0,1,2,1001.97,monte_carlo_run_747_seed_789.log
748,15,-1,1,1,1,-1,790,3101,0.432,10.11,True,Contatto Planetario / Biofirme,61.83,9.36,Diffidente,7,0,79,14.08,11,8,3,1,1,6,5,5,0,5,3,2,8531.9,20,1.6,1.6,0.0,False,68,0,11,23,1000.86,monte_carlo_run_748_seed_790.log
749,15,-1,1,1,1,-1,791,3101,0.314,5.5,False,Solitudine / Nessun Contatto,,,Nessuna,62,0,62,21.6,6,5,2,1,1,4,4,4,0,3,3,0,8521.65,9,1.441,1.247,-0.1945,False,53,0,0,3,1002.18,monte_carlo_run_749_seed_791.log
750,15,-1,1,1,1,-1,792,3101,0.54,9.95,True,Incontro Flotta Deep-Space,221.22,0.0,Collaborativa,19,0,76,15.54,5,3,1,1,0,4,4,4,0,3,3,0,8517.47,10,1.6,1.38,-0.2204,False,70,0,2,4,1001.06,monte_carlo_run_750_seed_792.log
751,16,-1,1,1,1,1,793,3101,0.288,5.09,False,Solitudine / Nessun Contatto,,,Nessuna,84,0,84,14.73,6,6,2,2,0,4,3,3,0,2,2,0,8509.33,16,1.087,1.6,0.513,True,76,0,2,5,1000.32,monte_carlo_run_751_seed_793.log
752,16,-1,1,1,1,1,794,3101,0.476,7.39,True,Incontro Flotta Deep-Space,0.04,6.85,Diffidente,4,0,89,12.68,5,4,3,2,1,1,0,0,0,0,0,0,8500.0,15,1.6,1.6,0.0,False,83,0,3,5,1000.73,monte_carlo_run_752_seed_794.log
753,16,-1,1,1,1,1,795,3101,0.5,11.89,True,Incontro Flotta Deep-Space,584.04,1.83,Diffidente,93,0,161,19.07,14,8,1,1,0,9,5,5,0,3,3,0,8514.57,28,1.492,1.262,-0.2303,False,145,0,7,16,1000.39,monte_carlo_run_753_seed_795.log
754,16,-1,1,1,1,1,796,3101,0.461,6.84,False,Solitudine / Nessun Contatto,,,Nessuna,40,1,40,15.2,4,3,1,1,0,2,2,2,0,1,1,0,8506.84,6,1.6,1.144,-0.4557,False,36,0,0,1,1006.01,monte_carlo_run_754_seed_796.log
755,16,-1,1,1,1,1,797,3101,0.363,6.69,False,Solitudine / Nessun Contatto,,,Nessuna,37,1,37,21.18,6,5,1,1,0,4,4,4,0,2,2,0,8516.71,6,1.05,1.208,0.1577,True,30,0,1,3,1000.49,monte_carlo_run_755_seed_797.log
756,16,-1,1,1,1,1,798,3101,0.539,10.13,True,Incontro Flotta Deep-Space,216.28,0.0,Collaborativa,23,0,81,12.47,6,5,2,2,0,4,4,4,0,4,4,0,8523.04,16,1.161,1.462,0.3013,True,74,0,7,13,1001.33,monte_carlo_run_756_seed_798.log
757,16,-1,1,1,1,1,799,3101,0.394,9.28,False,Solitudine / Nessun Contatto,,,Nessuna,81,0,81,26.25,9,6,1,1,0,8,8,8,0,2,2,0,8518.53,11,1.354,1.198,-0.1557,False,71,0,0,2,1000.62,monte_carlo_run_757_seed_799.log
758,16,-1,1,1,1,1,800,3101,0.376,7.79,True,Incontro Flotta Deep-Space,541.33,5.81,Diffidente,84,0,155,16.99,10,7,2,2,0,7,3,3,0,2,2,0,8517.19,24,1.101,0.727,-0.374,False,144,0,5,14,1000.31,monte_carlo_run_758_seed_800.log
759,16,-1,1,1,1,1,801,3101,0.356,7.81,True,Contatto Planetario / Biofirme,23.54,6.04,Predatoria,3,0,88,12.06,8,8,2,0,2,6,6,6,0,4,4,0,8536.47,11,0.95,1.246,0.2965,True,78,0,3,7,1001.32,monte_carlo_run_759_seed_801.log
760,16,-1,1,1,1,1,802,3101,0.372,4.47,False,Solitudine / Nessun Contatto,,,Nessuna,64,0,64,0.0,6,4,2,2,0,3,0,0,0,0,0,0,8500.0,19,1.407,1.407,0.0,False,56,0,4,6,1003.2,monte_carlo_run_760_seed_802.log
761,16,-1,1,1,1,1,803,3101,0.242,2.99,False,Solitudine / Nessun Contatto,,,Nessuna,4,0,4,0.0,2,2,2,2,0,0,0,0,0,0,0,0,8500.0,6,1.022,1.022,0.0,False,1,0,1,1,73.43,monte_carlo_run_761_seed_803.log
762,16,-1,1,1,1,1,804,3101,0.584,8.49,True,Contatto Planetario / Biofirme,431.84,15.6,Diffidente,28,2,78,19.28,13,8,2,1,1,9,8,8,0,4,4,0,8535.73,19,1.413,1.473,0.0598,True,65,0,4,11,1000.05,monte_carlo_run_762_seed_804.log
763,16,-1,1,1,1,1,805,3101,0.488,11.2,True,Contatto Planetario / Biofirme,388.82,16.59,Diffidente,26,0,135,28.24,12,10,3,2,1,9,9,9,0,8,6,2,8565.33,19,1.28,1.422,0.1419,True,121,0,10,20,1000.79,monte_carlo_run_763_seed_805.log
764,16,-1,1,1,1,1,806,3101,0.289,4.15,True,Incontro Flotta Deep-Space,313.77,5.97,Biosfera Primitiva,12,0,25,11.64,2,2,1,1,0,1,1,1,0,1,1,0,8504.92,6,1.556,1.243,-0.313,False,21,0,0,1,1000.19,monte_carlo_run_764_seed_806.log
765,16,-1,1,1,1,1,807,3101,0.347,8.14,True,Incontro Flotta Deep-Space,316.19,11.59,Ostile,49,0,151,15.72,11,6,1,1,0,8,1,1,0,0,0,0,8501.26,24,1.6,0.918,-0.6823,False,140,0,1,5,1002.73,monte_carlo_run_765_seed_807.log
766,16,-1,1,1,1,1,808,3101,0.264,5.61,True,Incontro Flotta Deep-Space,787.6,5.47,Collaborativa,51,0,61,17.26,3,3,2,2,0,1,0,0,0,0,0,0,8500.0,11,1.6,1.6,0.0,False,58,0,1,3,1000.57,monte_carlo_run_766_seed_808.log
767,16,-1,1,1,1,1,809,3101,0.479,5.88,True,Incontro Flotta Deep-Space,825.45,12.55,Biosfera Primitiva,137,0,173,29.37,16,11,2,1,0,12,7,7,0,3,3,0,8517.09,32,1.006,0.916,-0.0896,False,157,0,8,13,1000.07,monte_carlo_run_767_seed_809.log
768,16,-1,1,1,1,1,810,3101,0.575,12.63,True,Incontro Flotta Deep-Space,243.24,5.84,Collaborativa,28,1,99,23.94,9,6,1,1,0,7,7,7,0,3,3,0,8520.27,14,1.6,1.433,-0.1672,False,90,0,2,5,1002.2,monte_carlo_run_768_seed_810.log
769,16,-1,1,1,1,1,811,3101,0.578,11.72,True,Incontro Flotta Deep-Space,0.02,7.51,Cauta,3,0,223,19.18,26,18,4,2,2,21,3,3,0,2,2,0,8521.88,51,1.146,0.759,-0.3865,False,194,0,15,44,1000.23,monte_carlo_run_769_seed_811.log
770,16,-1,1,1,1,1,812,3101,0.22,4.15,False,Solitudine / Nessun Contatto,,,Nessuna,67,0,67,10.09,7,5,2,2,0,4,0,0,0,0,0,0,8500.0,20,1.6,1.6,0.0,False,52,0,5,7,1000.02,monte_carlo_run_770_seed_812.log
771,16,-1,1,1,1,1,813,3101,0.571,7.88,True,Incontro Flotta Deep-Space,238.36,0.0,Biosfera Primitiva,16,0,109,18.6,7,4,1,1,0,6,6,6,0,4,4,0,8528.79,12,1.385,1.421,0.0358,True,101,0,4,7,1000.81,monte_carlo_run_771_seed_813.log
772,16,-1,1,1,1,1,814,3101,0.476,6.46,True,Incontro Flotta Deep-Space,220.89,0.0,Collaborativa,13,0,87,19.2,8,6,1,1,0,6,6,6,0,3,3,0,8522.07,12,1.508,1.388,-0.1208,False,77,0,1,6,1001.48,monte_carlo_run_772_seed_814.log
773,16,-1,1,1,1,1,815,3101,0.458,8.1,True,Incontro Flotta Deep-Space,719.4,0.0,Biosfera Primitiva,102,0,165,16.34,22,18,3,1,2,19,16,16,0,5,4,1,8544.5,33,1.189,1.408,0.2189,True,137,0,8,19,1000.09,monte_carlo_run_773_seed_815.log
774,16,-1,1,1,1,1,816,3101,0.245,6.06,True,Incontro Flotta Deep-Space,245.55,0.0,Biosfera Primitiva,11,0,64,15.3,8,6,1,1,0,6,6,6,0,2,2,0,8516.47,10,1.256,1.296,0.0399,True,57,0,1,3,1001.5,monte_carlo_run_774_seed_816.log
775,16,-1,1,1,1,1,817,3101,0.314,4.8,False,Solitudine / Nessun Contatto,,,Nessuna,29,0,29,18.32,1,1,1,1,0,0,0,0,0,0,0,0,8500.0,4,1.493,1.493,0.0,False,25,0,0,0,1005.39,monte_carlo_run_775_seed_817.log
776,16,-1,1,1,1,1,818,3101,0.276,5.91,False,Solitudine / Nessun Contatto,,,Nessuna,45,0,45,14.03,6,3,1,1,0,4,4,4,0,1,1,0,8514.22,5,1.249,0.964,-0.2847,False,38,0,0,1,1003.45,monte_carlo_run_776_seed_818.log
777,16,-1,1,1,1,1,819,3101,0.396,6.61,True,Incontro Flotta Deep-Space,702.64,8.21,Collaborativa,105,0,148,13.3,13,7,1,1,0,11,4,4,0,2,2,0,8515.23,28,1.492,0.948,-0.5437,False,135,0,12,22,1000.14,monte_carlo_run_777_seed_819.log
778,16,-1,1,1,1,1,820,3101,0.327,6.0,False,Solitudine / Nessun Contatto,,,Nessuna,74,0,74,20.57,4,4,2,1,1,2,2,2,0,2,2,0,8519.24,9,0.937,0.627,-0.3101,False,67,0,2,4,1002.93,monte_carlo_run_778_seed_820.log
779,16,-1,1,1,1,1,821,3101,0.44,7.37,False,Solitudine / Nessun Contatto,,,Nessuna,74,0,74,17.5,6,4,1,1,0,5,5,5,0,2,2,0,8515.54,10,1.526,1.273,-0.2529,False,67,0,1,3,1003.47,monte_carlo_run_779_seed_821.log
780,16,-1,1,1,1,1,822,3101,0.422,6.58,True,Contatto Planetario / Biofirme,119.62,9.38,Diffidente,7,0,109,25.94,13,9,5,1,3,7,7,7,0,4,4,0,8527.93,16,1.505,1.477,-0.0279,False,93,0,6,10,1000.92,monte_carlo_run_780_seed_822.log
781,16,-1,1,1,1,1,823,3101,0.243,5.43,False,Solitudine / Nessun Contatto,,,Nessuna,33,0,33,17.43,1,1,1,1,0,0,0,0,0,0,0,0,8500.0,4,1.6,1.6,0.0,False,31,0,0,0,1000.34,monte_carlo_run_781_seed_823.log
782,16,-1,1,1,1,1,824,3101,0.492,6.85,True,Incontro Flotta Deep-Space,223.69,8.5,Biosfera Primitiva,13,0,41,15.98,5,4,1,1,0,4,4,4,0,3,3,0,8518.0,11,1.395,1.419,0.0239,True,35,0,2,6,1002.39,monte_carlo_run_782_seed_824.log
783,16,-1,1,1,1,1,825,3101,0.413,5.64,True,Incontro Flotta Deep-Space,119.6,4.98,Leale alla Madrepatria,22,0,128,8.42,8,4,3,1,2,5,0,0,0,0,0,0,8500.0,27,1.51,1.51,0.0,False,120,0,5,20,1000.24,monte_carlo_run_783_seed_825.log
784,16,-1,1,1,1,1,826,3101,0.306,4.79,False,Solitudine / Nessun Contatto,,,Nessuna,39,0,39,13.77,2,2,1,1,0,1,1,1,0,0,0,0,8500.52,5,1.596,0.808,-0.7881,False,36,0,0,0,1000.77,monte_carlo_run_784_seed_826.log
785,16,-1,1,1,1,1,827,3101,0.276,3.35,False,Solitudine / Nessun Contatto,,,Nessuna,2,0,2,2.77,1,1,1,1,0,0,0,0,0,0,0,0,8500.0,2,1.001,1.001,0.0,False,0,0,0,0,48.35,monte_carlo_run_785_seed_827.log
786,16,-1,1,1,1,1,828,3101,0.467,6.67,True,Incontro Flotta Deep-Space,634.95,13.2,Biosfera Primitiva,40,0,59,18.2,3,3,1,1,0,2,2,2,0,2,2,0,8511.19,7,1.397,1.323,-0.0744,False,55,0,1,3,1001.87,monte_carlo_run_786_seed_828.log
787,16,-1,1,1,1,1,829,3101,0.288,6.38,True,Incontro Flotta Deep-Space,617.46,8.8,Biosfera Primitiva,31,0,70,17.67,9,8,1,1,0,8,8,8,0,4,3,1,8536.19,11,1.289,1.33,0.0415,True,59,0,3,7,1000.78,monte_carlo_run_787_seed_829.log
788,16,-1,1,1,1,1,830,3101,0.446,7.42,False,Solitudine / Nessun Contatto,,,Nessuna,172,0,172,19.91,14,9,1,1,0,12,3,3,0,3,3,0,8524.24,26,1.031,1.179,0.1487,True,156,0,5,10,1000.18,monte_carlo_run_788_seed_830.log
789,16,-1,1,1,1,1,831,3101,0.3,5.75,True,Incontro Flotta Deep-Space,292.74,9.52,Biosfera Primitiva,11,0,37,16.93,6,4,2,1,1,4,4,4,0,1,1,0,8509.5,9,1.551,1.304,-0.2475,False,31,0,0,1,1000.37,monte_carlo_run_789_seed_831.log
790,16,-1,1,1,1,1,832,3101,0.555,10.4,True,Incontro Flotta Deep-Space,217.62,8.73,Biosfera Primitiva,29,0,146,18.41,12,9,2,1,1,10,5,5,0,2,2,0,8520.92,25,1.288,1.294,0.0069,True,133,0,6,12,1000.94,monte_carlo_run_790_seed_832.log
791,16,-1,1,1,1,1,833,3101,0.454,8.64,True,Incontro Flotta Deep-Space,801.14,15.25,Biosfera Primitiva,43,0,63,20.02,5,4,1,1,0,4,4,4,0,2,2,0,8515.1,8,1.222,1.18,-0.0416,False,56,0,0,2,1000.18,monte_carlo_run_791_seed_833.log
792,16,-1,1,1,1,1,834,3101,0.29,4.7,True,Contatto Planetario / Biofirme,75.52,5.02,Predatoria,5,0,24,17.58,2,2,2,2,0,0,0,0,0,0,0,0,8500.0,4,1.51,1.51,0.0,False,21,0,0,0,1002.77,monte_carlo_run_792_seed_834.log
793,16,-1,1,1,1,1,835,3101,0.405,8.04,True,Incontro Flotta Deep-Space,209.29,4.36,Biosfera Primitiva,51,0,221,15.01,20,15,3,2,1,17,6,6,0,4,4,0,8527.77,38,1.476,1.423,-0.0528,False,196,0,12,30,1000.08,monte_carlo_run_793_seed_835.log
794,16,-1,1,1,1,1,836,3101,0.266,6.24,False,Solitudine / Nessun Contatto,,,Nessuna,48,0,48,24.96,4,2,1,1,0,3,3,3,0,2,2,0,8514.62,8,1.554,1.192,-0.3615,False,42,0,0,1,1000.15,monte_carlo_run_794_seed_836.log
795,16,-1,1,1,1,1,837,3101,0.29,6.68,True,Contatto Planetario / Biofirme,535.47,17.2,Predatoria,21,0,48,21.87,3,3,2,1,1,1,1,1,0,0,0,0,8500.39,5,1.6,0.975,-0.6249,False,45,0,0,0,1003.46,monte_carlo_run_795_seed_837.log
796,16,-1,1,1,1,1,838,3101,0.53,8.55,True,Incontro Flotta Deep-Space,309.85,9.7,Biosfera Primitiva,32,2,90,18.84,14,10,1,1,0,11,11,11,0,4,4,0,8530.62,18,1.495,1.529,0.0345,True,75,0,6,10,1000.59,monte_carlo_run_796_seed_838.log
797,16,-1,1,1,1,1,839,3101,0.348,4.59,False,Solitudine / Nessun Contatto,,,Nessuna,31,0,31,15.48,1,1,1,1,0,0,0,0,0,0,0,0,8500.0,4,1.6,1.6,0.0,False,30,0,0,0,1000.09,monte_carlo_run_797_seed_839.log
798,16,-1,1,1,1,1,840,3101,0.427,5.77,True,Incontro Flotta Deep-Space,940.43,8.28,Cauta,134,0,139,21.93,7,4,1,1,0,5,2,2,0,2,2,0,8511.11,16,1.354,0.9,-0.4545,False,129,0,1,8,1000.55,monte_carlo_run_798_seed_840.log
799,16,-1,1,1,1,1,841,3101,0.575,13.42,True,Incontro Flotta Deep-Space,221.12,0.0,Biosfera Primitiva,22,0,119,30.43,13,10,1,1,0,12,12,12,0,10,5,5,8572.18,33,1.551,1.6,0.0487,True,104,0,23,32,1000.69,monte_carlo_run_799_seed_841.log
800,16,-1,1,1,1,1,842,3101,0.596,11.27,True,Incontro Flotta Deep-Space,0.04,9.13,Diffidente,4,0,156,17.49,16,10,2,2,0,13,4,4,0,1,1,0,8508.08,26,1.6,1.123,-0.4768,False,136,0,2,6,1001.13,monte_carlo_run_800_seed_842.log
801,17,1,-1,-1,-1,-1,843,3101,0.108,2.2,False,Solitudine / Nessun Contatto,,,Nessuna,2,0,2,2.11,1,1,1,1,0,0,0,0,0,0,0,0,8500.0,2,1.002,1.002,0.0,False,0,0,0,0,78.04,monte_carlo_run_801_seed_843.log
802,17,1,-1,-1,-1,-1,844,3101,0.068,1.67,False,Solitudine / Nessun Contatto,,,Nessuna,1,0,1,0.0,2,2,2,1,1,0,0,0,0,0,0,0,8500.0,2,1.0,1.0,0.0,False,0,0,0,1,0.02,monte_carlo_run_802_seed_844.log
803,17,1,-1,-1,-1,-1,845,3101,0.072,0.99,False,Solitudine / Nessun Contatto,,,Nessuna,1,0,1,0.0,1,1,1,1,0,0,0,0,0,0,0,0,8500.0,2,1.0,1.0,0.0,False,0,0,0,0,0.02,monte_carlo_run_803_seed_845.log
804,17,1,-1,-1,-1,-1,846,3101,0.141,1.82,False,Solitudine / Nessun Contatto,,,Nessuna,1,0,1,0.0,2,2,2,0,2,0,0,0,0,0,0,0,8500.0,1,0.985,0.985,0.0,False,0,0,0,1,0.02,monte_carlo_run_804_seed_846.log
805,17,1,-1,-1,-1,-1,847,3101,0.093,1.45,False,Solitudine / Nessun Contatto,,,Nessuna,3,0,3,0.77,2,2,2,1,1,0,0,0,0,0,0,0,8500.0,2,1.048,1.048,0.0,False,2,0,1,1,117.19,monte_carlo_run_805_seed_847.log
806,17,1,-1,-1,-1,-1,848,3101,0.113,1.93,False,Solitudine / Nessun Contatto,,,Nessuna,1,0,1,0.0,1,1,1,1,0,0,0,0,0,0,0,0,8500.0,2,1.0,1.0,0.0,False,0,0,0,0,0.02,monte_carlo_run_806_seed_848.log
807,17,1,-1,-1,-1,-1,849,3101,0.146,1.96,False,Solitudine / Nessun Contatto,,,Nessuna,2,0,2,1.03,1,1,1,1,0,0,0,0,0,0,0,0,8500.0,2,1.001,1.001,0.0,False,0,0,0,0,34.59,monte_carlo_run_807_seed_849.log
808,17,1,-1,-1,-1,-1,850,3101,0.076,0.93,False,Solitudine / Nessun Contatto,,,Nessuna,1,0,1,0.0,3,3,3,0,3,0,0,0,0,0,0,0,8500.0,1,0.985,0.985,0.0,False,0,0,0,3,0.02,monte_carlo_run_808_seed_850.log
809,17,1,-1,-1,-1,-1,851,3101,0.139,3.36,False,Solitudine / Nessun Contatto,,,Nessuna,6,0,6,5.06,2,2,1,1,0,1,1,1,0,1,1,0,8505.59,3,1.075,1.14,0.0647,True,3,0,0,1,466.11,monte_carlo_run_809_seed_851.log
810,17,1,-1,-1,-1,-1,852,3101,0.103,2.49,False,Solitudine / Nessun Contatto,,,Nessuna,1,0,1,0.0,1,1,1,1,0,0,0,0,0,0,0,0,8500.0,2,1.0,1.0,0.0,False,0,0,0,0,0.02,monte_carlo_run_810_seed_852.log
811,17,1,-1,-1,-1,-1,853,3101,0.126,1.55,False,Solitudine / Nessun Contatto,,,Nessuna,1,0,1,0.0,1,1,1,1,0,0,0,0,0,0,0,0,8500.0,2,1.0,1.0,0.0,False,0,0,0,0,0.02,monte_carlo_run_811_seed_853.log
812,17,1,-1,-1,-1,-1,854,3101,0.121,1.59,False,Solitudine / Nessun Contatto,,,Nessuna,2,0,2,1.11,1,1,1,1,0,0,0,0,0,0,0,0,8500.0,2,1.001,1.001,0.0,False,0,0,0,0,38.62,monte_carlo_run_812_seed_854.log
813,17,1,-1,-1,-1,-1,855,3101,0.089,2.06,False,Solitudine / Nessun Contatto,,,Nessuna,1,0,1,0.0,3,3,3,0,3,0,0,0,0,0,0,0,8500.0,1,0.985,0.985,0.0,False,0,0,1,3,0.02,monte_carlo_run_813_seed_855.log
814,17,1,-1,-1,-1,-1,856,3101,0.059,1.09,False,Solitudine / Nessun Contatto,,,Nessuna,1,0,1,0.0,3,3,3,0,3,0,0,0,0,0,0,0,8500.0,1,0.985,0.985,0.0,False,0,0,0,3,0.02,monte_carlo_run_814_seed_856.log
815,17,1,-1,-1,-1,-1,857,3101,0.129,2.24,False,Solitudine / Nessun Contatto,,,Nessuna,1,0,1,0.0,2,2,2,1,1,0,0,0,0,0,0,0,8500.0,2,1.0,1.0,0.0,False,0,0,1,1,0.02,monte_carlo_run_815_seed_857.log
816,17,1,-1,-1,-1,-1,858,3101,0.142,3.1,False,Solitudine / Nessun Contatto,,,Nessuna,4,0,4,5.1,3,3,3,1,2,0,0,0,0,0,0,0,8500.0,2,1.138,1.138,0.0,False,1,0,3,3,235.85,monte_carlo_run_816_seed_858.log
817,17,1,-1,-1,-1,-1,859,3101,0.077,1.38,False,Solitudine / Nessun Contatto,,,Nessuna,1,0,1,0.0,3,3,3,1,2,0,0,0,0,0,0,0,8500.0,2,1.001,1.001,0.0,False,0,0,2,3,0.02,monte_carlo_run_817_seed_859.log
818,17,1,-1,-1,-1,-1,860,3101,0.078,1.32,False,Solitudine / Nessun Contatto,,,Nessuna,1,0,1,0.0,2,2,2,0,2,0,0,0,0,0,0,0,8500.0,1,0.985,0.985,0.0,False,0,0,0,1,0.02,monte_carlo_run_818_seed_860.log
819,17,1,-1,-1,-1,-1,861,3101,0.116,1.85,False,Solitudine / Nessun Contatto,,,Nessuna,2,0,2,1.55,2,2,2,1,1,0,0,0,0,0,0,0,8500.0,2,1.017,1.017,0.0,False,0,0,1,1,54.63,monte_carlo_run_819_seed_861.log
820,17,1,-1,-1,-1,-1,862,3101,0.145,3.22,False,Solitudine / Nessun Contatto,,,Nessuna,4,0,4,4.44,1,1,1,1,0,0,0,0,0,0,0,0,8500.0,2,1.038,1.038,0.0,False,2,0,0,0,287.56,monte_carlo_run_820_seed_862.log
821,17,1,-1,-1,-1,-1,863,3101,0.095,2.21,False,Solitudine / Nessun Contatto,,,Nessuna,2,0,2,1.93,1,1,1,1,0,0,0,0,0,0,0,0,8500.0,2,1.002,1.002,0.0,False,0,0,0,0,81.33,monte_carlo_run_821_seed_863.log
822,17,1,-1,-1,-1,-1,864,3101,0.142,2.0,False,Solitudine / Nessun Contatto,,,Nessuna,1,0,1,0.0,3,3,3,1,2,0,0,0,0,0,0,0,8500.0,2,1.001,1.001,0.0,False,0,0,2,2,0.02,monte_carlo_run_822_seed_864.log
823,17,1,-1,-1,-1,-1,865,3101,0.097,1.19,False,Solitudine / Nessun Contatto,,,Nessuna,1,0,1,0.0,3,3,3,1,2,0,0,0,0,0,0,0,8500.0,2,1.001,1.001,0.0,False,0,0,2,3,0.02,monte_carlo_run_823_seed_865.log
824,17,1,-1,-1,-1,-1,866,3101,0.054,0.65,False,Solitudine / Nessun Contatto,,,Nessuna,1,0,1,0.0,1,1,1,1,0,0,0,0,0,0,0,0,8500.0,2,1.0,1.0,0.0,False,0,0,0,0,0.02,monte_carlo_run_824_seed_866.log
825,17,1,-1,-1,-1,-1,867,3101,0.073,1.44,False,Solitudine / Nessun Contatto,,,Nessuna,1,0,1,0.0,2,2,2,1,1,0,0,0,0,0,0,0,8500.0,2,1.0,1.0,0.0,False,0,0,1,1,0.02,monte_carlo_run_825_seed_867.log
826,17,1,-1,-1,-1,-1,868,3101,0.142,2.46,False,Solitudine / Nessun Contatto,,,Nessuna,3,0,3,2.01,3,3,2,1,1,1,1,1,0,0,0,0,8500.82,3,1.064,0.856,-0.2085,False,0,0,1,1,218.86,monte_carlo_run_826_seed_868.log
827,17,1,-1,-1,-1,-1,869,3101,0.085,2.05,False,Solitudine / Nessun Contatto,,,Nessuna,1,0,1,0.0,1,1,1,1,0,0,0,0,0,0,0,0,8500.0,2,1.0,1.0,0.0,False,0,0,0,0,0.02,monte_carlo_run_827_seed_869.log
828,17,1,-1,-1,-1,-1,870,3101,0.14,2.7,False,Solitudine / Nessun Contatto,,,Nessuna,1,0,1,0.0,1,1,1,1,0,0,0,0,0,0,0,0,8500.0,2,1.0,1.0,0.0,False,0,0,0,0,0.02,monte_carlo_run_828_seed_870.log
829,17,1,-1,-1,-1,-1,871,3101,0.057,0.84,False,Solitudine / Nessun Contatto,,,Nessuna,1,0,1,0.0,1,1,1,1,0,0,0,0,0,0,0,0,8500.0,2,1.0,1.0,0.0,False,0,0,0,0,0.02,monte_carlo_run_829_seed_871.log
830,17,1,-1,-1,-1,-1,872,3101,0.103,1.45,False,Solitudine / Nessun Contatto,,,Nessuna,1,0,1,0.0,1,1,1,1,0,0,0,0,0,0,0,0,8500.0,2,1.0,1.0,0.0,False,0,0,0,0,0.02,monte_carlo_run_830_seed_872.log
831,17,1,-1,-1,-1,-1,873,3101,0.077,1.55,False,Solitudine / Nessun Contatto,,,Nessuna,1,0,1,0.0,1,1,1,1,0,0,0,0,0,0,0,0,8500.0,2,1.0,1.0,0.0,False,0,0,0,0,0.02,monte_carlo_run_831_seed_873.log
832,17,1,-1,-1,-1,-1,874,3101,0.149,1.88,False,Solitudine / Nessun Contatto,,,Nessuna,1,0,1,0.0,1,1,1,1,0,0,0,0,0,0,0,0,8500.0,2,1.0,1.0,0.0,False,0,0,0,0,0.02,monte_carlo_run_832_seed_874.log
833,17,1,-1,-1,-1,-1,875,3101,0.055,0.93,False,Solitudine / Nessun Contatto,,,Nessuna,1,0,1,0.0,3,3,3,1,2,0,0,0,0,0,0,0,8500.0,2,1.0,1.0,0.0,False,0,0,1,3,0.02,monte_carlo_run_833_seed_875.log
834,17,1,-1,-1,-1,-1,876,3101,0.124,2.54,False,Solitudine / Nessun Contatto,,,Nessuna,1,0,1,0.0,1,1,1,1,0,0,0,0,0,0,0,0,8500.0,2,1.0,1.0,0.0,False,0,0,0,0,0.02,monte_carlo_run_834_seed_876.log
835,17,1,-1,-1,-1,-1,877,3101,0.117,1.48,False,Solitudine / Nessun Contatto,,,Nessuna,1,0,1,0.0,1,1,1,1,0,0,0,0,0,0,0,0,8500.0,2,1.0,1.0,0.0,False,0,0,0,0,0.02,monte_carlo_run_835_seed_877.log
836,17,1,-1,-1,-1,-1,878,3101,0.124,1.5,False,Solitudine / Nessun Contatto,,,Nessuna,1,0,1,0.0,2,2,2,1,1,0,0,0,0,0,0,0,8500.0,2,1.0,1.0,0.0,False,0,0,0,1,0.02,monte_carlo_run_836_seed_878.log
837,17,1,-1,-1,-1,-1,879,3101,0.068,0.84,False,Solitudine / Nessun Contatto,,,Nessuna,1,0,1,0.0,1,1,1,1,0,0,0,0,0,0,0,0,8500.0,2,1.0,1.0,0.0,False,0,0,0,0,0.02,monte_carlo_run_837_seed_879.log
838,17,1,-1,-1,-1,-1,880,3101,0.101,1.72,False,Solitudine / Nessun Contatto,,,Nessuna,1,0,1,0.0,2,2,2,1,1,0,0,0,0,0,0,0,8500.0,2,1.0,1.0,0.0,False,0,0,1,1,0.02,monte_carlo_run_838_seed_880.log
839,17,1,-1,-1,-1,-1,881,3101,0.111,2.54,False,Solitudine / Nessun Contatto,,,Nessuna,2,0,2,2.27,2,2,2,1,1,0,0,0,0,0,0,0,8500.0,2,1.003,1.003,0.0,False,0,0,1,1,81.7,monte_carlo_run_839_seed_881.log
840,17,1,-1,-1,-1,-1,882,3101,0.098,1.27,False,Solitudine / Nessun Contatto,,,Nessuna,1,0,1,0.0,1,1,1,1,0,0,0,0,0,0,0,0,8500.0,2,1.0,1.0,0.0,False,0,0,0,0,0.02,monte_carlo_run_840_seed_882.log
841,17,1,-1,-1,-1,-1,883,3101,0.079,1.45,False,Solitudine / Nessun Contatto,,,Nessuna,2,0,2,1.33,2,2,2,0,2,0,0,0,0,0,0,0,8500.0,1,0.871,0.871,0.0,False,0,0,0,1,67.18,monte_carlo_run_841_seed_883.log
842,17,1,-1,-1,-1,-1,884,3101,0.094,2.19,False,Solitudine / Nessun Contatto,,,Nessuna,1,0,1,0.0,2,2,2,0,2,0,0,0,0,0,0,0,8500.0,1,0.985,0.985,0.0,False,0,0,0,1,0.02,monte_carlo_run_842_seed_884.log
843,17,1,-1,-1,-1,-1,885,3101,0.065,1.03,False,Solitudine / Nessun Contatto,,,Nessuna,1,0,1,0.0,1,1,1,1,0,0,0,0,0,0,0,0,8500.0,2,1.0,1.0,0.0,False,0,0,0,0,0.02,monte_carlo_run_843_seed_885.log
844,17,1,-1,-1,-1,-1,886,3101,0.134,2.78,False,Solitudine / Nessun Contatto,,,Nessuna,3,0,3,2.3,1,1,1,1,0,0,0,0,0,0,0,0,8500.0,2,1.018,1.018,0.0,False,2,0,0,0,142.09,monte_carlo_run_844_seed_886.log
845,17,1,-1,-1,-1,-1,887,3101,0.132,3.18,False,Solitudine / Nessun Contatto,,,Nessuna,1,0,1,0.0,1,1,1,1,0,0,0,0,0,0,0,0,8500.0,2,1.0,1.0,0.0,False,0,0,0,0,0.02,monte_carlo_run_845_seed_887.log
846,17,1,-1,-1,-1,-1,888,3101,0.149,2.23,False,Solitudine / Nessun Contatto,,,Nessuna,2,0,2,2.15,1,1,1,1,0,0,0,0,0,0,0,0,8500.0,2,1.002,1.002,0.0,False,0,0,0,0,71.76,monte_carlo_run_846_seed_888.log
847,17,1,-1,-1,-1,-1,889,3101,0.072,1.25,False,Solitudine / Nessun Contatto,,,Nessuna,1,0,1,0.0,1,1,1,1,0,0,0,0,0,0,0,0,8500.0,2,1.0,1.0,0.0,False,0,0,0,0,0.02,monte_carlo_run_847_seed_889.log
848,17,1,-1,-1,-1,-1,890,3101,0.057,1.32,False,Solitudine / Nessun Contatto,,,Nessuna,2,0,2,1.26,1,1,1,1,0,0,0,0,0,0,0,0,8500.0,2,1.002,1.002,0.0,False,0,0,0,0,88.13,monte_carlo_run_848_seed_890.log
849,17,1,-1,-1,-1,-1,891,3101,0.067,1.17,False,Solitudine / Nessun Contatto,,,Nessuna,1,0,1,0.0,1,1,1,1,0,0,0,0,0,0,0,0,8500.0,2,1.0,1.0,0.0,False,0,0,0,0,0.02,monte_carlo_run_849_seed_891.log
850,17,1,-1,-1,-1,-1,892,3101,0.1,1.58,False,Solitudine / Nessun Contatto,,,Nessuna,1,0,1,0.0,2,2,2,0,2,0,0,0,0,0,0,0,8500.0,1,0.985,0.985,0.0,False,0,0,0,1,0.02,monte_carlo_run_850_seed_892.log
851,18,1,-1,-1,-1,1,893,3101,0.109,1.81,False,Solitudine / Nessun Contatto,,,Nessuna,2,0,2,0.0,2,2,2,2,0,0,0,0,0,0,0,0,8500.0,6,1.0,1.0,0.0,False,0,0,1,1,0.04,monte_carlo_run_851_seed_893.log
852,18,1,-1,-1,-1,1,894,3101,0.078,1.68,False,Solitudine / Nessun Contatto,,,Nessuna,1,0,1,0.0,1,1,1,1,0,0,0,0,0,0,0,0,8500.0,2,1.0,1.0,0.0,False,0,0,0,0,0.02,monte_carlo_run_852_seed_894.log
853,18,1,-1,-1,-1,1,895,3101,0.139,2.11,False,Solitudine / Nessun Contatto,,,Nessuna,1,0,1,0.0,1,1,1,1,0,0,0,0,0,0,0,0,8500.0,2,1.0,1.0,0.0,False,0,0,0,0,0.02,monte_carlo_run_853_seed_895.log
854,18,1,-1,-1,-1,1,896,3101,0.114,2.27,False,Solitudine / Nessun Contatto,,,Nessuna,3,0,3,0.0,3,3,3,3,0,0,0,0,0,0,0,0,8500.0,8,1.0,1.0,0.0,False,0,0,1,2,0.06,monte_carlo_run_854_seed_896.log
855,18,1,-1,-1,-1,1,897,3101,0.097,1.56,False,Solitudine / Nessun Contatto,,,Nessuna,5,0,5,1.56,3,3,3,3,0,0,0,0,0,0,0,0,8500.0,10,1.025,1.025,0.0,False,0,0,2,3,64.27,monte_carlo_run_855_seed_897.log
856,18,1,-1,-1,-1,1,898,3101,0.061,1.51,False,Solitudine / Nessun Contatto,,,Nessuna,2,0,2,1.02,1,1,1,1,0,0,0,0,0,0,0,0,8500.0,2,1.002,1.002,0.0,False,0,0,0,0,66.6,monte_carlo_run_856_seed_898.log
857,18,1,-1,-1,-1,1,899,3101,0.136,1.66,False,Solitudine / Nessun Contatto,,,Nessuna,1,0,1,0.0,1,1,1,1,0,0,0,0,0,0,0,0,8500.0,2,1.0,1.0,0.0,False,0,0,0,0,0.02,monte_carlo_run_857_seed_899.log
858,18,1,-1,-1,-1,1,900,3101,0.138,2.89,False,Solitudine / Nessun Contatto,,,Nessuna,3,0,3,2.3,2,2,2,2,0,0,0,0,0,0,0,0,8500.0,6,1.024,1.024,0.0,False,0,0,1,1,77.99,monte_carlo_run_858_seed_900.log
859,18,1,-1,-1,-1,1,901,3101,0.079,1.65,False,Solitudine / Nessun Contatto,,,Nessuna,1,0,1,0.0,1,1,1,1,0,0,0,0,0,0,0,0,8500.0,2,1.0,1.0,0.0,False,0,0,0,0,0.02,monte_carlo_run_859_seed_901.log
860,18,1,-1,-1,-1,1,902,3101,0.061,1.48,False,Solitudine / Nessun Contatto,,,Nessuna,2,0,2,0.0,2,2,2,2,0,0,0,0,0,0,0,0,8500.0,5,1.0,1.0,0.0,False,0,0,1,1,0.04,monte_carlo_run_860_seed_902.log
861,18,1,-1,-1,-1,1,903,3101,0.109,2.15,False,Solitudine / Nessun Contatto,,,Nessuna,1,0,1,0.0,1,1,1,1,0,0,0,0,0,0,0,0,8500.0,2,1.0,1.0,0.0,False,0,0,0,0,0.02,monte_carlo_run_861_seed_903.log
862,18,1,-1,-1,-1,1,904,3101,0.129,2.96,False,Solitudine / Nessun Contatto,,,Nessuna,3,0,3,2.87,2,2,2,2,0,0,0,0,0,0,0,0,8500.0,6,1.03,1.03,0.0,False,0,0,1,1,98.8,monte_carlo_run_862_seed_904.log
863,18,1,-1,-1,-1,1,905,3101,0.12,1.92,False,Solitudine / Nessun Contatto,,,Nessuna,1,0,1,0.0,1,1,1,1,0,0,0,0,0,0,0,0,8500.0,2,1.0,1.0,0.0,False,0,0,0,0,0.02,monte_carlo_run_863_seed_905.log
864,18,1,-1,-1,-1,1,906,3101,0.085,2.06,False,Solitudine / Nessun Contatto,,,Nessuna,2,0,2,0.0,2,2,2,2,0,0,0,0,0,0,0,0,8500.0,5,1.0,1.0,0.0,False,0,0,0,1,0.04,monte_carlo_run_864_seed_906.log
865,18,1,-1,-1,-1,1,907,3101,0.101,2.1,False,Solitudine / Nessun Contatto,,,Nessuna,2,0,2,1.06,1,1,1,1,0,0,0,0,0,0,0,0,8500.0,2,1.001,1.001,0.0,False,0,0,0,0,41.93,monte_carlo_run_865_seed_907.log
866,18,1,-1,-1,-1,1,908,3101,0.144,2.01,False,Solitudine / Nessun Contatto,,,Nessuna,2,0,2,0.0,2,2,2,2,0,0,0,0,0,0,0,0,8500.0,5,1.0,1.0,0.0,False,0,0,1,1,0.04,monte_carlo_run_866_seed_908.log
867,18,1,-1,-1,-1,1,909,3101,0.13,2.1,False,Solitudine / Nessun Contatto,,,Nessuna,3,0,3,0.0,3,3,3,3,0,0,0,0,0,0,0,0,8500.0,9,1.0,1.0,0.0,False,0,0,1,2,0.06,monte_carlo_run_867_seed_909.log
868,18,1,-1,-1,-1,1,910,3101,0.124,2.62,False,Solitudine / Nessun Contatto,,,Nessuna,1,0,1,0.0,1,1,1,1,0,0,0,0,0,0,0,0,8500.0,2,1.0,1.0,0.0,False,0,0,0,0,0.02,monte_carlo_run_868_seed_910.log
869,18,1,-1,-1,-1,1,911,3101,0.103,1.92,False,Solitudine / Nessun Contatto,,,Nessuna,1,0,1,0.0,1,1,1,1,0,0,0,0,0,0,0,0,8500.0,2,1.0,1.0,0.0,False,0,0,0,0,0.02,monte_carlo_run_869_seed_911.log
870,18,1,-1,-1,-1,1,912,3101,0.108,1.62,False,Solitudine / Nessun Contatto,,,Nessuna,1,0,1,0.0,1,1,1,1,0,0,0,0,0,0,0,0,8500.0,2,1.0,1.0,0.0,False,0,0,0,0,0.02,monte_carlo_run_870_seed_912.log
871,18,1,-1,-1,-1,1,913,3101,0.078,1.78,False,Solitudine / Nessun Contatto,,,Nessuna,3,0,3,1.46,2,2,2,2,0,0,0,0,0,0,0,0,8500.0,5,1.023,1.023,0.0,False,0,0,1,1,74.85,monte_carlo_run_871_seed_913.log
872,18,1,-1,-1,-1,1,914,3101,0.057,1.15,False,Solitudine / Nessun Contatto,,,Nessuna,2,0,2,0.0,2,2,2,2,0,0,0,0,0,0,0,0,8500.0,6,1.0,1.0,0.0,False,0,0,1,1,0.04,monte_carlo_run_872_seed_914.log
873,18,1,-1,-1,-1,1,915,3101,0.127,2.06,False,Solitudine / Nessun Contatto,,,Nessuna,7,0,7,0.34,4,4,3,1,2,1,0,0,0,0,0,0,8500.0,11,1.044,1.044,0.0,False,0,0,1,3,146.46,monte_carlo_run_873_seed_915.log
874,18,1,-1,-1,-1,1,916,3101,0.108,2.34,False,Solitudine / Nessun Contatto,,,Nessuna,1,0,1,0.0,1,1,1,1,0,0,0,0,0,0,0,0,8500.0,2,1.0,1.0,0.0,False,0,0,0,0,0.02,monte_carlo_run_874_seed_916.log
875,18,1,-1,-1,-1,1,917,3101,0.133,1.96,False,Solitudine / Nessun Contatto,,,Nessuna,2,0,2,1.3,1,1,1,1,0,0,0,0,0,0,0,0,8500.0,2,1.001,1.001,0.0,False,0,0,0,0,44.5,monte_carlo_run_875_seed_917.log
876,18,1,-1,-1,-1,1,918,3101,0.057,0.83,False,Solitudine / Nessun Contatto,,,Nessuna,3,0,3,0.0,3,3,3,3,0,0,0,0,0,0,0,0,8500.0,8,1.001,1.001,0.0,False,0,0,3,3,0.06,monte_carlo_run_876_seed_918.log
877,18,1,-1,-1,-1,1,919,3101,0.105,2.33,False,Solitudine / Nessun Contatto,,,Nessuna,3,0,3,2.14,2,2,2,2,0,0,0,0,0,0,0,0,8500.0,5,1.002,1.002,0.0,False,0,0,0,1,81.41,monte_carlo_run_877_seed_919.log
878,18,1,-1,-1,-1,1,920,3101,0.115,2.42,False,Solitudine / Nessun Contatto,,,Nessuna,1,0,1,0.0,1,1,1,1,0,0,0,0,0,0,0,0,8500.0,2,1.0,1.0,0.0,False,0,0,0,0,0.02,monte_carlo_run_878_seed_920.log
879,18,1,-1,-1,-1,1,921,3101,0.063,1.3,False,Solitudine / Nessun Contatto,,,Nessuna,2,0,2,0.0,2,2,2,2,0,0,0,0,0,0,0,0,8500.0,6,1.0,1.0,0.0,False,0,0,1,1,0.04,monte_carlo_run_879_seed_921.log
880,18,1,-1,-1,-1,1,922,3101,0.141,1.92,False,Solitudine / Nessun Contatto,,,Nessuna,3,0,3,0.0,3,3,3,3,0,0,0,0,0,0,0,0,8500.0,10,1.001,1.001,0.0,False,0,0,2,3,0.06,monte_carlo_run_880_seed_922.log
881,18,1,-1,-1,-1,1,923,3101,0.121,2.31,False,Solitudine / Nessun Contatto,,,Nessuna,1,0,1,0.0,1,1,1,1,0,0,0,0,0,0,0,0,8500.0,2,1.0,1.0,0.0,False,0,0,0,0,0.02,monte_carlo_run_881_seed_923.log
882,18,1,-1,-1,-1,1,924,3101,0.112,1.63,False,Solitudine / Nessun Contatto,,,Nessuna,1,0,1,0.0,1,1,1,1,0,0,0,0,0,0,0,0,8500.0,2,1.0,1.0,0.0,False,0,0,0,0,0.02,monte_carlo_run_882_seed_924.log
883,18,1,-1,-1,-1,1,925,3101,0.108,1.52,False,Solitudine / Nessun Contatto,,,Nessuna,3,0,3,0.0,3,3,3,3,0,0,0,0,0,0,0,0,8500.0,10,1.0,1.0,0.0,False,0,0,1,2,0.06,monte_carlo_run_883_seed_925.log
884,18,1,-1,-1,-1,1,926,3101,0.073,1.13,False,Solitudine / Nessun Contatto,,,Nessuna,1,0,1,0.0,1,1,1,1,0,0,0,0,0,0,0,0,8500.0,2,1.0,1.0,0.0,False,0,0,0,0,0.02,monte_carlo_run_884_seed_926.log
885,18,1,-1,-1,-1,1,927,3101,0.143,3.15,False,Solitudine / Nessun Contatto,,,Nessuna,5,0,5,0.0,3,3,3,3,0,0,0,0,0,0,0,0,8500.0,9,1.07,1.07,0.0,False,2,0,1,2,238.98,monte_carlo_run_885_seed_927.log
886,18,1,-1,-1,-1,1,928,3101,0.117,2.24,False,Solitudine / Nessun Contatto,,,Nessuna,2,0,2,2.24,1,1,1,1,0,0,0,0,0,0,0,0,8500.0,2,1.002,1.002,0.0,False,0,0,0,0,78.81,monte_carlo_run_886_seed_928.log
887,18,1,-1,-1,-1,1,929,3101,0.149,1.79,False,Solitudine / Nessun Contatto,,,Nessuna,4,0,4,0.0,3,3,3,3,0,0,0,0,0,0,0,0,8500.0,9,1.001,1.001,0.0,False,0,0,0,2,31.87,monte_carlo_run_887_seed_929.log
888,18,1,-1,-1,-1,1,930,3101,0.137,1.98,False,Solitudine / Nessun Contatto,,,Nessuna,6,0,6,0.92,2,2,2,2,0,0,0,0,0,0,0,0,8500.0,6,1.038,1.038,0.0,False,2,0,1,1,93.7,monte_carlo_run_888_seed_930.log
889,18,1,-1,-1,-1,1,931,3101,0.127,1.95,False,Solitudine / Nessun Contatto,,,Nessuna,2,0,2,0.0,2,2,2,2,0,0,0,0,0,0,0,0,8500.0,5,1.0,1.0,0.0,False,0,0,0,1,0.04,monte_carlo_run_889_seed_931.log
890,18,1,-1,-1,-1,1,932,3101,0.1,1.9,False,Solitudine / Nessun Contatto,,,Nessuna,1,0,1,0.0,1,1,1,1,0,0,0,0,0,0,0,0,8500.0,2,1.0,1.0,0.0,False,0,0,0,0,0.02,monte_carlo_run_890_seed_932.log
891,18,1,-1,-1,-1,1,933,3101,0.081,1.2,False,Solitudine / Nessun Contatto,,,Nessuna,3,0,3,0.0,3,3,3,3,0,0,0,0,0,0,0,0,8500.0,9,1.0,1.0,0.0,False,0,0,1,3,0.06,monte_carlo_run_891_seed_933.log
892,18,1,-1,-1,-1,1,934,3101,0.144,3.52,True,Incontro Flotta Deep-Space,589.86,7.77,Biosfera Primitiva,18,0,21,12.44,6,6,3,0,1,3,3,3,0,3,3,0,8519.38,15,0.635,1.439,0.8034,True,11,0,3,10,1002.5,monte_carlo_run_892_seed_934.log
893,18,1,-1,-1,-1,1,935,3101,0.091,2.11,False,Solitudine / Nessun Contatto,,,Nessuna,1,0,1,0.0,1,1,1,1,0,0,0,0,0,0,0,0,8500.0,2,1.0,1.0,0.0,False,0,0,0,0,0.02,monte_carlo_run_893_seed_935.log
894,18,1,-1,-1,-1,1,936,3101,0.083,1.71,False,Solitudine / Nessun Contatto,,,Nessuna,1,0,1,0.0,1,1,1,1,0,0,0,0,0,0,0,0,8500.0,2,1.0,1.0,0.0,False,0,0,0,0,0.02,monte_carlo_run_894_seed_936.log
895,18,1,-1,-1,-1,1,937,3101,0.082,1.86,False,Solitudine / Nessun Contatto,,,Nessuna,2,0,2,0.0,2,2,2,2,0,0,0,0,0,0,0,0,8500.0,5,1.0,1.0,0.0,False,0,0,0,1,0.04,monte_carlo_run_895_seed_937.log
896,18,1,-1,-1,-1,1,938,3101,0.143,2.25,False,Solitudine / Nessun Contatto,,,Nessuna,1,0,1,0.0,1,1,1,1,0,0,0,0,0,0,0,0,8500.0,2,1.0,1.0,0.0,False,0,0,0,0,0.02,monte_carlo_run_896_seed_938.log
897,18,1,-1,-1,-1,1,939,3101,0.106,2.31,False,Solitudine / Nessun Contatto,,,Nessuna,1,0,1,0.0,1,1,1,1,0,0,0,0,0,0,0,0,8500.0,2,1.0,1.0,0.0,False,0,0,0,0,0.02,monte_carlo_run_897_seed_939.log
898,18,1,-1,-1,-1,1,940,3101,0.095,1.31,False,Solitudine / Nessun Contatto,,,Nessuna,2,0,2,0.0,2,2,2,2,0,0,0,0,0,0,0,0,8500.0,5,1.0,1.0,0.0,False,0,0,1,1,0.04,monte_carlo_run_898_seed_940.log
899,18,1,-1,-1,-1,1,941,3101,0.081,1.41,False,Solitudine / Nessun Contatto,,,Nessuna,3,0,3,0.0,3,3,3,3,0,0,0,0,0,0,0,0,8500.0,10,1.0,1.0,0.0,False,0,0,0,2,0.06,monte_carlo_run_899_seed_941.log
900,18,1,-1,-1,-1,1,942,3101,0.112,2.48,False,Solitudine / Nessun Contatto,,,Nessuna,3,0,3,2.39,2,2,2,2,0,0,0,0,0,0,0,0,8500.0,6,1.02,1.02,0.0,False,0,0,1,1,85.48,monte_carlo_run_900_seed_942.log
901,19,1,-1,-1,1,-1,943,3101,0.105,1.72,False,Solitudine / Nessun Contatto,,,Nessuna,2,0,2,1.56,1,1,1,1,0,0,0,0,0,0,0,0,8500.0,2,1.002,1.002,0.0,False,0,0,0,0,59.51,monte_carlo_run_901_seed_943.log
902,19,1,-1,-1,1,-1,944,3101,0.099,2.19,False,Solitudine / Nessun Contatto,,,Nessuna,1,0,1,0.0,2,2,2,1,1,0,0,0,0,0,0,0,8500.0,2,1.0,1.0,0.0,False,0,0,0,1,0.02,monte_carlo_run_902_seed_944.log
903,19,1,-1,-1,1,-1,945,3101,0.149,3.5,False,Solitudine / Nessun Contatto,,,Nessuna,18,0,18,12.94,3,3,2,2,0,1,1,1,0,1,1,0,8506.89,7,1.352,1.095,-0.2563,False,13,0,1,3,1013.47,monte_carlo_run_903_seed_945.log
904,19,1,-1,-1,1,-1,946,3101,0.082,1.12,False,Solitudine / Nessun Contatto,,,Nessuna,1,0,1,0.0,3,3,3,0,3,0,0,0,0,0,0,0,8500.0,1,0.985,0.985,0.0,False,0,0,0,3,0.02,monte_carlo_run_904_seed_946.log
905,19,1,-1,-1,1,-1,947,3101,0.061,1.4,False,Solitudine / Nessun Contatto,,,Nessuna,3,0,3,1.33,1,1,1,1,0,0,0,0,0,0,0,0,8500.0,2,1.031,1.031,0.0,False,2,0,0,0,234.99,monte_carlo_run_905_seed_947.log
906,19,1,-1,-1,1,-1,948,3101,0.076,0.93,False,Solitudine / Nessun Contatto,,,Nessuna,1,0,1,0.0,2,2,2,1,1,0,0,0,0,0,0,0,8500.0,2,1.0,1.0,0.0,False,0,0,0,1,0.02,monte_carlo_run_906_seed_948.log
907,19,1,-1,-1,1,-1,949,3101,0.145,1.75,False,Solitudine / Nessun Contatto,,,Nessuna,2,0,2,1.24,1,1,1,1,0,0,0,0,0,0,0,0,8500.0,2,1.001,1.001,0.0,False,0,0,0,0,41.72,monte_carlo_run_907_seed_949.log
908,19,1,-1,-1,1,-1,950,3101,0.087,1.57,False,Solitudine / Nessun Contatto,,,Nessuna,1,0,1,0.0,2,2,2,1,1,0,0,0,0,0,0,0,8500.0,2,1.0,1.0,0.0,False,0,0,1,1,0.02,monte_carlo_run_908_seed_950.log
909,19,1,-1,-1,1,-1,951,3101,0.089,1.47,False,Solitudine / Nessun Contatto,,,Nessuna,1,0,1,0.0,1,1,1,1,0,0,0,0,0,0,0,0,8500.0,2,1.0,1.0,0.0,False,0,0,0,0,0.02,monte_carlo_run_909_seed_951.log
910,19,1,-1,-1,1,-1,952,3101,0.06,1.17,False,Solitudine / Nessun Contatto,,,Nessuna,1,0,1,0.0,2,2,2,1,1,0,0,0,0,0,0,0,8500.0,2,1.0,1.0,0.0,False,0,0,0,1,0.02,monte_carlo_run_910_seed_952.log
911,19,1,-1,-1,1,-1,953,3101,0.137,1.97,False,Solitudine / Nessun Contatto,,,Nessuna,1,0,1,0.0,1,1,1,1,0,0,0,0,0,0,0,0,8500.0,2,1.0,1.0,0.0,False,0,0,0,0,0.02,monte_carlo_run_911_seed_953.log
912,19,1,-1,-1,1,-1,954,3101,0.06,1.37,False,Solitudine / Nessun Contatto,,,Nessuna,1,0,1,0.0,2,2,2,1,1,0,0,0,0,0,0,0,8500.0,2,1.0,1.0,0.0,False,0,0,0,1,0.02,monte_carlo_run_912_seed_954.log
913,19,1,-1,-1,1,-1,955,3101,0.057,1.2,False,Solitudine / Nessun Contatto,,,Nessuna,1,0,1,0.0,2,2,2,0,2,0,0,0,0,0,0,0,8500.0,1,0.985,0.985,0.0,False,0,0,0,1,0.02,monte_carlo_run_913_seed_955.log
914,19,1,-1,-1,1,-1,956,3101,0.13,2.42,False,Solitudine / Nessun Contatto,,,Nessuna,1,0,1,0.0,2,2,2,0,2,0,0,0,0,0,0,0,8500.0,1,0.985,0.985,0.0,False,0,0,0,1,0.02,monte_carlo_run_914_seed_956.log
915,19,1,-1,-1,1,-1,957,3101,0.108,1.64,False,Solitudine / Nessun Contatto,,,Nessuna,1,0,1,0.0,1,1,1,1,0,0,0,0,0,0,0,0,8500.0,2,1.0,1.0,0.0,False,0,0,0,0,0.02,monte_carlo_run_915_seed_957.log
916,19,1,-1,-1,1,-1,958,3101,0.083,1.67,False,Solitudine / Nessun Contatto,,,Nessuna,1,0,1,0.0,1,1,1,1,0,0,0,0,0,0,0,0,8500.0,2,1.0,1.0,0.0,False,0,0,0,0,0.02,monte_carlo_run_916_seed_958.log
917,19,1,-1,-1,1,-1,959,3101,0.065,1.3,False,Solitudine / Nessun Contatto,,,Nessuna,1,0,1,0.0,2,2,2,1,1,0,0,0,0,0,0,0,8500.0,2,1.0,1.0,0.0,False,0,0,0,1,0.02,monte_carlo_run_917_seed_959.log
918,19,1,-1,-1,1,-1,960,3101,0.139,2.89,False,Solitudine / Nessun Contatto,,,Nessuna,2,0,2,2.84,1,1,1,1,0,0,0,0,0,0,0,0,8500.0,2,1.002,1.002,0.0,False,0,0,0,0,96.04,monte_carlo_run_918_seed_960.log
919,19,1,-1,-1,1,-1,961,3101,0.072,1.18,False,Solitudine / Nessun Contatto,,,Nessuna,1,0,1,0.0,3,3,3,0,3,0,0,0,0,0,0,0,8500.0,1,0.985,0.985,0.0,False,0,0,0,3,0.02,monte_carlo_run_919_seed_961.log
920,19,1,-1,-1,1,-1,962,3101,0.095,1.3,False,Solitudine / Nessun Contatto,,,Nessuna,2,0,2,0.93,2,2,2,0,2,0,0,0,0,0,0,0,8500.0,1,0.927,0.927,0.0,False,0,0,0,1,39.15,monte_carlo_run_920_seed_962.log
921,19,1,-1,-1,1,-1,963,3101,0.117,2.51,False,Solitudine / Nessun Contatto,,,Nessuna,2,0,2,0.16,3,3,2,0,2,1,1,1,0,0,0,0,8500.05,1,0.977,0.757,-0.2205,False,0,0,0,1,5.3,monte_carlo_run_921_seed_963.log
922,19,1,-1,-1,1,-1,964,3101,0.067,0.92,False,Solitudine / Nessun Contatto,,,Nessuna,1,0,1,0.0,3,3,3,1,2,0,0,0,0,0,0,0,8500.0,2,1.0,1.0,0.0,False,0,0,1,2,0.02,monte_carlo_run_922_seed_964.log
923,19,1,-1,-1,1,-1,965,3101,0.094,1.2,False,Solitudine / Nessun Contatto,,,Nessuna,1,0,1,0.0,1,1,1,1,0,0,0,0,0,0,0,0,8500.0,2,1.0,1.0,0.0,False,0,0,0,0,0.02,monte_carlo_run_923_seed_965.log
924,19,1,-1,-1,1,-1,966,3101,0.128,1.55,False,Solitudine / Nessun Contatto,,,Nessuna,2,0,2,1.48,2,2,2,1,1,0,0,0,0,0,0,0,8500.0,2,1.004,1.004,0.0,False,0,0,1,1,51.08,monte_carlo_run_924_seed_966.log
925,19,1,-1,-1,1,-1,967,3101,0.133,2.3,False,Solitudine / Nessun Contatto,,,Nessuna,1,0,1,0.0,3,3,3,0,3,0,0,0,0,0,0,0,8500.0,1,0.985,0.985,0.0,False,0,0,0,3,0.02,monte_carlo_run_925_seed_967.log
926,19,1,-1,-1,1,-1,968,3101,0.098,1.73,False,Solitudine / Nessun Contatto,,,Nessuna,1,0,1,0.0,1,1,1,1,0,0,0,0,0,0,0,0,8500.0,2,1.0,1.0,0.0,False,0,0,0,0,0.02,monte_carlo_run_926_seed_968.log
927,19,1,-1,-1,1,-1,969,3101,0.09,1.84,False,Solitudine / Nessun Contatto,,,Nessuna,1,0,1,0.0,1,1,1,1,0,0,0,0,0,0,0,0,8500.0,2,1.0,1.0,0.0,False,0,0,0,0,0.02,monte_carlo_run_927_seed_969.log
928,19,1,-1,-1,1,-1,970,3101,0.131,1.57,False,Solitudine / Nessun Contatto,,,Nessuna,2,0,2,1.48,1,1,1,1,0,0,0,0,0,0,0,0,8500.0,2,1.001,1.001,0.0,False,0,0,0,0,50.74,monte_carlo_run_928_seed_970.log
929,19,1,-1,-1,1,-1,971,3101,0.138,3.44,False,Solitudine / Nessun Contatto,,,Nessuna,9,0,9,7.76,3,2,2,2,0,0,0,0,0,0,0,0,8500.0,4,1.398,1.398,0.0,False,5,0,3,3,661.3,monte_carlo_run_929_seed_971.log
930,19,1,-1,-1,1,-1,972,3101,0.106,1.7,False,Solitudine / Nessun Contatto,,,Nessuna,1,0,1,0.0,1,1,1,1,0,0,0,0,0,0,0,0,8500.0,2,1.0,1.0,0.0,False,0,0,0,0,0.02,monte_carlo_run_930_seed_972.log
931,19,1,-1,-1,1,-1,973,3101,0.057,0.85,False,Solitudine / Nessun Contatto,,,Nessuna,1,0,1,0.0,2,2,2,0,2,0,0,0,0,0,0,0,8500.0,1,0.985,0.985,0.0,False,0,0,0,1,0.02,monte_carlo_run_931_seed_973.log
932,19,1,-1,-1,1,-1,974,3101,0.138,2.39,False,Solitudine / Nessun Contatto,,,Nessuna,1,0,1,0.0,2,2,2,1,1,0,0,0,0,0,0,0,8500.0,2,1.0,1.0,0.0,False,0,0,1,1,0.02,monte_carlo_run_932_seed_974.log
933,19,1,-1,-1,1,-1,975,3101,0.14,2.87,False,Solitudine / Nessun Contatto,,,Nessuna,2,0,2,2.21,3,3,3,1,2,0,0,0,0,0,0,0,8500.0,2,1.04,1.04,0.0,False,0,0,2,2,74.73,monte_carlo_run_933_seed_975.log
934,19,1,-1,-1,1,-1,976,3101,0.091,2.08,False,Solitudine / Nessun Contatto,,,Nessuna,2,0,2,0.94,2,2,2,1,1,0,0,0,0,0,0,0,8500.0,2,1.013,1.013,0.0,False,0,0,1,1,41.1,monte_carlo_run_934_seed_976.log
935,19,1,-1,-1,1,-1,977,3101,0.1,1.72,False,Solitudine / Nessun Contatto,,,Nessuna,1,0,1,0.0,3,3,3,1,2,0,0,0,0,0,0,0,8500.0,2,1.0,1.0,0.0,False,0,0,1,3,0.02,monte_carlo_run_935_seed_977.log
936,19,1,-1,-1,1,-1,978,3101,0.147,2.53,False,Solitudine / Nessun Contatto,,,Nessuna,1,0,1,0.0,1,1,1,1,0,0,0,0,0,0,0,0,8500.0,2,1.0,1.0,0.0,False,0,0,0,0,0.02,monte_carlo_run_936_seed_978.log
937,19,1,-1,-1,1,-1,979,3101,0.099,2.43,False,Solitudine / Nessun Contatto,,,Nessuna,1,0,1,0.0,3,3,3,0,3,0,0,0,0,0,0,0,8500.0,1,0.985,0.985,0.0,False,0,0,1,3,0.02,monte_carlo_run_937_seed_979.log
938,19,1,-1,-1,1,-1,980,3101,0.106,1.55,False,Solitudine / Nessun Contatto,,,Nessuna,1,0,1,0.0,2,2,2,1,1,0,0,0,0,0,0,0,8500.0,2,1.0,1.0,0.0,False,0,0,0,1,0.02,monte_carlo_run_938_seed_980.log
939,19,1,-1,-1,1,-1,981,3101,0.081,1.12,False,Solitudine / Nessun Contatto,,,Nessuna,1,0,1,0.0,1,1,1,1,0,0,0,0,0,0,0,0,8500.0,2,1.0,1.0,0.0,False,0,0,0,0,0.02,monte_carlo_run_939_seed_981.log
940,19,1,-1,-1,1,-1,982,3101,0.075,1.48,False,Solitudine / Nessun Contatto,,,Nessuna,2,0,2,1.39,1,1,1,1,0,0,0,0,0,0,0,0,8500.0,2,1.002,1.002,0.0,False,0,0,0,0,74.21,monte_carlo_run_940_seed_982.log
941,19,1,-1,-1,1,-1,983,3101,0.083,1.2,False,Solitudine / Nessun Contatto,,,Nessuna,1,0,1,0.0,1,1,1,1,0,0,0,0,0,0,0,0,8500.0,2,1.0,1.0,0.0,False,0,0,0,0,0.02,monte_carlo_run_941_seed_983.log
942,19,1,-1,-1,1,-1,984,3101,0.057,1.1,False,Solitudine / Nessun Contatto,,,Nessuna,2,0,2,0.72,1,1,1,1,0,0,0,0,0,0,0,0,8500.0,2,1.001,1.001,0.0,False,0,0,0,0,50.53,monte_carlo_run_942_seed_984.log
943,19,1,-1,-1,1,-1,985,3101,0.055,1.22,False,Solitudine / Nessun Contatto,,,Nessuna,1,0,1,0.0,2,2,2,1,1,0,0,0,0,0,0,0,8500.0,2,1.0,1.0,0.0,False,0,0,1,1,0.02,monte_carlo_run_943_seed_985.log
944,19,1,-1,-1,1,-1,986,3101,0.107,2.32,False,Solitudine / Nessun Contatto,,,Nessuna,1,0,1,0.0,2,2,2,1,1,0,0,0,0,0,0,0,8500.0,2,1.0,1.0,0.0,False,0,0,1,1,0.02,monte_carlo_run_944_seed_986.log
945,19,1,-1,-1,1,-1,987,3101,0.06,0.91,False,Solitudine / Nessun Contatto,,,Nessuna,1,0,1,0.0,2,2,2,1,1,0,0,0,0,0,0,0,8500.0,2,1.0,1.0,0.0,False,0,0,0,1,0.02,monte_carlo_run_945_seed_987.log
946,19,1,-1,-1,1,-1,988,3101,0.104,1.62,False,Solitudine / Nessun Contatto,,,Nessuna,1,0,1,0.0,3,3,3,0,3,0,0,0,0,0,0,0,8500.0,1,0.985,0.985,0.0,False,0,0,1,2,0.02,monte_carlo_run_946_seed_988.log
947,19,1,-1,-1,1,-1,989,3101,0.117,2.89,False,Solitudine / Nessun Contatto,,,Nessuna,1,0,1,0.0,3,3,3,1,2,0,0,0,0,0,0,0,8500.0,2,1.001,1.001,0.0,False,0,0,2,3,0.02,monte_carlo_run_947_seed_989.log
948,19,1,-1,-1,1,-1,990,3101,0.126,3.06,False,Solitudine / Nessun Contatto,,,Nessuna,2,0,2,2.6,1,1,1,1,0,0,0,0,0,0,0,0,8500.0,2,1.002,1.002,0.0,False,0,0,0,0,89.82,monte_carlo_run_948_seed_990.log
949,19,1,-1,-1,1,-1,991,3101,0.113,2.48,False,Solitudine / Nessun Contatto,,,Nessuna,2,0,2,2.28,3,3,3,1,2,0,0,0,0,0,0,0,8500.0,2,1.024,1.024,0.0,False,0,0,2,3,81.07,monte_carlo_run_949_seed_991.log
950,19,1,-1,-1,1,-1,992,3101,0.124,2.23,False,Solitudine / Nessun Contatto,,,Nessuna,1,0,1,0.0,2,2,2,1,1,0,0,0,0,0,0,0,8500.0,2,1.0,1.0,0.0,False,0,0,1,1,0.02,monte_carlo_run_950_seed_992.log
951,20,1,-1,-1,1,1,993,3101,0.062,0.8,False,Solitudine / Nessun Contatto,,,Nessuna,1,0,1,0.0,1,1,1,1,0,0,0,0,0,0,0,0,8500.0,2,1.0,1.0,0.0,False,0,0,0,0,0.02,monte_carlo_run_951_seed_993.log
952,20,1,-1,-1,1,1,994,3101,0.094,2.34,False,Solitudine / Nessun Contatto,,,Nessuna,3,0,3,0.75,2,2,2,2,0,0,0,0,0,0,0,0,8500.0,6,1.01,1.01,0.0,False,0,0,1,1,31.72,monte_carlo_run_952_seed_994.log
953,20,1,-1,-1,1,1,995,3101,0.076,1.24,False,Solitudine / Nessun Contatto,,,Nessuna,2,0,2,0.0,2,2,2,2,0,0,0,0,0,0,0,0,8500.0,6,1.0,1.0,0.0,False,0,0,1,1,0.04,monte_carlo_run_953_seed_995.log
954,20,1,-1,-1,1,1,996,3101,0.126,3.12,False,Solitudine / Nessun Contatto,,,Nessuna,7,0,7,4.71,1,1,1,1,0,0,0,0,0,0,0,0,8500.0,2,1.101,1.101,0.0,False,4,0,0,0,496.07,monte_carlo_run_954_seed_996.log
955,20,1,-1,-1,1,1,997,3101,0.135,3.04,False,Solitudine / Nessun Contatto,,,Nessuna,11,0,11,4.06,3,3,3,3,0,0,0,0,0,0,0,0,8500.0,12,1.518,1.518,0.0,False,6,0,2,2,1004.21,monte_carlo_run_955_seed_997.log
956,20,1,-1,-1,1,1,998,3101,0.137,2.67,False,Solitudine / Nessun Contatto,,,Nessuna,6,0,6,2.14,3,3,3,3,0,0,0,0,0,0,0,0,8500.0,10,1.074,1.074,0.0,False,2,0,2,2,130.29,monte_carlo_run_956_seed_998.log
957,20,1,-1,-1,1,1,999,3101,0.093,1.34,False,Solitudine / Nessun Contatto,,,Nessuna,1,0,1,0.0,1,1,1,1,0,0,0,0,0,0,0,0,8500.0,2,1.0,1.0,0.0,False,0,0,0,0,0.02,monte_carlo_run_957_seed_999.log
958,20,1,-1,-1,1,1,1000,3101,0.112,2.17,False,Solitudine / Nessun Contatto,,,Nessuna,1,0,1,0.0,1,1,1,1,0,0,0,0,0,0,0,0,8500.0,2,1.0,1.0,0.0,False,0,0,0,0,0.02,monte_carlo_run_958_seed_1000.log
959,20,1,-1,-1,1,1,1001,3101,0.067,1.46,False,Solitudine / Nessun Contatto,,,Nessuna,2,0,2,0.0,2,2,2,2,0,0,0,0,0,0,0,0,8500.0,5,1.0,1.0,0.0,False,0,0,0,1,0.04,monte_carlo_run_959_seed_1001.log
960,20,1,-1,-1,1,1,1002,3101,0.125,2.29,False,Solitudine / Nessun Contatto,,,Nessuna,2,0,2,0.0,2,2,2,2,0,0,0,0,0,0,0,0,8500.0,5,1.0,1.0,0.0,False,0,0,0,1,0.04,monte_carlo_run_960_seed_1002.log
961,20,1,-1,-1,1,1,1003,3101,0.07,1.37,False,Solitudine / Nessun Contatto,,,Nessuna,1,0,1,0.0,1,1,1,1,0,0,0,0,0,0,0,0,8500.0,2,1.0,1.0,0.0,False,0,0,0,0,0.02,monte_carlo_run_961_seed_1003.log
962,20,1,-1,-1,1,1,1004,3101,0.069,0.87,False,Solitudine / Nessun Contatto,,,Nessuna,1,0,1,0.0,1,1,1,1,0,0,0,0,0,0,0,0,8500.0,2,1.0,1.0,0.0,False,0,0,0,0,0.02,monte_carlo_run_962_seed_1004.log
963,20,1,-1,-1,1,1,1005,3101,0.098,2.41,False,Solitudine / Nessun Contatto,,,Nessuna,3,0,3,0.0,2,2,2,2,0,0,0,0,0,0,0,0,8500.0,6,1.018,1.018,0.0,False,0,0,1,1,58.44,monte_carlo_run_963_seed_1005.log
964,20,1,-1,-1,1,1,1006,3101,0.088,1.4,False,Solitudine / Nessun Contatto,,,Nessuna,2,0,2,0.0,2,2,2,2,0,0,0,0,0,0,0,0,8500.0,5,1.0,1.0,0.0,False,0,0,1,1,0.04,monte_carlo_run_964_seed_1006.log
965,20,1,-1,-1,1,1,1007,3101,0.088,1.67,False,Solitudine / Nessun Contatto,,,Nessuna,2,0,2,0.0,2,2,2,2,0,0,0,0,0,0,0,0,8500.0,5,1.0,1.0,0.0,False,0,0,1,1,0.04,monte_carlo_run_965_seed_1007.log
966,20,1,-1,-1,1,1,1008,3101,0.147,2.28,False,Solitudine / Nessun Contatto,,,Nessuna,1,0,1,0.0,1,1,1,1,0,0,0,0,0,0,0,0,8500.0,2,1.0,1.0,0.0,False,0,0,0,0,0.02,monte_carlo_run_966_seed_1008.log
967,20,1,-1,-1,1,1,1009,3101,0.137,2.87,False,Solitudine / Nessun Contatto,,,Nessuna,2,0,2,2.16,1,1,1,1,0,0,0,0,0,0,0,0,8500.0,2,1.002,1.002,0.0,False,0,0,0,0,73.29,monte_carlo_run_967_seed_1009.log
968,20,1,-1,-1,1,1,1010,3101,0.054,1.16,False,Solitudine / Nessun Contatto,,,Nessuna,2,0,2,0.0,2,2,2,2,0,0,0,0,0,0,0,0,8500.0,5,1.0,1.0,0.0,False,0,0,0,1,0.04,monte_carlo_run_968_seed_1010.log
969,20,1,-1,-1,1,1,1011,3101,0.137,2.34,False,Solitudine / Nessun Contatto,,,Nessuna,6,0,6,0.0,3,3,3,3,0,0,0,0,0,0,0,0,8500.0,9,1.084,1.084,0.0,False,2,0,2,3,163.14,monte_carlo_run_969_seed_1011.log
970,20,1,-1,-1,1,1,1012,3101,0.116,2.55,False,Solitudine / Nessun Contatto,,,Nessuna,10,0,10,3.03,3,3,3,3,0,0,0,0,0,0,0,0,8500.0,11,1.335,1.335,0.0,False,4,0,2,2,683.12,monte_carlo_run_970_seed_1012.log
971,20,1,-1,-1,1,1,1013,3101,0.122,2.58,False,Solitudine / Nessun Contatto,,,Nessuna,5,0,5,2.38,3,3,3,3,0,0,0,0,0,0,0,0,8500.0,9,1.038,1.038,0.0,False,0,0,3,3,78.08,monte_carlo_run_971_seed_1013.log
972,20,1,-1,-1,1,1,1014,3101,0.138,3.17,False,Solitudine / Nessun Contatto,,,Nessuna,6,0,6,11.6,2,2,1,1,0,1,1,1,0,0,0,0,8500.74,3,1.066,0.86,-0.2058,False,3,0,0,0,401.35,monte_carlo_run_972_seed_1014.log
973,20,1,-1,-1,1,1,1015,3101,0.064,0.84,False,Solitudine / Nessun Contatto,,,Nessuna,1,0,1,0.0,1,1,1,1,0,0,0,0,0,0,0,0,8500.0,2,1.0,1.0,0.0,False,0,0,0,0,0.02,monte_carlo_run_973_seed_1015.log
974,20,1,-1,-1,1,1,1016,3101,0.109,1.5,False,Solitudine / Nessun Contatto,,,Nessuna,1,0,1,0.0,1,1,1,1,0,0,0,0,0,0,0,0,8500.0,2,1.0,1.0,0.0,False,0,0,0,0,0.02,monte_carlo_run_974_seed_1016.log
975,20,1,-1,-1,1,1,1017,3101,0.1,1.7,False,Solitudine / Nessun Contatto,,,Nessuna,1,0,1,0.0,1,1,1,1,0,0,0,0,0,0,0,0,8500.0,2,1.0,1.0,0.0,False,0,0,0,0,0.02,monte_carlo_run_975_seed_1017.log
976,20,1,-1,-1,1,1,1018,3101,0.136,2.56,False,Solitudine / Nessun Contatto,,,Nessuna,2,0,2,2.54,1,1,1,1,0,0,0,0,0,0,0,0,8500.0,2,1.002,1.002,0.0,False,0,0,0,0,86.57,monte_carlo_run_976_seed_1018.log
977,20,1,-1,-1,1,1,1019,3101,0.137,1.67,False,Solitudine / Nessun Contatto,,,Nessuna,1,0,1,0.0,1,1,1,1,0,0,0,0,0,0,0,0,8500.0,2,1.0,1.0,0.0,False,0,0,0,0,0.02,monte_carlo_run_977_seed_1019.log
978,20,1,-1,-1,1,1,1020,3101,0.114,1.41,False,Solitudine / Nessun Contatto,,,Nessuna,1,0,1,0.0,1,1,1,1,0,0,0,0,0,0,0,0,8500.0,2,1.0,1.0,0.0,False,0,0,0,0,0.02,monte_carlo_run_978_seed_1020.log
979,20,1,-1,-1,1,1,1021,3101,0.102,1.62,False,Solitudine / Nessun Contatto,,,Nessuna,1,0,1,0.0,1,1,1,1,0,0,0,0,0,0,0,0,8500.0,2,1.0,1.0,0.0,False,0,0,0,0,0.02,monte_carlo_run_979_seed_1021.log
980,20,1,-1,-1,1,1,1022,3101,0.064,0.97,False,Solitudine / Nessun Contatto,,,Nessuna,2,0,2,0.0,2,2,2,2,0,0,0,0,0,0,0,0,8500.0,5,1.0,1.0,0.0,False,0,0,0,1,0.04,monte_carlo_run_980_seed_1022.log
981,20,1,-1,-1,1,1,1023,3101,0.147,3.28,False,Solitudine / Nessun Contatto,,,Nessuna,2,0,2,2.94,1,1,1,1,0,0,0,0,0,0,0,0,8500.0,2,1.002,1.002,0.0,False,0,0,0,0,79.92,monte_carlo_run_981_seed_1023.log
982,20,1,-1,-1,1,1,1024,3101,0.143,2.6,False,Solitudine / Nessun Contatto,,,Nessuna,1,0,1,0.0,1,1,1,1,0,0,0,0,0,0,0,0,8500.0,2,1.0,1.0,0.0,False,0,0,0,0,0.02,monte_carlo_run_982_seed_1024.log
983,20,1,-1,-1,1,1,1025,3101,0.061,0.93,False,Solitudine / Nessun Contatto,,,Nessuna,2,0,2,0.0,2,2,2,2,0,0,0,0,0,0,0,0,8500.0,5,1.0,1.0,0.0,False,0,0,1,1,0.04,monte_carlo_run_983_seed_1025.log
984,20,1,-1,-1,1,1,1026,3101,0.086,1.75,False,Solitudine / Nessun Contatto,,,Nessuna,3,0,3,1.6,2,2,2,2,0,0,0,0,0,0,0,0,8500.0,6,1.018,1.018,0.0,False,0,0,1,1,74.4,monte_carlo_run_984_seed_1026.log
985,20,1,-1,-1,1,1,1027,3101,0.125,3.12,True,Contatto Planetario / Biofirme,15.22,1.9,Cauta,2,0,4,3.9,2,2,2,1,1,0,0,0,0,0,0,0,8500.0,2,1.015,1.015,0.0,False,1,0,0,0,206.55,monte_carlo_run_985_seed_1027.log
986,20,1,-1,-1,1,1,1028,3101,0.087,1.08,False,Solitudine / Nessun Contatto,,,Nessuna,1,0,1,0.0,1,1,1,1,0,0,0,0,0,0,0,0,8500.0,2,1.0,1.0,0.0,False,0,0,0,0,0.02,monte_carlo_run_986_seed_1028.log
987,20,1,-1,-1,1,1,1029,3101,0.123,2.51,False,Solitudine / Nessun Contatto,,,Nessuna,12,0,12,6.61,2,2,2,2,0,0,0,0,0,0,0,0,8500.0,6,1.158,1.158,0.0,False,6,0,0,1,605.27,monte_carlo_run_987_seed_1029.log
988,20,1,-1,-1,1,1,1030,3101,0.053,0.69,False,Solitudine / Nessun Contatto,,,Nessuna,2,0,2,0.0,2,2,2,2,0,0,0,0,0,0,0,0,8500.0,6,1.0,1.0,0.0,False,0,0,0,1,0.04,monte_carlo_run_988_seed_1030.log
989,20,1,-1,-1,1,1,1031,3101,0.132,2.32,False,Solitudine / Nessun Contatto,,,Nessuna,1,0,1,0.0,1,1,1,1,0,0,0,0,0,0,0,0,8500.0,2,1.0,1.0,0.0,False,0,0,0,0,0.02,monte_carlo_run_989_seed_1031.log
990,20,1,-1,-1,1,1,1032,3101,0.092,1.82,False,Solitudine / Nessun Contatto,,,Nessuna,4,0,4,1.62,4,4,3,3,0,1,0,0,0,0,0,0,8500.0,9,1.022,1.022,0.0,False,0,0,1,3,70.49,monte_carlo_run_990_seed_1032.log
991,20,1,-1,-1,1,1,1033,3101,0.067,1.41,False,Solitudine / Nessun Contatto,,,Nessuna,1,0,1,0.0,1,1,1,1,0,0,0,0,0,0,0,0,8500.0,2,1.0,1.0,0.0,False,0,0,0,0,0.02,monte_carlo_run_991_seed_1033.log
992,20,1,-1,-1,1,1,1034,3101,0.072,1.07,False,Solitudine / Nessun Contatto,,,Nessuna,1,0,1,0.0,1,1,1,1,0,0,0,0,0,0,0,0,8500.0,2,1.0,1.0,0.0,False,0,0,0,0,0.02,monte_carlo_run_992_seed_1034.log
993,20,1,-1,-1,1,1,1035,3101,0.087,1.56,False,Solitudine / Nessun Contatto,,,Nessuna,4,0,4,0.0,3,3,3,3,0,0,0,0,0,0,0,0,8500.0,10,1.018,1.018,0.0,False,0,0,2,2,30.2,monte_carlo_run_993_seed_1035.log
994,20,1,-1,-1,1,1,1036,3101,0.076,1.5,False,Solitudine / Nessun Contatto,,,Nessuna,1,0,1,0.0,1,1,1,1,0,0,0,0,0,0,0,0,8500.0,2,1.0,1.0,0.0,False,0,0,0,0,0.02,monte_carlo_run_994_seed_1036.log
995,20,1,-1,-1,1,1,1037,3101,0.115,2.3,False,Solitudine / Nessun Contatto,,,Nessuna,2,0,2,0.0,2,2,2,2,0,0,0,0,0,0,0,0,8500.0,6,1.0,1.0,0.0,False,0,0,0,1,0.04,monte_carlo_run_995_seed_1037.log
996,20,1,-1,-1,1,1,1038,3101,0.143,2.02,False,Solitudine / Nessun Contatto,,,Nessuna,1,0,1,0.0,1,1,1,1,0,0,0,0,0,0,0,0,8500.0,2,1.0,1.0,0.0,False,0,0,0,0,0.02,monte_carlo_run_996_seed_1038.log
997,20,1,-1,-1,1,1,1039,3101,0.145,3.05,False,Solitudine / Nessun Contatto,,,Nessuna,3,0,3,2.25,2,1,1,0,1,1,1,1,0,1,1,0,8505.17,3,0.983,1.193,0.2101,True,0,0,0,1,219.71,monte_carlo_run_997_seed_1039.log
998,20,1,-1,-1,1,1,1040,3101,0.057,1.0,False,Solitudine / Nessun Contatto,,,Nessuna,2,0,2,0.0,2,2,2,2,0,0,0,0,0,0,0,0,8500.0,6,1.0,1.0,0.0,False,0,0,1,1,0.04,monte_carlo_run_998_seed_1040.log
999,20,1,-1,-1,1,1,1041,3101,0.101,2.4,False,Solitudine / Nessun Contatto,,,Nessuna,1,0,1,0.0,1,1,1,1,0,0,0,0,0,0,0,0,8500.0,2,1.0,1.0,0.0,False,0,0,0,0,0.02,monte_carlo_run_999_seed_1041.log
1000,20,1,-1,-1,1,1,1042,3101,0.085,1.66,False,Solitudine / Nessun Contatto,,,Nessuna,4,0,4,1.49,3,3,3,3,0,0,0,0,0,0,0,0,8500.0,8,1.008,1.008,0.0,False,0,0,1,3,69.93,monte_carlo_run_1000_seed_1042.log
1001,21,1,-1,1,-1,-1,1043,3101,0.586,10.3,True,Contatto Planetario / Biofirme,115.88,8.31,Diffidente,10,0,131,12.53,23,18,2,1,1,21,21,21,0,11,8,3,8565.42,30,1.137,1.562,0.4252,True,106,0,28,47,1000.31,monte_carlo_run_1001_seed_1043.log
1002,21,1,-1,1,-1,-1,1044,3101,0.526,7.38,True,Contatto Planetario / Biofirme,13.0,6.84,Ostile,2,0,177,25.2,35,29,5,1,4,30,28,28,0,12,11,1,8588.49,45,1.366,1.532,0.1655,True,138,0,39,68,1000.35,monte_carlo_run_1002_seed_1044.log
1003,21,1,-1,1,-1,-1,1045,3101,0.22,3.49,False,Solitudine / Nessun Contatto,,,Nessuna,2,0,2,2.84,2,2,2,1,1,0,0,0,0,0,0,0,8500.0,2,1.016,1.016,0.0,False,0,0,1,1,51.88,monte_carlo_run_1003_seed_1045.log
1004,21,1,-1,1,-1,-1,1046,3101,0.276,4.53,True,Incontro Flotta Deep-Space,464.79,14.43,Biosfera Primitiva,22,0,51,16.26,8,6,1,1,0,7,7,7,0,2,2,0,8515.95,10,1.2,1.39,0.1894,True,41,0,1,3,1000.21,monte_carlo_run_1004_seed_1046.log
1005,21,1,-1,1,-1,-1,1047,3101,0.567,13.93,True,Contatto Planetario / Biofirme,51.54,8.35,Diffidente,6,0,142,24.86,25,18,2,1,1,23,23,23,0,11,7,4,8582.46,35,1.021,1.562,0.5411,True,115,0,20,28,1000.19,monte_carlo_run_1005_seed_1047.log
1006,21,1,-1,1,-1,-1,1048,3101,0.559,13.42,False,Solitudine / Nessun Contatto,,,Nessuna,106,0,106,14.6,18,15,1,1,0,16,16,16,0,7,6,1,8555.34,21,1.444,1.468,0.0248,True,88,0,13,24,1000.68,monte_carlo_run_1006_seed_1048.log
1007,21,1,-1,1,-1,-1,1049,3101,0.24,3.21,False,Solitudine / Nessun Contatto,,,Nessuna,8,0,8,9.54,1,1,1,1,0,0,0,0,0,0,0,0,8500.0,2,1.111,1.111,0.0,False,6,0,0,0,350.71,monte_carlo_run_1007_seed_1049.log
1008,21,1,-1,1,-1,-1,1050,3101,0.583,13.41,True,Contatto Planetario / Biofirme,597.45,18.0,Diffidente,110,0,288,32.3,58,45,4,2,2,53,52,52,0,28,20,8,8697.09,85,1.212,1.6,0.3877,True,225,0,96,124,1000.12,monte_carlo_run_1008_seed_1050.log
1009,21,1,-1,1,-1,-1,1051,3101,0.368,6.81,True,Contatto Planetario / Biofirme,180.31,7.27,Cauta,10,1,86,20.16,14,8,2,1,1,10,10,10,0,5,5,0,8538.12,15,1.323,1.271,-0.0516,False,68,0,6,9,1001.27,monte_carlo_run_1009_seed_1051.log
1010,21,1,-1,1,-1,-1,1052,3101,0.498,10.91,True,Contatto Planetario / Biofirme,244.74,17.02,Diffidente,28,0,107,17.02,22,18,3,0,2,19,16,16,0,12,12,0,8581.8,40,0.915,1.6,0.6853,True,85,0,43,70,1000.17,monte_carlo_run_1010_seed_1052.log
1011,21,1,-1,1,-1,-1,1053,3101,0.539,6.64,True,Contatto Planetario / Biofirme,260.18,11.92,Collaborativa,16,0,110,20.96,20,18,2,1,0,18,18,18,0,3,3,0,8540.28,19,1.219,1.171,-0.0472,False,89,0,1,3,1001.94,monte_carlo_run_1011_seed_1053.log
1012,21,1,-1,1,-1,-1,1054,3101,0.4,8.1,False,Solitudine / Nessun Contatto,,,Nessuna,130,0,130,18.39,32,23,5,1,3,26,23,23,0,13,9,4,8592.7,37,1.027,1.528,0.5009,True,97,0,36,54,1000.12,monte_carlo_run_1012_seed_1054.log
1013,21,1,-1,1,-1,-1,1055,3101,0.343,5.9,True,Contatto Planetario / Biofirme,135.02,7.06,Ostile,9,0,37,17.58,6,5,3,0,2,3,3,3,0,0,0,0,8502.88,5,0.979,0.974,-0.0055,False,29,0,0,1,1005.15,monte_carlo_run_1013_seed_1055.log
1014,21,1,-1,1,-1,-1,1056,3101,0.255,3.67,False,Solitudine / Nessun Contatto,,,Nessuna,16,0,16,12.32,2,2,2,1,1,0,0,0,0,0,0,0,8500.0,4,1.554,1.554,0.0,False,14,0,1,1,1000.55,monte_carlo_run_1014_seed_1056.log
1015,21,1,-1,1,-1,-1,1057,3101,0.421,5.39,False,Solitudine / Nessun Contatto,,,Nessuna,46,0,46,11.98,4,2,1,1,0,3,3,3,0,2,2,0,8510.14,6,1.31,1.188,-0.1219,False,42,0,1,3,1003.74,monte_carlo_run_1015_seed_1057.log
1016,21,1,-1,1,-1,-1,1058,3101,0.39,9.32,True,Contatto Planetario / Biofirme,13.16,5.13,Diffidente,2,0,137,16.49,27,22,5,2,3,22,18,18,0,9,7,2,8560.02,34,1.14,1.6,0.4604,True,107,0,19,37,1000.34,monte_carlo_run_1016_seed_1058.log
1017,21,1,-1,1,-1,-1,1059,3101,0.492,10.25,True,Contatto Planetario / Biofirme,86.84,11.53,Diffidente,10,0,196,38.29,45,37,5,2,2,38,29,29,0,19,15,4,8641.44,75,1.281,1.6,0.3193,True,149,0,108,164,1000.12,monte_carlo_run_1017_seed_1059.log
1018,21,1,-1,1,-1,-1,1060,3101,0.411,5.39,False,Solitudine / Nessun Contatto,,,Nessuna,85,0,85,14.56,13,8,1,1,0,11,11,11,0,8,7,1,8563.18,20,1.162,1.418,0.2554,True,71,0,18,36,1000.49,monte_carlo_run_1018_seed_1060.log
1019,21,1,-1,1,-1,-1,1061,3101,0.562,12.04,True,Contatto Planetario / Biofirme,77.22,9.76,Cauta,7,1,153,25.72,25,18,3,1,2,21,21,21,0,10,8,2,8572.07,29,1.253,1.6,0.3466,True,123,0,21,32,1000.7,monte_carlo_run_1019_seed_1061.log
1020,21,1,-1,1,-1,-1,1062,3101,0.585,8.52,True,Contatto Planetario / Biofirme,238.66,17.65,Predatoria,16,1,148,30.3,30,22,2,1,0,27,20,20,0,11,10,1,8595.02,31,1.299,1.464,0.1642,True,114,0,30,45,1000.1,monte_carlo_run_1020_seed_1062.log
1021,21,1,-1,1,-1,-1,1063,3101,0.583,10.23,False,Solitudine / Nessun Contatto,,,Nessuna,80,0,80,12.0,19,17,4,0,4,15,14,14,0,10,10,0,8571.29,33,0.926,1.533,0.6073,True,61,0,35,54,1000.24,monte_carlo_run_1021_seed_1063.log
1022,21,1,-1,1,-1,-1,1064,3101,0.549,6.86,True,Contatto Planetario / Biofirme,500.14,7.86,Cauta,43,0,117,17.81,20,15,3,2,0,17,17,17,0,8,7,1,8569.36,23,1.101,1.429,0.3279,True,95,0,17,32,1000.38,monte_carlo_run_1022_seed_1064.log
1023,21,1,-1,1,-1,-1,1065,3101,0.296,4.23,True,Contatto Planetario / Biofirme,25.45,4.46,Diffidente,3,0,28,17.71,7,6,3,0,3,4,4,4,0,3,2,1,8521.81,9,0.787,1.182,0.3958,True,19,0,5,10,1000.72,monte_carlo_run_1023_seed_1065.log
1024,21,1,-1,1,-1,-1,1066,3101,0.494,10.04,True,Incontro Flotta Deep-Space,577.14,11.0,Collaborativa,73,0,196,28.06,39,30,1,1,0,37,37,37,0,19,10,9,8638.78,58,1.523,1.6,0.0773,True,152,0,61,72,1000.65,monte_carlo_run_1024_seed_1066.log
1025,21,1,-1,1,-1,-1,1067,3101,0.249,4.23,False,Solitudine / Nessun Contatto,,,Nessuna,39,0,39,25.27,6,6,3,2,0,3,3,3,0,0,0,0,8503.05,7,1.594,0.848,-0.746,False,30,0,0,0,1001.81,monte_carlo_run_1025_seed_1067.log
1026,21,1,-1,1,-1,-1,1068,3101,0.276,4.84,False,Solitudine / Nessun Contatto,,,Nessuna,21,0,21,18.67,4,4,1,1,0,3,3,3,0,1,1,0,8508.46,7,1.42,1.213,-0.2063,False,17,0,0,1,1001.11,monte_carlo_run_1026_seed_1068.log
1027,21,1,-1,1,-1,-1,1069,3101,0.471,7.26,True,Incontro Flotta Deep-Space,394.02,11.01,Biosfera Primitiva,31,1,74,19.01,23,16,2,1,1,20,20,20,0,5,4,1,8540.42,22,1.3,1.435,0.1352,True,50,0,8,12,1000.24,monte_carlo_run_1027_seed_1069.log
1028,21,1,-1,1,-1,-1,1070,3101,0.54,11.28,True,Contatto Planetario / Biofirme,10.87,5.87,Diffidente,2,0,30,8.12,7,7,2,1,1,5,5,5,0,2,2,0,8519.99,9,0.889,1.217,0.3273,True,21,0,0,3,1000.1,monte_carlo_run_1028_seed_1070.log
1029,21,1,-1,1,-1,-1,1071,3101,0.554,8.17,True,Contatto Planetario / Biofirme,8.2,4.54,Diffidente,2,0,48,15.41,13,11,4,1,2,9,9,9,0,6,6,0,8546.19,18,1.197,1.477,0.2807,True,33,0,11,27,1001.08,monte_carlo_run_1029_seed_1071.log
1030,21,1,-1,1,-1,-1,1072,3101,0.502,12.39,True,Contatto Planetario / Biofirme,28.69,9.18,Collaborativa,4,1,224,23.36,39,25,4,1,3,34,31,31,0,18,16,2,8608.33,52,1.128,1.6,0.4723,True,180,0,57,82,1000.5,monte_carlo_run_1030_seed_1072.log
1031,21,1,-1,1,-1,-1,1073,3101,0.311,7.46,True,Incontro Flotta Deep-Space,487.34,10.29,Biosfera Primitiva,40,0,112,13.88,20,15,4,2,2,15,13,13,0,9,6,3,8556.6,31,1.377,1.6,0.223,True,89,0,27,41,1001.34,monte_carlo_run_1031_seed_1073.log
1032,21,1,-1,1,-1,-1,1074,3101,0.488,10.94,True,Contatto Planetario / Biofirme,274.62,17.21,Cauta,27,1,173,30.75,33,24,5,2,1,27,22,22,0,12,7,5,8592.47,42,1.567,1.6,0.0327,True,138,0,62,80,1000.07,monte_carlo_run_1032_seed_1074.log
1033,21,1,-1,1,-1,-1,1075,3101,0.462,6.3,True,Contatto Planetario / Biofirme,338.6,7.96,Cauta,22,0,143,24.88,32,31,5,0,3,27,27,27,0,14,12,2,8604.37,38,0.995,1.483,0.4887,True,107,0,37,54,1000.02,monte_carlo_run_1033_seed_1075.log
1034,21,1,-1,1,-1,-1,1076,3101,0.379,7.04,True,Incontro Flotta Deep-Space,612.64,6.25,Biosfera Primitiva,51,1,102,16.21,14,10,5,1,3,8,7,7,0,6,6,0,8536.5,16,0.988,1.307,0.3197,True,87,0,11,29,1000.54,monte_carlo_run_1034_seed_1076.log
1035,21,1,-1,1,-1,-1,1077,3101,0.338,5.4,True,Contatto Planetario / Biofirme,81.65,5.8,Collaborativa,5,0,91,19.53,14,13,2,1,0,12,11,11,0,5,5,0,8529.48,16,1.199,1.372,0.1725,True,76,0,6,13,1000.52,monte_carlo_run_1035_seed_1077.log
1036,21,1,-1,1,-1,-1,1078,3101,0.301,7.37,False,Solitudine / Nessun Contatto,,,Nessuna,51,0,51,6.66,10,8,3,0,1,7,7,7,0,3,3,0,8533.3,9,0.769,0.808,0.0389,True,41,0,2,14,1000.01,monte_carlo_run_1036_seed_1078.log
1037,21,1,-1,1,-1,-1,1079,3101,0.345,6.26,True,Incontro Flotta Deep-Space,456.3,0.0,Biosfera Primitiva,24,0,67,13.7,14,10,2,1,1,11,11,11,0,6,6,0,8538.73,17,1.183,1.42,0.2374,True,52,0,6,17,1000.29,monte_carlo_run_1037_seed_1079.log
1038,21,1,-1,1,-1,-1,1080,3101,0.299,7.24,True,Incontro Flotta Deep-Space,217.23,4.66,Biosfera Primitiva,9,0,63,19.47,10,9,3,1,2,7,7,7,0,5,5,0,8541.42,13,0.872,1.423,0.5513,True,52,0,5,11,1002.38,monte_carlo_run_1038_seed_1080.log
1039,21,1,-1,1,-1,-1,1081,3101,0.344,5.55,True,Contatto Planetario / Biofirme,76.13,5.79,Cauta,7,0,58,17.42,11,9,3,1,2,8,8,8,0,4,3,1,8536.6,11,0.787,1.27,0.4833,True,45,0,6,10,1002.14,monte_carlo_run_1039_seed_1081.log
1040,21,1,-1,1,-1,-1,1082,3101,0.513,8.36,True,Contatto Planetario / Biofirme,492.26,29.21,Collaborativa,43,0,103,38.36,14,11,3,1,2,11,11,11,0,6,6,0,8535.15,17,1.314,1.381,0.0672,True,87,0,8,11,1000.42,monte_carlo_run_1040_seed_1082.log
1041,21,1,-1,1,-1,-1,1083,3101,0.248,4.82,False,Solitudine / Nessun Contatto,,,Nessuna,4,0,4,7.54,1,1,1,1,0,0,0,0,0,0,0,0,8500.0,2,1.035,1.035,0.0,False,3,0,0,0,205.62,monte_carlo_run_1041_seed_1083.log
1042,21,1,-1,1,-1,-1,1084,3101,0.447,9.52,True,Incontro Flotta Deep-Space,726.59,12.33,Biosfera Primitiva,64,1,109,26.18,19,15,2,1,1,16,16,16,0,8,7,1,8553.85,20,1.151,1.556,0.4052,True,89,0,19,25,1000.32,monte_carlo_run_1042_seed_1084.log
1043,21,1,-1,1,-1,-1,1085,3101,0.29,5.89,True,Incontro Flotta Deep-Space,867.14,15.37,Collaborativa,83,0,112,15.37,21,16,1,1,0,20,19,19,0,10,8,2,8585.27,29,1.03,1.551,0.5203,True,88,0,26,41,1000.91,monte_carlo_run_1043_seed_1085.log
1044,21,1,-1,1,-1,-1,1086,3101,0.522,7.79,True,Incontro Flotta Deep-Space,385.45,14.96,Biosfera Primitiva,52,1,170,27.28,33,24,2,1,1,30,30,30,0,13,11,2,8597.3,47,1.437,1.6,0.1635,True,134,0,27,44,1000.1,monte_carlo_run_1044_seed_1086.log
1045,21,1,-1,1,-1,-1,1087,3101,0.316,5.16,True,Incontro Flotta Deep-Space,879.01,13.32,Biosfera Primitiva,66,0,82,16.72,12,8,2,1,0,10,10,10,0,8,7,1,8549.62,17,1.312,1.372,0.0595,True,68,0,12,25,1001.45,monte_carlo_run_1045_seed_1087.log
1046,21,1,-1,1,-1,-1,1088,3101,0.493,10.69,True,Contatto Planetario / Biofirme,98.29,16.69,Diffidente,8,0,115,18.38,22,17,3,2,0,19,16,16,0,10,9,1,8562.51,24,1.481,1.433,-0.0479,False,91,0,13,24,1000.35,monte_carlo_run_1046_seed_1088.log
1047,21,1,-1,1,-1,-1,1089,3101,0.439,6.72,True,Contatto Planetario / Biofirme,174.61,9.47,Cauta,13,0,116,24.65,19,14,4,2,2,15,12,12,0,7,7,0,8547.88,25,1.266,1.486,0.2201,True,94,0,22,42,1000.12,monte_carlo_run_1047_seed_1089.log
1048,21,1,-1,1,-1,-1,1090,3101,0.423,8.74,True,Contatto Planetario / Biofirme,263.47,16.72,Ostile,25,0,194,30.11,38,32,3,2,1,35,34,34,0,20,17,3,8652.55,60,1.003,1.6,0.5969,True,152,0,82,108,1000.52,monte_carlo_run_1048_seed_1090.log
1049,21,1,-1,1,-1,-1,1091,3101,0.367,4.41,True,Incontro Flotta Deep-Space,286.43,5.92,Biosfera Primitiva,23,1,71,17.38,9,7,3,2,1,5,4,4,0,3,3,0,8515.39,11,1.296,1.183,-0.1133,False,61,0,5,12,1000.37,monte_carlo_run_1049_seed_1091.log
1050,21,1,-1,1,-1,-1,1092,3101,0.523,10.12,False,Solitudine / Nessun Contatto,,,Nessuna,130,1,130,25.09,26,20,1,1,0,24,24,24,0,18,12,6,8608.95,52,1.196,1.6,0.4044,True,102,0,62,79,1000.12,monte_carlo_run_1050_seed_1092.log
1051,22,1,-1,1,-1,1,1093,3101,0.35,6.38,True,Incontro Flotta Deep-Space,233.3,4.78,Biosfera Primitiva,9,0,72,12.12,13,11,1,0,1,11,11,11,0,4,3,1,8531.25,16,0.936,1.385,0.4491,True,58,0,6,10,1000.38,monte_carlo_run_1051_seed_1093.log
1052,22,1,-1,1,-1,1,1094,3101,0.443,5.87,True,Incontro Flotta Deep-Space,395.47,5.7,Collaborativa,51,0,120,12.52,21,19,3,2,1,18,8,8,0,4,4,0,8528.87,47,1.188,1.522,0.3331,True,94,0,37,57,1000.02,monte_carlo_run_1052_seed_1094.log
1053,22,1,-1,1,-1,1,1095,3101,0.384,8.03,True,Contatto Planetario / Biofirme,613.94,16.05,Cauta,91,0,193,21.6,37,26,2,1,1,33,32,32,0,16,10,6,8607.4,49,1.169,1.6,0.4305,True,151,0,58,77,1000.0,monte_carlo_run_1053_seed_1095.log
1054,22,1,-1,1,-1,1,1096,3101,0.336,5.49,True,Incontro Flotta Deep-Space,431.39,7.89,Biosfera Primitiva,49,0,105,14.67,18,14,3,2,1,14,11,11,0,5,3,2,8532.85,35,1.407,1.6,0.1931,True,86,0,22,35,1001.59,monte_carlo_run_1054_seed_1096.log
1055,22,1,-1,1,-1,1,1097,3101,0.282,5.84,True,Incontro Flotta Deep-Space,674.84,10.21,Biosfera Primitiva,52,0,83,14.29,13,13,3,0,2,10,10,10,0,7,7,0,8547.7,18,0.956,1.371,0.415,True,69,0,14,24,1002.28,monte_carlo_run_1055_seed_1097.log
1056,22,1,-1,1,-1,1,1098,3101,0.35,8.06,True,Incontro Flotta Deep-Space,431.33,12.9,Biosfera Primitiva,34,0,148,20.75,31,27,4,1,2,26,23,23,0,18,12,6,8628.14,57,1.306,1.6,0.2938,True,114,0,76,101,1000.91,monte_carlo_run_1056_seed_1098.log
1057,22,1,-1,1,-1,1,1099,3101,0.236,3.56,False,Solitudine / Nessun Contatto,,,Nessuna,6,0,6,7.66,2,2,1,1,0,1,1,1,0,0,0,0,8501.01,3,1.054,0.871,-0.1835,False,2,0,0,0,400.79,monte_carlo_run_1057_seed_1099.log
1058,22,1,-1,1,-1,1,1100,3101,0.532,12.06,True,Contatto Planetario / Biofirme,74.71,10.07,Ostile,7,1,200,24.41,40,34,3,2,0,36,30,30,0,10,9,1,8589.07,45,1.083,1.498,0.4142,True,160,0,19,33,1000.29,monte_carlo_run_1058_seed_1100.log
1059,22,1,-1,1,-1,1,1101,3101,0.4,7.99,True,Contatto Planetario / Biofirme,80.44,11.58,Diffidente,18,0,250,13.83,39,33,5,1,3,34,15,15,0,12,11,1,8572.42,64,0.96,1.498,0.5385,True,208,0,75,147,1000.18,monte_carlo_run_1059_seed_1101.log
1060,22,1,-1,1,-1,1,1102,3101,0.274,6.36,False,Solitudine / Nessun Contatto,,,Nessuna,264,0,264,12.83,57,45,5,2,3,49,15,15,0,8,7,1,8552.79,83,1.263,1.376,0.113,True,202,0,91,134,1000.02,monte_carlo_run_1060_seed_1102.log
1061,22,1,-1,1,-1,1,1103,3101,0.313,5.55,True,Contatto Planetario / Biofirme,78.86,8.84,Collaborativa,5,0,55,16.49,12,9,2,1,1,10,10,10,0,5,4,1,8537.06,16,1.016,1.429,0.4125,True,41,0,7,14,1004.03,monte_carlo_run_1061_seed_1103.log
1062,22,1,-1,1,-1,1,1104,3101,0.259,3.41,False,Solitudine / Nessun Contatto,,,Nessuna,5,0,5,0.0,2,2,2,2,0,0,0,0,0,0,0,0,8500.0,5,1.002,1.002,0.0,False,0,0,0,1,89.98,monte_carlo_run_1062_seed_1104.log
1063,22,1,-1,1,-1,1,1105,3101,0.496,6.25,False,Solitudine / Nessun Contatto,,,Nessuna,83,0,83,19.1,16,10,1,1,0,13,13,13,0,7,7,0,8559.19,17,1.137,1.18,0.043,True,65,0,5,18,1000.26,monte_carlo_run_1063_seed_1105.log
1064,22,1,-1,1,-1,1,1106,3101,0.48,9.98,True,Contatto Planetario / Biofirme,115.81,9.0,Predatoria,16,0,289,17.33,55,42,7,3,4,47,32,32,0,17,16,1,8628.45,78,1.199,1.587,0.3887,True,232,0,49,142,1000.32,monte_carlo_run_1064_seed_1106.log
1065,22,1,-1,1,-1,1,1107,3101,0.412,8.62,True,Contatto Planetario / Biofirme,99.31,10.04,Ostile,10,0,112,18.24,19,12,3,2,0,16,12,12,0,7,6,1,8545.39,35,1.46,1.6,0.1403,True,91,0,25,44,1000.69,monte_carlo_run_1065_seed_1107.log
1066,22,1,-1,1,-1,1,1108,3101,0.595,7.98,True,Contatto Planetario / Biofirme,205.0,12.31,Collaborativa,26,0,176,12.82,37,32,5,2,1,32,21,21,0,12,10,2,8580.75,48,1.539,1.49,-0.0486,False,133,0,33,59,1000.1,monte_carlo_run_1066_seed_1108.log
1067,22,1,-1,1,-1,1,1109,3101,0.559,7.81,True,Incontro Flotta Deep-Space,251.31,0.0,Biosfera Primitiva,24,0,167,16.63,25,20,2,1,0,23,14,14,0,6,6,0,8558.63,35,1.264,1.6,0.3357,True,135,0,5,17,1001.08,monte_carlo_run_1067_seed_1109.log
1068,22,1,-1,1,-1,1,1110,3101,0.595,12.42,True,Contatto Planetario / Biofirme,188.94,11.79,Collaborativa,33,0,248,20.32,50,38,4,1,3,45,38,38,0,23,14,9,8651.05,79,1.119,1.6,0.4811,True,191,0,109,144,1000.18,monte_carlo_run_1068_seed_1110.log
1069,22,1,-1,1,-1,1,1111,3101,0.507,6.92,True,Incontro Flotta Deep-Space,559.16,8.32,Biosfera Primitiva,27,1,83,19.48,21,17,4,1,2,16,16,16,0,10,6,4,8574.6,25,1.048,1.513,0.4651,True,60,0,20,35,1000.69,monte_carlo_run_1069_seed_1111.log
1070,22,1,-1,1,-1,1,1112,3101,0.465,9.72,False,Solitudine / Nessun Contatto,,,Nessuna,199,1,199,14.55,38,28,3,2,0,33,17,17,0,10,10,0,8562.2,62,1.148,1.6,0.4519,True,160,0,36,71,1001.06,monte_carlo_run_1070_seed_1112.log
1071,22,1,-1,1,-1,1,1113,3101,0.501,8.47,True,Incontro Flotta Deep-Space,389.16,0.0,Biosfera Primitiva,59,0,187,30.37,30,20,2,1,0,27,25,25,0,15,12,3,8600.43,48,1.284,1.6,0.3156,True,152,0,38,55,1000.39,monte_carlo_run_1071_seed_1113.log
1072,22,1,-1,1,-1,1,1114,3101,0.223,5.27,True,Incontro Flotta Deep-Space,783.53,20.19,Biosfera Primitiva,74,1,102,20.32,17,10,4,1,3,12,7,7,0,4,4,0,8526.32,24,0.858,1.25,0.3919,True,82,0,4,10,1001.0,monte_carlo_run_1072_seed_1114.log
1073,22,1,-1,1,-1,1,1115,3101,0.314,5.52,True,Incontro Flotta Deep-Space,775.98,6.34,Biosfera Primitiva,64,0,77,15.18,10,10,2,1,1,8,8,8,0,6,5,1,8529.26,13,1.122,1.319,0.1965,True,62,0,7,14,1000.91,monte_carlo_run_1073_seed_1115.log
1074,22,1,-1,1,-1,1,1116,3101,0.497,7.08,True,Incontro Flotta Deep-Space,255.7,5.98,Collaborativa,48,0,203,25.96,35,23,4,3,0,29,11,11,0,5,4,1,8551.53,66,1.416,1.6,0.184,True,164,0,43,92,1000.49,monte_carlo_run_1074_seed_1116.log
1075,22,1,-1,1,-1,1,1117,3101,0.422,5.31,True,Contatto Planetario / Biofirme,138.09,15.7,Collaborativa,12,0,79,17.36,14,12,3,0,3,11,11,11,0,7,5,2,8544.92,22,0.952,1.513,0.5611,True,63,0,14,20,1002.06,monte_carlo_run_1075_seed_1117.log
1076,22,1,-1,1,-1,1,1118,3101,0.517,12.59,True,Incontro Flotta Deep-Space,370.03,10.6,Biosfera Primitiva,82,0,298,25.9,55,44,4,1,3,49,30,30,0,18,10,8,8651.21,88,1.165,1.6,0.4345,True,236,0,83,120,1000.2,monte_carlo_run_1076_seed_1118.log
1077,22,1,-1,1,-1,1,1119,3101,0.558,9.34,False,Solitudine / Nessun Contatto,,,Nessuna,152,0,152,18.51,18,14,1,1,0,17,17,17,0,11,7,4,8580.98,30,1.236,1.6,0.3635,True,133,0,31,38,1000.88,monte_carlo_run_1077_seed_1119.log
1078,22,1,-1,1,-1,1,1120,3101,0.482,10.04,True,Contatto Planetario / Biofirme,278.73,17.83,Diffidente,44,0,249,31.85,42,28,6,1,4,36,20,20,0,14,10,4,8607.8,81,1.6,1.511,-0.0889,False,199,0,65,96,1000.06,monte_carlo_run_1078_seed_1120.log
1079,22,1,-1,1,-1,1,1121,3101,0.261,4.09,False,Solitudine / Nessun Contatto,,,Nessuna,84,0,84,19.25,15,12,3,2,0,11,2,2,0,1,1,0,8505.73,33,1.415,0.859,-0.5561,False,62,0,21,38,1000.5,monte_carlo_run_1079_seed_1121.log
1080,22,1,-1,1,-1,1,1122,3101,0.425,8.72,True,Contatto Planetario / Biofirme,54.31,12.49,Ostile,19,0,86,14.63,19,12,7,3,1,11,3,3,0,2,2,0,8509.89,35,1.186,0.804,-0.3823,False,66,0,12,33,1001.98,monte_carlo_run_1080_seed_1122.log
1081,22,1,-1,1,-1,1,1123,3101,0.445,9.83,True,Contatto Planetario / Biofirme,283.52,16.15,Predatoria,26,0,125,25.89,23,19,4,1,3,19,19,19,0,15,12,3,8599.07,45,1.275,1.6,0.3248,True,103,0,50,63,1000.11,monte_carlo_run_1081_seed_1123.log
1082,22,1,-1,1,-1,1,1124,3101,0.595,12.75,True,Contatto Planetario / Biofirme,9.11,5.42,Diffidente,2,0,279,32.42,57,40,7,1,5,49,48,48,0,28,15,13,8720.97,81,1.378,1.6,0.2217,True,215,0,106,127,1000.34,monte_carlo_run_1082_seed_1124.log
1083,22,1,-1,1,-1,1,1125,3101,0.597,14.78,True,Incontro Flotta Deep-Space,375.61,4.72,Collaborativa,59,2,318,28.52,48,33,2,2,0,43,40,40,0,23,21,2,8644.16,70,1.267,1.6,0.3332,True,265,0,62,84,1001.04,monte_carlo_run_1083_seed_1125.log
1084,22,1,-1,1,-1,1,1126,3101,0.408,8.35,True,Incontro Flotta Deep-Space,210.6,5.46,Collaborativa,28,1,154,12.49,35,23,4,2,2,28,15,15,0,6,4,2,8545.64,44,1.096,1.276,0.1798,True,115,0,34,66,1000.01,monte_carlo_run_1084_seed_1126.log
1085,22,1,-1,1,-1,1,1127,3101,0.245,5.84,True,Incontro Flotta Deep-Space,11.82,2.9,Collaborativa,6,0,113,8.36,19,14,2,1,1,16,7,7,0,6,6,0,8540.91,38,0.791,1.6,0.8094,True,93,0,29,50,1001.09,monte_carlo_run_1085_seed_1127.log
1086,22,1,-1,1,-1,1,1128,3101,0.46,10.5,True,Contatto Planetario / Biofirme,58.91,7.29,Collaborativa,6,0,68,14.78,14,10,2,1,0,12,11,11,0,7,6,1,8547.88,26,1.123,1.6,0.4774,True,54,0,16,27,1000.25,monte_carlo_run_1086_seed_1128.log
1087,22,1,-1,1,-1,1,1129,3101,0.347,4.97,True,Incontro Flotta Deep-Space,403.47,13.56,Collaborativa,14,0,35,20.52,5,3,1,0,1,4,4,4,0,4,3,1,8521.93,10,0.961,1.391,0.4307,True,27,0,4,8,1001.46,monte_carlo_run_1087_seed_1129.log
1088,22,1,-1,1,-1,1,1130,3101,0.254,5.42,False,Solitudine / Nessun Contatto,,,Nessuna,60,0,60,16.06,12,7,1,1,0,11,11,11,0,6,5,1,8545.74,17,1.059,1.397,0.338,True,47,0,14,21,1000.61,monte_carlo_run_1088_seed_1130.log
1089,22,1,-1,1,-1,1,1131,3101,0.233,4.33,False,Solitudine / Nessun Contatto,,,Nessuna,1,0,1,0.0,1,1,1,1,0,0,0,0,0,0,0,0,8500.0,2,1.0,1.0,0.0,False,0,0,0,0,0.02,monte_carlo_run_1089_seed_1131.log
1090,22,1,-1,1,-1,1,1132,3101,0.535,11.31,True,Incontro Flotta Deep-Space,285.26,4.78,Collaborativa,30,0,164,16.79,25,17,1,1,0,23,22,22,0,15,12,3,8611.79,37,1.172,1.6,0.4278,True,138,0,38,54,1000.17,monte_carlo_run_1090_seed_1132.log
1091,22,1,-1,1,-1,1,1133,3101,0.512,11.74,False,Solitudine / Nessun Contatto,,,Nessuna,250,1,250,16.29,45,35,4,1,2,37,12,12,0,7,7,0,8560.66,70,1.138,1.501,0.363,True,201,0,70,114,1000.12,monte_carlo_run_1091_seed_1133.log
1092,22,1,-1,1,-1,1,1134,3101,0.445,6.39,True,Incontro Flotta Deep-Space,138.29,9.75,Ostile,16,0,72,14.48,13,7,3,1,1,10,0,0,0,0,0,0,8500.0,34,1.383,1.383,0.0,False,58,0,31,45,1000.89,monte_carlo_run_1092_seed_1134.log
1093,22,1,-1,1,-1,1,1135,3101,0.415,7.6,True,Contatto Planetario / Biofirme,388.96,23.35,Cauta,31,2,182,24.7,34,25,5,1,4,25,17,17,0,12,11,1,8587.54,46,1.198,1.6,0.4024,True,144,0,31,52,1000.02,monte_carlo_run_1093_seed_1135.log
1094,22,1,-1,1,-1,1,1136,3101,0.269,4.63,False,Solitudine / Nessun Contatto,,,Nessuna,35,0,35,0.0,5,4,2,2,0,3,0,0,0,0,0,0,8500.0,12,1.254,1.254,0.0,False,29,0,1,3,1000.42,monte_carlo_run_1094_seed_1136.log
1095,22,1,-1,1,-1,1,1137,3101,0.598,10.37,False,Solitudine / Nessun Contatto,,,Nessuna,244,0,244,11.16,44,33,6,1,5,34,15,15,0,14,13,1,8583.77,59,1.184,1.6,0.4162,True,195,0,46,100,1000.41,monte_carlo_run_1095_seed_1137.log
1096,22,1,-1,1,-1,1,1138,3101,0.223,3.87,False,Solitudine / Nessun Contatto,,,Nessuna,12,0,12,8.64,2,2,1,1,0,1,1,1,0,1,1,0,8506.5,4,1.338,1.113,-0.225,False,8,0,0,1,1001.71,monte_carlo_run_1096_seed_1138.log
1097,22,1,-1,1,-1,1,1139,3101,0.562,7.48,True,Incontro Flotta Deep-Space,70.15,14.8,Leale alla Madrepatria,11,0,120,18.08,22,20,3,2,1,18,6,6,0,5,4,1,8540.21,39,1.204,1.336,0.1317,True,98,0,31,50,1001.29,monte_carlo_run_1097_seed_1139.log
1098,22,1,-1,1,-1,1,1140,3101,0.346,4.6,False,Solitudine / Nessun Contatto,,,Nessuna,43,0,43,14.8,6,4,1,1,0,5,5,5,0,4,4,0,8534.01,9,1.172,1.243,0.0711,True,34,0,4,10,1003.15,monte_carlo_run_1098_seed_1140.log
1099,22,1,-1,1,-1,1,1141,3101,0.401,7.79,True,Incontro Flotta Deep-Space,212.19,1.62,Biosfera Primitiva,13,0,68,16.94,13,13,1,1,0,12,12,12,0,7,7,0,8562.84,17,1.048,1.308,0.2596,True,54,0,12,27,1002.88,monte_carlo_run_1099_seed_1141.log
1100,22,1,-1,1,-1,1,1142,3101,0.526,6.79,True,Incontro Flotta Deep-Space,429.04,0.0,Biosfera Primitiva,52,0,200,23.47,45,33,2,1,1,39,27,27,0,16,9,7,8629.28,55,1.098,1.6,0.5021,True,151,0,59,86,1000.12,monte_carlo_run_1100_seed_1142.log
1101,23,1,-1,1,1,-1,1143,3101,0.501,11.39,True,Contatto Planetario / Biofirme,18.66,9.35,Cauta,2,0,66,18.49,2,2,2,2,0,0,0,0,0,0,0,0,8500.0,7,1.6,1.6,0.0,False,64,0,1,1,1000.28,monte_carlo_run_1101_seed_1143.log
1102,23,1,-1,1,1,-1,1144,3101,0.294,6.61,True,Contatto Planetario / Biofirme,443.73,8.26,Diffidente,19,0,64,18.18,4,4,2,2,0,2,2,2,0,1,1,0,8509.72,6,1.487,0.909,-0.5778,False,59,0,0,1,1000.77,monte_carlo_run_1102_seed_1144.log
1103,23,1,-1,1,1,-1,1145,3101,0.234,3.78,False,Solitudine / Nessun Contatto,,,Nessuna,5,0,5,6.25,2,2,2,0,2,0,0,0,0,0,0,0,8500.0,1,0.726,0.726,0.0,False,2,0,0,1,169.27,monte_carlo_run_1103_seed_1145.log
1104,23,1,-1,1,1,-1,1146,3101,0.553,11.5,True,Incontro Flotta Deep-Space,587.37,13.01,Biosfera Primitiva,73,0,153,27.89,16,13,1,1,0,14,14,14,0,7,6,1,8537.31,21,1.564,1.396,-0.1683,False,136,0,7,9,1001.15,monte_carlo_run_1104_seed_1146.log
1105,23,1,-1,1,1,-1,1147,3101,0.239,4.08,False,Solitudine / Nessun Contatto,,,Nessuna,5,0,5,6.96,2,2,2,0,2,0,0,0,0,0,0,0,8500.0,1,0.763,0.763,0.0,False,3,0,0,1,195.09,monte_carlo_run_1105_seed_1147.log
1106,23,1,-1,1,1,-1,1148,3101,0.368,7.49,False,Solitudine / Nessun Contatto,,,Nessuna,71,0,71,14.37,6,5,1,1,0,5,5,5,0,2,2,0,8516.48,8,1.077,0.913,-0.1642,False,63,0,1,3,1001.62,monte_carlo_run_1106_seed_1148.log
1107,23,1,-1,1,1,-1,1149,3101,0.574,14.14,False,Solitudine / Nessun Contatto,,,Nessuna,104,0,104,27.89,8,7,2,2,0,6,5,5,0,4,3,1,8525.39,14,1.566,1.392,-0.1737,False,93,0,4,5,1000.63,monte_carlo_run_1107_seed_1149.log
1108,23,1,-1,1,1,-1,1150,3101,0.447,9.1,True,Incontro Flotta Deep-Space,250.3,6.75,Biosfera Primitiva,14,0,78,21.54,10,8,1,1,0,8,8,8,0,4,3,1,8525.83,14,1.354,1.361,0.0075,True,66,0,4,9,1001.62,monte_carlo_run_1108_seed_1150.log
1109,23,1,-1,1,1,-1,1151,3101,0.361,8.76,True,Contatto Planetario / Biofirme,134.12,12.5,Predatoria,6,0,40,18.83,5,4,2,1,0,2,2,2,0,1,1,0,8505.1,5,1.134,0.84,-0.2946,False,35,0,1,6,1005.62,monte_carlo_run_1109_seed_1151.log
1110,23,1,-1,1,1,-1,1152,3101,0.438,10.09,False,Solitudine / Nessun Contatto,,,Nessuna,112,0,112,21.27,13,7,2,1,1,11,11,11,0,7,7,0,8549.8,23,1.539,1.6,0.0612,True,101,0,14,21,1000.86,monte_carlo_run_1110_seed_1152.log
1111,23,1,-1,1,1,-1,1153,3101,0.52,7.58,True,Incontro Flotta Deep-Space,449.72,10.49,Biosfera Primitiva,36,0,79,22.94,8,7,1,1,0,6,6,6,0,5,5,0,8531.41,13,1.337,1.342,0.0052,True,70,0,5,9,1000.11,monte_carlo_run_1111_seed_1153.log
1112,23,1,-1,1,1,-1,1154,3101,0.372,6.12,True,Incontro Flotta Deep-Space,984.75,3.14,Biosfera Primitiva,58,0,58,14.78,7,7,2,1,1,5,5,5,0,4,2,2,8523.53,10,1.178,1.421,0.2431,True,52,0,6,11,1000.42,monte_carlo_run_1112_seed_1154.log
1113,23,1,-1,1,1,-1,1155,3101,0.46,6.41,True,Incontro Flotta Deep-Space,406.88,5.52,Biosfera Primitiva,23,0,98,18.16,10,7,1,1,0,8,8,8,0,6,6,0,8544.9,19,1.16,1.484,0.3232,True,88,0,9,16,1000.08,monte_carlo_run_1113_seed_1155.log
1114,23,1,-1,1,1,-1,1156,3101,0.564,8.75,True,Incontro Flotta Deep-Space,941.39,0.0,Biosfera Primitiva,53,0,54,8.65,5,5,1,1,0,4,3,3,0,3,3,0,8516.68,10,1.303,1.438,0.1348,True,48,0,3,6,1000.33,monte_carlo_run_1114_seed_1156.log
1115,23,1,-1,1,1,-1,1157,3101,0.306,6.11,True,Incontro Flotta Deep-Space,707.57,10.96,Collaborativa,64,0,94,25.04,10,9,1,1,0,9,8,8,0,7,6,1,8544.97,16,1.298,1.546,0.2479,True,82,0,9,15,1000.19,monte_carlo_run_1115_seed_1157.log
1116,23,1,-1,1,1,-1,1158,3101,0.359,5.51,True,Contatto Planetario / Biofirme,109.14,9.05,Collaborativa,7,0,32,15.64,6,4,3,1,1,3,3,3,0,3,3,0,8525.37,5,0.817,1.306,0.4889,True,26,0,1,9,1000.78,monte_carlo_run_1116_seed_1158.log
1117,23,1,-1,1,1,-1,1159,3101,0.441,8.59,True,Contatto Planetario / Biofirme,357.37,12.84,Collaborativa,18,0,129,20.35,13,8,3,1,2,9,8,8,0,4,4,0,8538.63,14,1.056,0.876,-0.1801,False,113,0,6,12,1001.18,monte_carlo_run_1117_seed_1159.log
1118,23,1,-1,1,1,-1,1160,3101,0.249,3.87,False,Solitudine / Nessun Contatto,,,Nessuna,22,0,22,13.22,3,3,3,2,1,0,0,0,0,0,0,0,8500.0,5,1.6,1.6,0.0,False,18,0,2,2,1002.39,monte_carlo_run_1118_seed_1160.log
1119,23,1,-1,1,1,-1,1161,3101,0.513,8.93,False,Solitudine / Nessun Contatto,,,Nessuna,75,0,75,13.91,5,5,1,1,0,4,4,4,0,1,1,0,8506.43,7,1.6,1.12,-0.48,False,69,0,0,1,1003.47,monte_carlo_run_1119_seed_1161.log
1120,23,1,-1,1,1,-1,1162,3101,0.401,9.99,True,Contatto Planetario / Biofirme,17.9,7.18,Predatoria,2,1,103,23.6,9,5,2,1,1,6,6,6,0,4,3,1,8529.97,11,1.376,1.237,-0.1389,False,92,0,3,6,1000.09,monte_carlo_run_1120_seed_1162.log
1121,23,1,-1,1,1,-1,1163,3101,0.479,11.67,True,Contatto Planetario / Biofirme,112.05,11.19,Predatoria,11,2,94,13.9,10,6,2,1,1,5,5,5,0,3,3,0,8519.88,13,1.6,1.544,-0.056,False,82,0,2,4,1000.02,monte_carlo_run_1121_seed_1163.log
1122,23,1,-1,1,1,-1,1164,3101,0.596,7.76,True,Contatto Planetario / Biofirme,336.21,11.35,Collaborativa,20,0,63,17.08,4,4,3,1,1,1,1,1,0,1,1,0,8507.49,4,1.193,0.387,-0.8057,False,59,0,1,4,1000.81,monte_carlo_run_1122_seed_1164.log
1123,23,1,-1,1,1,-1,1165,3101,0.36,8.85,True,Contatto Planetario / Biofirme,505.24,11.84,Ostile,30,0,85,20.67,6,5,2,1,0,4,4,4,0,2,2,0,8514.49,8,1.273,1.192,-0.0813,False,77,0,0,3,1000.38,monte_carlo_run_1123_seed_1165.log
1124,23,1,-1,1,1,-1,1166,3101,0.33,6.9,True,Incontro Flotta Deep-Space,882.56,15.15,Biosfera Primitiva,83,1,99,20.64,10,7,1,1,0,7,7,7,0,3,3,0,8524.09,13,1.455,1.362,-0.0925,False,87,0,1,4,1000.66,monte_carlo_run_1124_seed_1166.log
1125,23,1,-1,1,1,-1,1167,3101,0.428,10.11,True,Contatto Planetario / Biofirme,18.96,8.12,Cauta,2,0,79,13.51,7,6,3,1,1,4,4,4,0,3,3,0,8514.38,11,1.452,1.397,-0.0552,False,73,0,6,13,1000.16,monte_carlo_run_1125_seed_1167.log
1126,23,1,-1,1,1,-1,1168,3101,0.295,4.64,True,Incontro Flotta Deep-Space,283.44,3.57,Biosfera Primitiva,10,0,20,15.64,3,3,1,1,0,2,2,2,0,1,1,0,8504.79,7,1.472,1.27,-0.2021,False,15,0,0,1,1001.97,monte_carlo_run_1126_seed_1168.log
1127,23,1,-1,1,1,-1,1169,3101,0.571,9.92,True,Incontro Flotta Deep-Space,287.86,5.1,Biosfera Primitiva,22,1,66,19.51,6,3,1,1,0,4,4,4,0,4,3,1,8523.5,10,1.163,1.53,0.3676,True,59,0,5,9,1000.39,monte_carlo_run_1127_seed_1169.log
1128,23,1,-1,1,1,-1,1170,3101,0.316,3.85,False,Solitudine / Nessun Contatto,,,Nessuna,10,0,10,9.09,1,1,1,1,0,0,0,0,0,0,0,0,8500.0,3,1.395,1.395,0.0,False,9,0,0,0,1000.32,monte_carlo_run_1128_seed_1170.log
1129,23,1,-1,1,1,-1,1171,3101,0.359,5.63,False,Solitudine / Nessun Contatto,,,Nessuna,53,0,53,15.64,5,3,1,1,0,4,4,4,0,2,2,0,8514.3,7,1.258,1.167,-0.0916,False,48,0,0,2,1000.53,monte_carlo_run_1129_seed_1171.log
1130,23,1,-1,1,1,-1,1172,3101,0.477,10.8,True,Contatto Planetario / Biofirme,383.17,17.98,Ostile,38,1,115,22.65,13,10,2,1,0,10,10,10,0,10,9,1,8567.22,23,1.577,1.594,0.0172,True,100,0,39,55,1000.17,monte_carlo_run_1130_seed_1172.log
1131,23,1,-1,1,1,-1,1173,3101,0.372,5.27,False,Solitudine / Nessun Contatto,,,Nessuna,54,0,54,10.79,4,4,1,1,0,3,3,3,0,1,1,0,8509.58,6,1.341,0.92,-0.421,False,50,0,0,1,1005.55,monte_carlo_run_1131_seed_1173.log
1132,23,1,-1,1,1,-1,1174,3101,0.347,7.26,True,Incontro Flotta Deep-Space,490.21,8.28,Collaborativa,36,0,74,12.55,8,6,1,1,0,7,7,7,0,5,5,0,8533.39,16,1.321,1.476,0.1551,True,66,0,10,15,1001.09,monte_carlo_run_1132_seed_1174.log
1133,23,1,-1,1,1,-1,1175,3101,0.244,5.65,False,Solitudine / Nessun Contatto,,,Nessuna,20,0,20,8.74,2,2,1,0,1,1,1,1,0,1,1,0,8506.52,3,0.921,0.1,-0.8213,False,18,0,0,1,1002.05,monte_carlo_run_1133_seed_1175.log
1134,23,1,-1,1,1,-1,1176,3101,0.242,5.66,False,Solitudine / Nessun Contatto,,,Nessuna,108,0,108,14.22,10,8,1,1,0,8,6,6,0,5,5,0,8533.85,15,1.355,1.539,0.1843,True,96,0,5,8,1000.56,monte_carlo_run_1134_seed_1176.log
1135,23,1,-1,1,1,-1,1177,3101,0.457,7.03,True,Incontro Flotta Deep-Space,211.27,5.68,Biosfera Primitiva,17,0,130,14.42,13,10,3,2,0,10,9,9,0,5,5,0,8535.18,17,1.379,1.009,-0.37,False,116,0,14,26,1000.36,monte_carlo_run_1135_seed_1177.log
1136,23,1,-1,1,1,-1,1178,3101,0.386,6.4,True,Incontro Flotta Deep-Space,507.05,5.15,Diffidente,29,0,47,11.06,4,4,2,2,0,2,2,2,0,0,0,0,8501.97,8,1.6,0.883,-0.7167,False,43,0,1,1,1000.78,monte_carlo_run_1136_seed_1178.log
1137,23,1,-1,1,1,-1,1179,3101,0.515,12.17,True,Contatto Planetario / Biofirme,174.65,12.56,Cauta,17,0,151,22.83,16,13,2,1,0,14,12,12,0,9,9,0,8570.03,22,1.2,1.6,0.4005,True,132,0,24,39,1001.0,monte_carlo_run_1137_seed_1179.log
1138,23,1,-1,1,1,-1,1180,3101,0.545,7.04,False,Solitudine / Nessun Contatto,,,Nessuna,107,0,107,18.04,9,7,1,1,0,8,8,8,0,3,3,0,8530.44,13,1.6,1.214,-0.3856,False,98,0,1,2,1000.35,monte_carlo_run_1138_seed_1180.log
1139,23,1,-1,1,1,-1,1181,3101,0.361,5.17,False,Solitudine / Nessun Contatto,,,Nessuna,56,0,56,13.52,4,4,2,1,1,2,2,2,0,2,2,0,8512.03,6,1.509,1.075,-0.4331,False,53,0,1,4,1001.72,monte_carlo_run_1139_seed_1181.log
1140,23,1,-1,1,1,-1,1182,3101,0.216,4.76,False,Solitudine / Nessun Contatto,,,Nessuna,31,0,31,15.72,3,3,1,1,0,2,2,2,0,1,1,0,8504.88,6,1.502,1.072,-0.4301,False,26,0,0,1,1000.62,monte_carlo_run_1140_seed_1182.log
1141,23,1,-1,1,1,-1,1183,3101,0.284,3.85,False,Solitudine / Nessun Contatto,,,Nessuna,18,0,18,14.96,3,3,3,0,2,0,0,0,0,0,0,0,8500.0,1,0.813,0.813,0.0,False,16,0,0,2,1005.03,monte_carlo_run_1141_seed_1183.log
1142,23,1,-1,1,1,-1,1184,3101,0.34,7.26,True,Incontro Flotta Deep-Space,626.07,5.53,Collaborativa,43,0,60,12.55,5,3,1,1,0,4,4,4,0,4,3,1,8528.13,10,1.075,1.4,0.3248,True,55,0,6,10,1003.18,monte_carlo_run_1142_seed_1184.log
1143,23,1,-1,1,1,-1,1185,3101,0.424,6.8,True,Incontro Flotta Deep-Space,443.87,9.15,Biosfera Primitiva,20,0,56,19.42,5,5,2,1,0,3,3,3,0,3,3,0,8514.82,7,1.231,0.926,-0.3048,False,49,0,1,7,1008.18,monte_carlo_run_1143_seed_1185.log
1144,23,1,-1,1,1,-1,1186,3101,0.482,8.83,True,Incontro Flotta Deep-Space,382.01,9.12,Collaborativa,39,0,76,15.2,9,6,1,1,0,8,8,8,0,6,5,1,8537.16,21,1.295,1.597,0.3025,True,66,0,13,19,1000.33,monte_carlo_run_1144_seed_1186.log
1145,23,1,-1,1,1,-1,1187,3101,0.464,10.69,True,Contatto Planetario / Biofirme,16.99,7.88,Collaborativa,2,1,103,32.64,17,12,4,3,1,12,12,12,0,5,5,0,8540.24,17,0.974,1.325,0.3512,True,85,0,6,16,1001.52,monte_carlo_run_1145_seed_1187.log
1146,23,1,-1,1,1,-1,1188,3101,0.214,4.07,True,Contatto Planetario / Biofirme,33.04,6.68,Cauta,3,0,24,13.94,4,4,3,1,2,1,1,1,0,1,1,0,8503.72,5,1.031,0.468,-0.5626,False,20,0,1,2,1005.11,monte_carlo_run_1146_seed_1188.log
1147,23,1,-1,1,1,-1,1189,3101,0.254,3.97,False,Solitudine / Nessun Contatto,,,Nessuna,20,0,20,13.45,2,2,1,1,0,1,1,1,0,1,1,0,8504.72,5,1.468,1.161,-0.3068,False,17,0,0,1,1001.16,monte_carlo_run_1147_seed_1189.log
1148,23,1,-1,1,1,-1,1190,3101,0.372,7.71,True,Contatto Planetario / Biofirme,600.81,12.23,Cauta,44,0,86,17.81,7,5,3,1,2,4,4,4,0,3,3,0,8519.21,10,1.18,1.264,0.0833,True,77,0,1,4,1002.07,monte_carlo_run_1148_seed_1190.log
1149,23,1,-1,1,1,-1,1191,3101,0.415,5.45,True,Contatto Planetario / Biofirme,146.1,6.95,Collaborativa,10,0,42,16.3,3,2,1,1,0,1,1,1,0,1,1,0,8508.67,6,1.514,1.111,-0.4027,False,38,0,1,2,1002.23,monte_carlo_run_1149_seed_1191.log
1150,23,1,-1,1,1,-1,1192,3101,0.507,6.67,True,Incontro Flotta Deep-Space,814.38,15.8,Biosfera Primitiva,93,0,127,23.47,8,7,2,2,0,6,5,5,0,4,4,0,8531.66,18,1.485,1.546,0.0613,True,117,0,2,6,1000.16,monte_carlo_run_1150_seed_1192.log
1151,24,1,-1,1,1,1,1193,3101,0.41,8.07,True,Incontro Flotta Deep-Space,505.33,4.15,Biosfera Primitiva,37,0,80,10.27,8,6,1,0,1,7,7,7,0,6,5,1,8541.52,15,0.994,1.595,0.6014,True,70,0,11,16,1001.0,monte_carlo_run_1151_seed_1193.log
1152,24,1,-1,1,1,1,1194,3101,0.488,7.13,False,Solitudine / Nessun Contatto,,,Nessuna,72,0,72,21.31,4,3,1,1,0,3,3,3,0,1,1,0,8507.41,7,1.49,0.957,-0.5332,False,68,0,0,1,1000.64,monte_carlo_run_1152_seed_1194.log
1153,24,1,-1,1,1,1,1195,3101,0.466,11.11,True,Incontro Flotta Deep-Space,227.39,0.0,Biosfera Primitiva,22,1,124,16.99,13,8,1,1,0,10,10,10,0,8,8,0,8555.1,20,1.367,1.57,0.2031,True,108,0,11,18,1000.46,monte_carlo_run_1153_seed_1195.log
1154,24,1,-1,1,1,1,1196,3101,0.408,7.9,True,Contatto Planetario / Biofirme,709.55,19.41,Collaborativa,73,1,123,21.08,13,7,2,2,0,10,10,10,0,7,6,1,8545.3,17,1.248,1.323,0.0754,True,106,0,8,12,1001.84,monte_carlo_run_1154_seed_1196.log
1155,24,1,-1,1,1,1,1197,3101,0.3,6.05,False,Solitudine / Nessun Contatto,,,Nessuna,47,0,47,16.55,3,3,1,1,0,2,2,2,0,2,2,0,8510.61,6,1.302,1.25,-0.0523,False,43,0,1,3,1001.41,monte_carlo_run_1155_seed_1197.log
1156,24,1,-1,1,1,1,1198,3101,0.236,5.38,True,Incontro Flotta Deep-Space,213.0,0.0,Ostile,21,0,21,10.92,2,2,2,2,0,0,0,0,0,0,0,0,8500.0,6,1.166,1.166,0.0,False,19,0,0,1,412.63,monte_carlo_run_1156_seed_1198.log
1157,24,1,-1,1,1,1,1199,3101,0.267,3.26,False,Solitudine / Nessun Contatto,,,Nessuna,17,0,17,9.56,2,2,1,0,1,1,1,1,0,1,1,0,8504.46,4,0.807,0.236,-0.571,False,13,0,0,1,1002.33,monte_carlo_run_1157_seed_1199.log
1158,24,1,-1,1,1,1,1200,3101,0.585,9.32,True,Incontro Flotta Deep-Space,9.59,0.0,Collaborativa,3,0,63,16.62,5,4,3,2,1,2,2,2,0,1,1,0,8506.0,11,1.6,1.38,-0.2201,False,58,0,2,3,1004.05,monte_carlo_run_1158_seed_1200.log
1159,24,1,-1,1,1,1,1201,3101,0.328,4.76,False,Solitudine / Nessun Contatto,,,Nessuna,72,0,72,14.31,3,3,2,2,0,1,0,0,0,0,0,0,8500.0,11,1.6,1.6,0.0,False,67,0,1,1,1000.36,monte_carlo_run_1159_seed_1201.log
1160,24,1,-1,1,1,1,1202,3101,0.211,4.08,False,Solitudine / Nessun Contatto,,,Nessuna,25,0,25,13.16,1,1,1,1,0,0,0,0,0,0,0,0,8500.0,4,1.564,1.564,0.0,False,21,0,0,0,1001.25,monte_carlo_run_1160_seed_1202.log
1161,24,1,-1,1,1,1,1203,3101,0.233,4.67,False,Solitudine / Nessun Contatto,,,Nessuna,43,0,43,18.3,3,3,1,0,1,2,2,2,0,2,2,0,8514.87,5,0.871,0.461,-0.4103,False,39,0,1,3,1004.47,monte_carlo_run_1161_seed_1203.log
1162,24,1,-1,1,1,1,1204,3101,0.469,5.73,True,Incontro Flotta Deep-Space,166.06,8.99,Leale alla Madrepatria,20,0,80,22.9,11,7,3,2,1,7,1,1,0,1,1,0,8508.38,22,1.551,1.075,-0.4762,False,67,0,5,11,1000.15,monte_carlo_run_1162_seed_1204.log
1163,24,1,-1,1,1,1,1205,3101,0.366,8.43,True,Contatto Planetario / Biofirme,19.54,7.15,Ostile,2,0,36,13.69,3,2,2,1,0,1,1,1,0,0,0,0,8501.19,5,1.6,0.897,-0.7026,False,31,0,0,0,1002.12,monte_carlo_run_1163_seed_1205.log
1164,24,1,-1,1,1,1,1206,3101,0.218,3.96,True,Incontro Flotta Deep-Space,243.29,0.0,Biosfera Primitiva,6,0,29,13.89,4,4,1,0,1,3,3,3,0,2,2,0,8516.69,7,0.973,1.376,0.4026,True,22,0,1,3,1002.29,monte_carlo_run_1164_seed_1206.log
1165,24,1,-1,1,1,1,1207,3101,0.338,6.98,True,Contatto Planetario / Biofirme,736.81,14.92,Collaborativa,33,0,53,18.37,3,3,2,1,1,1,1,1,0,1,1,0,8509.81,6,1.177,0.464,-0.7134,False,49,0,0,1,1003.6,monte_carlo_run_1165_seed_1207.log
1166,24,1,-1,1,1,1,1208,3101,0.298,6.97,False,Solitudine / Nessun Contatto,,,Nessuna,64,0,64,15.36,4,3,1,1,0,3,3,3,0,2,2,0,8525.47,6,1.329,1.024,-0.3046,False,59,0,1,2,1000.15,monte_carlo_run_1166_seed_1208.log
1167,24,1,-1,1,1,1,1209,3101,0.4,5.86,False,Solitudine / Nessun Contatto,,,Nessuna,68,0,68,17.88,8,5,2,1,1,4,3,3,0,2,2,0,8514.28,14,1.189,1.048,-0.1408,False,60,0,1,7,1000.06,monte_carlo_run_1167_seed_1209.log
1168,24,1,-1,1,1,1,1210,3101,0.421,6.19,False,Solitudine / Nessun Contatto,,,Nessuna,91,0,91,18.77,6,5,1,1,0,5,5,5,0,2,2,0,8517.56,8,1.274,0.897,-0.377,False,82,0,1,3,1002.38,monte_carlo_run_1168_seed_1210.log
1169,24,1,-1,1,1,1,1211,3101,0.511,7.51,True,Contatto Planetario / Biofirme,496.52,12.53,Collaborativa,55,1,98,21.58,12,10,3,2,1,8,4,4,0,2,2,0,8515.01,17,1.6,1.207,-0.3934,False,83,0,2,4,1001.04,monte_carlo_run_1169_seed_1211.log
1170,24,1,-1,1,1,1,1212,3101,0.516,9.71,False,Solitudine / Nessun Contatto,,,Nessuna,86,1,86,17.21,7,6,1,1,0,5,5,5,0,2,2,0,8513.69,9,1.6,1.197,-0.4034,False,77,0,1,2,1000.92,monte_carlo_run_1170_seed_1212.log
1171,24,1,-1,1,1,1,1213,3101,0.403,5.08,True,Contatto Planetario / Biofirme,221.69,7.65,Diffidente,38,0,119,16.17,7,6,4,3,1,3,2,2,0,2,2,0,8515.77,18,1.388,1.569,0.1811,True,112,0,7,14,1000.09,monte_carlo_run_1171_seed_1213.log
1172,24,1,-1,1,1,1,1214,3101,0.381,7.31,True,Incontro Flotta Deep-Space,482.42,10.78,Collaborativa,100,0,167,18.84,10,7,2,2,0,7,1,1,0,1,1,0,8505.26,29,1.569,0.367,-1.2015,False,156,0,12,19,1000.9,monte_carlo_run_1172_seed_1214.log
1173,24,1,-1,1,1,1,1215,3101,0.429,8.79,True,Incontro Flotta Deep-Space,501.42,0.0,Collaborativa,33,0,55,8.61,7,4,1,1,0,6,6,6,0,4,2,2,8535.13,17,1.6,1.503,-0.0968,False,48,0,6,10,1000.38,monte_carlo_run_1173_seed_1215.log
1174,24,1,-1,1,1,1,1216,3101,0.288,7.05,True,Incontro Flotta Deep-Space,19.22,0.0,Collaborativa,6,1,103,10.49,6,5,3,3,0,2,2,2,0,0,0,0,8500.68,13,1.6,0.761,-0.8387,False,95,0,3,3,1002.12,monte_carlo_run_1174_seed_1216.log
1175,24,1,-1,1,1,1,1217,3101,0.534,13.1,True,Incontro Flotta Deep-Space,263.98,11.59,Biosfera Primitiva,33,0,205,28.5,18,14,2,1,1,16,12,12,0,7,7,0,8547.45,35,1.524,1.6,0.0756,True,186,0,11,18,1000.11,monte_carlo_run_1175_seed_1217.log
1176,24,1,-1,1,1,1,1218,3101,0.571,9.54,True,Incontro Flotta Deep-Space,763.68,13.61,Biosfera Primitiva,40,1,60,22.8,5,4,1,1,0,3,3,3,0,2,2,0,8511.95,9,1.175,1.208,0.0333,True,55,0,1,2,1003.65,monte_carlo_run_1176_seed_1218.log
1177,24,1,-1,1,1,1,1219,3101,0.42,9.3,False,Solitudine / Nessun Contatto,,,Nessuna,82,0,82,20.64,6,3,1,1,0,5,5,5,0,3,3,0,8519.64,11,1.516,1.338,-0.1772,False,74,0,3,5,1004.01,monte_carlo_run_1177_seed_1219.log
1178,24,1,-1,1,1,1,1220,3101,0.294,3.58,True,Contatto Planetario / Biofirme,160.76,7.66,Diffidente,9,0,20,18.39,3,3,2,1,1,1,1,1,0,1,1,0,8505.49,3,0.706,0.1,-0.6057,False,14,0,0,1,1000.54,monte_carlo_run_1178_seed_1220.log
1179,24,1,-1,1,1,1,1221,3101,0.403,7.53,True,Incontro Flotta Deep-Space,964.91,7.53,Collaborativa,164,0,173,15.29,11,6,2,2,0,7,0,0,0,0,0,0,8500.0,24,1.6,1.6,0.0,False,158,0,3,4,1000.11,monte_carlo_run_1179_seed_1221.log
1180,24,1,-1,1,1,1,1222,3101,0.24,5.49,False,Solitudine / Nessun Contatto,,,Nessuna,31,0,31,17.29,2,1,1,1,0,0,0,0,0,0,0,0,8500.0,4,1.566,1.566,0.0,False,29,0,0,0,1000.49,monte_carlo_run_1180_seed_1222.log
1181,24,1,-1,1,1,1,1223,3101,0.591,9.21,True,Incontro Flotta Deep-Space,834.45,6.93,Biosfera Primitiva,56,0,68,15.88,5,5,1,0,1,4,4,4,0,4,4,0,8533.7,9,0.751,1.299,0.548,True,63,0,6,10,1000.1,monte_carlo_run_1181_seed_1223.log
1182,24,1,-1,1,1,1,1224,3101,0.358,7.7,False,Solitudine / Nessun Contatto,,,Nessuna,85,0,85,15.55,8,6,2,1,1,6,6,6,0,3,3,0,8524.51,10,1.237,1.401,0.1638,True,75,0,2,5,1000.42,monte_carlo_run_1182_seed_1224.log
1183,24,1,-1,1,1,1,1225,3101,0.23,5.63,False,Solitudine / Nessun Contatto,,,Nessuna,22,0,22,14.39,1,1,1,1,0,0,0,0,0,0,0,0,8500.0,4,1.507,1.507,0.0,False,21,0,0,0,1003.57,monte_carlo_run_1183_seed_1225.log
1184,24,1,-1,1,1,1,1226,3101,0.218,4.23,True,Incontro Flotta Deep-Space,0.02,2.8,Diffidente,2,0,5,7.73,2,2,2,2,0,0,0,0,0,0,0,0,8500.0,6,1.067,1.067,0.0,False,2,0,1,1,227.79,monte_carlo_run_1184_seed_1226.log
1185,24,1,-1,1,1,1,1227,3101,0.361,8.27,True,Incontro Flotta Deep-Space,798.71,0.0,Biosfera Primitiva,69,0,84,23.54,8,5,2,1,1,5,5,5,0,4,4,0,8529.45,9,1.293,1.315,0.0219,True,76,0,4,8,1001.79,monte_carlo_run_1185_seed_1227.log
1186,24,1,-1,1,1,1,1228,3101,0.449,6.14,False,Solitudine / Nessun Contatto,,,Nessuna,61,1,61,17.46,4,2,1,1,0,2,2,2,0,1,1,0,8513.57,6,1.6,1.19,-0.4102,False,56,0,0,1,1003.24,monte_carlo_run_1186_seed_1228.log
1187,24,1,-1,1,1,1,1229,3101,0.488,11.69,True,Contatto Planetario / Biofirme,202.66,15.95,Collaborativa,19,0,116,16.27,9,9,2,2,0,7,7,7,0,3,3,0,8530.39,14,1.6,1.525,-0.0748,False,105,0,3,6,1004.86,monte_carlo_run_1187_seed_1229.log
1188,24,1,-1,1,1,1,1230,3101,0.539,7.49,True,Contatto Planetario / Biofirme,137.96,12.2,Ostile,30,0,183,15.67,16,13,4,1,3,12,1,1,0,0,0,0,8500.04,40,1.55,0.907,-0.6423,False,165,0,7,24,1001.41,monte_carlo_run_1188_seed_1230.log
1189,24,1,-1,1,1,1,1231,3101,0.315,6.97,True,Incontro Flotta Deep-Space,292.17,0.0,Biosfera Primitiva,15,0,78,16.47,6,6,2,1,0,4,4,4,0,3,2,1,8518.69,9,1.037,1.389,0.3522,True,71,0,3,6,1000.02,monte_carlo_run_1189_seed_1231.log
1190,24,1,-1,1,1,1,1232,3101,0.327,4.36,False,Solitudine / Nessun Contatto,,,Nessuna,3,0,3,4.34,1,1,1,1,0,0,0,0,0,0,0,0,8500.0,2,1.017,1.017,0.0,False,2,0,0,0,129.69,monte_carlo_run_1190_seed_1232.log
1191,24,1,-1,1,1,1,1233,3101,0.595,9.18,True,Incontro Flotta Deep-Space,776.31,18.07,Collaborativa,122,0,157,21.32,17,14,2,2,0,15,12,12,0,6,6,0,8549.77,30,1.351,1.127,-0.2243,False,139,0,9,27,1001.01,monte_carlo_run_1191_seed_1233.log
1192,24,1,-1,1,1,1,1234,3101,0.551,7.19,False,Solitudine / Nessun Contatto,,,Nessuna,91,0,91,28.59,10,6,1,1,0,9,9,9,0,1,1,0,8515.76,10,1.6,1.155,-0.4448,False,81,0,0,1,1001.34,monte_carlo_run_1192_seed_1234.log
1193,24,1,-1,1,1,1,1235,3101,0.449,5.65,False,Solitudine / Nessun Contatto,,,Nessuna,81,0,81,22.45,10,6,3,1,2,7,7,7,0,3,3,0,8517.82,10,1.411,1.137,-0.2737,False,72,0,3,4,1000.58,monte_carlo_run_1193_seed_1235.log
1194,24,1,-1,1,1,1,1236,3101,0.311,4.19,False,Solitudine / Nessun Contatto,,,Nessuna,31,0,31,22.26,7,5,2,2,0,5,4,4,0,3,3,0,8513.18,14,1.052,1.192,0.1407,True,22,0,4,6,1002.17,monte_carlo_run_1194_seed_1236.log
1195,24,1,-1,1,1,1,1237,3101,0.41,6.02,False,Solitudine / Nessun Contatto,,,Nessuna,72,0,72,17.16,8,6,1,1,0,7,7,7,0,2,2,0,8519.76,10,1.497,1.284,-0.2134,False,63,0,1,3,1000.08,monte_carlo_run_1195_seed_1237.log
1196,24,1,-1,1,1,1,1238,3101,0.278,6.06,True,Contatto Planetario / Biofirme,110.46,6.98,Ostile,6,0,54,14.83,6,5,2,1,0,4,4,4,0,3,3,0,8519.45,8,1.2,1.352,0.1526,True,46,0,1,4,1003.0,monte_carlo_run_1196_seed_1238.log
1197,24,1,-1,1,1,1,1239,3101,0.353,8.73,True,Incontro Flotta Deep-Space,475.17,20.12,Biosfera Primitiva,62,1,155,30.01,13,7,1,1,0,10,4,4,0,2,2,0,8517.53,25,1.6,1.3,-0.3001,False,140,0,3,6,1000.62,monte_carlo_run_1197_seed_1239.log
1198,24,1,-1,1,1,1,1240,3101,0.347,6.77,False,Solitudine / Nessun Contatto,,,Nessuna,232,0,232,20.07,15,10,3,3,0,11,3,3,0,1,1,0,8514.98,39,1.441,0.949,-0.4919,False,216,0,14,29,1000.54,monte_carlo_run_1198_seed_1240.log
1199,24,1,-1,1,1,1,1241,3101,0.489,8.57,True,Incontro Flotta Deep-Space,221.85,0.0,Biosfera Primitiva,44,0,170,19.41,16,13,4,2,1,12,8,8,0,6,6,0,8541.25,30,1.526,1.493,-0.0327,False,152,0,15,32,1000.03,monte_carlo_run_1199_seed_1241.log
1200,24,1,-1,1,1,1,1242,3101,0.325,5.89,True,Incontro Flotta Deep-Space,58.95,4.74,Predatoria,11,0,85,9.0,11,8,4,2,1,6,0,0,0,0,0,0,8500.0,25,1.331,1.331,0.0,False,74,0,7,20,1000.16,monte_carlo_run_1200_seed_1242.log
1201,25,1,1,-1,-1,-1,1243,3101,0.068,1.27,False,Solitudine / Nessun Contatto,,,Nessuna,1,0,1,0.0,1,1,1,1,0,0,0,0,0,0,0,0,8500.0,2,1.0,1.0,0.0,False,0,0,0,0,0.02,monte_carlo_run_1201_seed_1243.log
1202,25,1,1,-1,-1,-1,1244,3101,0.057,1.04,False,Solitudine / Nessun Contatto,,,Nessuna,1,0,1,0.0,1,1,1,1,0,0,0,0,0,0,0,0,8500.0,2,1.0,1.0,0.0,False,0,0,0,0,0.02,monte_carlo_run_1202_seed_1244.log
1203,25,1,1,-1,-1,-1,1245,3101,0.116,2.11,False,Solitudine / Nessun Contatto,,,Nessuna,1,0,1,0.0,1,1,1,1,0,0,0,0,0,0,0,0,8500.0,2,1.0,1.0,0.0,False,0,0,0,0,0.02,monte_carlo_run_1203_seed_1245.log
1204,25,1,1,-1,-1,-1,1246,3101,0.058,1.03,False,Solitudine / Nessun Contatto,,,Nessuna,1,0,1,0.0,2,2,2,1,1,0,0,0,0,0,0,0,8500.0,2,1.0,1.0,0.0,False,0,0,1,1,0.02,monte_carlo_run_1204_seed_1246.log
1205,25,1,1,-1,-1,-1,1247,3101,0.109,1.36,False,Solitudine / Nessun Contatto,,,Nessuna,1,0,1,0.0,2,2,2,1,1,0,0,0,0,0,0,0,8500.0,2,1.0,1.0,0.0,False,0,0,1,1,0.02,monte_carlo_run_1205_seed_1247.log
1206,25,1,1,-1,-1,-1,1248,3101,0.142,1.9,False,Solitudine / Nessun Contatto,,,Nessuna,1,0,1,0.0,3,3,3,0,3,0,0,0,0,0,0,0,8500.0,1,0.985,0.985,0.0,False,0,0,1,3,0.02,monte_carlo_run_1206_seed_1248.log
1207,25,1,1,-1,-1,-1,1249,3101,0.13,2.0,False,Solitudine / Nessun Contatto,,,Nessuna,1,0,1,0.0,1,1,1,1,0,0,0,0,0,0,0,0,8500.0,2,1.0,1.0,0.0,False,0,0,0,0,0.02,monte_carlo_run_1207_seed_1249.log
1208,25,1,1,-1,-1,-1,1250,3101,0.119,1.94,False,Solitudine / Nessun Contatto,,,Nessuna,2,0,2,1.29,4,3,3,1,2,1,1,1,0,0,0,0,8500.15,2,1.027,0.828,-0.199,False,0,0,2,2,45.26,monte_carlo_run_1208_seed_1250.log
1209,25,1,1,-1,-1,-1,1251,3101,0.109,1.86,False,Solitudine / Nessun Contatto,,,Nessuna,2,0,2,1.37,3,3,3,0,3,0,0,0,0,0,0,0,8500.0,1,0.851,0.851,0.0,False,0,0,0,2,50.45,monte_carlo_run_1209_seed_1251.log
1210,25,1,1,-1,-1,-1,1252,3101,0.134,2.78,False,Solitudine / Nessun Contatto,,,Nessuna,1,0,1,0.0,1,1,1,1,0,0,0,0,0,0,0,0,8500.0,2,1.0,1.0,0.0,False,0,0,0,0,0.02,monte_carlo_run_1210_seed_1252.log
1211,25,1,1,-1,-1,-1,1253,3101,0.128,3.05,False,Solitudine / Nessun Contatto,,,Nessuna,4,0,4,4.55,1,1,1,1,0,0,0,0,0,0,0,0,8500.0,2,1.026,1.026,0.0,False,2,0,0,0,218.25,monte_carlo_run_1211_seed_1253.log
1212,25,1,1,-1,-1,-1,1254,3101,0.086,1.29,False,Solitudine / Nessun Contatto,,,Nessuna,2,0,2,0.64,3,3,3,0,3,0,0,0,0,0,0,0,8500.0,2,0.942,0.942,0.0,False,0,0,1,3,29.84,monte_carlo_run_1212_seed_1254.log
1213,25,1,1,-1,-1,-1,1255,3101,0.054,1.35,False,Solitudine / Nessun Contatto,,,Nessuna,1,0,1,0.0,1,1,1,1,0,0,0,0,0,0,0,0,8500.0,2,1.0,1.0,0.0,False,0,0,0,0,0.02,monte_carlo_run_1213_seed_1255.log
1214,25,1,1,-1,-1,-1,1256,3101,0.107,1.56,False,Solitudine / Nessun Contatto,,,Nessuna,1,0,1,0.0,1,1,1,1,0,0,0,0,0,0,0,0,8500.0,2,1.0,1.0,0.0,False,0,0,0,0,0.02,monte_carlo_run_1214_seed_1256.log
1215,25,1,1,-1,-1,-1,1257,3101,0.074,1.61,False,Solitudine / Nessun Contatto,,,Nessuna,1,0,1,0.0,1,1,1,1,0,0,0,0,0,0,0,0,8500.0,2,1.0,1.0,0.0,False,0,0,0,0,0.02,monte_carlo_run_1215_seed_1257.log
1216,25,1,1,-1,-1,-1,1258,3101,0.097,2.16,False,Solitudine / Nessun Contatto,,,Nessuna,1,0,1,0.0,1,1,1,1,0,0,0,0,0,0,0,0,8500.0,2,1.0,1.0,0.0,False,0,0,0,0,0.02,monte_carlo_run_1216_seed_1258.log
1217,25,1,1,-1,-1,-1,1259,3101,0.085,1.2,False,Solitudine / Nessun Contatto,,,Nessuna,1,0,1,0.0,1,1,1,1,0,0,0,0,0,0,0,0,8500.0,2,1.0,1.0,0.0,False,0,0,0,0,0.02,monte_carlo_run_1217_seed_1259.log
1218,25,1,1,-1,-1,-1,1260,3101,0.111,2.1,False,Solitudine / Nessun Contatto,,,Nessuna,1,0,1,0.0,1,1,1,1,0,0,0,0,0,0,0,0,8500.0,2,1.0,1.0,0.0,False,0,0,0,0,0.02,monte_carlo_run_1218_seed_1260.log
1219,25,1,1,-1,-1,-1,1261,3101,0.074,1.15,False,Solitudine / Nessun Contatto,,,Nessuna,1,0,1,0.0,2,2,2,1,1,0,0,0,0,0,0,0,8500.0,2,1.0,1.0,0.0,False,0,0,0,1,0.02,monte_carlo_run_1219_seed_1261.log
1220,25,1,1,-1,-1,-1,1262,3101,0.115,2.83,False,Solitudine / Nessun Contatto,,,Nessuna,3,0,3,3.95,1,1,1,1,0,0,0,0,0,0,0,0,8500.0,2,1.012,1.012,0.0,False,1,0,0,0,149.48,monte_carlo_run_1220_seed_1262.log
1221,25,1,1,-1,-1,-1,1263,3101,0.114,2.18,False,Solitudine / Nessun Contatto,,,Nessuna,1,0,1,0.0,2,2,2,1,1,0,0,0,0,0,0,0,8500.0,2,1.0,1.0,0.0,False,0,0,1,1,0.02,monte_carlo_run_1221_seed_1263.log
1222,25,1,1,-1,-1,-1,1264,3101,0.14,3.06,False,Solitudine / Nessun Contatto,,,Nessuna,1,0,1,0.0,2,2,2,1,1,0,0,0,0,0,0,0,8500.0,2,1.0,1.0,0.0,False,0,0,0,1,0.02,monte_carlo_run_1222_seed_1264.log
1223,25,1,1,-1,-1,-1,1265,3101,0.112,2.04,False,Solitudine / Nessun Contatto,,,Nessuna,1,0,1,0.0,1,1,1,1,0,0,0,0,0,0,0,0,8500.0,2,1.0,1.0,0.0,False,0,0,0,0,0.02,monte_carlo_run_1223_seed_1265.log
1224,25,1,1,-1,-1,-1,1266,3101,0.135,2.36,False,Solitudine / Nessun Contatto,,,Nessuna,1,0,1,0.0,3,3,3,1,2,0,0,0,0,0,0,0,8500.0,2,1.0,1.0,0.0,False,0,0,0,2,0.02,monte_carlo_run_1224_seed_1266.log
1225,25,1,1,-1,-1,-1,1267,3101,0.104,1.95,False,Solitudine / Nessun Contatto,,,Nessuna,1,0,1,0.0,2,2,2,1,1,0,0,0,0,0,0,0,8500.0,2,1.0,1.0,0.0,False,0,0,1,1,0.02,monte_carlo_run_1225_seed_1267.log
1226,25,1,1,-1,-1,-1,1268,3101,0.098,1.8,False,Solitudine / Nessun Contatto,,,Nessuna,2,0,2,1.08,3,3,3,0,3,0,0,0,0,0,0,0,8500.0,2,0.93,0.93,0.0,False,0,0,1,3,43.96,monte_carlo_run_1226_seed_1268.log
1227,25,1,1,-1,-1,-1,1269,3101,0.135,2.17,False,Solitudine / Nessun Contatto,,,Nessuna,1,0,1,0.0,1,1,1,1,0,0,0,0,0,0,0,0,8500.0,2,1.0,1.0,0.0,False,0,0,0,0,0.02,monte_carlo_run_1227_seed_1269.log
1228,25,1,1,-1,-1,-1,1270,3101,0.119,2.75,False,Solitudine / Nessun Contatto,,,Nessuna,2,0,2,2.01,2,2,2,0,2,0,0,0,0,0,0,0,8500.0,2,0.846,0.846,0.0,False,0,0,0,1,70.49,monte_carlo_run_1228_seed_1270.log
1229,25,1,1,-1,-1,-1,1271,3101,0.054,1.15,False,Solitudine / Nessun Contatto,,,Nessuna,1,0,1,0.0,1,1,1,1,0,0,0,0,0,0,0,0,8500.0,2,1.0,1.0,0.0,False,0,0,0,0,0.02,monte_carlo_run_1229_seed_1271.log
1230,25,1,1,-1,-1,-1,1272,3101,0.129,3.16,False,Solitudine / Nessun Contatto,,,Nessuna,1,0,1,0.0,1,1,1,1,0,0,0,0,0,0,0,0,8500.0,2,1.0,1.0,0.0,False,0,0,0,0,0.02,monte_carlo_run_1230_seed_1272.log
1231,25,1,1,-1,-1,-1,1273,3101,0.104,2.05,False,Solitudine / Nessun Contatto,,,Nessuna,1,0,1,0.0,1,1,1,1,0,0,0,0,0,0,0,0,8500.0,2,1.0,1.0,0.0,False,0,0,0,0,0.02,monte_carlo_run_1231_seed_1273.log
1232,25,1,1,-1,-1,-1,1274,3101,0.104,2.16,False,Solitudine / Nessun Contatto,,,Nessuna,1,0,1,0.0,2,2,2,1,1,0,0,0,0,0,0,0,8500.0,2,1.0,1.0,0.0,False,0,0,1,1,0.02,monte_carlo_run_1232_seed_1274.log
1233,25,1,1,-1,-1,-1,1275,3101,0.135,3.16,False,Solitudine / Nessun Contatto,,,Nessuna,7,0,7,4.0,2,2,1,1,0,1,1,1,0,0,0,0,8500.96,3,1.157,0.895,-0.2619,False,5,0,0,0,621.93,monte_carlo_run_1233_seed_1275.log
1234,25,1,1,-1,-1,-1,1276,3101,0.094,2.17,False,Solitudine / Nessun Contatto,,,Nessuna,1,0,1,0.0,1,1,1,1,0,0,0,0,0,0,0,0,8500.0,2,1.0,1.0,0.0,False,0,0,0,0,0.02,monte_carlo_run_1234_seed_1276.log
1235,25,1,1,-1,-1,-1,1277,3101,0.129,2.8,False,Solitudine / Nessun Contatto,,,Nessuna,1,0,1,0.0,1,1,1,1,0,0,0,0,0,0,0,0,8500.0,2,1.0,1.0,0.0,False,0,0,0,0,0.02,monte_carlo_run_1235_seed_1277.log
1236,25,1,1,-1,-1,-1,1278,3101,0.117,2.64,False,Solitudine / Nessun Contatto,,,Nessuna,1,0,1,0.0,1,1,1,1,0,0,0,0,0,0,0,0,8500.0,2,1.0,1.0,0.0,False,0,0,0,0,0.02,monte_carlo_run_1236_seed_1278.log
1237,25,1,1,-1,-1,-1,1279,3101,0.107,1.33,False,Solitudine / Nessun Contatto,,,Nessuna,1,0,1,0.0,1,1,1,1,0,0,0,0,0,0,0,0,8500.0,2,1.0,1.0,0.0,False,0,0,0,0,0.02,monte_carlo_run_1237_seed_1279.log
1238,25,1,1,-1,-1,-1,1280,3101,0.116,2.73,False,Solitudine / Nessun Contatto,,,Nessuna,3,0,3,2.11,1,1,1,1,0,0,0,0,0,0,0,0,8500.0,2,1.028,1.028,0.0,False,2,0,0,0,214.3,monte_carlo_run_1238_seed_1280.log
1239,25,1,1,-1,-1,-1,1281,3101,0.072,1.76,False,Solitudine / Nessun Contatto,,,Nessuna,1,0,1,0.0,2,2,2,1,1,0,0,0,0,0,0,0,8500.0,2,1.0,1.0,0.0,False,0,0,0,1,0.02,monte_carlo_run_1239_seed_1281.log
1240,25,1,1,-1,-1,-1,1282,3101,0.059,1.42,False,Solitudine / Nessun Contatto,,,Nessuna,1,0,1,0.0,1,1,1,1,0,0,0,0,0,0,0,0,8500.0,2,1.0,1.0,0.0,False,0,0,0,0,0.02,monte_carlo_run_1240_seed_1282.log
1241,25,1,1,-1,-1,-1,1283,3101,0.146,3.5,False,Solitudine / Nessun Contatto,,,Nessuna,7,0,7,6.44,3,2,1,1,0,2,2,2,0,1,1,0,8506.75,4,1.104,1.17,0.0662,True,4,0,0,1,478.66,monte_carlo_run_1241_seed_1283.log
1242,25,1,1,-1,-1,-1,1284,3101,0.055,0.99,False,Solitudine / Nessun Contatto,,,Nessuna,1,0,1,0.0,1,1,1,1,0,0,0,0,0,0,0,0,8500.0,2,1.0,1.0,0.0,False,0,0,0,0,0.02,monte_carlo_run_1242_seed_1284.log
1243,25,1,1,-1,-1,-1,1285,3101,0.072,1.23,False,Solitudine / Nessun Contatto,,,Nessuna,1,0,1,0.0,2,2,2,1,1,0,0,0,0,0,0,0,8500.0,2,1.0,1.0,0.0,False,0,0,1,1,0.02,monte_carlo_run_1243_seed_1285.log
1244,25,1,1,-1,-1,-1,1286,3101,0.056,1.09,False,Solitudine / Nessun Contatto,,,Nessuna,1,0,1,0.0,2,2,2,1,1,0,0,0,0,0,0,0,8500.0,2,1.0,1.0,0.0,False,0,0,0,1,0.02,monte_carlo_run_1244_seed_1286.log
1245,25,1,1,-1,-1,-1,1287,3101,0.106,2.38,False,Solitudine / Nessun Contatto,,,Nessuna,1,0,1,0.0,2,2,2,1,1,0,0,0,0,0,0,0,8500.0,2,1.0,1.0,0.0,False,0,0,0,1,0.02,monte_carlo_run_1245_seed_1287.log
1246,25,1,1,-1,-1,-1,1288,3101,0.106,2.41,False,Solitudine / Nessun Contatto,,,Nessuna,1,0,1,0.0,3,3,3,1,2,0,0,0,0,0,0,0,8500.0,2,1.0,1.0,0.0,False,0,0,1,2,0.02,monte_carlo_run_1246_seed_1288.log
1247,25,1,1,-1,-1,-1,1289,3101,0.095,1.88,False,Solitudine / Nessun Contatto,,,Nessuna,1,0,1,0.0,1,1,1,1,0,0,0,0,0,0,0,0,8500.0,2,1.0,1.0,0.0,False,0,0,0,0,0.02,monte_carlo_run_1247_seed_1289.log
1248,25,1,1,-1,-1,-1,1290,3101,0.135,3.36,False,Solitudine / Nessun Contatto,,,Nessuna,4,0,4,4.17,3,2,2,1,1,0,0,0,0,0,0,0,8500.0,2,1.156,1.156,0.0,False,1,0,3,3,266.25,monte_carlo_run_1248_seed_1290.log
1249,25,1,1,-1,-1,-1,1291,3101,0.149,2.84,False,Solitudine / Nessun Contatto,,,Nessuna,2,0,2,0.46,2,2,2,0,2,0,0,0,0,0,0,0,8500.0,1,0.937,0.937,0.0,False,0,0,0,1,12.31,monte_carlo_run_1249_seed_1291.log
1250,25,1,1,-1,-1,-1,1292,3101,0.088,2.12,False,Solitudine / Nessun Contatto,,,Nessuna,1,0,1,0.0,2,2,2,1,1,0,0,0,0,0,0,0,8500.0,2,1.0,1.0,0.0,False,0,0,0,1,0.02,monte_carlo_run_1250_seed_1292.log
1251,26,1,1,-1,-1,1,1293,3101,0.128,2.8,False,Solitudine / Nessun Contatto,,,Nessuna,1,0,1,0.0,1,1,1,1,0,0,0,0,0,0,0,0,8500.0,2,1.0,1.0,0.0,False,0,0,0,0,0.02,monte_carlo_run_1251_seed_1293.log
1252,26,1,1,-1,-1,1,1294,3101,0.109,1.99,False,Solitudine / Nessun Contatto,,,Nessuna,1,0,1,0.0,1,1,1,1,0,0,0,0,0,0,0,0,8500.0,2,1.0,1.0,0.0,False,0,0,0,0,0.02,monte_carlo_run_1252_seed_1294.log
1253,26,1,1,-1,-1,1,1295,3101,0.149,2.71,False,Solitudine / Nessun Contatto,,,Nessuna,3,0,3,2.47,3,3,2,2,0,1,1,1,0,0,0,0,8500.14,6,1.002,0.838,-0.1643,False,0,0,0,1,82.44,monte_carlo_run_1253_seed_1295.log
1254,26,1,1,-1,-1,1,1296,3101,0.078,1.37,False,Solitudine / Nessun Contatto,,,Nessuna,2,0,2,0.0,2,2,2,2,0,0,0,0,0,0,0,0,8500.0,5,1.0,1.0,0.0,False,0,0,1,1,0.04,monte_carlo_run_1254_seed_1296.log
1255,26,1,1,-1,-1,1,1297,3101,0.149,1.85,False,Solitudine / Nessun Contatto,,,Nessuna,2,0,2,0.0,2,2,2,2,0,0,0,0,0,0,0,0,8500.0,5,1.0,1.0,0.0,False,0,0,1,1,0.04,monte_carlo_run_1255_seed_1297.log
1256,26,1,1,-1,-1,1,1298,3101,0.145,3.28,False,Solitudine / Nessun Contatto,,,Nessuna,1,0,1,0.0,1,1,1,1,0,0,0,0,0,0,0,0,8500.0,2,1.0,1.0,0.0,False,0,0,0,0,0.02,monte_carlo_run_1256_seed_1298.log
1257,26,1,1,-1,-1,1,1299,3101,0.084,1.51,False,Solitudine / Nessun Contatto,,,Nessuna,3,0,3,0.0,3,3,3,3,0,0,0,0,0,0,0,0,8500.0,10,1.0,1.0,0.0,False,0,0,1,2,0.06,monte_carlo_run_1257_seed_1299.log
1258,26,1,1,-1,-1,1,1300,3101,0.145,2.66,False,Solitudine / Nessun Contatto,,,Nessuna,1,0,1,0.0,1,1,1,1,0,0,0,0,0,0,0,0,8500.0,2,1.0,1.0,0.0,False,0,0,0,0,0.02,monte_carlo_run_1258_seed_1300.log
1259,26,1,1,-1,-1,1,1301,3101,0.113,2.12,False,Solitudine / Nessun Contatto,,,Nessuna,1,0,1,0.0,1,1,1,1,0,0,0,0,0,0,0,0,8500.0,2,1.0,1.0,0.0,False,0,0,0,0,0.02,monte_carlo_run_1259_seed_1301.log
1260,26,1,1,-1,-1,1,1302,3101,0.08,1.89,False,Solitudine / Nessun Contatto,,,Nessuna,1,0,1,0.0,1,1,1,1,0,0,0,0,0,0,0,0,8500.0,2,1.0,1.0,0.0,False,0,0,0,0,0.02,monte_carlo_run_1260_seed_1302.log
1261,26,1,1,-1,-1,1,1303,3101,0.065,0.9,False,Solitudine / Nessun Contatto,,,Nessuna,1,0,1,0.0,1,1,1,1,0,0,0,0,0,0,0,0,8500.0,2,1.0,1.0,0.0,False,0,0,0,0,0.02,monte_carlo_run_1261_seed_1303.log
1262,26,1,1,-1,-1,1,1304,3101,0.108,2.48,False,Solitudine / Nessun Contatto,,,Nessuna,1,0,1,0.0,1,1,1,1,0,0,0,0,0,0,0,0,8500.0,2,1.0,1.0,0.0,False,0,0,0,0,0.02,monte_carlo_run_1262_seed_1304.log
1263,26,1,1,-1,-1,1,1305,3101,0.073,1.44,False,Solitudine / Nessun Contatto,,,Nessuna,3,0,3,0.95,2,2,2,2,0,0,0,0,0,0,0,0,8500.0,5,1.012,1.012,0.0,False,0,0,1,1,52.06,monte_carlo_run_1263_seed_1305.log
1264,26,1,1,-1,-1,1,1306,3101,0.141,1.89,False,Solitudine / Nessun Contatto,,,Nessuna,2,0,2,0.0,2,2,2,2,0,0,0,0,0,0,0,0,8500.0,5,1.0,1.0,0.0,False,0,0,1,1,0.04,monte_carlo_run_1264_seed_1306.log
1265,26,1,1,-1,-1,1,1307,3101,0.063,1.49,False,Solitudine / Nessun Contatto,,,Nessuna,1,0,1,0.0,1,1,1,1,0,0,0,0,0,0,0,0,8500.0,2,1.0,1.0,0.0,False,0,0,0,0,0.02,monte_carlo_run_1265_seed_1307.log
1266,26,1,1,-1,-1,1,1308,3101,0.146,2.28,False,Solitudine / Nessun Contatto,,,Nessuna,2,0,2,0.0,2,2,2,2,0,0,0,0,0,0,0,0,8500.0,6,1.0,1.0,0.0,False,0,0,1,1,0.04,monte_carlo_run_1266_seed_1308.log
1267,26,1,1,-1,-1,1,1309,3101,0.117,1.95,False,Solitudine / Nessun Contatto,,,Nessuna,1,0,1,0.0,1,1,1,1,0,0,0,0,0,0,0,0,8500.0,2,1.0,1.0,0.0,False,0,0,0,0,0.02,monte_carlo_run_1267_seed_1309.log
1268,26,1,1,-1,-1,1,1310,3101,0.119,1.58,False,Solitudine / Nessun Contatto,,,Nessuna,1,0,1,0.0,1,1,1,1,0,0,0,0,0,0,0,0,8500.0,2,1.0,1.0,0.0,False,0,0,0,0,0.02,monte_carlo_run_1268_seed_1310.log
1269,26,1,1,-1,-1,1,1311,3101,0.058,1.42,False,Solitudine / Nessun Contatto,,,Nessuna,2,0,2,0.0,2,2,2,2,0,0,0,0,0,0,0,0,8500.0,5,1.0,1.0,0.0,False,0,0,0,1,0.04,monte_carlo_run_1269_seed_1311.log
1270,26,1,1,-1,-1,1,1312,3101,0.061,1.25,False,Solitudine / Nessun Contatto,,,Nessuna,3,0,3,0.0,3,3,3,3,0,0,0,0,0,0,0,0,8500.0,8,1.0,1.0,0.0,False,0,0,1,2,0.06,monte_carlo_run_1270_seed_1312.log
1271,26,1,1,-1,-1,1,1313,3101,0.14,3.41,False,Solitudine / Nessun Contatto,,,Nessuna,7,0,7,2.85,3,3,3,3,0,0,0,0,0,0,0,0,8500.0,9,1.107,1.107,0.0,False,2,0,2,3,204.25,monte_carlo_run_1271_seed_1313.log
1272,26,1,1,-1,-1,1,1314,3101,0.099,1.28,False,Solitudine / Nessun Contatto,,,Nessuna,1,0,1,0.0,1,1,1,1,0,0,0,0,0,0,0,0,8500.0,2,1.0,1.0,0.0,False,0,0,0,0,0.02,monte_carlo_run_1272_seed_1314.log
1273,26,1,1,-1,-1,1,1315,3101,0.056,1.04,False,Solitudine / Nessun Contatto,,,Nessuna,2,0,2,0.9,1,1,1,1,0,0,0,0,0,0,0,0,8500.0,2,1.001,1.001,0.0,False,0,0,0,0,64.42,monte_carlo_run_1273_seed_1315.log
1274,26,1,1,-1,-1,1,1316,3101,0.145,1.91,False,Solitudine / Nessun Contatto,,,Nessuna,2,0,2,0.0,2,2,2,2,0,0,0,0,0,0,0,0,8500.0,5,1.0,1.0,0.0,False,0,0,1,1,0.04,monte_carlo_run_1274_seed_1316.log
1275,26,1,1,-1,-1,1,1317,3101,0.076,1.67,False,Solitudine / Nessun Contatto,,,Nessuna,2,0,2,0.0,2,2,2,2,0,0,0,0,0,0,0,0,8500.0,6,1.0,1.0,0.0,False,0,0,0,1,0.04,monte_carlo_run_1275_seed_1317.log
1276,26,1,1,-1,-1,1,1318,3101,0.137,2.48,False,Solitudine / Nessun Contatto,,,Nessuna,1,0,1,0.0,1,1,1,1,0,0,0,0,0,0,0,0,8500.0,2,1.0,1.0,0.0,False,0,0,0,0,0.02,monte_carlo_run_1276_seed_1318.log
1277,26,1,1,-1,-1,1,1319,3101,0.08,1.04,False,Solitudine / Nessun Contatto,,,Nessuna,1,0,1,0.0,1,1,1,1,0,0,0,0,0,0,0,0,8500.0,2,1.0,1.0,0.0,False,0,0,0,0,0.02,monte_carlo_run_1277_seed_1319.log
1278,26,1,1,-1,-1,1,1320,3101,0.109,1.91,False,Solitudine / Nessun Contatto,,,Nessuna,2,0,2,1.83,1,1,1,1,0,0,0,0,0,0,0,0,8500.0,2,1.002,1.002,0.0,False,0,0,0,0,67.12,monte_carlo_run_1278_seed_1320.log
1279,26,1,1,-1,-1,1,1321,3101,0.056,0.73,False,Solitudine / Nessun Contatto,,,Nessuna,3,0,3,0.0,3,3,3,3,0,0,0,0,0,0,0,0,8500.0,10,1.0,1.0,0.0,False,0,0,0,3,0.06,monte_carlo_run_1279_seed_1321.log
1280,26,1,1,-1,-1,1,1322,3101,0.077,1.07,False,Solitudine / Nessun Contatto,,,Nessuna,2,0,2,0.0,2,2,2,2,0,0,0,0,0,0,0,0,8500.0,6,1.0,1.0,0.0,False,0,0,1,1,0.04,monte_carlo_run_1280_seed_1322.log
1281,26,1,1,-1,-1,1,1323,3101,0.135,2.18,False,Solitudine / Nessun Contatto,,,Nessuna,5,0,5,1.87,2,2,2,2,0,0,0,0,0,0,0,0,8500.0,5,1.032,1.032,0.0,False,1,0,1,1,105.1,monte_carlo_run_1281_seed_1323.log
1282,26,1,1,-1,-1,1,1324,3101,0.114,2.24,False,Solitudine / Nessun Contatto,,,Nessuna,1,0,1,0.0,1,1,1,1,0,0,0,0,0,0,0,0,8500.0,2,1.0,1.0,0.0,False,0,0,0,0,0.02,monte_carlo_run_1282_seed_1324.log
1283,26,1,1,-1,-1,1,1325,3101,0.138,1.98,False,Solitudine / Nessun Contatto,,,Nessuna,5,0,5,1.85,3,3,3,3,0,0,0,0,0,0,0,0,8500.0,9,1.027,1.027,0.0,False,0,0,1,2,98.75,monte_carlo_run_1283_seed_1325.log
1284,26,1,1,-1,-1,1,1326,3101,0.056,1.23,False,Solitudine / Nessun Contatto,,,Nessuna,3,0,3,0.71,2,2,2,2,0,0,0,0,0,0,0,0,8500.0,6,1.007,1.007,0.0,False,0,0,1,1,50.58,monte_carlo_run_1284_seed_1326.log
1285,26,1,1,-1,-1,1,1327,3101,0.089,2.2,False,Solitudine / Nessun Contatto,,,Nessuna,3,0,3,0.0,2,2,2,2,0,0,0,0,0,0,0,0,8500.0,6,1.01,1.01,0.0,False,0,0,1,1,33.13,monte_carlo_run_1285_seed_1327.log
1286,26,1,1,-1,-1,1,1328,3101,0.108,2.15,False,Solitudine / Nessun Contatto,,,Nessuna,3,0,3,0.0,2,2,2,2,0,0,0,0,0,0,0,0,8500.0,6,1.002,1.002,0.0,False,0,0,0,1,65.72,monte_carlo_run_1286_seed_1328.log
1287,26,1,1,-1,-1,1,1329,3101,0.116,1.91,False,Solitudine / Nessun Contatto,,,Nessuna,1,0,1,0.0,1,1,1,1,0,0,0,0,0,0,0,0,8500.0,2,1.0,1.0,0.0,False,0,0,0,0,0.02,monte_carlo_run_1287_seed_1329.log
1288,26,1,1,-1,-1,1,1330,3101,0.113,1.57,False,Solitudine / Nessun Contatto,,,Nessuna,3,0,3,1.78,1,1,1,1,0,0,0,0,0,0,0,0,8500.0,2,1.005,1.005,0.0,False,1,0,0,0,69.47,monte_carlo_run_1288_seed_1330.log
1289,26,1,1,-1,-1,1,1331,3101,0.065,0.83,False,Solitudine / Nessun Contatto,,,Nessuna,1,0,1,0.0,1,1,1,1,0,0,0,0,0,0,0,0,8500.0,2,1.0,1.0,0.0,False,0,0,0,0,0.02,monte_carlo_run_1289_seed_1331.log
1290,26,1,1,-1,-1,1,1332,3101,0.1,1.3,False,Solitudine / Nessun Contatto,,,Nessuna,1,0,1,0.0,1,1,1,1,0,0,0,0,0,0,0,0,8500.0,2,1.0,1.0,0.0,False,0,0,0,0,0.02,monte_carlo_run_1290_seed_1332.log
1291,26,1,1,-1,-1,1,1333,3101,0.067,0.93,False,Solitudine / Nessun Contatto,,,Nessuna,4,0,4,0.0,4,3,2,2,0,1,0,0,0,0,0,0,8500.0,9,1.018,1.018,0.0,False,0,0,2,3,30.54,monte_carlo_run_1291_seed_1333.log
1292,26,1,1,-1,-1,1,1334,3101,0.135,1.78,False,Solitudine / Nessun Contatto,,,Nessuna,1,0,1,0.0,1,1,1,1,0,0,0,0,0,0,0,0,8500.0,2,1.0,1.0,0.0,False,0,0,0,0,0.02,monte_carlo_run_1292_seed_1334.log
1293,26,1,1,-1,-1,1,1335,3101,0.061,0.91,False,Solitudine / Nessun Contatto,,,Nessuna,3,0,3,0.0,3,3,3,3,0,0,0,0,0,0,0,0,8500.0,9,1.0,1.0,0.0,False,0,0,0,3,0.06,monte_carlo_run_1293_seed_1335.log
1294,26,1,1,-1,-1,1,1336,3101,0.098,1.36,False,Solitudine / Nessun Contatto,,,Nessuna,2,0,2,0.0,2,2,2,2,0,0,0,0,0,0,0,0,8500.0,5,1.0,1.0,0.0,False,0,0,0,1,0.04,monte_carlo_run_1294_seed_1336.log
1295,26,1,1,-1,-1,1,1337,3101,0.125,1.99,False,Solitudine / Nessun Contatto,,,Nessuna,3,0,3,1.86,2,2,2,2,0,0,0,0,0,0,0,0,8500.0,6,1.002,1.002,0.0,False,0,0,0,1,64.42,monte_carlo_run_1295_seed_1337.log
1296,26,1,1,-1,-1,1,1338,3101,0.073,1.3,False,Solitudine / Nessun Contatto,,,Nessuna,2,0,2,0.0,2,2,2,2,0,0,0,0,0,0,0,0,8500.0,5,1.0,1.0,0.0,False,0,0,1,1,0.04,monte_carlo_run_1296_seed_1338.log
1297,26,1,1,-1,-1,1,1339,3101,0.104,1.28,False,Solitudine / Nessun Contatto,,,Nessuna,3,0,3,0.0,3,3,3,3,0,0,0,0,0,0,0,0,8500.0,9,1.0,1.0,0.0,False,0,0,0,3,0.06,monte_carlo_run_1297_seed_1339.log
1298,26,1,1,-1,-1,1,1340,3101,0.056,0.98,False,Solitudine / Nessun Contatto,,,Nessuna,2,0,2,0.0,2,2,2,2,0,0,0,0,0,0,0,0,8500.0,5,1.0,1.0,0.0,False,0,0,0,1,0.04,monte_carlo_run_1298_seed_1340.log
1299,26,1,1,-1,-1,1,1341,3101,0.127,2.35,False,Solitudine / Nessun Contatto,,,Nessuna,4,0,4,4.43,2,2,1,1,0,1,1,1,0,1,1,0,8505.34,3,1.025,1.151,0.1269,True,2,0,0,1,330.2,monte_carlo_run_1299_seed_1341.log
1300,26,1,1,-1,-1,1,1342,3101,0.065,0.99,False,Solitudine / Nessun Contatto,,,Nessuna,2,0,2,0.0,2,2,2,2,0,0,0,0,0,0,0,0,8500.0,6,1.0,1.0,0.0,False,0,0,1,1,0.04,monte_carlo_run_1300_seed_1342.log
1301,27,1,1,-1,1,-1,1343,3101,0.115,2.22,True,Contatto Planetario / Biofirme,10.36,1.19,Ostile,2,0,3,1.59,2,2,2,1,0,0,0,0,0,0,0,0,8500.0,2,1.002,1.002,0.0,False,0,0,0,0,96.73,monte_carlo_run_1301_seed_1343.log
1302,27,1,1,-1,1,-1,1344,3101,0.058,1.14,False,Solitudine / Nessun Contatto,,,Nessuna,1,0,1,0.0,1,1,1,1,0,0,0,0,0,0,0,0,8500.0,2,1.0,1.0,0.0,False,0,0,0,0,0.02,monte_carlo_run_1302_seed_1344.log
1303,27,1,1,-1,1,-1,1345,3101,0.079,0.97,False,Solitudine / Nessun Contatto,,,Nessuna,1,0,1,0.0,1,1,1,1,0,0,0,0,0,0,0,0,8500.0,2,1.0,1.0,0.0,False,0,0,0,0,0.02,monte_carlo_run_1303_seed_1345.log
1304,27,1,1,-1,1,-1,1346,3101,0.073,1.65,False,Solitudine / Nessun Contatto,,,Nessuna,1,0,1,0.0,2,2,2,1,1,0,0,0,0,0,0,0,8500.0,2,1.0,1.0,0.0,False,0,0,1,1,0.02,monte_carlo_run_1304_seed_1346.log
1305,27,1,1,-1,1,-1,1347,3101,0.13,2.63,False,Solitudine / Nessun Contatto,,,Nessuna,1,0,1,0.0,2,2,2,0,2,0,0,0,0,0,0,0,8500.0,1,0.985,0.985,0.0,False,0,0,0,1,0.02,monte_carlo_run_1305_seed_1347.log
1306,27,1,1,-1,1,-1,1348,3101,0.102,2.32,False,Solitudine / Nessun Contatto,,,Nessuna,2,0,2,2.29,1,1,1,1,0,0,0,0,0,0,0,0,8500.0,2,1.002,1.002,0.0,False,0,0,0,0,89.92,monte_carlo_run_1306_seed_1348.log
1307,27,1,1,-1,1,-1,1349,3101,0.104,2.26,False,Solitudine / Nessun Contatto,,,Nessuna,1,0,1,0.0,1,1,1,1,0,0,0,0,0,0,0,0,8500.0,2,1.0,1.0,0.0,False,0,0,0,0,0.02,monte_carlo_run_1307_seed_1349.log
1308,27,1,1,-1,1,-1,1350,3101,0.091,1.78,False,Solitudine / Nessun Contatto,,,Nessuna,1,0,1,0.0,1,1,1,1,0,0,0,0,0,0,0,0,8500.0,2,1.0,1.0,0.0,False,0,0,0,0,0.02,monte_carlo_run_1308_seed_1350.log
1309,27,1,1,-1,1,-1,1351,3101,0.065,1.59,False,Solitudine / Nessun Contatto,,,Nessuna,1,0,1,0.0,1,1,1,1,0,0,0,0,0,0,0,0,8500.0,2,1.0,1.0,0.0,False,0,0,0,0,0.02,monte_carlo_run_1309_seed_1351.log
1310,27,1,1,-1,1,-1,1352,3101,0.116,2.61,False,Solitudine / Nessun Contatto,,,Nessuna,3,0,3,2.59,1,1,1,1,0,0,0,0,0,0,0,0,8500.0,2,1.004,1.004,0.0,False,0,0,0,0,153.02,monte_carlo_run_1310_seed_1352.log
1311,27,1,1,-1,1,-1,1353,3101,0.07,1.21,False,Solitudine / Nessun Contatto,,,Nessuna,1,0,1,0.0,2,2,2,1,1,0,0,0,0,0,0,0,8500.0,2,1.0,1.0,0.0,False,0,0,1,1,0.02,monte_carlo_run_1311_seed_1353.log
1312,27,1,1,-1,1,-1,1354,3101,0.088,1.84,False,Solitudine / Nessun Contatto,,,Nessuna,2,0,2,0.91,1,1,1,1,0,0,0,0,0,0,0,0,8500.0,2,1.001,1.001,0.0,False,0,0,0,0,41.52,monte_carlo_run_1312_seed_1354.log
1313,27,1,1,-1,1,-1,1355,3101,0.069,1.04,False,Solitudine / Nessun Contatto,,,Nessuna,1,0,1,0.0,1,1,1,1,0,0,0,0,0,0,0,0,8500.0,2,1.0,1.0,0.0,False,0,0,0,0,0.02,monte_carlo_run_1313_seed_1355.log
1314,27,1,1,-1,1,-1,1356,3101,0.114,2.77,False,Solitudine / Nessun Contatto,,,Nessuna,2,0,2,1.77,1,1,1,1,0,0,0,0,0,0,0,0,8500.0,2,1.002,1.002,0.0,False,0,0,0,0,62.86,monte_carlo_run_1314_seed_1356.log
1315,27,1,1,-1,1,-1,1357,3101,0.081,1.13,False,Solitudine / Nessun Contatto,,,Nessuna,1,0,1,0.0,1,1,1,1,0,0,0,0,0,0,0,0,8500.0,2,1.0,1.0,0.0,False,0,0,0,0,0.02,monte_carlo_run_1315_seed_1357.log
1316,27,1,1,-1,1,-1,1358,3101,0.145,2.69,False,Solitudine / Nessun Contatto,,,Nessuna,1,0,1,0.0,1,1,1,1,0,0,0,0,0,0,0,0,8500.0,2,1.0,1.0,0.0,False,0,0,0,0,0.02,monte_carlo_run_1316_seed_1358.log
1317,27,1,1,-1,1,-1,1359,3101,0.098,2.33,False,Solitudine / Nessun Contatto,,,Nessuna,1,0,1,0.0,2,2,2,0,2,0,0,0,0,0,0,0,8500.0,1,0.985,0.985,0.0,False,0,0,0,1,0.02,monte_carlo_run_1317_seed_1359.log
1318,27,1,1,-1,1,-1,1360,3101,0.099,1.28,False,Solitudine / Nessun Contatto,,,Nessuna,1,0,1,0.0,2,2,2,1,1,0,0,0,0,0,0,0,8500.0,2,1.0,1.0,0.0,False,0,0,1,1,0.02,monte_carlo_run_1318_seed_1360.log
1319,27,1,1,-1,1,-1,1361,3101,0.114,1.48,False,Solitudine / Nessun Contatto,,,Nessuna,2,0,2,1.34,2,2,2,1,1,0,0,0,0,0,0,0,8500.0,2,1.015,1.015,0.0,False,0,0,1,1,47.35,monte_carlo_run_1319_seed_1361.log
1320,27,1,1,-1,1,-1,1362,3101,0.07,1.67,False,Solitudine / Nessun Contatto,,,Nessuna,1,0,1,0.0,1,1,1,1,0,0,0,0,0,0,0,0,8500.0,2,1.0,1.0,0.0,False,0,0,0,0,0.02,monte_carlo_run_1320_seed_1362.log
1321,27,1,1,-1,1,-1,1363,3101,0.131,3.18,False,Solitudine / Nessun Contatto,,,Nessuna,2,0,2,1.41,2,2,2,1,1,0,0,0,0,0,0,0,8500.0,2,1.015,1.015,0.0,False,0,0,1,1,48.35,monte_carlo_run_1321_seed_1363.log
1322,27,1,1,-1,1,-1,1364,3101,0.124,2.37,False,Solitudine / Nessun Contatto,,,Nessuna,1,0,1,0.0,2,2,2,1,1,0,0,0,0,0,0,0,8500.0,2,1.0,1.0,0.0,False,0,0,1,1,0.02,monte_carlo_run_1322_seed_1364.log
1323,27,1,1,-1,1,-1,1365,3101,0.087,1.05,False,Solitudine / Nessun Contatto,,,Nessuna,1,0,1,0.0,2,2,2,1,1,0,0,0,0,0,0,0,8500.0,2,1.0,1.0,0.0,False,0,0,1,1,0.02,monte_carlo_run_1323_seed_1365.log
1324,27,1,1,-1,1,-1,1366,3101,0.135,3.06,False,Solitudine / Nessun Contatto,,,Nessuna,4,0,4,3.99,2,1,1,0,1,0,0,0,0,0,0,0,8500.0,1,0.766,0.766,0.0,False,1,0,0,1,225.78,monte_carlo_run_1324_seed_1366.log
1325,27,1,1,-1,1,-1,1367,3101,0.073,1.07,False,Solitudine / Nessun Contatto,,,Nessuna,1,0,1,0.0,3,3,3,1,2,0,0,0,0,0,0,0,8500.0,2,1.0,1.0,0.0,False,0,0,1,2,0.02,monte_carlo_run_1325_seed_1367.log
1326,27,1,1,-1,1,-1,1368,3101,0.1,1.25,False,Solitudine / Nessun Contatto,,,Nessuna,1,0,1,0.0,1,1,1,1,0,0,0,0,0,0,0,0,8500.0,2,1.0,1.0,0.0,False,0,0,0,0,0.02,monte_carlo_run_1326_seed_1368.log
1327,27,1,1,-1,1,-1,1369,3101,0.085,1.48,False,Solitudine / Nessun Contatto,,,Nessuna,1,0,1,0.0,1,1,1,1,0,0,0,0,0,0,0,0,8500.0,2,1.0,1.0,0.0,False,0,0,0,0,0.02,monte_carlo_run_1327_seed_1369.log
1328,27,1,1,-1,1,-1,1370,3101,0.128,2.63,False,Solitudine / Nessun Contatto,,,Nessuna,1,0,1,0.0,1,1,1,1,0,0,0,0,0,0,0,0,8500.0,2,1.0,1.0,0.0,False,0,0,0,0,0.02,monte_carlo_run_1328_seed_1370.log
1329,27,1,1,-1,1,-1,1371,3101,0.089,1.93,False,Solitudine / Nessun Contatto,,,Nessuna,1,0,1,0.0,3,3,3,0,3,0,0,0,0,0,0,0,8500.0,1,0.985,0.985,0.0,False,0,0,0,2,0.02,monte_carlo_run_1329_seed_1371.log
1330,27,1,1,-1,1,-1,1372,3101,0.075,1.24,False,Solitudine / Nessun Contatto,,,Nessuna,1,0,1,0.0,3,3,3,1,2,0,0,0,0,0,0,0,8500.0,2,1.001,1.001,0.0,False,0,0,2,2,0.02,monte_carlo_run_1330_seed_1372.log
1331,27,1,1,-1,1,-1,1373,3101,0.086,1.11,False,Solitudine / Nessun Contatto,,,Nessuna,3,0,3,1.69,1,1,1,1,0,0,0,0,0,0,0,0,8500.0,2,1.008,1.008,0.0,False,1,0,0,0,92.3,monte_carlo_run_1331_seed_1373.log
1332,27,1,1,-1,1,-1,1374,3101,0.079,1.45,False,Solitudine / Nessun Contatto,,,Nessuna,2,0,2,1.21,2,2,1,1,0,1,1,1,0,0,0,0,8500.28,2,1.002,0.836,-0.1661,False,0,0,0,0,61.43,monte_carlo_run_1332_seed_1374.log
1333,27,1,1,-1,1,-1,1375,3101,0.085,2.12,False,Solitudine / Nessun Contatto,,,Nessuna,1,0,1,0.0,1,1,1,1,0,0,0,0,0,0,0,0,8500.0,2,1.0,1.0,0.0,False,0,0,0,0,0.02,monte_carlo_run_1333_seed_1375.log
1334,27,1,1,-1,1,-1,1376,3101,0.149,3.37,False,Solitudine / Nessun Contatto,,,Nessuna,2,0,2,3.27,1,1,1,1,0,0,0,0,0,0,0,0,8500.0,2,1.002,1.002,0.0,False,0,0,0,0,87.81,monte_carlo_run_1334_seed_1376.log
1335,27,1,1,-1,1,-1,1377,3101,0.1,1.97,False,Solitudine / Nessun Contatto,,,Nessuna,2,0,2,1.45,3,3,3,1,2,0,0,0,0,0,0,0,8500.0,2,1.018,1.018,0.0,False,0,0,1,3,57.82,monte_carlo_run_1335_seed_1377.log
1336,27,1,1,-1,1,-1,1378,3101,0.069,1.59,False,Solitudine / Nessun Contatto,,,Nessuna,2,0,2,1.39,2,2,2,1,1,0,0,0,0,0,0,0,8500.0,2,1.025,1.025,0.0,False,0,0,1,1,80.5,monte_carlo_run_1336_seed_1378.log
1337,27,1,1,-1,1,-1,1379,3101,0.138,2.23,False,Solitudine / Nessun Contatto,,,Nessuna,1,0,1,0.0,3,3,3,0,3,0,0,0,0,0,0,0,8500.0,1,0.985,0.985,0.0,False,0,0,0,2,0.02,monte_carlo_run_1337_seed_1379.log
1338,27,1,1,-1,1,-1,1380,3101,0.099,1.6,False,Solitudine / Nessun Contatto,,,Nessuna,1,0,1,0.0,3,3,3,0,3,0,0,0,0,0,0,0,8500.0,1,0.985,0.985,0.0,False,0,0,1,2,0.02,monte_carlo_run_1338_seed_1380.log
1339,27,1,1,-1,1,-1,1381,3101,0.114,1.96,False,Solitudine / Nessun Contatto,,,Nessuna,1,0,1,0.0,3,3,3,1,2,0,0,0,0,0,0,0,8500.0,2,1.0,1.0,0.0,False,0,0,1,2,0.02,monte_carlo_run_1339_seed_1381.log
1340,27,1,1,-1,1,-1,1382,3101,0.085,1.73,False,Solitudine / Nessun Contatto,,,Nessuna,2,0,2,1.37,1,1,1,1,0,0,0,0,0,0,0,0,8500.0,2,1.002,1.002,0.0,False,0,0,0,0,64.57,monte_carlo_run_1340_seed_1382.log
1341,27,1,1,-1,1,-1,1383,3101,0.065,1.37,False,Solitudine / Nessun Contatto,,,Nessuna,1,0,1,0.0,1,1,1,1,0,0,0,0,0,0,0,0,8500.0,2,1.0,1.0,0.0,False,0,0,0,0,0.02,monte_carlo_run_1341_seed_1383.log
1342,27,1,1,-1,1,-1,1384,3101,0.085,1.85,False,Solitudine / Nessun Contatto,,,Nessuna,1,0,1,0.0,1,1,1,1,0,0,0,0,0,0,0,0,8500.0,2,1.0,1.0,0.0,False,0,0,0,0,0.02,monte_carlo_run_1342_seed_1384.log
1343,27,1,1,-1,1,-1,1385,3101,0.066,1.18,False,Solitudine / Nessun Contatto,,,Nessuna,1,0,1,0.0,3,3,3,1,2,0,0,0,0,0,0,0,8500.0,2,1.0,1.0,0.0,False,0,0,0,3,0.02,monte_carlo_run_1343_seed_1385.log
1344,27,1,1,-1,1,-1,1386,3101,0.104,1.25,False,Solitudine / Nessun Contatto,,,Nessuna,1,0,1,0.0,1,1,1,1,0,0,0,0,0,0,0,0,8500.0,2,1.0,1.0,0.0,False,0,0,0,0,0.02,monte_carlo_run_1344_seed_1386.log
1345,27,1,1,-1,1,-1,1387,3101,0.086,1.88,False,Solitudine / Nessun Contatto,,,Nessuna,1,0,1,0.0,2,2,2,0,2,0,0,0,0,0,0,0,8500.0,1,0.985,0.985,0.0,False,0,0,0,1,0.02,monte_carlo_run_1345_seed_1387.log
1346,27,1,1,-1,1,-1,1388,3101,0.096,2.06,False,Solitudine / Nessun Contatto,,,Nessuna,1,0,1,0.0,1,1,1,1,0,0,0,0,0,0,0,0,8500.0,2,1.0,1.0,0.0,False,0,0,0,0,0.02,monte_carlo_run_1346_seed_1388.log
1347,27,1,1,-1,1,-1,1389,3101,0.073,1.7,False,Solitudine / Nessun Contatto,,,Nessuna,2,0,2,1.62,2,2,2,0,2,0,0,0,0,0,0,0,8500.0,1,0.873,0.873,0.0,False,0,0,0,1,88.61,monte_carlo_run_1347_seed_1389.log
1348,27,1,1,-1,1,-1,1390,3101,0.081,1.01,False,Solitudine / Nessun Contatto,,,Nessuna,1,0,1,0.0,1,1,1,1,0,0,0,0,0,0,0,0,8500.0,2,1.0,1.0,0.0,False,0,0,0,0,0.02,monte_carlo_run_1348_seed_1390.log
1349,27,1,1,-1,1,-1,1391,3101,0.134,2.7,False,Solitudine / Nessun Contatto,,,Nessuna,2,0,2,1.57,3,3,3,1,2,0,0,0,0,0,0,0,8500.0,2,1.032,1.032,0.0,False,0,0,3,3,53.56,monte_carlo_run_1349_seed_1391.log
1350,27,1,1,-1,1,-1,1392,3101,0.063,1.51,False,Solitudine / Nessun Contatto,,,Nessuna,1,0,1,0.0,1,1,1,1,0,0,0,0,0,0,0,0,8500.0,2,1.0,1.0,0.0,False,0,0,0,0,0.02,monte_carlo_run_1350_seed_1392.log
1351,28,1,1,-1,1,1,1393,3101,0.11,1.36,False,Solitudine / Nessun Contatto,,,Nessuna,2,0,2,0.0,2,2,2,2,0,0,0,0,0,0,0,0,8500.0,6,1.0,1.0,0.0,False,0,0,0,1,0.04,monte_carlo_run_1351_seed_1393.log
1352,28,1,1,-1,1,1,1394,3101,0.114,2.04,False,Solitudine / Nessun Contatto,,,Nessuna,1,0,1,0.0,1,1,1,1,0,0,0,0,0,0,0,0,8500.0,2,1.0,1.0,0.0,False,0,0,0,0,0.02,monte_carlo_run_1352_seed_1394.log
1353,28,1,1,-1,1,1,1395,3101,0.098,2.2,False,Solitudine / Nessun Contatto,,,Nessuna,2,0,2,0.0,2,2,2,2,0,0,0,0,0,0,0,0,8500.0,5,1.0,1.0,0.0,False,0,0,1,1,0.04,monte_carlo_run_1353_seed_1395.log
1354,28,1,1,-1,1,1,1396,3101,0.096,1.74,False,Solitudine / Nessun Contatto,,,Nessuna,1,0,1,0.0,1,1,1,1,0,0,0,0,0,0,0,0,8500.0,2,1.0,1.0,0.0,False,0,0,0,0,0.02,monte_carlo_run_1354_seed_1396.log
1355,28,1,1,-1,1,1,1397,3101,0.137,1.67,False,Solitudine / Nessun Contatto,,,Nessuna,1,0,1,0.0,1,1,1,1,0,0,0,0,0,0,0,0,8500.0,2,1.0,1.0,0.0,False,0,0,0,0,0.02,monte_carlo_run_1355_seed_1397.log
1356,28,1,1,-1,1,1,1398,3101,0.13,2.79,False,Solitudine / Nessun Contatto,,,Nessuna,3,0,3,3.26,1,1,1,1,0,0,0,0,0,0,0,0,8500.0,2,1.009,1.009,0.0,False,1,0,0,0,121.46,monte_carlo_run_1356_seed_1398.log
1357,28,1,1,-1,1,1,1399,3101,0.112,1.53,False,Solitudine / Nessun Contatto,,,Nessuna,1,0,1,0.0,1,1,1,1,0,0,0,0,0,0,0,0,8500.0,2,1.0,1.0,0.0,False,0,0,0,0,0.02,monte_carlo_run_1357_seed_1399.log
1358,28,1,1,-1,1,1,1400,3101,0.073,1.35,False,Solitudine / Nessun Contatto,,,Nessuna,2,0,2,0.0,2,2,2,2,0,0,0,0,0,0,0,0,8500.0,6,1.0,1.0,0.0,False,0,0,1,1,0.04,monte_carlo_run_1358_seed_1400.log
1359,28,1,1,-1,1,1,1401,3101,0.103,1.72,False,Solitudine / Nessun Contatto,,,Nessuna,2,0,2,0.0,2,2,2,2,0,0,0,0,0,0,0,0,8500.0,5,1.0,1.0,0.0,False,0,0,0,1,0.04,monte_carlo_run_1359_seed_1401.log
1360,28,1,1,-1,1,1,1402,3101,0.107,1.99,False,Solitudine / Nessun Contatto,,,Nessuna,3,0,3,0.0,3,3,3,3,0,0,0,0,0,0,0,0,8500.0,10,1.0,1.0,0.0,False,0,0,0,2,0.06,monte_carlo_run_1360_seed_1402.log
1361,28,1,1,-1,1,1,1403,3101,0.107,1.29,False,Solitudine / Nessun Contatto,,,Nessuna,1,0,1,0.0,1,1,1,1,0,0,0,0,0,0,0,0,8500.0,2,1.0,1.0,0.0,False,0,0,0,0,0.02,monte_carlo_run_1361_seed_1403.log
1362,28,1,1,-1,1,1,1404,3101,0.098,1.22,False,Solitudine / Nessun Contatto,,,Nessuna,2,0,2,0.0,2,2,2,2,0,0,0,0,0,0,0,0,8500.0,5,1.0,1.0,0.0,False,0,0,1,1,0.04,monte_carlo_run_1362_seed_1404.log
1363,28,1,1,-1,1,1,1405,3101,0.072,0.89,False,Solitudine / Nessun Contatto,,,Nessuna,3,0,3,0.65,3,3,2,2,0,1,1,1,0,0,0,0,8500.03,6,1.011,0.833,-0.1779,False,0,0,1,1,36.11,monte_carlo_run_1363_seed_1405.log
1364,28,1,1,-1,1,1,1406,3101,0.126,2.41,False,Solitudine / Nessun Contatto,,,Nessuna,3,0,3,0.0,3,3,3,3,0,0,0,0,0,0,0,0,8500.0,10,1.001,1.001,0.0,False,0,0,2,2,0.06,monte_carlo_run_1364_seed_1406.log
1365,28,1,1,-1,1,1,1407,3101,0.074,1.1,False,Solitudine / Nessun Contatto,,,Nessuna,1,0,1,0.0,1,1,1,1,0,0,0,0,0,0,0,0,8500.0,2,1.0,1.0,0.0,False,0,0,0,0,0.02,monte_carlo_run_1365_seed_1407.log
1366,28,1,1,-1,1,1,1408,3101,0.131,1.91,False,Solitudine / Nessun Contatto,,,Nessuna,4,0,4,0.98,3,3,3,3,0,0,0,0,0,0,0,0,8500.0,9,1.02,1.02,0.0,False,0,0,2,3,33.52,monte_carlo_run_1366_seed_1408.log
1367,28,1,1,-1,1,1,1409,3101,0.095,1.37,False,Solitudine / Nessun Contatto,,,Nessuna,3,0,3,0.0,3,3,3,3,0,0,0,0,0,0,0,0,8500.0,9,1.0,1.0,0.0,False,0,0,1,2,0.06,monte_carlo_run_1367_seed_1409.log
1368,28,1,1,-1,1,1,1410,3101,0.112,2.64,False,Solitudine / Nessun Contatto,,,Nessuna,2,0,2,1.46,1,1,1,1,0,0,0,0,0,0,0,0,8500.0,2,1.001,1.001,0.0,False,0,0,0,0,52.17,monte_carlo_run_1368_seed_1410.log
1369,28,1,1,-1,1,1,1411,3101,0.084,1.11,False,Solitudine / Nessun Contatto,,,Nessuna,1,0,1,0.0,1,1,1,1,0,0,0,0,0,0,0,0,8500.0,2,1.0,1.0,0.0,False,0,0,0,0,0.02,monte_carlo_run_1369_seed_1411.log
1370,28,1,1,-1,1,1,1412,3101,0.098,1.66,False,Solitudine / Nessun Contatto,,,Nessuna,1,0,1,0.0,1,1,1,1,0,0,0,0,0,0,0,0,8500.0,2,1.0,1.0,0.0,False,0,0,0,0,0.02,monte_carlo_run_1370_seed_1412.log
1371,28,1,1,-1,1,1,1413,3101,0.055,1.17,False,Solitudine / Nessun Contatto,,,Nessuna,1,0,1,0.0,1,1,1,1,0,0,0,0,0,0,0,0,8500.0,2,1.0,1.0,0.0,False,0,0,0,0,0.02,monte_carlo_run_1371_seed_1413.log
1372,28,1,1,-1,1,1,1414,3101,0.088,1.34,False,Solitudine / Nessun Contatto,,,Nessuna,2,0,2,0.0,2,2,2,2,0,0,0,0,0,0,0,0,8500.0,5,1.0,1.0,0.0,False,0,0,0,1,0.04,monte_carlo_run_1372_seed_1414.log
1373,28,1,1,-1,1,1,1415,3101,0.056,0.75,False,Solitudine / Nessun Contatto,,,Nessuna,1,0,1,0.0,1,1,1,1,0,0,0,0,0,0,0,0,8500.0,2,1.0,1.0,0.0,False,0,0,0,0,0.02,monte_carlo_run_1373_seed_1415.log
1374,28,1,1,-1,1,1,1416,3101,0.067,0.91,False,Solitudine / Nessun Contatto,,,Nessuna,2,0,2,0.0,2,2,2,2,0,0,0,0,0,0,0,0,8500.0,5,1.0,1.0,0.0,False,0,0,0,1,0.04,monte_carlo_run_1374_seed_1416.log
1375,28,1,1,-1,1,1,1417,3101,0.136,3.24,False,Solitudine / Nessun Contatto,,,Nessuna,5,0,5,2.28,2,2,2,2,0,0,0,0,0,0,0,0,8500.0,6,1.046,1.046,0.0,False,2,0,1,1,153.83,monte_carlo_run_1375_seed_1417.log
1376,28,1,1,-1,1,1,1418,3101,0.055,1.1,False,Solitudine / Nessun Contatto,,,Nessuna,2,0,2,0.0,2,2,2,2,0,0,0,0,0,0,0,0,8500.0,6,1.0,1.0,0.0,False,0,0,0,1,0.04,monte_carlo_run_1376_seed_1418.log
1377,28,1,1,-1,1,1,1419,3101,0.053,0.78,False,Solitudine / Nessun Contatto,,,Nessuna,1,0,1,0.0,1,1,1,1,0,0,0,0,0,0,0,0,8500.0,2,1.0,1.0,0.0,False,0,0,0,0,0.02,monte_carlo_run_1377_seed_1419.log
1378,28,1,1,-1,1,1,1420,3101,0.072,1.74,False,Solitudine / Nessun Contatto,,,Nessuna,1,0,1,0.0,1,1,1,1,0,0,0,0,0,0,0,0,8500.0,2,1.0,1.0,0.0,False,0,0,0,0,0.02,monte_carlo_run_1378_seed_1420.log
1379,28,1,1,-1,1,1,1421,3101,0.107,2.44,False,Solitudine / Nessun Contatto,,,Nessuna,3,0,3,1.97,2,2,2,2,0,0,0,0,0,0,0,0,8500.0,6,1.023,1.023,0.0,False,0,0,1,1,73.54,monte_carlo_run_1379_seed_1421.log
1380,28,1,1,-1,1,1,1422,3101,0.079,1.72,False,Solitudine / Nessun Contatto,,,Nessuna,1,0,1,0.0,1,1,1,1,0,0,0,0,0,0,0,0,8500.0,2,1.0,1.0,0.0,False,0,0,0,0,0.02,monte_carlo_run_1380_seed_1422.log
1381,28,1,1,-1,1,1,1423,3101,0.053,1.29,False,Solitudine / Nessun Contatto,,,Nessuna,2,0,2,0.0,2,2,2,2,0,0,0,0,0,0,0,0,8500.0,5,1.0,1.0,0.0,False,0,0,1,1,0.04,monte_carlo_run_1381_seed_1423.log
1382,28,1,1,-1,1,1,1424,3101,0.148,3.23,False,Solitudine / Nessun Contatto,,,Nessuna,2,0,2,2.56,1,1,1,1,0,0,0,0,0,0,0,0,8500.0,2,1.002,1.002,0.0,False,0,0,0,0,85.63,monte_carlo_run_1382_seed_1424.log
1383,28,1,1,-1,1,1,1425,3101,0.141,3.14,False,Solitudine / Nessun Contatto,,,Nessuna,23,0,23,12.97,3,2,2,1,1,0,0,0,0,0,0,0,8500.0,12,1.558,1.558,0.0,False,15,0,1,3,1007.61,monte_carlo_run_1383_seed_1425.log
1384,28,1,1,-1,1,1,1426,3101,0.069,0.92,False,Solitudine / Nessun Contatto,,,Nessuna,1,0,1,0.0,1,1,1,1,0,0,0,0,0,0,0,0,8500.0,2,1.0,1.0,0.0,False,0,0,0,0,0.02,monte_carlo_run_1384_seed_1426.log
1385,28,1,1,-1,1,1,1427,3101,0.08,1.26,False,Solitudine / Nessun Contatto,,,Nessuna,2,0,2,0.0,2,2,2,2,0,0,0,0,0,0,0,0,8500.0,5,1.0,1.0,0.0,False,0,0,0,1,0.04,monte_carlo_run_1385_seed_1427.log
1386,28,1,1,-1,1,1,1428,3101,0.11,2.7,False,Solitudine / Nessun Contatto,,,Nessuna,1,0,1,0.0,1,1,1,1,0,0,0,0,0,0,0,0,8500.0,2,1.0,1.0,0.0,False,0,0,0,0,0.02,monte_carlo_run_1386_seed_1428.log
1387,28,1,1,-1,1,1,1429,3101,0.066,1.59,False,Solitudine / Nessun Contatto,,,Nessuna,1,0,1,0.0,1,1,1,1,0,0,0,0,0,0,0,0,8500.0,2,1.0,1.0,0.0,False,0,0,0,0,0.02,monte_carlo_run_1387_seed_1429.log
1388,28,1,1,-1,1,1,1430,3101,0.092,2.07,False,Solitudine / Nessun Contatto,,,Nessuna,2,0,2,1.58,1,1,1,1,0,0,0,0,0,0,0,0,8500.0,2,1.002,1.002,0.0,False,0,0,0,0,68.74,monte_carlo_run_1388_seed_1430.log
1389,28,1,1,-1,1,1,1431,3101,0.066,1.55,False,Solitudine / Nessun Contatto,,,Nessuna,1,0,1,0.0,1,1,1,1,0,0,0,0,0,0,0,0,8500.0,2,1.0,1.0,0.0,False,0,0,0,0,0.02,monte_carlo_run_1389_seed_1431.log
1390,28,1,1,-1,1,1,1432,3101,0.11,1.92,False,Solitudine / Nessun Contatto,,,Nessuna,1,0,1,0.0,1,1,1,1,0,0,0,0,0,0,0,0,8500.0,2,1.0,1.0,0.0,False,0,0,0,0,0.02,monte_carlo_run_1390_seed_1432.log
1391,28,1,1,-1,1,1,1433,3101,0.125,2.52,False,Solitudine / Nessun Contatto,,,Nessuna,1,0,1,0.0,1,1,1,1,0,0,0,0,0,0,0,0,8500.0,2,1.0,1.0,0.0,False,0,0,0,0,0.02,monte_carlo_run_1391_seed_1433.log
1392,28,1,1,-1,1,1,1434,3101,0.116,2.22,False,Solitudine / Nessun Contatto,,,Nessuna,6,0,6,3.35,3,3,2,2,0,1,1,1,0,1,1,0,8505.84,7,1.151,1.243,0.0917,True,1,0,2,3,455.13,monte_carlo_run_1392_seed_1434.log
1393,28,1,1,-1,1,1,1435,3101,0.133,2.64,False,Solitudine / Nessun Contatto,,,Nessuna,6,0,6,1.84,3,3,3,3,0,0,0,0,0,0,0,0,8500.0,9,1.09,1.09,0.0,False,2,0,2,2,158.54,monte_carlo_run_1393_seed_1435.log
1394,28,1,1,-1,1,1,1436,3101,0.091,1.22,False,Solitudine / Nessun Contatto,,,Nessuna,1,0,1,0.0,1,1,1,1,0,0,0,0,0,0,0,0,8500.0,2,1.0,1.0,0.0,False,0,0,0,0,0.02,monte_carlo_run_1394_seed_1436.log
1395,28,1,1,-1,1,1,1437,3101,0.092,1.53,False,Solitudine / Nessun Contatto,,,Nessuna,1,0,1,0.0,1,1,1,1,0,0,0,0,0,0,0,0,8500.0,2,1.0,1.0,0.0,False,0,0,0,0,0.02,monte_carlo_run_1395_seed_1437.log
1396,28,1,1,-1,1,1,1438,3101,0.079,1.16,False,Solitudine / Nessun Contatto,,,Nessuna,1,0,1,0.0,1,1,1,1,0,0,0,0,0,0,0,0,8500.0,2,1.0,1.0,0.0,False,0,0,0,0,0.02,monte_carlo_run_1396_seed_1438.log
1397,28,1,1,-1,1,1,1439,3101,0.112,1.48,False,Solitudine / Nessun Contatto,,,Nessuna,2,0,2,0.0,2,2,2,2,0,0,0,0,0,0,0,0,8500.0,6,1.0,1.0,0.0,False,0,0,0,1,0.04,monte_carlo_run_1397_seed_1439.log
1398,28,1,1,-1,1,1,1440,3101,0.083,1.74,False,Solitudine / Nessun Contatto,,,Nessuna,2,0,2,0.91,1,1,1,1,0,0,0,0,0,0,0,0,8500.0,2,1.001,1.001,0.0,False,0,0,0,0,43.63,monte_carlo_run_1398_seed_1440.log
1399,28,1,1,-1,1,1,1441,3101,0.127,2.54,False,Solitudine / Nessun Contatto,,,Nessuna,5,0,5,3.2,2,2,2,2,0,0,0,0,0,0,0,0,8500.0,6,1.078,1.078,0.0,False,1,0,1,1,230.19,monte_carlo_run_1399_seed_1441.log
1400,28,1,1,-1,1,1,1442,3101,0.06,0.84,False,Solitudine / Nessun Contatto,,,Nessuna,3,0,3,0.0,3,3,3,3,0,0,0,0,0,0,0,0,8500.0,10,1.0,1.0,0.0,False,0,0,1,2,0.06,monte_carlo_run_1400_seed_1442.log
1401,29,1,1,1,-1,-1,1443,3101,0.485,7.28,True,Incontro Flotta Deep-Space,236.23,5.6,Biosfera Primitiva,17,3,103,16.59,29,17,5,2,3,19,14,14,0,9,8,1,8553.02,32,1.29,1.6,0.3103,True,73,0,23,33,1000.14,monte_carlo_run_1401_seed_1443.log
1402,29,1,1,1,-1,-1,1444,3101,0.517,9.33,True,Incontro Flotta Deep-Space,312.31,7.2,Collaborativa,28,0,145,24.28,34,25,4,1,3,29,27,27,0,9,9,0,8578.3,33,1.505,1.407,-0.0979,False,109,0,8,21,1000.02,monte_carlo_run_1402_seed_1444.log
1403,29,1,1,1,-1,-1,1445,3101,0.297,6.62,True,Incontro Flotta Deep-Space,269.21,6.48,Biosfera Primitiva,11,0,51,18.79,9,7,2,0,1,7,7,7,0,6,6,0,8546.98,12,0.889,1.318,0.4287,True,41,0,5,15,1001.09,monte_carlo_run_1403_seed_1445.log
1404,29,1,1,1,-1,-1,1446,3101,0.233,4.79,True,Incontro Flotta Deep-Space,513.35,9.58,Biosfera Primitiva,22,0,50,16.41,4,2,1,1,0,3,3,3,0,1,1,0,8505.9,8,1.6,1.268,-0.3322,False,43,0,0,1,1000.78,monte_carlo_run_1404_seed_1446.log
1405,29,1,1,1,-1,-1,1447,3101,0.216,5.09,True,Contatto Planetario / Biofirme,635.33,16.24,Collaborativa,29,0,55,21.31,13,9,2,1,1,9,9,9,0,4,3,1,8524.3,10,1.208,1.088,-0.1207,False,41,0,1,5,1001.02,monte_carlo_run_1405_seed_1447.log
1406,29,1,1,1,-1,-1,1448,3101,0.427,10.21,True,Contatto Planetario / Biofirme,151.21,13.86,Diffidente,8,1,122,27.9,23,15,2,1,1,19,19,19,0,15,10,5,8604.12,40,1.001,1.6,0.5993,True,99,0,45,63,1000.01,monte_carlo_run_1406_seed_1448.log
1407,29,1,1,1,-1,-1,1449,3101,0.515,7.84,True,Contatto Planetario / Biofirme,419.36,15.88,Collaborativa,33,1,172,27.28,33,26,3,2,1,28,28,28,0,16,12,4,8602.37,46,1.18,1.583,0.4025,True,137,0,44,64,1000.57,monte_carlo_run_1407_seed_1449.log
1408,29,1,1,1,-1,-1,1450,3101,0.306,7.62,True,Incontro Flotta Deep-Space,230.95,3.85,Biosfera Primitiva,11,1,110,19.39,18,15,2,1,1,15,15,15,0,7,6,1,8560.52,25,1.254,1.443,0.1889,True,92,0,14,20,1000.57,monte_carlo_run_1408_seed_1450.log
1409,29,1,1,1,-1,-1,1451,3101,0.42,5.19,False,Solitudine / Nessun Contatto,,,Nessuna,42,0,42,18.15,6,4,1,1,0,5,5,5,0,2,2,0,8519.34,7,1.206,1.014,-0.193,False,37,0,1,3,1000.24,monte_carlo_run_1409_seed_1451.log
1410,29,1,1,1,-1,-1,1452,3101,0.324,7.06,True,Incontro Flotta Deep-Space,598.91,8.64,Biosfera Primitiva,37,0,108,16.85,19,15,3,1,1,15,8,8,0,5,5,0,8535.33,20,0.984,1.347,0.3637,True,84,0,7,17,1000.42,monte_carlo_run_1410_seed_1452.log
1411,29,1,1,1,-1,-1,1453,3101,0.546,8.78,True,Contatto Planetario / Biofirme,71.97,8.5,Cauta,7,1,111,15.26,19,13,2,1,1,15,15,15,0,9,5,4,8563.6,32,1.385,1.6,0.2145,True,89,0,27,37,1000.42,monte_carlo_run_1411_seed_1453.log
1412,29,1,1,1,-1,-1,1454,3101,0.293,7.03,True,Contatto Planetario / Biofirme,49.24,10.03,Cauta,4,0,65,16.04,17,14,3,1,1,14,14,14,0,7,7,0,8551.37,15,1.093,1.318,0.2248,True,46,0,7,26,1000.47,monte_carlo_run_1412_seed_1454.log
1413,29,1,1,1,-1,-1,1455,3101,0.352,6.68,True,Contatto Planetario / Biofirme,357.25,10.4,Collaborativa,20,0,84,21.22,13,10,3,1,2,10,10,10,0,4,4,0,8533.09,14,1.322,1.274,-0.0479,False,69,0,5,8,1001.62,monte_carlo_run_1413_seed_1455.log
1414,29,1,1,1,-1,-1,1456,3101,0.5,10.97,True,Incontro Flotta Deep-Space,418.74,11.79,Collaborativa,79,0,233,22.96,34,22,3,1,1,30,29,29,0,16,11,5,8620.39,52,1.231,1.6,0.3694,True,196,0,63,83,1000.08,monte_carlo_run_1414_seed_1456.log
1415,29,1,1,1,-1,-1,1457,3101,0.599,8.94,True,Contatto Planetario / Biofirme,144.68,11.05,Collaborativa,15,1,159,23.66,35,26,5,1,2,28,19,19,0,13,11,2,8607.15,41,1.237,1.578,0.3408,True,125,0,50,82,1000.15,monte_carlo_run_1415_seed_1457.log
1416,29,1,1,1,-1,-1,1458,3101,0.313,6.21,True,Incontro Flotta Deep-Space,244.47,8.79,Biosfera Primitiva,19,0,130,25.61,28,22,3,1,2,24,22,22,0,16,7,9,8588.45,49,1.037,1.6,0.5628,True,100,0,79,97,1000.14,monte_carlo_run_1416_seed_1458.log
1417,29,1,1,1,-1,-1,1459,3101,0.46,9.09,True,Incontro Flotta Deep-Space,526.18,14.71,Collaborativa,49,0,112,21.57,13,9,1,1,0,12,12,12,0,7,6,1,8558.59,26,1.177,1.521,0.3438,True,96,0,13,21,1000.15,monte_carlo_run_1417_seed_1459.log
1418,29,1,1,1,-1,-1,1460,3101,0.258,6.35,True,Contatto Planetario / Biofirme,611.24,13.85,Cauta,43,0,97,21.96,17,16,4,1,3,13,13,13,0,8,6,2,8560.45,19,1.265,1.338,0.0728,True,78,0,6,15,1000.58,monte_carlo_run_1418_seed_1460.log
1419,29,1,1,1,-1,-1,1461,3101,0.236,3.15,False,Solitudine / Nessun Contatto,,,Nessuna,1,0,1,0.0,2,2,2,1,1,0,0,0,0,0,0,0,8500.0,2,1.0,1.0,0.0,False,0,0,1,1,0.02,monte_carlo_run_1419_seed_1461.log
1420,29,1,1,1,-1,-1,1462,3101,0.328,4.76,False,Solitudine / Nessun Contatto,,,Nessuna,33,0,33,15.54,6,4,1,1,0,4,4,4,0,2,2,0,8518.25,8,1.114,1.346,0.2315,True,26,0,1,4,1001.19,monte_carlo_run_1420_seed_1462.log
1421,29,1,1,1,-1,-1,1463,3101,0.416,8.5,True,Incontro Flotta Deep-Space,242.1,2.22,Biosfera Primitiva,14,0,133,26.78,17,12,2,1,1,13,13,13,0,10,8,2,8575.3,27,1.142,1.6,0.458,True,114,0,22,30,1000.18,monte_carlo_run_1421_seed_1463.log
1422,29,1,1,1,-1,-1,1464,3101,0.54,12.31,True,Incontro Flotta Deep-Space,334.89,9.81,Biosfera Primitiva,53,0,185,14.02,24,17,3,1,2,21,21,21,0,12,11,1,8577.17,30,1.267,1.577,0.3104,True,161,0,18,36,1000.16,monte_carlo_run_1422_seed_1464.log
1423,29,1,1,1,-1,-1,1465,3101,0.539,9.79,True,Incontro Flotta Deep-Space,304.68,4.63,Biosfera Primitiva,30,1,127,24.63,23,18,2,1,1,19,15,15,0,11,10,1,8587.58,33,1.084,1.579,0.4952,True,100,0,23,38,1000.73,monte_carlo_run_1423_seed_1465.log
1424,29,1,1,1,-1,-1,1466,3101,0.333,4.95,True,Incontro Flotta Deep-Space,405.17,3.56,Biosfera Primitiva,27,0,83,14.22,12,9,2,1,1,9,9,9,0,3,3,0,8526.42,16,1.6,1.446,-0.1537,False,66,0,3,6,1002.95,monte_carlo_run_1424_seed_1466.log
1425,29,1,1,1,-1,-1,1467,3101,0.467,9.93,True,Contatto Planetario / Biofirme,107.12,13.61,Diffidente,10,1,103,18.05,23,16,5,3,1,16,16,16,0,10,7,3,8563.32,31,1.108,1.565,0.4577,True,78,0,31,41,1000.4,monte_carlo_run_1425_seed_1467.log
1426,29,1,1,1,-1,-1,1468,3101,0.367,8.32,True,Contatto Planetario / Biofirme,307.6,10.2,Ostile,21,1,109,20.39,17,11,4,1,3,9,9,9,0,6,5,1,8538.19,19,1.578,1.496,-0.082,False,92,0,10,14,1001.07,monte_carlo_run_1426_seed_1468.log
1427,29,1,1,1,-1,-1,1469,3101,0.218,3.0,False,Solitudine / Nessun Contatto,,,Nessuna,1,0,1,0.0,1,1,1,1,0,0,0,0,0,0,0,0,8500.0,2,1.0,1.0,0.0,False,0,0,0,0,0.02,monte_carlo_run_1427_seed_1469.log
1428,29,1,1,1,-1,-1,1470,3101,0.454,10.12,True,Incontro Flotta Deep-Space,333.38,0.0,Biosfera Primitiva,40,0,228,26.85,43,30,4,2,2,35,23,23,0,14,10,4,8593.11,46,1.085,1.475,0.3898,True,180,0,48,77,1000.25,monte_carlo_run_1428_seed_1470.log
1429,29,1,1,1,-1,-1,1471,3101,0.598,13.77,True,Contatto Planetario / Biofirme,9.26,5.54,Collaborativa,2,2,153,21.7,28,17,6,3,3,19,18,18,0,12,8,4,8589.92,32,1.373,1.6,0.2269,True,122,0,35,52,1000.24,monte_carlo_run_1429_seed_1471.log
1430,29,1,1,1,-1,-1,1472,3101,0.366,8.02,True,Incontro Flotta Deep-Space,770.05,13.0,Biosfera Primitiva,68,0,97,18.91,15,9,1,1,0,12,12,12,0,7,7,0,8542.98,17,1.151,1.257,0.1064,True,83,0,8,16,1000.57,monte_carlo_run_1430_seed_1472.log
1431,29,1,1,1,-1,-1,1473,3101,0.378,4.72,True,Incontro Flotta Deep-Space,475.03,9.98,Collaborativa,38,0,91,18.81,16,8,2,1,1,11,7,7,0,5,5,0,8537.32,20,0.891,1.445,0.5539,True,71,0,9,20,1000.58,monte_carlo_run_1431_seed_1473.log
1432,29,1,1,1,-1,-1,1474,3101,0.513,11.98,True,Contatto Planetario / Biofirme,12.21,6.27,Diffidente,2,0,162,18.43,24,20,3,1,1,19,19,19,0,7,7,0,8552.31,27,1.467,1.519,0.0514,True,134,0,11,15,1000.04,monte_carlo_run_1432_seed_1474.log
1433,29,1,1,1,-1,-1,1475,3101,0.599,13.43,True,Contatto Planetario / Biofirme,94.91,16.99,Diffidente,11,1,284,24.26,55,41,5,3,2,48,48,48,0,30,19,11,8695.77,83,1.181,1.6,0.4185,True,221,0,118,140,1000.19,monte_carlo_run_1433_seed_1475.log
1434,29,1,1,1,-1,-1,1476,3101,0.556,7.87,True,Contatto Planetario / Biofirme,4.87,2.71,Collaborativa,2,0,162,20.59,28,22,6,3,3,21,21,21,0,9,8,1,8568.23,29,1.209,1.6,0.391,True,131,0,17,31,1000.26,monte_carlo_run_1434_seed_1476.log
1435,29,1,1,1,-1,-1,1477,3101,0.226,4.37,False,Solitudine / Nessun Contatto,,,Nessuna,52,0,52,12.72,11,6,2,2,0,8,8,8,0,4,4,0,8525.86,11,1.123,1.319,0.1966,True,39,0,3,8,1001.18,monte_carlo_run_1435_seed_1477.log
1436,29,1,1,1,-1,-1,1478,3101,0.305,4.1,False,Solitudine / Nessun Contatto,,,Nessuna,28,0,28,14.35,7,4,2,1,1,4,4,4,0,1,1,0,8508.36,6,1.208,0.878,-0.3299,False,23,0,3,6,1000.11,monte_carlo_run_1436_seed_1478.log
1437,29,1,1,1,-1,-1,1479,3101,0.242,3.56,False,Solitudine / Nessun Contatto,,,Nessuna,6,0,6,6.5,1,1,1,1,0,0,0,0,0,0,0,0,8500.0,2,1.041,1.041,0.0,False,3,0,0,0,223.55,monte_carlo_run_1437_seed_1479.log
1438,29,1,1,1,-1,-1,1480,3101,0.286,4.91,False,Solitudine / Nessun Contatto,,,Nessuna,74,0,74,12.23,17,15,4,0,4,13,9,9,0,4,3,1,8532.33,16,0.8,1.214,0.4144,True,56,0,7,13,1001.62,monte_carlo_run_1438_seed_1480.log
1439,29,1,1,1,-1,-1,1481,3101,0.584,11.85,False,Solitudine / Nessun Contatto,,,Nessuna,109,0,109,22.56,21,12,2,1,1,19,16,16,0,9,8,1,8571.76,34,1.125,1.6,0.475,True,87,0,26,40,1001.23,monte_carlo_run_1439_seed_1481.log
1440,29,1,1,1,-1,-1,1482,3101,0.513,10.68,True,Contatto Planetario / Biofirme,10.24,5.26,Diffidente,2,1,65,11.7,11,7,3,1,2,7,6,6,0,4,2,2,8528.72,19,1.6,1.542,-0.0585,False,52,0,6,10,1000.51,monte_carlo_run_1440_seed_1482.log
1441,29,1,1,1,-1,-1,1483,3101,0.432,8.87,True,Incontro Flotta Deep-Space,265.72,3.79,Biosfera Primitiva,16,1,164,16.16,32,21,3,1,1,26,23,23,0,13,9,4,8599.67,43,1.302,1.6,0.2976,True,129,0,44,59,1000.39,monte_carlo_run_1441_seed_1483.log
1442,29,1,1,1,-1,-1,1484,3101,0.398,5.2,True,Incontro Flotta Deep-Space,545.48,8.94,Leale alla Madrepatria,41,0,97,16.6,19,16,2,0,2,15,13,13,0,9,7,2,8569.69,25,0.884,1.386,0.502,True,78,0,24,37,1000.27,monte_carlo_run_1442_seed_1484.log
1443,29,1,1,1,-1,-1,1485,3101,0.587,7.65,True,Incontro Flotta Deep-Space,290.36,8.45,Biosfera Primitiva,35,0,217,21.03,37,25,3,1,2,33,30,30,0,18,11,7,8610.39,60,1.249,1.6,0.351,True,172,0,83,99,1000.32,monte_carlo_run_1443_seed_1485.log
1444,29,1,1,1,-1,-1,1486,3101,0.23,5.59,False,Solitudine / Nessun Contatto,,,Nessuna,36,0,36,23.64,9,7,3,1,2,4,4,4,0,1,1,0,8506.74,7,1.6,1.135,-0.4645,False,28,0,2,2,1001.6,monte_carlo_run_1444_seed_1486.log
1445,29,1,1,1,-1,-1,1487,3101,0.274,4.03,True,Incontro Flotta Deep-Space,471.76,12.18,Biosfera Primitiva,14,0,14,13.43,5,5,2,0,1,3,3,3,0,2,2,0,8513.87,6,0.69,1.381,0.691,True,8,0,1,5,1005.91,monte_carlo_run_1445_seed_1487.log
1446,29,1,1,1,-1,-1,1488,3101,0.397,9.09,True,Incontro Flotta Deep-Space,462.23,0.0,Biosfera Primitiva,48,0,190,31.85,34,30,2,1,1,32,31,31,0,16,10,6,8611.92,51,1.353,1.6,0.2467,True,151,0,58,67,1000.14,monte_carlo_run_1446_seed_1488.log
1447,29,1,1,1,-1,-1,1489,3101,0.444,5.88,True,Contatto Planetario / Biofirme,227.34,16.61,Diffidente,21,1,79,16.61,21,17,2,2,0,18,18,18,0,7,5,2,8548.5,31,1.107,1.6,0.493,True,56,0,21,28,1000.98,monte_carlo_run_1447_seed_1489.log
1448,29,1,1,1,-1,-1,1490,3101,0.439,7.64,True,Incontro Flotta Deep-Space,774.78,16.07,Biosfera Primitiva,100,0,164,24.88,32,16,5,1,3,25,25,25,0,12,9,3,8574.13,32,1.188,1.287,0.0991,True,123,0,22,42,1000.83,monte_carlo_run_1448_seed_1490.log
1449,29,1,1,1,-1,-1,1491,3101,0.21,4.13,True,Incontro Flotta Deep-Space,551.35,6.43,Biosfera Primitiva,12,0,29,15.56,8,5,1,1,0,6,6,6,0,3,2,1,8522.73,12,1.187,1.391,0.2038,True,19,0,3,6,1000.56,monte_carlo_run_1449_seed_1491.log
1450,29,1,1,1,-1,-1,1492,3101,0.557,9.24,True,Contatto Planetario / Biofirme,5.24,2.92,Ostile,2,0,173,23.11,32,24,7,2,4,24,23,23,0,13,10,3,8583.29,41,1.6,1.6,0.0,False,138,0,38,53,1000.5,monte_carlo_run_1450_seed_1492.log
1451,30,1,1,1,-1,1,1493,3101,0.52,10.71,True,Incontro Flotta Deep-Space,42.97,11.22,Cauta,10,2,282,38.82,56,42,3,1,1,48,32,32,0,14,7,7,8599.1,85,1.349,1.6,0.2513,True,220,0,66,79,1000.2,monte_carlo_run_1451_seed_1493.log
1452,30,1,1,1,-1,1,1494,3101,0.426,9.41,True,Incontro Flotta Deep-Space,565.97,4.92,Biosfera Primitiva,39,0,104,7.47,17,13,1,1,0,15,15,15,0,7,7,0,8556.78,23,1.275,1.528,0.2531,True,85,0,15,21,1000.08,monte_carlo_run_1452_seed_1494.log
1453,30,1,1,1,-1,1,1495,3101,0.534,9.13,True,Contatto Planetario / Biofirme,35.26,8.06,Predatoria,6,0,223,24.19,41,34,9,1,7,31,27,27,0,15,14,1,8607.31,49,1.206,1.333,0.1274,True,180,0,31,50,1000.12,monte_carlo_run_1453_seed_1495.log
1454,30,1,1,1,-1,1,1496,3101,0.341,4.41,True,Incontro Flotta Deep-Space,598.37,20.01,Collaborativa,24,0,39,20.97,3,2,1,1,0,2,2,2,0,1,1,0,8505.98,7,1.573,1.25,-0.3234,False,32,0,0,0,1001.2,monte_carlo_run_1454_seed_1496.log
1455,30,1,1,1,-1,1,1497,3101,0.377,8.39,True,Contatto Planetario / Biofirme,82.19,6.72,Collaborativa,8,1,97,14.3,22,17,3,1,2,18,10,10,0,8,6,2,8553.65,37,1.334,1.468,0.1345,True,74,0,41,67,1000.4,monte_carlo_run_1455_seed_1497.log
1456,30,1,1,1,-1,1,1498,3101,0.511,8.03,True,Incontro Flotta Deep-Space,13.3,5.41,Cauta,6,0,133,12.39,27,20,4,2,2,22,7,7,0,5,5,0,8532.78,57,1.072,0.99,-0.0829,False,102,0,43,99,1000.1,monte_carlo_run_1456_seed_1498.log
1457,30,1,1,1,-1,1,1499,3101,0.319,6.26,True,Incontro Flotta Deep-Space,575.53,14.27,Biosfera Primitiva,50,0,108,25.26,20,14,4,1,3,15,11,11,0,5,5,0,8534.46,26,1.377,1.408,0.0308,True,88,0,7,23,1000.5,monte_carlo_run_1457_seed_1499.log
1458,30,1,1,1,-1,1,1500,3101,0.419,10.25,True,Incontro Flotta Deep-Space,102.45,7.46,Leale alla Madrepatria,23,0,207,12.9,38,26,1,1,0,33,14,14,0,4,3,1,8530.05,65,1.577,1.6,0.0235,True,165,0,31,59,1000.36,monte_carlo_run_1458_seed_1500.log
1459,30,1,1,1,-1,1,1501,3101,0.298,5.7,True,Contatto Planetario / Biofirme,915.04,11.54,Collaborativa,37,0,42,14.3,5,5,2,1,1,3,3,3,0,1,1,0,8505.59,5,1.206,0.964,-0.2426,False,36,0,0,1,1001.32,monte_carlo_run_1459_seed_1501.log
1460,30,1,1,1,-1,1,1502,3101,0.358,5.24,True,Incontro Flotta Deep-Space,830.27,10.28,Diffidente,87,1,97,16.38,17,13,3,0,1,13,6,6,0,4,4,0,8526.0,34,0.763,1.262,0.4984,True,79,0,38,69,1000.85,monte_carlo_run_1460_seed_1502.log
1461,30,1,1,1,-1,1,1503,3101,0.258,5.43,False,Solitudine / Nessun Contatto,,,Nessuna,45,0,45,13.14,6,6,1,1,0,5,5,5,0,2,2,0,8514.19,7,1.127,1.228,0.1007,True,39,0,1,3,1001.77,monte_carlo_run_1461_seed_1503.log
1462,30,1,1,1,-1,1,1504,3101,0.454,9.96,True,Incontro Flotta Deep-Space,230.93,0.0,Collaborativa,25,0,266,25.61,47,36,4,2,2,42,18,18,0,12,8,4,8587.74,82,1.2,1.586,0.3854,True,212,0,73,113,1000.49,monte_carlo_run_1462_seed_1504.log
1463,30,1,1,1,-1,1,1505,3101,0.55,7.03,True,Contatto Planetario / Biofirme,175.85,11.14,Diffidente,23,0,183,29.94,31,21,4,2,1,24,17,17,0,7,4,3,8565.79,43,1.581,1.351,-0.2307,False,149,0,28,42,1000.0,monte_carlo_run_1463_seed_1505.log
1464,30,1,1,1,-1,1,1506,3101,0.467,10.77,True,Incontro Flotta Deep-Space,212.57,0.0,Biosfera Primitiva,35,0,165,28.69,26,23,3,2,0,21,11,11,0,9,8,1,8569.54,47,1.343,1.295,-0.0477,False,138,0,28,66,1001.23,monte_carlo_run_1464_seed_1506.log
1465,30,1,1,1,-1,1,1507,3101,0.287,4.35,False,Solitudine / Nessun Contatto,,,Nessuna,52,0,52,10.74,6,3,2,1,1,3,0,0,0,0,0,0,8500.0,17,1.467,1.467,0.0,False,42,0,4,8,1000.18,monte_carlo_run_1465_seed_1507.log
1466,30,1,1,1,-1,1,1508,3101,0.353,5.34,False,Solitudine / Nessun Contatto,,,Nessuna,83,1,83,18.28,13,11,1,1,0,11,6,6,0,3,3,0,8526.92,23,1.224,1.251,0.0267,True,69,0,10,21,1002.21,monte_carlo_run_1466_seed_1508.log
1467,30,1,1,1,-1,1,1509,3101,0.463,6.62,True,Contatto Planetario / Biofirme,550.6,17.92,Predatoria,51,0,122,25.3,20,14,2,1,1,18,18,18,0,14,9,5,8593.92,36,1.026,1.6,0.5744,True,101,0,41,56,1000.18,monte_carlo_run_1467_seed_1509.log
1468,30,1,1,1,-1,1,1510,3101,0.223,4.3,True,Incontro Flotta Deep-Space,943.64,14.99,Collaborativa,143,0,153,14.99,27,15,1,1,0,24,5,5,0,3,3,0,8521.0,57,1.243,1.147,-0.0963,False,120,0,39,60,1000.5,monte_carlo_run_1468_seed_1510.log
1469,30,1,1,1,-1,1,1511,3101,0.338,5.58,True,Contatto Planetario / Biofirme,4.33,1.47,Cauta,2,0,45,13.29,10,8,2,1,1,8,8,8,0,4,3,1,8526.68,14,1.113,1.355,0.2424,True,35,0,6,10,1000.31,monte_carlo_run_1469_seed_1511.log
1470,30,1,1,1,-1,1,1512,3101,0.556,9.06,False,Solitudine / Nessun Contatto,,,Nessuna,63,1,63,12.04,12,10,1,1,0,10,10,10,0,3,3,0,8517.91,14,1.172,1.298,0.1252,True,49,0,3,5,1003.51,monte_carlo_run_1470_seed_1512.log
1471,30,1,1,1,-1,1,1513,3101,0.227,5.41,True,Incontro Flotta Deep-Space,792.4,16.13,Collaborativa,108,0,159,20.02,29,22,5,0,5,23,6,6,0,3,3,0,8522.91,41,0.849,1.243,0.394,True,126,0,27,42,1000.08,monte_carlo_run_1471_seed_1513.log
1472,30,1,1,1,-1,1,1514,3101,0.303,6.29,True,Incontro Flotta Deep-Space,814.15,13.12,Collaborativa,167,1,209,15.86,35,24,4,1,3,27,5,5,0,1,1,0,8510.08,61,1.228,0.934,-0.2934,False,173,0,35,59,1001.01,monte_carlo_run_1472_seed_1514.log
1473,30,1,1,1,-1,1,1515,3101,0.221,4.03,False,Solitudine / Nessun Contatto,,,Nessuna,62,0,62,10.26,10,8,2,0,2,7,2,2,0,2,2,0,8509.57,22,0.996,1.539,0.5433,True,49,0,7,14,1000.09,monte_carlo_run_1473_seed_1515.log
1474,30,1,1,1,-1,1,1516,3101,0.423,8.48,True,Incontro Flotta Deep-Space,480.53,12.93,Biosfera Primitiva,59,0,229,17.68,36,24,3,2,0,31,20,20,0,11,7,4,8571.82,57,1.443,1.6,0.1566,True,183,0,44,72,1000.42,monte_carlo_run_1474_seed_1516.log
1475,30,1,1,1,-1,1,1517,3101,0.21,4.67,True,Incontro Flotta Deep-Space,548.73,0.0,Biosfera Primitiva,15,0,43,23.79,7,7,2,1,1,5,5,5,0,1,1,0,8517.54,10,1.543,1.28,-0.2623,False,36,0,0,1,1001.11,monte_carlo_run_1475_seed_1517.log
1476,30,1,1,1,-1,1,1518,3101,0.539,8.22,True,Incontro Flotta Deep-Space,420.29,7.65,Biosfera Primitiva,149,1,474,15.04,107,73,11,3,4,93,28,28,0,17,17,0,8620.92,205,0.833,1.557,0.7239,True,362,0,281,522,1000.07,monte_carlo_run_1476_seed_1518.log
1477,30,1,1,1,-1,1,1519,3101,0.44,5.81,True,Incontro Flotta Deep-Space,745.55,10.39,Biosfera Primitiva,67,0,115,22.19,27,21,1,1,0,26,26,26,0,11,11,0,8584.43,32,1.077,1.406,0.329,True,82,0,14,33,1000.53,monte_carlo_run_1477_seed_1519.log
1478,30,1,1,1,-1,1,1520,3101,0.305,6.43,True,Incontro Flotta Deep-Space,0.02,6.05,Ostile,2,0,94,9.08,17,14,3,1,2,12,4,4,0,3,1,2,8524.6,35,0.93,1.425,0.4944,True,76,0,19,31,1000.27,monte_carlo_run_1478_seed_1520.log
1479,30,1,1,1,-1,1,1521,3101,0.395,6.0,True,Incontro Flotta Deep-Space,539.32,11.44,Biosfera Primitiva,38,0,118,12.65,16,12,1,1,0,15,12,12,0,8,7,1,8549.4,23,1.079,1.495,0.4159,True,99,0,21,34,1000.32,monte_carlo_run_1479_seed_1521.log
1480,30,1,1,1,-1,1,1522,3101,0.562,10.11,True,Contatto Planetario / Biofirme,344.99,17.61,Collaborativa,52,0,294,36.81,54,41,3,1,1,49,46,46,0,27,17,10,8687.0,82,1.516,1.6,0.084,True,235,0,83,97,1000.17,monte_carlo_run_1480_seed_1522.log
1481,30,1,1,1,-1,1,1523,3101,0.258,4.95,False,Solitudine / Nessun Contatto,,,Nessuna,59,1,59,17.02,11,6,1,0,1,8,8,8,0,5,4,1,8545.73,14,0.975,1.376,0.4007,True,44,0,8,15,1003.35,monte_carlo_run_1481_seed_1523.log
1482,30,1,1,1,-1,1,1524,3101,0.358,4.82,False,Solitudine / Nessun Contatto,,,Nessuna,26,0,26,12.29,2,2,1,1,0,1,1,1,0,1,1,0,8507.14,6,1.587,1.258,-0.3286,False,24,0,0,1,1001.09,monte_carlo_run_1482_seed_1524.log
1483,30,1,1,1,-1,1,1525,3101,0.366,4.61,False,Solitudine / Nessun Contatto,,,Nessuna,56,0,56,24.4,8,6,1,1,0,7,7,7,0,3,3,0,8527.63,11,1.525,1.069,-0.4566,False,46,0,0,4,1000.4,monte_carlo_run_1483_seed_1525.log
1484,30,1,1,1,-1,1,1526,3101,0.562,13.17,True,Incontro Flotta Deep-Space,123.13,7.38,Leale alla Madrepatria,16,0,177,27.38,37,32,4,2,2,33,10,10,0,8,7,1,8557.07,75,1.064,1.6,0.5359,True,137,0,101,148,1000.51,monte_carlo_run_1484_seed_1526.log
1485,30,1,1,1,-1,1,1527,3101,0.549,7.79,True,Contatto Planetario / Biofirme,206.75,12.04,Cauta,14,1,112,26.44,22,16,3,1,2,18,18,18,0,10,9,1,8567.3,20,1.015,1.35,0.3346,True,87,0,11,21,1000.53,monte_carlo_run_1485_seed_1527.log
1486,30,1,1,1,-1,1,1528,3101,0.57,7.89,True,Contatto Planetario / Biofirme,703.78,14.85,Predatoria,57,1,125,21.47,19,14,2,1,1,16,14,14,0,4,4,0,8544.91,22,1.224,1.417,0.1932,True,99,0,5,10,1001.16,monte_carlo_run_1486_seed_1528.log
1487,30,1,1,1,-1,1,1529,3101,0.565,7.35,True,Contatto Planetario / Biofirme,236.51,17.42,Predatoria,15,1,168,22.8,33,25,4,2,2,28,28,28,0,17,11,6,8636.88,47,1.137,1.6,0.4633,True,130,0,48,65,1000.04,monte_carlo_run_1487_seed_1529.log
1488,30,1,1,1,-1,1,1530,3101,0.374,5.06,True,Contatto Planetario / Biofirme,147.16,8.32,Cauta,10,0,109,14.7,22,16,2,1,1,20,20,20,0,7,7,0,8551.01,19,1.198,1.193,-0.0051,False,84,0,5,11,1000.1,monte_carlo_run_1488_seed_1530.log
1489,30,1,1,1,-1,1,1531,3101,0.532,12.42,True,Contatto Planetario / Biofirme,89.22,7.11,Cauta,13,0,306,35.12,60,40,5,1,3,52,26,26,0,16,13,3,8594.62,105,1.576,1.6,0.0243,True,245,0,132,178,1000.17,monte_carlo_run_1489_seed_1531.log
1490,30,1,1,1,-1,1,1532,3101,0.502,8.25,True,Incontro Flotta Deep-Space,509.94,1.0,Leale alla Madrepatria,61,0,132,10.81,23,16,3,2,1,19,6,6,0,4,4,0,8531.31,35,0.899,0.849,-0.0499,False,105,0,26,56,1000.29,monte_carlo_run_1490_seed_1532.log
1491,30,1,1,1,-1,1,1533,3101,0.258,4.17,False,Solitudine / Nessun Contatto,,,Nessuna,12,0,12,5.48,4,2,2,1,1,1,0,0,0,0,0,0,8500.0,9,1.174,1.174,0.0,False,6,0,1,2,463.48,monte_carlo_run_1491_seed_1533.log
1492,30,1,1,1,-1,1,1534,3101,0.484,9.63,True,Contatto Planetario / Biofirme,169.67,20.07,Cauta,17,0,183,24.69,42,35,4,1,2,38,37,37,0,13,12,1,8593.72,57,1.461,1.574,0.1131,True,136,0,25,40,1000.42,monte_carlo_run_1492_seed_1534.log
1493,30,1,1,1,-1,1,1535,3101,0.556,8.21,True,Contatto Planetario / Biofirme,26.12,7.48,Diffidente,5,2,128,16.06,21,13,3,1,1,16,16,16,0,8,5,3,8552.58,30,1.383,1.6,0.2175,True,105,0,23,33,1000.27,monte_carlo_run_1493_seed_1535.log
1494,30,1,1,1,-1,1,1536,3101,0.386,6.6,True,Incontro Flotta Deep-Space,835.27,17.07,Leale alla Madrepatria,160,1,203,26.73,33,25,3,1,1,27,14,14,0,3,3,0,8524.05,50,1.483,1.296,-0.1861,False,168,0,40,55,1000.29,monte_carlo_run_1494_seed_1536.log
1495,30,1,1,1,-1,1,1537,3101,0.259,5.94,True,Incontro Flotta Deep-Space,520.26,9.88,Biosfera Primitiva,113,0,240,15.17,51,34,4,1,3,46,4,4,0,3,3,0,8515.29,107,0.879,0.871,-0.0076,False,185,0,147,243,1000.12,monte_carlo_run_1495_seed_1537.log
1496,30,1,1,1,-1,1,1538,3101,0.575,10.76,True,Incontro Flotta Deep-Space,131.7,17.61,Predatoria,17,1,219,22.73,42,33,1,1,0,38,17,17,0,11,10,1,8584.17,66,1.241,1.453,0.2112,True,173,0,53,96,1000.11,monte_carlo_run_1496_seed_1538.log
1497,30,1,1,1,-1,1,1539,3101,0.508,7.6,True,Contatto Planetario / Biofirme,70.83,10.05,Diffidente,23,0,223,19.97,45,29,6,2,4,37,10,10,0,6,5,1,8540.48,102,1.462,1.6,0.1385,True,175,0,121,198,1000.43,monte_carlo_run_1497_seed_1539.log
1498,30,1,1,1,-1,1,1540,3101,0.32,4.22,False,Solitudine / Nessun Contatto,,,Nessuna,10,0,10,7.43,2,2,1,1,0,1,1,1,0,1,1,0,8510.76,5,1.368,1.301,-0.0676,False,8,0,0,1,1001.82,monte_carlo_run_1498_seed_1540.log
1499,30,1,1,1,-1,1,1541,3101,0.389,7.21,True,Incontro Flotta Deep-Space,248.27,0.0,Biosfera Primitiva,17,0,102,12.63,15,11,1,1,0,13,11,11,0,8,8,0,8542.12,20,1.468,1.515,0.0473,True,85,0,11,17,1000.05,monte_carlo_run_1499_seed_1541.log
1500,30,1,1,1,-1,1,1542,3101,0.361,7.86,True,Incontro Flotta Deep-Space,764.04,4.23,Collaborativa,71,0,113,14.88,20,15,4,2,2,16,11,11,0,5,4,1,8535.67,26,1.08,1.489,0.4092,True,91,0,7,13,1000.02,monte_carlo_run_1500_seed_1542.log
1501,31,1,1,1,1,-1,1543,3101,0.446,9.43,True,Incontro Flotta Deep-Space,666.26,11.48,Collaborativa,46,0,83,21.96,7,5,1,1,0,6,6,6,0,5,5,0,8534.11,15,1.487,1.412,-0.0753,False,74,0,7,13,1001.75,monte_carlo_run_1501_seed_1543.log
1502,31,1,1,1,1,-1,1544,3101,0.563,11.26,False,Solitudine / Nessun Contatto,,,Nessuna,86,0,86,19.66,6,4,2,1,1,4,4,4,0,1,1,0,8510.23,8,1.6,1.227,-0.3731,False,79,0,0,1,1004.72,monte_carlo_run_1502_seed_1544.log
1503,31,1,1,1,1,-1,1545,3101,0.255,4.9,False,Solitudine / Nessun Contatto,,,Nessuna,29,0,29,14.76,2,2,1,1,0,1,1,1,0,1,1,0,8506.36,4,1.075,0.42,-0.6551,False,27,0,0,1,1002.74,monte_carlo_run_1503_seed_1545.log
1504,31,1,1,1,1,-1,1546,3101,0.488,7.54,True,Contatto Planetario / Biofirme,46.23,9.85,Diffidente,4,1,67,17.31,9,6,3,1,1,4,4,4,0,1,1,0,8507.91,8,1.429,0.892,-0.5369,False,58,0,1,2,1000.73,monte_carlo_run_1504_seed_1546.log
1505,31,1,1,1,1,-1,1547,3101,0.331,7.94,True,Incontro Flotta Deep-Space,969.14,9.22,Biosfera Primitiva,70,0,72,15.95,4,4,1,1,0,3,3,3,0,3,3,0,8515.63,8,1.377,1.298,-0.0798,False,68,0,1,5,1005.58,monte_carlo_run_1505_seed_1547.log
1506,31,1,1,1,1,-1,1548,3101,0.29,4.15,False,Solitudine / Nessun Contatto,,,Nessuna,1,0,1,0.0,2,2,2,1,1,0,0,0,0,0,0,0,8500.0,2,1.0,1.0,0.0,False,0,0,1,1,0.02,monte_carlo_run_1506_seed_1548.log
1507,31,1,1,1,1,-1,1549,3101,0.503,7.23,True,Incontro Flotta Deep-Space,780.4,6.24,Biosfera Primitiva,97,0,123,21.65,14,12,1,1,0,13,13,13,0,7,5,2,8556.02,20,1.147,1.554,0.4074,True,105,0,15,22,1000.03,monte_carlo_run_1507_seed_1549.log
1508,31,1,1,1,1,-1,1550,3101,0.496,10.17,True,Contatto Planetario / Biofirme,33.14,10.56,Diffidente,4,1,113,17.84,12,8,2,1,1,9,9,9,0,4,4,0,8531.23,16,1.274,1.434,0.1603,True,99,0,6,10,1001.22,monte_carlo_run_1508_seed_1550.log
1509,31,1,1,1,1,-1,1551,3101,0.302,5.38,False,Solitudine / Nessun Contatto,,,Nessuna,40,0,40,16.35,5,4,2,1,1,2,2,2,0,0,0,0,8501.92,7,1.6,0.893,-0.7068,False,35,0,2,2,1000.8,monte_carlo_run_1509_seed_1551.log
1510,31,1,1,1,1,-1,1552,3101,0.595,14.55,True,Contatto Planetario / Biofirme,96.04,14.9,Collaborativa,4,2,220,28.34,22,18,3,1,1,17,17,17,0,12,9,3,8583.68,35,1.6,1.546,-0.0542,False,195,0,21,27,1001.32,monte_carlo_run_1510_seed_1552.log
1511,31,1,1,1,1,-1,1553,3101,0.23,3.04,False,Solitudine / Nessun Contatto,,,Nessuna,1,0,1,0.0,1,1,1,1,0,0,0,0,0,0,0,0,8500.0,2,1.0,1.0,0.0,False,0,0,0,0,0.02,monte_carlo_run_1511_seed_1553.log
1512,31,1,1,1,1,-1,1554,3101,0.414,8.78,False,Solitudine / Nessun Contatto,,,Nessuna,91,0,91,16.01,7,5,2,2,0,4,2,2,0,1,1,0,8506.91,9,1.405,0.961,-0.4441,False,83,0,2,5,1000.07,monte_carlo_run_1512_seed_1554.log
1513,31,1,1,1,1,-1,1555,3101,0.536,10.32,True,Contatto Planetario / Biofirme,33.76,13.77,Ostile,3,0,66,21.73,8,8,4,2,1,4,4,4,0,2,2,0,8516.7,7,1.305,0.835,-0.4699,False,57,0,1,5,1000.88,monte_carlo_run_1513_seed_1555.log
1514,31,1,1,1,1,-1,1556,3101,0.317,6.3,False,Solitudine / Nessun Contatto,,,Nessuna,26,0,26,22.56,4,4,2,1,0,2,2,2,0,0,0,0,8501.46,3,1.071,0.859,-0.2128,False,22,0,0,1,1001.13,monte_carlo_run_1514_seed_1556.log
1515,31,1,1,1,1,-1,1557,3101,0.495,8.01,True,Incontro Flotta Deep-Space,831.92,6.17,Biosfera Primitiva,75,1,106,22.66,10,8,1,1,0,7,7,7,0,4,4,0,8531.22,13,1.58,1.459,-0.1212,False,94,0,5,9,1003.2,monte_carlo_run_1515_seed_1557.log
1516,31,1,1,1,1,-1,1558,3101,0.228,5.56,False,Solitudine / Nessun Contatto,,,Nessuna,39,0,39,21.14,6,5,2,1,0,4,4,4,0,1,1,0,8510.18,7,1.155,1.204,0.049,True,34,0,0,2,1005.48,monte_carlo_run_1516_seed_1558.log
1517,31,1,1,1,1,-1,1559,3101,0.439,5.52,True,Contatto Planetario / Biofirme,206.1,7.42,Collaborativa,12,0,84,19.58,9,5,3,2,1,5,5,5,0,2,2,0,8521.83,10,1.515,1.298,-0.217,False,74,0,0,1,1000.98,monte_carlo_run_1517_seed_1559.log
1518,31,1,1,1,1,-1,1560,3101,0.566,12.2,True,Contatto Planetario / Biofirme,448.21,23.68,Collaborativa,41,1,167,37.4,13,10,2,1,0,8,8,8,0,3,3,0,8533.09,15,1.6,1.303,-0.2972,False,152,0,4,5,1000.53,monte_carlo_run_1518_seed_1560.log
1519,31,1,1,1,1,-1,1561,3101,0.317,4.36,True,Contatto Planetario / Biofirme,176.86,4.57,Collaborativa,9,0,26,11.8,3,2,2,1,1,0,0,0,0,0,0,0,8500.0,4,1.6,1.6,0.0,False,19,0,1,1,1001.62,monte_carlo_run_1519_seed_1561.log
1520,31,1,1,1,1,-1,1562,3101,0.427,7.73,True,Incontro Flotta Deep-Space,575.31,16.06,Collaborativa,36,0,83,26.3,8,5,1,0,1,7,6,6,0,2,2,0,8519.47,10,0.999,0.968,-0.031,False,74,0,1,3,1000.23,monte_carlo_run_1520_seed_1562.log
1521,31,1,1,1,1,-1,1563,3101,0.599,13.4,True,Incontro Flotta Deep-Space,339.18,9.16,Biosfera Primitiva,27,1,130,38.49,17,10,3,1,1,12,12,12,0,5,5,0,8544.93,19,1.581,1.339,-0.2424,False,113,0,4,6,1001.21,monte_carlo_run_1521_seed_1563.log
1522,31,1,1,1,1,-1,1564,3101,0.394,8.54,True,Incontro Flotta Deep-Space,267.71,6.15,Collaborativa,24,0,74,14.5,9,4,1,1,0,7,7,7,0,5,5,0,8536.87,14,1.251,1.458,0.2061,True,63,0,8,15,1001.03,monte_carlo_run_1522_seed_1564.log
1523,31,1,1,1,1,-1,1565,3101,0.242,3.65,False,Solitudine / Nessun Contatto,,,Nessuna,2,0,2,2.68,3,3,3,0,3,0,0,0,0,0,0,0,8500.0,1,0.888,0.888,0.0,False,0,0,1,2,44.34,monte_carlo_run_1523_seed_1565.log
1524,31,1,1,1,1,-1,1566,3101,0.262,5.23,True,Contatto Planetario / Biofirme,791.59,13.85,Predatoria,37,0,43,18.5,5,4,3,0,1,2,2,2,0,1,1,0,8504.6,3,0.91,0.904,-0.0061,False,39,0,0,4,1001.54,monte_carlo_run_1524_seed_1566.log
1525,31,1,1,1,1,-1,1567,3101,0.464,11.04,True,Incontro Flotta Deep-Space,369.85,0.0,Biosfera Primitiva,21,0,48,20.94,3,3,1,1,0,2,2,2,0,1,1,0,8506.2,7,1.6,1.376,-0.2243,False,44,0,0,1,1005.28,monte_carlo_run_1525_seed_1567.log
1526,31,1,1,1,1,-1,1568,3101,0.341,5.02,True,Incontro Flotta Deep-Space,258.73,0.78,Biosfera Primitiva,9,0,72,22.62,8,5,1,1,0,7,7,7,0,4,4,0,8532.42,13,1.439,1.26,-0.1795,False,61,0,0,6,1000.24,monte_carlo_run_1526_seed_1568.log
1527,31,1,1,1,1,-1,1569,3101,0.565,12.42,True,Contatto Planetario / Biofirme,104.75,10.34,Predatoria,5,0,96,16.52,13,11,3,2,0,10,8,8,0,4,4,0,8522.91,18,1.438,1.426,-0.012,False,82,0,3,11,1000.49,monte_carlo_run_1527_seed_1569.log
1528,31,1,1,1,1,-1,1570,3101,0.537,9.03,True,Incontro Flotta Deep-Space,330.25,11.68,Collaborativa,21,1,88,23.51,9,5,1,1,0,7,7,7,0,5,5,0,8526.38,13,1.484,1.304,-0.1795,False,78,0,4,11,1000.83,monte_carlo_run_1528_seed_1570.log
1529,31,1,1,1,1,-1,1571,3101,0.563,7.74,True,Contatto Planetario / Biofirme,320.73,12.68,Cauta,24,0,72,22.66,7,5,1,1,0,5,5,5,0,4,3,1,8523.14,8,1.132,1.244,0.1116,True,63,0,5,10,1001.26,monte_carlo_run_1529_seed_1571.log
1530,31,1,1,1,1,-1,1572,3101,0.211,2.71,False,Solitudine / Nessun Contatto,,,Nessuna,1,0,1,0.0,2,2,2,1,1,0,0,0,0,0,0,0,8500.0,2,1.0,1.0,0.0,False,0,0,1,1,0.02,monte_carlo_run_1530_seed_1572.log
1531,31,1,1,1,1,-1,1573,3101,0.408,9.89,True,Incontro Flotta Deep-Space,318.51,9.43,Biosfera Primitiva,18,1,114,27.26,18,11,2,1,1,14,14,14,0,6,6,0,8530.74,18,1.301,1.566,0.2648,True,97,0,11,18,1001.81,monte_carlo_run_1531_seed_1573.log
1532,31,1,1,1,1,-1,1574,3101,0.299,7.34,True,Incontro Flotta Deep-Space,369.36,8.28,Collaborativa,25,0,84,16.72,10,8,2,1,0,8,8,8,0,5,4,1,8533.14,13,1.352,1.431,0.0785,True,72,0,9,12,1000.72,monte_carlo_run_1532_seed_1574.log
1533,31,1,1,1,1,-1,1575,3101,0.282,4.8,False,Solitudine / Nessun Contatto,,,Nessuna,34,0,34,17.66,3,2,1,1,0,1,1,1,0,0,0,0,8500.12,4,1.6,0.859,-0.7413,False,32,0,1,1,1001.48,monte_carlo_run_1533_seed_1575.log
1534,31,1,1,1,1,-1,1576,3101,0.519,10.95,True,Incontro Flotta Deep-Space,497.16,13.17,Biosfera Primitiva,62,2,179,26.66,17,13,3,1,0,12,10,10,0,7,7,0,8537.49,26,1.503,1.6,0.097,True,157,0,5,15,1000.02,monte_carlo_run_1534_seed_1576.log
1535,31,1,1,1,1,-1,1577,3101,0.565,14.02,True,Contatto Planetario / Biofirme,27.35,13.4,Cauta,4,0,200,30.38,22,15,1,1,0,20,20,20,0,9,8,1,8562.92,32,1.557,1.466,-0.0903,False,171,0,9,16,1000.44,monte_carlo_run_1535_seed_1577.log
1536,31,1,1,1,1,-1,1578,3101,0.591,10.74,True,Contatto Planetario / Biofirme,87.14,19.75,Diffidente,10,0,123,19.75,12,7,3,1,2,7,7,7,0,5,4,1,8531.95,21,1.6,1.6,0.0,False,109,0,6,11,1000.99,monte_carlo_run_1536_seed_1578.log
1537,31,1,1,1,1,-1,1579,3101,0.502,10.98,True,Contatto Planetario / Biofirme,17.63,8.85,Diffidente,2,0,115,19.94,13,11,3,1,2,10,8,8,0,6,6,0,8559.35,15,1.068,1.368,0.3001,True,101,0,4,13,1000.44,monte_carlo_run_1537_seed_1579.log
1538,31,1,1,1,1,-1,1580,3101,0.399,5.47,False,Solitudine / Nessun Contatto,,,Nessuna,57,1,57,17.95,4,3,1,1,0,2,2,2,0,1,1,0,8505.89,6,1.418,0.973,-0.4453,False,53,0,0,1,1000.14,monte_carlo_run_1538_seed_1580.log
1539,31,1,1,1,1,-1,1581,3101,0.462,10.98,True,Contatto Planetario / Biofirme,116.06,12.53,Cauta,9,0,108,24.14,9,8,3,1,2,6,6,6,0,5,3,2,8527.48,15,1.6,1.405,-0.1952,False,97,0,5,9,1002.02,monte_carlo_run_1539_seed_1581.log
1540,31,1,1,1,1,-1,1582,3101,0.377,4.7,False,Solitudine / Nessun Contatto,,,Nessuna,40,0,40,16.19,3,3,1,0,1,2,2,2,0,2,2,0,8512.96,6,0.945,0.695,-0.2496,False,37,0,0,3,1000.91,monte_carlo_run_1540_seed_1582.log
1541,31,1,1,1,1,-1,1583,3101,0.298,3.9,False,Solitudine / Nessun Contatto,,,Nessuna,16,0,16,10.65,2,2,1,1,0,1,1,1,0,1,1,0,8509.17,5,1.401,1.163,-0.2382,False,10,0,0,1,1001.9,monte_carlo_run_1541_seed_1583.log
1542,31,1,1,1,1,-1,1584,3101,0.376,7.2,True,Contatto Planetario / Biofirme,247.22,9.74,Predatoria,12,1,41,20.54,5,3,2,1,0,2,2,2,0,1,1,0,8508.2,4,1.077,1.1,0.0232,True,35,0,0,2,1000.65,monte_carlo_run_1542_seed_1584.log
1543,31,1,1,1,1,-1,1585,3101,0.449,8.33,True,Contatto Planetario / Biofirme,106.29,9.17,Diffidente,7,1,86,22.19,10,6,2,1,1,6,6,6,0,1,1,0,8511.41,10,1.376,0.948,-0.428,False,76,0,0,3,1001.2,monte_carlo_run_1543_seed_1585.log
1544,31,1,1,1,1,-1,1586,3101,0.295,6.91,False,Solitudine / Nessun Contatto,,,Nessuna,50,0,50,16.84,7,5,1,1,0,5,5,5,0,1,1,0,8508.2,6,1.268,1.184,-0.0839,False,42,0,0,2,1007.3,monte_carlo_run_1544_seed_1586.log
1545,31,1,1,1,1,-1,1587,3101,0.564,10.55,True,Contatto Planetario / Biofirme,97.32,16.25,Collaborativa,11,1,95,21.43,9,5,2,1,1,5,5,5,0,4,4,0,8524.47,11,1.41,1.49,0.0803,True,85,0,5,8,1002.37,monte_carlo_run_1545_seed_1587.log
1546,31,1,1,1,1,-1,1588,3101,0.401,6.27,True,Contatto Planetario / Biofirme,68.46,8.44,Collaborativa,5,0,80,17.62,6,4,2,1,1,3,3,3,0,1,1,0,8512.61,7,1.376,0.879,-0.4975,False,74,0,2,4,1000.96,monte_carlo_run_1546_seed_1588.log
1547,31,1,1,1,1,-1,1589,3101,0.301,5.96,True,Incontro Flotta Deep-Space,561.63,10.1,Biosfera Primitiva,40,0,72,19.06,8,7,1,1,0,6,3,3,0,3,3,0,8527.3,15,1.242,1.283,0.0418,True,62,0,4,8,1000.5,monte_carlo_run_1547_seed_1589.log
1548,31,1,1,1,1,-1,1590,3101,0.281,4.63,False,Solitudine / Nessun Contatto,,,Nessuna,26,0,26,14.57,2,1,1,1,0,0,0,0,0,0,0,0,8500.0,4,1.534,1.534,0.0,False,23,0,0,0,1002.57,monte_carlo_run_1548_seed_1590.log
1549,31,1,1,1,1,-1,1591,3101,0.594,14.37,True,Contatto Planetario / Biofirme,9.24,5.49,Ostile,2,0,128,24.39,12,10,2,1,1,10,10,10,0,6,6,0,8538.14,20,1.368,1.558,0.1903,True,116,0,8,11,1000.03,monte_carlo_run_1549_seed_1591.log
1550,31,1,1,1,1,-1,1592,3101,0.277,4.14,False,Solitudine / Nessun Contatto,,,Nessuna,28,0,28,19.78,4,2,2,2,0,0,0,0,0,0,0,0,8500.0,5,1.6,1.6,0.0,False,24,0,2,2,1005.88,monte_carlo_run_1550_seed_1592.log
1551,32,1,1,1,1,1,1593,3101,0.584,9.59,True,Incontro Flotta Deep-Space,14.46,8.45,Ostile,5,0,213,17.79,18,16,2,1,1,15,3,3,0,3,3,0,8520.48,41,1.364,1.287,-0.0764,False,192,0,10,27,1000.52,monte_carlo_run_1551_seed_1593.log
1552,32,1,1,1,1,1,1594,3101,0.565,7.48,True,Incontro Flotta Deep-Space,412.12,4.82,Cauta,53,0,122,20.0,10,7,3,3,0,7,3,3,0,0,0,0,8501.76,23,1.6,0.854,-0.7457,False,112,0,4,9,1000.53,monte_carlo_run_1552_seed_1594.log
1553,32,1,1,1,1,1,1595,3101,0.312,6.83,True,Contatto Planetario / Biofirme,21.0,6.03,Diffidente,3,0,46,10.58,6,4,2,0,2,4,4,4,0,3,2,1,8526.46,11,0.977,1.421,0.4442,True,39,0,3,6,1003.26,monte_carlo_run_1553_seed_1595.log
1554,32,1,1,1,1,1,1596,3101,0.461,6.85,True,Incontro Flotta Deep-Space,259.9,11.13,Collaborativa,30,0,96,14.8,7,6,2,2,0,4,3,3,0,1,1,0,8506.47,15,1.277,0.891,-0.3856,False,88,0,1,4,1000.95,monte_carlo_run_1554_seed_1596.log
1555,32,1,1,1,1,1,1597,3101,0.512,12.75,True,Incontro Flotta Deep-Space,411.21,5.04,Biosfera Primitiva,41,2,127,36.16,15,12,1,1,0,12,12,12,0,8,6,2,8554.01,24,1.6,1.5,-0.0997,False,111,0,10,14,1000.23,monte_carlo_run_1555_seed_1597.log
1556,32,1,1,1,1,1,1598,3101,0.243,3.38,False,Solitudine / Nessun Contatto,,,Nessuna,7,0,7,7.6,1,1,1,1,0,0,0,0,0,0,0,0,8500.0,2,1.083,1.083,0.0,False,5,0,0,0,314.01,monte_carlo_run_1556_seed_1598.log
1557,32,1,1,1,1,1,1599,3101,0.309,5.92,True,Incontro Flotta Deep-Space,512.83,7.6,Biosfera Primitiva,69,0,164,14.99,11,10,2,2,0,9,2,2,0,2,2,0,8514.65,27,1.396,0.963,-0.4333,False,152,0,11,25,1001.14,monte_carlo_run_1557_seed_1599.log
1558,32,1,1,1,1,1,1600,3101,0.586,10.17,True,Incontro Flotta Deep-Space,0.04,8.77,Diffidente,4,1,174,34.21,14,10,5,4,0,8,8,8,0,4,4,0,8531.06,21,1.6,1.267,-0.3326,False,157,0,4,9,1001.92,monte_carlo_run_1558_seed_1600.log
1559,32,1,1,1,1,1,1601,3101,0.364,5.36,False,Solitudine / Nessun Contatto,,,Nessuna,74,0,74,17.23,6,6,1,1,0,5,5,5,0,2,2,0,8518.72,8,1.125,0.823,-0.3021,False,67,0,0,2,1002.54,monte_carlo_run_1559_seed_1601.log
1560,32,1,1,1,1,1,1602,3101,0.422,7.19,True,Incontro Flotta Deep-Space,918.58,17.81,Biosfera Primitiva,124,0,136,21.6,13,13,2,1,1,11,7,7,0,3,3,0,8519.97,25,1.247,1.555,0.3077,True,120,0,3,10,1001.3,monte_carlo_run_1560_seed_1602.log
1561,32,1,1,1,1,1,1603,3101,0.297,7.08,False,Solitudine / Nessun Contatto,,,Nessuna,65,0,65,18.89,5,4,1,1,0,4,4,4,0,0,0,0,8502.72,7,1.6,0.927,-0.6732,False,58,0,0,0,1000.75,monte_carlo_run_1561_seed_1603.log
1562,32,1,1,1,1,1,1604,3101,0.537,6.84,True,Incontro Flotta Deep-Space,721.24,12.13,Collaborativa,119,0,155,15.09,9,7,3,2,1,5,0,0,0,0,0,0,8500.0,17,1.6,1.6,0.0,False,145,0,2,3,1002.27,monte_carlo_run_1562_seed_1604.log
1563,32,1,1,1,1,1,1605,3101,0.367,7.16,True,Contatto Planetario / Biofirme,12.91,4.74,Collaborativa,2,0,30,14.88,4,4,3,1,2,1,1,1,0,0,0,0,8500.81,5,1.578,0.833,-0.7449,False,26,0,0,0,1000.06,monte_carlo_run_1563_seed_1605.log
1564,32,1,1,1,1,1,1606,3101,0.434,7.21,False,Solitudine / Nessun Contatto,,,Nessuna,86,0,86,24.73,8,3,1,1,0,7,7,7,0,4,4,0,8532.56,10,1.268,1.123,-0.1451,False,76,0,0,5,1000.1,monte_carlo_run_1564_seed_1606.log
1565,32,1,1,1,1,1,1607,3101,0.267,6.34,True,Incontro Flotta Deep-Space,876.08,0.0,Biosfera Primitiva,30,0,32,14.4,4,4,1,0,1,3,3,3,0,2,2,0,8521.51,7,0.946,1.231,0.2856,True,27,0,1,3,1000.42,monte_carlo_run_1565_seed_1607.log
1566,32,1,1,1,1,1,1608,3101,0.368,5.45,True,Incontro Flotta Deep-Space,657.86,14.1,Ostile,60,0,89,14.1,10,7,2,1,1,7,6,6,0,1,1,0,8512.96,17,1.37,0.973,-0.3966,False,77,0,0,4,1000.36,monte_carlo_run_1566_seed_1608.log
1567,32,1,1,1,1,1,1609,3101,0.28,4.93,False,Solitudine / Nessun Contatto,,,Nessuna,60,0,60,14.86,6,6,1,1,0,5,5,5,0,3,3,0,8525.78,10,1.307,1.236,-0.0716,False,53,0,1,4,1000.24,monte_carlo_run_1567_seed_1609.log
1568,32,1,1,1,1,1,1610,3101,0.412,9.01,True,Incontro Flotta Deep-Space,287.22,0.0,Biosfera Primitiva,16,0,63,11.15,6,6,1,1,0,5,5,5,0,4,4,0,8524.26,14,1.6,1.512,-0.088,False,56,0,3,7,1000.38,monte_carlo_run_1568_seed_1610.log
1569,32,1,1,1,1,1,1611,3101,0.398,7.49,True,Contatto Planetario / Biofirme,17.42,6.94,Diffidente,2,0,51,17.65,9,9,4,0,2,5,5,5,0,3,3,0,8516.86,8,0.808,0.987,0.1792,True,42,0,2,6,1001.56,monte_carlo_run_1569_seed_1611.log
1570,32,1,1,1,1,1,1612,3101,0.371,5.65,True,Incontro Flotta Deep-Space,486.52,3.54,Biosfera Primitiva,36,0,87,17.33,9,5,1,0,1,5,5,5,0,4,4,0,8520.49,16,0.962,1.209,0.2468,True,78,0,3,9,1000.49,monte_carlo_run_1570_seed_1612.log
1571,32,1,1,1,1,1,1613,3101,0.35,8.05,True,Incontro Flotta Deep-Space,575.07,15.92,Diffidente,73,0,109,19.72,12,10,1,0,1,10,1,1,0,0,0,0,8501.0,27,0.901,0.886,-0.0153,False,96,0,12,18,1000.22,monte_carlo_run_1571_seed_1613.log
1572,32,1,1,1,1,1,1614,3101,0.438,10.56,True,Incontro Flotta Deep-Space,437.1,11.45,Diffidente,55,0,175,15.55,15,12,4,2,1,10,4,4,0,3,3,0,8521.9,28,1.392,1.137,-0.2551,False,160,0,6,15,1000.24,monte_carlo_run_1572_seed_1614.log
1573,32,1,1,1,1,1,1615,3101,0.277,5.73,False,Solitudine / Nessun Contatto,,,Nessuna,51,0,51,17.02,5,5,1,1,0,4,4,4,0,0,0,0,8504.15,7,1.6,1.04,-0.5597,False,45,0,0,0,1002.22,monte_carlo_run_1573_seed_1615.log
1574,32,1,1,1,1,1,1616,3101,0.363,6.32,False,Solitudine / Nessun Contatto,,,Nessuna,69,0,69,19.54,5,3,1,1,0,3,3,3,0,2,2,0,8516.85,8,1.432,1.286,-0.146,False,63,0,1,3,1001.04,monte_carlo_run_1574_seed_1616.log
1575,32,1,1,1,1,1,1617,3101,0.385,9.27,True,Incontro Flotta Deep-Space,354.6,11.29,Collaborativa,16,2,62,22.06,7,4,1,1,0,4,4,4,0,3,3,0,8519.88,9,1.381,1.302,-0.0787,False,54,0,1,3,1003.27,monte_carlo_run_1575_seed_1617.log
1576,32,1,1,1,1,1,1618,3101,0.218,5.4,True,Incontro Flotta Deep-Space,519.45,5.22,Collaborativa,21,0,40,15.16,5,4,1,0,1,4,4,4,0,4,4,0,8524.92,11,0.769,1.292,0.5228,True,35,0,3,8,1001.85,monte_carlo_run_1576_seed_1618.log
1577,32,1,1,1,1,1,1619,3101,0.509,6.38,True,Contatto Planetario / Biofirme,296.27,10.5,Predatoria,20,0,83,14.99,8,8,3,2,0,5,5,5,0,3,3,0,8526.6,9,1.155,1.314,0.1593,True,74,0,1,5,1001.73,monte_carlo_run_1577_seed_1619.log
1578,32,1,1,1,1,1,1620,3101,0.448,10.4,True,Contatto Planetario / Biofirme,231.24,15.51,Collaborativa,16,0,86,23.09,8,6,3,2,0,5,5,5,0,2,1,1,8514.02,9,1.6,1.28,-0.3198,False,76,0,1,2,1002.65,monte_carlo_run_1578_seed_1620.log
1579,32,1,1,1,1,1,1621,3101,0.467,7.69,True,Contatto Planetario / Biofirme,288.43,16.96,Cauta,27,0,70,23.0,9,7,2,0,2,7,7,7,0,5,4,1,8533.13,17,0.928,1.524,0.5962,True,60,0,10,15,1000.67,monte_carlo_run_1579_seed_1621.log
1580,32,1,1,1,1,1,1622,3101,0.411,5.97,False,Solitudine / Nessun Contatto,,,Nessuna,48,0,48,30.08,7,4,1,1,0,6,6,6,0,1,1,0,8516.02,8,1.6,1.089,-0.5109,False,41,0,0,0,1002.0,monte_carlo_run_1580_seed_1622.log
1581,32,1,1,1,1,1,1623,3101,0.33,6.9,False,Solitudine / Nessun Contatto,,,Nessuna,117,0,117,18.35,8,7,3,1,2,5,1,1,0,0,0,0,8501.33,21,1.6,0.842,-0.7582,False,107,0,6,12,1001.21,monte_carlo_run_1581_seed_1623.log
1582,32,1,1,1,1,1,1624,3101,0.394,5.96,False,Solitudine / Nessun Contatto,,,Nessuna,85,0,85,21.91,9,8,1,1,0,8,7,7,0,3,3,0,8529.21,13,1.198,1.261,0.0627,True,76,0,3,6,1000.12,monte_carlo_run_1582_seed_1624.log
1583,32,1,1,1,1,1,1625,3101,0.55,8.69,True,Contatto Planetario / Biofirme,858.77,16.67,Ostile,54,0,64,23.89,3,3,2,2,0,1,1,1,0,0,0,0,8500.81,5,1.6,0.946,-0.6545,False,61,0,0,0,1001.03,monte_carlo_run_1583_seed_1625.log
1584,32,1,1,1,1,1,1626,3101,0.37,4.91,False,Solitudine / Nessun Contatto,,,Nessuna,42,1,42,20.48,2,1,1,1,0,0,0,0,0,0,0,0,8500.0,4,1.6,1.6,0.0,False,38,0,0,0,1000.31,monte_carlo_run_1584_seed_1626.log
1585,32,1,1,1,1,1,1627,3101,0.527,8.76,True,Incontro Flotta Deep-Space,276.11,8.03,Collaborativa,18,1,98,24.13,10,6,1,1,0,8,8,8,0,7,6,1,8557.12,14,1.156,1.335,0.1794,True,84,0,6,14,1002.51,monte_carlo_run_1585_seed_1627.log
1586,32,1,1,1,1,1,1628,3101,0.417,6.9,True,Incontro Flotta Deep-Space,621.65,0.0,Collaborativa,44,0,77,13.82,8,6,2,1,1,6,6,6,0,3,3,0,8520.64,10,1.355,1.201,-0.1544,False,68,0,1,3,1000.0,monte_carlo_run_1586_seed_1628.log
1587,32,1,1,1,1,1,1629,3101,0.378,4.58,False,Solitudine / Nessun Contatto,,,Nessuna,33,0,33,29.72,3,3,1,1,0,2,2,2,0,0,0,0,8501.11,5,1.542,0.889,-0.6532,False,27,0,0,0,1001.61,monte_carlo_run_1587_seed_1629.log
1588,32,1,1,1,1,1,1630,3101,0.317,4.24,False,Solitudine / Nessun Contatto,,,Nessuna,23,0,23,16.67,4,3,1,1,0,3,3,3,0,1,1,0,8508.72,7,1.468,1.186,-0.282,False,16,0,0,1,1000.21,monte_carlo_run_1588_seed_1630.log
1589,32,1,1,1,1,1,1631,3101,0.585,14.29,True,Incontro Flotta Deep-Space,0.02,9.04,Predatoria,2,1,213,35.31,14,11,2,1,1,10,9,9,0,6,6,0,8538.95,22,1.569,1.336,-0.233,False,197,0,3,16,1002.0,monte_carlo_run_1589_seed_1631.log
1590,32,1,1,1,1,1,1632,3101,0.334,8.22,False,Solitudine / Nessun Contatto,,,Nessuna,130,1,130,13.79,16,10,3,2,0,10,4,4,0,4,4,0,8523.22,27,1.28,1.595,0.3148,True,112,0,12,24,1000.12,monte_carlo_run_1590_seed_1632.log
1591,32,1,1,1,1,1,1633,3101,0.259,5.81,False,Solitudine / Nessun Contatto,,,Nessuna,55,0,55,14.57,4,3,1,1,0,3,3,3,0,1,1,0,8510.4,6,1.224,0.951,-0.273,False,50,0,0,1,1000.71,monte_carlo_run_1591_seed_1633.log
1592,32,1,1,1,1,1,1634,3101,0.353,5.43,True,Contatto Planetario / Biofirme,643.93,16.65,Ostile,85,0,109,20.74,7,5,2,2,0,4,0,0,0,0,0,0,8500.0,20,1.238,1.238,0.0,False,101,0,3,8,1000.28,monte_carlo_run_1592_seed_1634.log
1593,32,1,1,1,1,1,1635,3101,0.498,11.91,False,Solitudine / Nessun Contatto,,,Nessuna,159,0,159,25.24,16,10,1,1,0,15,15,15,0,12,9,3,8581.0,32,1.382,1.6,0.2178,True,140,0,24,37,1000.17,monte_carlo_run_1593_seed_1635.log
1594,32,1,1,1,1,1,1636,3101,0.511,6.63,False,Solitudine / Nessun Contatto,,,Nessuna,69,1,69,28.07,10,7,1,1,0,8,8,8,0,4,4,0,8531.85,11,1.235,1.292,0.0578,True,57,0,2,7,1000.63,monte_carlo_run_1594_seed_1636.log
1595,32,1,1,1,1,1,1637,3101,0.367,8.71,True,Incontro Flotta Deep-Space,655.39,0.0,Leale alla Madrepatria,103,1,197,23.17,21,13,1,1,0,18,7,7,0,2,2,0,8527.13,37,1.6,1.094,-0.5064,False,173,0,8,23,1000.02,monte_carlo_run_1595_seed_1637.log
1596,32,1,1,1,1,1,1638,3101,0.527,11.86,True,Incontro Flotta Deep-Space,299.99,3.56,Biosfera Primitiva,47,1,166,33.59,20,11,1,1,0,17,14,14,0,6,6,0,8546.63,32,1.384,1.555,0.1711,True,143,0,10,18,1000.54,monte_carlo_run_1596_seed_1638.log
1597,32,1,1,1,1,1,1639,3101,0.558,6.82,True,Incontro Flotta Deep-Space,440.24,11.33,Collaborativa,51,0,165,20.97,16,12,2,2,0,13,4,4,0,3,3,0,8513.96,29,1.397,1.328,-0.0684,False,147,0,9,18,1000.35,monte_carlo_run_1597_seed_1639.log
1598,32,1,1,1,1,1,1640,3101,0.473,10.94,True,Incontro Flotta Deep-Space,335.06,8.3,Biosfera Primitiva,29,1,76,25.37,9,6,1,1,0,7,7,7,0,4,4,0,8529.94,15,1.283,1.554,0.2709,True,67,0,4,8,1001.44,monte_carlo_run_1598_seed_1640.log
1599,32,1,1,1,1,1,1641,3101,0.298,3.73,True,Incontro Flotta Deep-Space,934.45,17.63,Biosfera Primitiva,25,0,27,22.68,4,4,1,1,0,3,3,3,0,1,1,0,8506.41,8,1.24,0.996,-0.2434,False,20,0,0,1,1000.46,monte_carlo_run_1599_seed_1641.log
1600,32,1,1,1,1,1,1642,3101,0.459,10.98,False,Solitudine / Nessun Contatto,,,Nessuna,127,0,127,14.25,10,7,2,2,0,7,2,2,0,2,2,0,8510.6,18,1.074,0.376,-0.6973,False,117,0,1,8,1000.44,monte_carlo_run_1600_seed_1642.log
1601,33,0,0,0,0,0,1643,3101,0.178,3.86,False,Solitudine / Nessun Contatto,,,Nessuna,46,0,46,4.42,7,6,4,2,1,3,0,0,0,0,0,0,8500.0,17,1.494,1.494,0.0,False,34,0,4,6,1001.77,monte_carlo_run_1601_seed_1643.log
1602,33,0,0,0,0,0,1644,3101,0.133,3.31,False,Solitudine / Nessun Contatto,,,Nessuna,5,0,5,5.13,2,1,1,1,0,0,0,0,0,0,0,0,8500.0,2,1.033,1.033,0.0,False,2,0,0,0,262.1,monte_carlo_run_1602_seed_1644.log
1603,33,0,0,0,0,0,1645,3101,0.267,3.35,False,Solitudine / Nessun Contatto,,,Nessuna,11,0,11,6.37,4,4,3,2,1,1,1,1,0,1,1,0,8504.27,6,1.135,1.25,0.1158,True,4,0,1,2,357.7,monte_carlo_run_1603_seed_1645.log
1604,33,0,0,0,0,0,1646,3101,0.268,6.06,True,Incontro Flotta Deep-Space,256.47,0.0,Biosfera Primitiva,10,0,24,10.12,3,2,1,1,0,2,2,2,0,1,1,0,8506.48,7,1.441,1.217,-0.2239,False,21,0,0,1,1000.55,monte_carlo_run_1604_seed_1646.log
1605,33,0,0,0,0,0,1647,3101,0.335,5.47,True,Contatto Planetario / Biofirme,8.95,3.0,Cauta,2,0,44,15.73,7,4,2,2,0,4,4,4,0,2,2,0,8517.85,8,1.494,1.091,-0.4036,False,38,0,1,4,1002.7,monte_carlo_run_1605_seed_1647.log
1606,33,0,0,0,0,0,1648,3101,0.215,4.86,False,Solitudine / Nessun Contatto,,,Nessuna,65,0,65,15.03,10,10,1,1,0,9,9,9,0,6,5,1,8536.21,14,1.143,1.287,0.1446,True,55,0,8,16,1000.29,monte_carlo_run_1606_seed_1648.log
1607,33,0,0,0,0,0,1649,3101,0.13,2.58,False,Solitudine / Nessun Contatto,,,Nessuna,1,0,1,0.0,1,1,1,1,0,0,0,0,0,0,0,0,8500.0,2,1.0,1.0,0.0,False,0,0,0,0,0.02,monte_carlo_run_1607_seed_1649.log
1608,33,0,0,0,0,0,1650,3101,0.311,7.72,True,Incontro Flotta Deep-Space,821.98,14.83,Biosfera Primitiva,61,0,76,21.99,9,9,1,0,1,8,8,8,0,4,4,0,8534.36,14,0.941,1.137,0.1955,True,65,0,1,8,1000.49,monte_carlo_run_1608_seed_1650.log
1609,33,0,0,0,0,0,1651,3101,0.244,4.16,False,Solitudine / Nessun Contatto,,,Nessuna,5,0,5,1.9,2,2,2,2,0,0,0,0,0,0,0,0,8500.0,4,1.023,1.023,0.0,False,1,0,1,1,81.69,monte_carlo_run_1609_seed_1651.log
1610,33,0,0,0,0,0,1652,3101,0.123,2.72,False,Solitudine / Nessun Contatto,,,Nessuna,3,0,3,0.0,2,2,2,2,0,0,0,0,0,0,0,0,8500.0,4,1.001,1.001,0.0,False,0,0,0,1,42.55,monte_carlo_run_1610_seed_1652.log
1611,33,0,0,0,0,0,1653,3101,0.279,6.2,True,Incontro Flotta Deep-Space,169.38,8.4,Leale alla Madrepatria,14,0,77,15.22,11,7,3,3,0,8,3,3,0,0,0,0,8503.68,16,1.054,0.962,-0.0912,False,64,0,7,15,1000.99,monte_carlo_run_1611_seed_1653.log
1612,33,0,0,0,0,0,1654,3101,0.21,4.39,True,Incontro Flotta Deep-Space,939.38,15.03,Biosfera Primitiva,40,0,48,17.59,8,7,1,1,0,7,7,7,0,3,3,0,8524.48,9,1.081,1.361,0.28,True,36,0,2,6,1000.97,monte_carlo_run_1612_seed_1654.log
1613,33,0,0,0,0,0,1655,3101,0.245,5.8,False,Solitudine / Nessun Contatto,,,Nessuna,174,0,174,9.28,23,13,2,1,1,19,3,3,0,2,2,0,8511.78,41,1.298,1.115,-0.1839,False,151,0,29,48,1000.73,monte_carlo_run_1613_seed_1655.log
1614,33,0,0,0,0,0,1656,3101,0.133,1.63,False,Solitudine / Nessun Contatto,,,Nessuna,1,0,1,0.0,1,1,1,1,0,0,0,0,0,0,0,0,8500.0,2,1.0,1.0,0.0,False,0,0,0,0,0.02,monte_carlo_run_1614_seed_1656.log
1615,33,0,0,0,0,0,1657,3101,0.284,4.56,False,Solitudine / Nessun Contatto,,,Nessuna,27,0,27,14.91,4,4,1,1,0,3,3,3,0,2,2,0,8516.47,7,1.123,1.103,-0.0195,False,23,0,1,3,1001.69,monte_carlo_run_1615_seed_1657.log
1616,33,0,0,0,0,0,1658,3101,0.125,1.61,False,Solitudine / Nessun Contatto,,,Nessuna,1,0,1,0.0,2,2,2,1,1,0,0,0,0,0,0,0,8500.0,2,1.0,1.0,0.0,False,0,0,1,1,0.02,monte_carlo_run_1616_seed_1658.log
1617,33,0,0,0,0,0,1659,3101,0.294,5.3,True,Contatto Planetario / Biofirme,15.66,4.6,Ostile,5,0,77,13.77,13,9,4,0,1,8,1,1,0,0,0,0,8501.15,13,0.941,0.797,-0.1431,False,62,0,3,12,1001.3,monte_carlo_run_1617_seed_1659.log
1618,33,0,0,0,0,0,1660,3101,0.252,4.69,False,Solitudine / Nessun Contatto,,,Nessuna,65,0,65,24.43,8,6,1,1,0,5,2,2,0,0,0,0,8500.69,12,1.568,0.813,-0.755,False,55,0,0,2,1000.38,monte_carlo_run_1618_seed_1660.log
1619,33,0,0,0,0,0,1661,3101,0.161,2.91,False,Solitudine / Nessun Contatto,,,Nessuna,4,0,4,4.56,1,1,1,1,0,0,0,0,0,0,0,0,8500.0,2,1.044,1.044,0.0,False,3,0,0,0,244.82,monte_carlo_run_1619_seed_1661.log
1620,33,0,0,0,0,0,1662,3101,0.262,5.6,True,Incontro Flotta Deep-Space,261.14,3.12,Biosfera Primitiva,14,0,57,25.52,5,5,1,1,0,4,4,4,0,2,2,0,8510.35,8,1.335,1.311,-0.0237,False,50,0,1,3,1002.21,monte_carlo_run_1620_seed_1662.log
1621,33,0,0,0,0,0,1663,3101,0.341,4.71,False,Solitudine / Nessun Contatto,,,Nessuna,32,1,32,17.66,5,4,1,1,0,3,3,3,0,1,1,0,8508.42,6,1.168,0.989,-0.1788,False,27,0,0,1,1000.58,monte_carlo_run_1621_seed_1663.log
1622,33,0,0,0,0,0,1664,3101,0.251,3.12,False,Solitudine / Nessun Contatto,,,Nessuna,2,0,2,1.39,1,1,1,1,0,0,0,0,0,0,0,0,8500.0,2,1.0,1.0,0.0,False,0,0,0,0,24.7,monte_carlo_run_1622_seed_1664.log
1623,33,0,0,0,0,0,1665,3101,0.18,3.12,False,Solitudine / Nessun Contatto,,,Nessuna,7,0,7,3.61,2,2,2,2,0,0,0,0,0,0,0,0,8500.0,3,1.056,1.056,0.0,False,3,0,1,1,157.02,monte_carlo_run_1623_seed_1665.log
1624,33,0,0,0,0,0,1666,3101,0.276,4.77,False,Solitudine / Nessun Contatto,,,Nessuna,122,0,122,20.12,15,13,2,1,1,12,8,8,0,2,2,0,8513.95,17,1.481,1.13,-0.3517,False,102,0,3,5,1000.57,monte_carlo_run_1624_seed_1666.log
1625,33,0,0,0,0,0,1667,3101,0.132,2.03,False,Solitudine / Nessun Contatto,,,Nessuna,1,0,1,0.0,1,1,1,1,0,0,0,0,0,0,0,0,8500.0,2,1.0,1.0,0.0,False,0,0,0,0,0.02,monte_carlo_run_1625_seed_1667.log
1626,33,0,0,0,0,0,1668,3101,0.286,4.67,False,Solitudine / Nessun Contatto,,,Nessuna,52,0,52,16.72,7,3,1,1,0,6,6,6,0,1,1,0,8516.2,8,1.244,0.884,-0.3594,False,44,0,0,1,1000.48,monte_carlo_run_1626_seed_1668.log
1627,33,0,0,0,0,0,1669,3101,0.232,2.96,False,Solitudine / Nessun Contatto,,,Nessuna,2,0,2,2.12,2,2,2,1,1,0,0,0,0,0,0,0,8500.0,2,1.012,1.012,0.0,False,0,0,1,1,38.33,monte_carlo_run_1627_seed_1669.log
1628,33,0,0,0,0,0,1670,3101,0.131,1.8,False,Solitudine / Nessun Contatto,,,Nessuna,4,0,4,0.0,3,3,3,3,0,0,0,0,0,0,0,0,8500.0,7,1.016,1.016,0.0,False,0,0,2,3,25.4,monte_carlo_run_1628_seed_1670.log
1629,33,0,0,0,0,0,1671,3101,0.347,5.69,True,Incontro Flotta Deep-Space,823.8,12.95,Biosfera Primitiva,61,0,80,18.86,10,8,1,1,0,9,9,9,0,3,2,1,8525.84,18,1.25,1.504,0.2545,True,67,0,2,6,1000.66,monte_carlo_run_1629_seed_1671.log
1630,33,0,0,0,0,0,1672,3101,0.284,4.62,True,Incontro Flotta Deep-Space,324.14,6.39,Biosfera Primitiva,12,0,37,20.45,8,7,2,1,0,6,5,5,0,4,3,1,8521.28,12,1.033,1.405,0.372,True,28,0,6,11,1002.01,monte_carlo_run_1630_seed_1672.log
1631,33,0,0,0,0,0,1673,3101,0.272,3.46,False,Solitudine / Nessun Contatto,,,Nessuna,4,0,4,3.09,2,2,2,2,0,0,0,0,0,0,0,0,8500.0,4,1.016,1.016,0.0,False,0,0,1,1,52.71,monte_carlo_run_1631_seed_1673.log
1632,33,0,0,0,0,0,1674,3101,0.29,4.69,True,Incontro Flotta Deep-Space,547.17,7.91,Biosfera Primitiva,23,0,36,18.89,6,5,2,1,0,3,3,3,0,3,2,1,8510.17,9,1.2,1.298,0.0982,True,28,0,4,6,1001.67,monte_carlo_run_1632_seed_1674.log
1633,33,0,0,0,0,0,1675,3101,0.333,6.45,True,Incontro Flotta Deep-Space,873.86,14.13,Biosfera Primitiva,82,0,93,24.56,12,11,1,1,0,11,11,11,0,9,9,0,8547.17,18,1.178,1.401,0.2232,True,79,0,10,21,1000.67,monte_carlo_run_1633_seed_1675.log
1634,33,0,0,0,0,0,1676,3101,0.231,3.4,False,Solitudine / Nessun Contatto,,,Nessuna,9,0,9,9.43,3,3,2,2,0,1,1,1,0,0,0,0,8501.09,5,1.327,0.862,-0.4654,False,5,0,1,1,699.45,monte_carlo_run_1634_seed_1676.log
1635,33,0,0,0,0,0,1677,3101,0.222,3.79,False,Solitudine / Nessun Contatto,,,Nessuna,48,0,48,27.08,5,4,2,1,0,2,1,1,0,1,1,0,8506.13,13,1.6,0.1,-1.5,False,39,0,1,8,1004.98,monte_carlo_run_1635_seed_1677.log
1636,33,0,0,0,0,0,1678,3101,0.218,3.28,False,Solitudine / Nessun Contatto,,,Nessuna,3,0,3,3.57,1,1,1,1,0,0,0,0,0,0,0,0,8500.0,2,1.007,1.007,0.0,False,1,0,0,0,82.12,monte_carlo_run_1636_seed_1678.log
1637,33,0,0,0,0,0,1679,3101,0.224,3.58,False,Solitudine / Nessun Contatto,,,Nessuna,3,0,3,4.34,2,2,1,1,0,1,1,1,0,0,0,0,8500.12,2,1.007,0.856,-0.1507,False,1,0,0,0,84.96,monte_carlo_run_1637_seed_1679.log
1638,33,0,0,0,0,0,1680,3101,0.271,5.57,False,Solitudine / Nessun Contatto,,,Nessuna,23,0,23,10.88,3,2,1,1,0,2,2,2,0,1,1,0,8504.93,6,1.514,1.102,-0.4121,False,20,0,0,1,1000.38,monte_carlo_run_1638_seed_1680.log
1639,33,0,0,0,0,0,1681,3101,0.176,4.32,True,Incontro Flotta Deep-Space,495.65,9.27,Collaborativa,17,0,31,11.74,7,3,1,0,1,6,6,6,0,4,4,0,8522.76,13,0.832,1.405,0.5732,True,22,0,5,9,1001.64,monte_carlo_run_1639_seed_1681.log
1640,33,0,0,0,0,0,1682,3101,0.185,2.9,False,Solitudine / Nessun Contatto,,,Nessuna,3,0,3,2.54,1,1,1,1,0,0,0,0,0,0,0,0,8500.0,2,1.002,1.002,0.0,False,0,0,0,0,109.4,monte_carlo_run_1640_seed_1682.log
1641,33,0,0,0,0,0,1683,3101,0.17,3.52,False,Solitudine / Nessun Contatto,,,Nessuna,20,0,20,10.47,3,3,2,2,0,1,0,0,0,0,0,0,8500.0,8,1.504,1.504,0.0,False,11,0,1,2,1001.26,monte_carlo_run_1641_seed_1683.log
1642,33,0,0,0,0,0,1684,3101,0.159,3.38,False,Solitudine / Nessun Contatto,,,Nessuna,1,0,1,0.0,1,1,1,1,0,0,0,0,0,0,0,0,8500.0,2,1.0,1.0,0.0,False,0,0,0,0,0.02,monte_carlo_run_1642_seed_1684.log
1643,33,0,0,0,0,0,1685,3101,0.258,4.86,False,Solitudine / Nessun Contatto,,,Nessuna,34,0,34,14.65,4,3,1,1,0,3,3,3,0,1,1,0,8506.99,8,1.571,1.26,-0.3114,False,30,0,0,1,1002.01,monte_carlo_run_1643_seed_1685.log
1644,33,0,0,0,0,0,1686,3101,0.3,5.88,True,Incontro Flotta Deep-Space,137.14,0.0,Collaborativa,13,0,138,11.11,21,17,3,1,2,16,1,1,0,1,1,0,8502.94,33,0.968,1.521,0.5534,True,114,0,10,26,1000.36,monte_carlo_run_1644_seed_1686.log
1645,33,0,0,0,0,0,1687,3101,0.254,4.1,True,Contatto Planetario / Biofirme,89.19,4.4,Ostile,6,0,45,10.9,8,7,2,1,0,6,6,6,0,5,5,0,8541.23,13,1.007,0.932,-0.0751,False,35,0,10,21,1002.44,monte_carlo_run_1645_seed_1687.log
1646,33,0,0,0,0,0,1688,3101,0.252,5.25,True,Contatto Planetario / Biofirme,586.27,9.68,Ostile,30,0,69,15.88,10,9,3,3,0,7,5,5,0,4,4,0,8522.59,14,1.074,1.377,0.3038,True,58,0,2,12,1001.91,monte_carlo_run_1646_seed_1688.log
1647,33,0,0,0,0,0,1689,3101,0.298,5.39,False,Solitudine / Nessun Contatto,,,Nessuna,33,1,33,14.18,6,5,2,1,1,3,3,3,0,3,3,0,8519.27,8,0.739,1.49,0.7511,True,26,0,5,9,1001.43,monte_carlo_run_1647_seed_1689.log
1648,33,0,0,0,0,0,1690,3101,0.262,3.22,False,Solitudine / Nessun Contatto,,,Nessuna,4,0,4,0.0,2,2,2,2,0,0,0,0,0,0,0,0,8500.0,4,1.02,1.02,0.0,False,0,0,1,1,71.23,monte_carlo_run_1648_seed_1690.log
1649,33,0,0,0,0,0,1691,3101,0.248,3.93,False,Solitudine / Nessun Contatto,,,Nessuna,63,0,63,13.91,5,4,2,2,0,3,2,2,0,1,1,0,8506.73,9,1.049,0.881,-0.1682,False,49,0,1,6,1000.25,monte_carlo_run_1649_seed_1691.log
1650,33,0,0,0,0,0,1692,3101,0.293,4.36,True,Incontro Flotta Deep-Space,690.79,4.92,Leale alla Madrepatria,59,0,89,18.05,8,6,3,1,1,5,1,1,0,1,1,0,8507.77,14,1.167,0.1,-1.0669,False,80,0,3,15,1002.02,monte_carlo_run_1650_seed_1692.log
1651,34,0,0,0,0,0,1693,3101,0.138,2.84,False,Solitudine / Nessun Contatto,,,Nessuna,7,0,7,4.31,4,4,3,0,3,1,1,1,0,0,0,0,8502.87,6,0.707,0.941,0.2343,True,0,0,1,3,179.49,monte_carlo_run_1651_seed_1693.log
1652,34,0,0,0,0,0,1694,3101,0.34,5.43,True,Contatto Planetario / Biofirme,73.52,5.96,Cauta,5,0,57,17.4,7,5,3,3,0,3,0,0,0,0,0,0,8500.0,10,1.6,1.6,0.0,False,48,0,1,1,1000.25,monte_carlo_run_1652_seed_1694.log
1653,34,0,0,0,0,0,1695,3101,0.174,2.14,False,Solitudine / Nessun Contatto,,,Nessuna,1,0,1,0.0,1,1,1,1,0,0,0,0,0,0,0,0,8500.0,2,1.0,1.0,0.0,False,0,0,0,0,0.02,monte_carlo_run_1653_seed_1695.log
1654,34,0,0,0,0,0,1696,3101,0.216,2.59,False,Solitudine / Nessun Contatto,,,Nessuna,2,0,2,0.0,3,3,3,1,2,0,0,0,0,0,0,0,8500.0,3,0.985,0.985,0.0,False,0,0,0,2,0.04,monte_carlo_run_1654_seed_1696.log
1655,34,0,0,0,0,0,1697,3101,0.18,3.12,False,Solitudine / Nessun Contatto,,,Nessuna,1,0,1,0.0,2,2,2,0,2,0,0,0,0,0,0,0,8500.0,1,0.985,0.985,0.0,False,0,0,0,1,0.02,monte_carlo_run_1655_seed_1697.log
1656,34,0,0,0,0,0,1698,3101,0.129,2.56,False,Solitudine / Nessun Contatto,,,Nessuna,1,0,1,0.0,1,1,1,1,0,0,0,0,0,0,0,0,8500.0,2,1.0,1.0,0.0,False,0,0,0,0,0.02,monte_carlo_run_1656_seed_1698.log
1657,34,0,0,0,0,0,1699,3101,0.322,7.35,True,Contatto Planetario / Biofirme,215.03,11.07,Ostile,10,0,57,13.63,7,5,2,1,1,5,5,5,0,5,5,0,8530.57,15,1.176,1.496,0.3203,True,49,0,9,15,1001.77,monte_carlo_run_1657_seed_1699.log
1658,34,0,0,0,0,0,1700,3101,0.274,4.64,False,Solitudine / Nessun Contatto,,,Nessuna,60,0,60,21.16,13,10,1,1,0,10,10,10,0,4,3,1,8542.89,15,1.146,1.48,0.3339,True,46,0,6,10,1003.33,monte_carlo_run_1658_seed_1700.log
1659,34,0,0,0,0,0,1701,3101,0.262,6.24,False,Solitudine / Nessun Contatto,,,Nessuna,62,0,62,15.87,5,4,1,1,0,4,4,4,0,1,1,0,8508.17,8,1.308,0.879,-0.4292,False,56,0,0,1,1004.14,monte_carlo_run_1659_seed_1701.log
1660,34,0,0,0,0,0,1702,3101,0.193,3.52,False,Solitudine / Nessun Contatto,,,Nessuna,19,0,19,11.07,1,1,1,1,0,0,0,0,0,0,0,0,8500.0,4,1.462,1.462,0.0,False,14,0,0,0,1001.44,monte_carlo_run_1660_seed_1702.log
1661,34,0,0,0,0,0,1703,3101,0.232,4.21,True,Incontro Flotta Deep-Space,921.64,9.3,Cauta,90,0,94,22.17,5,3,3,3,0,2,1,1,0,0,0,0,8501.09,14,1.6,0.907,-0.6928,False,84,0,2,2,1000.07,monte_carlo_run_1661_seed_1703.log
1662,34,0,0,0,0,0,1704,3101,0.172,3.69,False,Solitudine / Nessun Contatto,,,Nessuna,5,0,5,8.95,1,1,1,1,0,0,0,0,0,0,0,0,8500.0,2,1.082,1.082,0.0,False,4,0,0,0,357.69,monte_carlo_run_1662_seed_1704.log
1663,34,0,0,0,0,0,1705,3101,0.202,4.71,False,Solitudine / Nessun Contatto,,,Nessuna,25,0,25,14.99,2,2,2,2,0,0,0,0,0,0,0,0,8500.0,4,1.547,1.547,0.0,False,23,0,0,0,1003.26,monte_carlo_run_1663_seed_1705.log
1664,34,0,0,0,0,0,1706,3101,0.128,2.9,False,Solitudine / Nessun Contatto,,,Nessuna,5,0,5,4.74,1,1,1,1,0,0,0,0,0,0,0,0,8500.0,2,1.075,1.075,0.0,False,4,0,0,0,332.18,monte_carlo_run_1664_seed_1706.log
1665,34,0,0,0,0,0,1707,3101,0.313,5.2,False,Solitudine / Nessun Contatto,,,Nessuna,64,0,64,30.63,9,7,4,2,1,4,3,3,0,1,1,0,8510.21,10,1.024,0.92,-0.1037,False,51,0,1,3,1000.74,monte_carlo_run_1665_seed_1707.log
1666,34,0,0,0,0,0,1708,3101,0.293,5.94,False,Solitudine / Nessun Contatto,,,Nessuna,98,0,98,13.08,11,10,3,1,2,8,2,2,0,2,2,0,8513.05,16,1.164,1.206,0.0415,True,86,0,3,13,1000.15,monte_carlo_run_1666_seed_1708.log
1667,34,0,0,0,0,0,1709,3101,0.256,5.06,True,Incontro Flotta Deep-Space,379.02,5.7,Biosfera Primitiva,11,0,28,13.87,4,3,1,0,1,3,3,3,0,2,2,0,8509.86,7,0.843,1.252,0.409,True,22,0,1,3,1000.07,monte_carlo_run_1667_seed_1709.log
1668,34,0,0,0,0,0,1710,3101,0.269,3.72,True,Incontro Flotta Deep-Space,257.02,6.25,Biosfera Primitiva,20,0,24,7.06,5,4,2,2,0,2,1,1,0,1,1,0,8508.65,14,1.6,1.531,-0.0687,False,18,0,6,10,1003.96,monte_carlo_run_1668_seed_1710.log
1669,34,0,0,0,0,0,1711,3101,0.323,5.06,True,Contatto Planetario / Biofirme,55.19,8.2,Collaborativa,5,0,53,13.59,11,7,2,0,1,9,9,9,0,7,5,2,8559.05,18,0.838,1.471,0.6334,True,41,0,18,27,1000.59,monte_carlo_run_1669_seed_1711.log
1670,34,0,0,0,0,0,1712,3101,0.199,2.4,False,Solitudine / Nessun Contatto,,,Nessuna,1,0,1,0.0,1,1,1,1,0,0,0,0,0,0,0,0,8500.0,2,1.0,1.0,0.0,False,0,0,0,0,0.02,monte_carlo_run_1670_seed_1712.log
1671,34,0,0,0,0,0,1713,3101,0.164,3.88,False,Solitudine / Nessun Contatto,,,Nessuna,3,0,3,3.57,1,1,1,1,0,0,0,0,0,0,0,0,8500.0,2,1.025,1.025,0.0,False,2,0,0,0,197.41,monte_carlo_run_1671_seed_1713.log
1672,34,0,0,0,0,0,1714,3101,0.183,4.52,False,Solitudine / Nessun Contatto,,,Nessuna,126,0,126,12.03,16,10,5,2,3,10,8,8,0,4,3,1,8522.94,16,1.098,1.103,0.0044,True,107,0,7,14,1001.2,monte_carlo_run_1672_seed_1714.log
1673,34,0,0,0,0,0,1715,3101,0.247,6.17,True,Contatto Planetario / Biofirme,483.36,11.66,Collaborativa,49,0,102,13.9,15,12,4,2,1,11,1,1,0,1,1,0,8504.75,24,1.089,1.203,0.1141,True,88,0,6,12,1001.42,monte_carlo_run_1673_seed_1715.log
1674,34,0,0,0,0,0,1716,3101,0.148,2.88,False,Solitudine / Nessun Contatto,,,Nessuna,1,0,1,0.0,1,1,1,1,0,0,0,0,0,0,0,0,8500.0,2,1.0,1.0,0.0,False,0,0,0,0,0.02,monte_carlo_run_1674_seed_1716.log
1675,34,0,0,0,0,0,1717,3101,0.3,4.18,False,Solitudine / Nessun Contatto,,,Nessuna,32,0,32,17.88,4,3,1,1,0,3,3,3,0,2,2,0,8513.81,7,1.278,1.172,-0.1055,False,27,0,1,3,1000.8,monte_carlo_run_1675_seed_1717.log
1676,34,0,0,0,0,0,1718,3101,0.326,8.02,True,Incontro Flotta Deep-Space,251.69,0.0,Biosfera Primitiva,15,0,82,16.19,9,5,1,1,0,8,8,8,0,5,4,1,8529.41,16,1.225,1.478,0.2532,True,72,0,8,15,1000.32,monte_carlo_run_1676_seed_1718.log
1677,34,0,0,0,0,0,1719,3101,0.178,4.21,True,Incontro Flotta Deep-Space,544.86,11.58,Collaborativa,22,0,46,13.06,6,3,2,1,1,3,3,3,0,2,2,0,8512.61,9,1.283,1.37,0.0874,True,37,0,3,6,1001.64,monte_carlo_run_1677_seed_1719.log
1678,34,0,0,0,0,0,1720,3101,0.184,2.28,False,Solitudine / Nessun Contatto,,,Nessuna,1,0,1,0.0,1,1,1,1,0,0,0,0,0,0,0,0,8500.0,2,1.0,1.0,0.0,False,0,0,0,0,0.02,monte_carlo_run_1678_seed_1720.log
1679,34,0,0,0,0,0,1721,3101,0.201,4.74,False,Solitudine / Nessun Contatto,,,Nessuna,64,0,64,11.93,15,11,2,0,2,13,13,13,0,4,3,1,8529.47,17,0.871,1.334,0.4624,True,49,0,5,10,1001.58,monte_carlo_run_1679_seed_1721.log
1680,34,0,0,0,0,0,1722,3101,0.278,4.26,False,Solitudine / Nessun Contatto,,,Nessuna,21,0,21,16.92,3,2,1,1,0,2,2,2,0,1,1,0,8506.07,6,1.467,1.133,-0.3339,False,17,0,0,1,1002.53,monte_carlo_run_1680_seed_1722.log
1681,34,0,0,0,0,0,1723,3101,0.229,3.35,False,Solitudine / Nessun Contatto,,,Nessuna,4,0,4,3.0,2,2,2,2,0,0,0,0,0,0,0,0,8500.0,4,1.016,1.016,0.0,False,0,0,1,1,52.42,monte_carlo_run_1681_seed_1723.log
1682,34,0,0,0,0,0,1724,3101,0.165,3.05,False,Solitudine / Nessun Contatto,,,Nessuna,4,0,4,4.34,1,1,1,1,0,0,0,0,0,0,0,0,8500.0,2,1.034,1.034,0.0,False,2,0,0,0,246.85,monte_carlo_run_1682_seed_1724.log
1683,34,0,0,0,0,0,1725,3101,0.278,6.43,False,Solitudine / Nessun Contatto,,,Nessuna,165,0,165,13.26,24,17,3,2,1,19,8,8,0,4,4,0,8527.6,35,1.226,1.242,0.0156,True,138,0,18,43,1000.05,monte_carlo_run_1683_seed_1725.log
1684,34,0,0,0,0,0,1726,3101,0.148,3.26,False,Solitudine / Nessun Contatto,,,Nessuna,1,0,1,0.0,2,2,2,1,1,0,0,0,0,0,0,0,8500.0,2,1.0,1.0,0.0,False,0,0,1,1,0.02,monte_carlo_run_1684_seed_1726.log
1685,34,0,0,0,0,0,1727,3101,0.31,6.33,True,Incontro Flotta Deep-Space,870.7,6.01,Diffidente,84,1,93,11.76,11,8,1,1,0,8,5,5,0,4,3,1,8525.28,17,1.272,1.268,-0.0045,False,79,0,5,12,1000.55,monte_carlo_run_1685_seed_1727.log
1686,34,0,0,0,0,0,1728,3101,0.197,3.56,False,Solitudine / Nessun Contatto,,,Nessuna,10,0,10,0.0,2,2,2,2,0,0,0,0,0,0,0,0,8500.0,4,1.094,1.094,0.0,False,6,0,1,1,327.15,monte_carlo_run_1686_seed_1728.log
1687,34,0,0,0,0,0,1729,3101,0.306,6.9,True,Incontro Flotta Deep-Space,472.8,0.0,Biosfera Primitiva,41,0,108,19.05,15,13,2,2,0,13,13,13,0,6,6,0,8542.79,22,1.305,1.586,0.2806,True,90,0,11,19,1000.98,monte_carlo_run_1687_seed_1729.log
1688,34,0,0,0,0,0,1730,3101,0.192,3.18,False,Solitudine / Nessun Contatto,,,Nessuna,4,0,4,5.99,2,2,2,1,1,0,0,0,0,0,0,0,8500.0,2,1.066,1.066,0.0,False,2,0,1,1,167.78,monte_carlo_run_1688_seed_1730.log
1689,34,0,0,0,0,0,1731,3101,0.249,3.06,False,Solitudine / Nessun Contatto,,,Nessuna,10,0,10,8.32,1,1,1,1,0,0,0,0,0,0,0,0,8500.0,2,1.152,1.152,0.0,False,6,0,0,0,488.35,monte_carlo_run_1689_seed_1731.log
1690,34,0,0,0,0,0,1732,3101,0.209,3.35,False,Solitudine / Nessun Contatto,,,Nessuna,11,0,11,8.61,3,3,3,1,1,0,0,0,0,0,0,0,8500.0,4,0.727,0.727,0.0,False,8,0,0,2,792.92,monte_carlo_run_1690_seed_1732.log
1691,34,0,0,0,0,0,1733,3101,0.268,4.32,True,Incontro Flotta Deep-Space,988.38,7.94,Collaborativa,53,0,54,18.98,8,6,1,0,1,7,7,7,0,4,4,0,8536.24,13,0.784,1.407,0.6228,True,44,0,6,9,1000.24,monte_carlo_run_1691_seed_1733.log
1692,34,0,0,0,0,0,1734,3101,0.163,3.83,False,Solitudine / Nessun Contatto,,,Nessuna,30,0,30,16.15,5,5,1,0,1,4,4,4,0,3,3,0,8518.42,8,0.886,1.239,0.3528,True,21,0,2,4,1000.3,monte_carlo_run_1692_seed_1734.log
1693,34,0,0,0,0,0,1735,3101,0.218,5.1,True,Incontro Flotta Deep-Space,765.68,9.84,Biosfera Primitiva,72,0,108,19.65,21,14,1,1,0,19,19,19,0,10,9,1,8580.9,27,1.091,1.423,0.332,True,85,0,26,37,1000.29,monte_carlo_run_1693_seed_1735.log
1694,34,0,0,0,0,0,1736,3101,0.212,3.63,False,Solitudine / Nessun Contatto,,,Nessuna,4,0,4,0.0,2,2,2,2,0,0,0,0,0,0,0,0,8500.0,4,1.026,1.026,0.0,False,2,0,1,1,102.08,monte_carlo_run_1694_seed_1736.log
1695,34,0,0,0,0,0,1737,3101,0.127,2.87,False,Solitudine / Nessun Contatto,,,Nessuna,1,0,1,0.0,1,1,1,1,0,0,0,0,0,0,0,0,8500.0,2,1.0,1.0,0.0,False,0,0,0,0,0.02,monte_carlo_run_1695_seed_1737.log
1696,34,0,0,0,0,0,1738,3101,0.163,2.16,False,Solitudine / Nessun Contatto,,,Nessuna,1,0,1,0.0,1,1,1,1,0,0,0,0,0,0,0,0,8500.0,2,1.0,1.0,0.0,False,0,0,0,0,0.02,monte_carlo_run_1696_seed_1738.log
1697,34,0,0,0,0,0,1739,3101,0.273,3.8,False,Solitudine / Nessun Contatto,,,Nessuna,4,0,4,3.39,1,1,1,1,0,0,0,0,0,0,0,0,8500.0,2,1.054,1.054,0.0,False,3,0,0,0,279.39,monte_carlo_run_1697_seed_1739.log
1698,34,0,0,0,0,0,1740,3101,0.347,7.45,True,Contatto Planetario / Biofirme,200.14,10.92,Predatoria,12,0,70,16.22,5,4,2,1,1,3,3,3,0,1,1,0,8509.13,8,1.6,1.223,-0.3766,False,65,0,0,1,1000.02,monte_carlo_run_1698_seed_1740.log
1699,34,0,0,0,0,0,1741,3101,0.324,7.75,True,Contatto Planetario / Biofirme,180.17,13.97,Cauta,11,1,54,13.97,9,7,2,1,0,6,6,6,0,1,1,0,8512.39,8,1.288,0.896,-0.3918,False,44,0,0,1,1003.0,monte_carlo_run_1699_seed_1741.log
1700,34,0,0,0,0,0,1742,3101,0.338,6.87,False,Solitudine / Nessun Contatto,,,Nessuna,87,0,87,14.97,9,6,1,0,1,8,8,8,0,4,3,1,8524.41,13,0.991,1.245,0.2549,True,77,0,2,6,1000.04,monte_carlo_run_1700_seed_1742.log
