run_id,treatment_id,factor_A,factor_B,factor_C,factor_D,factor_E,seed,num_stars,ship_speed_c,max_reach_ly,first_contact_occurred,contact_type,time_to_first_contact_years,contact_distance_ly,contact_disposition,systems_before_contact,archeological_relics_found,total_systems_explored,max_expansion_radius_ly,planets_habitable_surveyed,planets_with_life_surveyed,planets_with_intel_surveyed,planets_with_spacefaring_surveyed,prime_directive_encounters,colonies_founded,colonies_active,total_earth_colonies,colonies_collapsed,colonies_sovereign,colonies_secession_hostile,colonies_secession_loyal,total_human_pop_millions,total_fleets_activated,earth_final_lc,max_colony_lc,delta_lc_max,colony_surpassed_earth,total_starbases,fallen_starbases,total_trade_routes,total_wars,simulation_duration_years,log_filename
1,1,-1,-1,-1,-1,1,43,3101,0.082,1.56,False,Solitudine / Nessun Contatto,,,Nessuna,3,0,3,1.48,2,2,2,2,0,0,0,0,0,0,0,0,8500.0,6,1.017,1.017,0.0,False,0,0,1,1,72.17,monte_carlo_run_1_seed_43.log
2,1,-1,-1,-1,-1,1,44,3101,0.079,1.47,False,Solitudine / Nessun Contatto,,,Nessuna,1,0,1,0.0,1,1,1,1,0,0,0,0,0,0,0,0,8500.0,2,1.0,1.0,0.0,False,0,0,0,0,0.02,monte_carlo_run_2_seed_44.log
3,1,-1,-1,-1,-1,1,45,3101,0.056,1.06,False,Solitudine / Nessun Contatto,,,Nessuna,2,0,2,0.0,2,2,2,2,0,0,0,0,0,0,0,0,8500.0,6,1.0,1.0,0.0,False,0,0,1,1,0.04,monte_carlo_run_3_seed_45.log
4,1,-1,-1,-1,-1,1,46,3101,0.079,1.6,False,Solitudine / Nessun Contatto,,,Nessuna,1,0,1,0.0,1,1,1,1,0,0,0,0,0,0,0,0,8500.0,2,1.0,1.0,0.0,False,0,0,0,0,0.02,monte_carlo_run_4_seed_46.log
5,1,-1,-1,-1,-1,1,47,3101,0.078,1.62,False,Solitudine / Nessun Contatto,,,Nessuna,2,0,2,0.0,3,3,2,2,0,1,0,0,0,0,0,0,8500.0,6,1.0,1.0,0.0,False,0,0,1,1,0.04,monte_carlo_run_5_seed_47.log
6,1,-1,-1,-1,-1,1,48,3101,0.071,1.58,False,Solitudine / Nessun Contatto,,,Nessuna,3,0,3,0.0,3,3,3,3,0,0,0,0,0,0,0,0,8500.0,9,1.0,1.0,0.0,False,0,0,1,3,0.06,monte_carlo_run_6_seed_48.log
7,1,-1,-1,-1,-1,1,49,3101,0.133,2.89,False,Solitudine / Nessun Contatto,,,Nessuna,1,0,1,0.0,1,1,1,1,0,0,0,0,0,0,0,0,8500.0,2,1.0,1.0,0.0,False,0,0,0,0,0.02,monte_carlo_run_7_seed_49.log
8,1,-1,-1,-1,-1,1,50,3101,0.054,1.21,False,Solitudine / Nessun Contatto,,,Nessuna,1,0,1,0.0,1,1,1,1,0,0,0,0,0,0,0,0,8500.0,2,1.0,1.0,0.0,False,0,0,0,0,0.02,monte_carlo_run_8_seed_50.log
9,1,-1,-1,-1,-1,1,51,3101,0.062,0.78,False,Solitudine / Nessun Contatto,,,Nessuna,2,0,2,0.0,2,2,2,2,0,0,0,0,0,0,0,0,8500.0,5,1.0,1.0,0.0,False,0,0,1,1,0.04,monte_carlo_run_9_seed_51.log
10,1,-1,-1,-1,-1,1,52,3101,0.057,1.14,False,Solitudine / Nessun Contatto,,,Nessuna,1,0,1,0.0,1,1,1,1,0,0,0,0,0,0,0,0,8500.0,2,1.0,1.0,0.0,False,0,0,0,0,0.02,monte_carlo_run_10_seed_52.log
11,1,-1,-1,-1,-1,1,53,3101,0.065,0.86,False,Solitudine / Nessun Contatto,,,Nessuna,3,0,3,0.0,3,3,3,3,0,0,0,0,0,0,0,0,8500.0,10,1.001,1.001,0.0,False,0,0,3,3,0.06,monte_carlo_run_11_seed_53.log
12,1,-1,-1,-1,-1,1,54,3101,0.098,2.17,False,Solitudine / Nessun Contatto,,,Nessuna,2,0,2,2.12,2,2,1,1,0,1,1,1,0,0,0,0,8500.87,2,1.002,1.0,-0.002,False,0,0,0,0,86.71,monte_carlo_run_12_seed_54.log
13,1,-1,-1,-1,-1,1,55,3101,0.148,2.21,False,Solitudine / Nessun Contatto,,,Nessuna,3,0,3,1.45,1,1,1,1,0,0,0,0,0,0,0,0,8500.0,2,1.014,1.014,0.0,False,2,0,0,0,104.57,monte_carlo_run_13_seed_55.log
14,1,-1,-1,-1,-1,1,56,3101,0.064,1.52,False,Solitudine / Nessun Contatto,,,Nessuna,6,0,6,0.96,3,3,3,3,0,0,0,0,0,0,0,0,8500.0,10,1.047,1.047,0.0,False,0,0,3,3,80.46,monte_carlo_run_14_seed_56.log
15,1,-1,-1,-1,-1,1,57,3101,0.094,1.46,False,Solitudine / Nessun Contatto,,,Nessuna,7,0,7,0.0,3,3,3,3,0,0,0,0,0,0,0,0,8500.0,9,1.049,1.049,0.0,False,1,0,3,3,98.71,monte_carlo_run_15_seed_57.log
16,1,-1,-1,-1,-1,1,58,3101,0.141,2.29,False,Solitudine / Nessun Contatto,,,Nessuna,1,0,1,0.0,1,1,1,1,0,0,0,0,0,0,0,0,8500.0,2,1.0,1.0,0.0,False,0,0,0,0,0.02,monte_carlo_run_16_seed_58.log
17,1,-1,-1,-1,-1,1,59,3101,0.145,3.42,False,Solitudine / Nessun Contatto,,,Nessuna,10,0,10,7.34,2,2,2,2,0,0,0,0,0,0,0,0,8500.0,7,1.313,1.313,0.0,False,7,0,0,1,1010.42,monte_carlo_run_17_seed_59.log
18,1,-1,-1,-1,-1,1,60,3101,0.136,3.06,False,Solitudine / Nessun Contatto,,,Nessuna,3,0,3,3.72,1,1,1,1,0,0,0,0,0,0,0,0,8500.0,2,1.01,1.01,0.0,False,1,0,0,0,126.28,monte_carlo_run_18_seed_60.log
19,1,-1,-1,-1,-1,1,61,3101,0.127,1.54,False,Solitudine / Nessun Contatto,,,Nessuna,1,0,1,0.0,1,1,1,1,0,0,0,0,0,0,0,0,8500.0,2,1.0,1.0,0.0,False,0,0,0,0,0.02,monte_carlo_run_19_seed_61.log
20,1,-1,-1,-1,-1,1,62,3101,0.122,1.6,False,Solitudine / Nessun Contatto,,,Nessuna,2,0,2,1.59,1,1,1,1,0,0,0,0,0,0,0,0,8500.0,2,1.002,1.002,0.0,False,0,0,0,0,55.53,monte_carlo_run_20_seed_62.log
21,1,-1,-1,-1,-1,1,63,3101,0.077,0.93,False,Solitudine / Nessun Contatto,,,Nessuna,3,0,3,0.9,3,3,2,2,0,1,1,1,0,0,0,0,8501.66,6,1.014,0.997,-0.0175,False,0,0,1,1,46.81,monte_carlo_run_21_seed_63.log
22,1,-1,-1,-1,-1,1,64,3101,0.057,1.31,False,Solitudine / Nessun Contatto,,,Nessuna,2,0,2,0.0,2,2,2,2,0,0,0,0,0,0,0,0,8500.0,6,1.0,1.0,0.0,False,0,0,1,1,0.04,monte_carlo_run_22_seed_64.log
23,1,-1,-1,-1,-1,1,65,3101,0.127,2.0,False,Solitudine / Nessun Contatto,,,Nessuna,1,0,1,0.0,1,1,1,1,0,0,0,0,0,0,0,0,8500.0,2,1.0,1.0,0.0,False,0,0,0,0,0.02,monte_carlo_run_23_seed_65.log
24,1,-1,-1,-1,-1,1,66,3101,0.132,2.28,False,Solitudine / Nessun Contatto,,,Nessuna,4,0,4,0.0,3,3,3,3,0,0,0,0,0,0,0,0,8500.0,9,1.026,1.026,0.0,False,0,0,2,2,60.33,monte_carlo_run_24_seed_66.log
25,1,-1,-1,-1,-1,1,67,3101,0.065,0.87,False,Solitudine / Nessun Contatto,,,Nessuna,2,0,2,0.0,2,2,2,2,0,0,0,0,0,0,0,0,8500.0,6,1.0,1.0,0.0,False,0,0,0,1,0.04,monte_carlo_run_25_seed_67.log
26,1,-1,-1,-1,-1,1,68,3101,0.138,2.03,False,Solitudine / Nessun Contatto,,,Nessuna,3,0,3,0.0,3,3,3,3,0,0,0,0,0,0,0,0,8500.0,10,1.0,1.0,0.0,False,0,0,0,3,0.06,monte_carlo_run_26_seed_68.log
27,1,-1,-1,-1,-1,1,69,3101,0.12,2.99,False,Solitudine / Nessun Contatto,,,Nessuna,2,0,2,0.0,2,2,2,2,0,0,0,0,0,0,0,0,8500.0,5,1.0,1.0,0.0,False,0,0,1,1,0.04,monte_carlo_run_27_seed_69.log
28,1,-1,-1,-1,-1,1,70,3101,0.067,1.57,False,Solitudine / Nessun Contatto,,,Nessuna,3,0,3,1.29,2,2,2,2,0,0,0,0,0,0,0,0,8500.0,6,1.024,1.024,0.0,False,0,0,1,1,77.11,monte_carlo_run_28_seed_70.log
29,1,-1,-1,-1,-1,1,71,3101,0.109,2.54,False,Solitudine / Nessun Contatto,,,Nessuna,2,0,2,0.0,2,2,2,2,0,0,0,0,0,0,0,0,8500.0,6,1.0,1.0,0.0,False,0,0,0,1,0.04,monte_carlo_run_29_seed_71.log
30,1,-1,-1,-1,-1,1,72,3101,0.096,2.12,False,Solitudine / Nessun Contatto,,,Nessuna,2,0,2,2.05,2,2,1,1,0,1,1,1,0,0,0,0,8503.1,2,1.002,0.965,-0.0369,False,0,0,0,0,85.39,monte_carlo_run_30_seed_72.log
31,1,-1,-1,-1,-1,1,73,3101,0.138,3.39,False,Solitudine / Nessun Contatto,,,Nessuna,15,0,15,3.47,4,2,2,2,0,1,0,0,0,0,0,0,8500.0,14,1.434,1.434,0.0,False,8,0,3,4,958.95,monte_carlo_run_31_seed_73.log
32,1,-1,-1,-1,-1,1,74,3101,0.145,3.37,True,Incontro Flotta Deep-Space,953.21,11.63,Collaborativa,25,0,25,13.55,5,5,2,2,0,3,2,2,0,1,1,0,8510.69,9,1.417,0.949,-0.4675,False,17,0,1,3,1011.4,monte_carlo_run_32_seed_74.log
33,1,-1,-1,-1,-1,1,75,3101,0.065,1.2,False,Solitudine / Nessun Contatto,,,Nessuna,1,0,1,0.0,1,1,1,1,0,0,0,0,0,0,0,0,8500.0,2,1.0,1.0,0.0,False,0,0,0,0,0.02,monte_carlo_run_33_seed_75.log
34,1,-1,-1,-1,-1,1,76,3101,0.144,3.5,False,Solitudine / Nessun Contatto,,,Nessuna,2,0,2,3.18,1,1,1,1,0,0,0,0,0,0,0,0,8500.0,2,1.002,1.002,0.0,False,0,0,0,0,88.24,monte_carlo_run_34_seed_76.log
35,1,-1,-1,-1,-1,1,77,3101,0.071,1.35,False,Solitudine / Nessun Contatto,,,Nessuna,1,0,1,0.0,1,1,1,1,0,0,0,0,0,0,0,0,8500.0,2,1.0,1.0,0.0,False,0,0,0,0,0.02,monte_carlo_run_35_seed_77.log
36,1,-1,-1,-1,-1,1,78,3101,0.086,1.97,False,Solitudine / Nessun Contatto,,,Nessuna,1,0,1,0.0,1,1,1,1,0,0,0,0,0,0,0,0,8500.0,2,1.0,1.0,0.0,False,0,0,0,0,0.02,monte_carlo_run_36_seed_78.log
37,1,-1,-1,-1,-1,1,79,3101,0.144,3.27,False,Solitudine / Nessun Contatto,,,Nessuna,4,0,4,2.96,1,1,1,1,0,0,0,0,0,0,0,0,8500.0,2,1.004,1.004,0.0,False,0,0,0,0,178.29,monte_carlo_run_37_seed_79.log
38,1,-1,-1,-1,-1,1,80,3101,0.145,3.01,False,Solitudine / Nessun Contatto,,,Nessuna,2,0,2,2.99,2,1,1,1,0,1,1,1,0,0,0,0,8500.79,2,1.002,0.966,-0.0365,False,0,0,0,0,100.48,monte_carlo_run_38_seed_80.log
39,1,-1,-1,-1,-1,1,81,3101,0.144,2.16,False,Solitudine / Nessun Contatto,,,Nessuna,1,0,1,0.0,1,1,1,1,0,0,0,0,0,0,0,0,8500.0,2,1.0,1.0,0.0,False,0,0,0,0,0.02,monte_carlo_run_39_seed_81.log
40,1,-1,-1,-1,-1,1,82,3101,0.063,1.15,False,Solitudine / Nessun Contatto,,,Nessuna,3,0,3,0.0,3,3,3,3,0,0,0,0,0,0,0,0,8500.0,9,1.0,1.0,0.0,False,0,0,1,2,0.06,monte_carlo_run_40_seed_82.log
41,1,-1,-1,-1,-1,1,83,3101,0.058,0.8,False,Solitudine / Nessun Contatto,,,Nessuna,1,0,1,0.0,1,1,1,1,0,0,0,0,0,0,0,0,8500.0,2,1.0,1.0,0.0,False,0,0,0,0,0.02,monte_carlo_run_41_seed_83.log
42,1,-1,-1,-1,-1,1,84,3101,0.137,1.77,False,Solitudine / Nessun Contatto,,,Nessuna,1,0,1,0.0,1,1,1,1,0,0,0,0,0,0,0,0,8500.0,2,1.0,1.0,0.0,False,0,0,0,0,0.02,monte_carlo_run_42_seed_84.log
43,1,-1,-1,-1,-1,1,85,3101,0.057,0.93,False,Solitudine / Nessun Contatto,,,Nessuna,1,0,1,0.0,1,1,1,1,0,0,0,0,0,0,0,0,8500.0,2,1.0,1.0,0.0,False,0,0,0,0,0.02,monte_carlo_run_43_seed_85.log
44,1,-1,-1,-1,-1,1,86,3101,0.096,1.99,False,Solitudine / Nessun Contatto,,,Nessuna,2,0,2,0.0,2,2,2,2,0,0,0,0,0,0,0,0,8500.0,6,1.0,1.0,0.0,False,0,0,1,1,0.04,monte_carlo_run_44_seed_86.log
45,1,-1,-1,-1,-1,1,87,3101,0.125,2.93,False,Solitudine / Nessun Contatto,,,Nessuna,2,0,2,2.75,2,2,1,1,0,1,1,1,0,0,0,0,8500.66,2,1.002,0.991,-0.0113,False,0,0,0,0,95.37,monte_carlo_run_45_seed_87.log
46,1,-1,-1,-1,-1,1,88,3101,0.096,1.24,False,Solitudine / Nessun Contatto,,,Nessuna,1,0,1,0.0,1,1,1,1,0,0,0,0,0,0,0,0,8500.0,2,1.0,1.0,0.0,False,0,0,0,0,0.02,monte_carlo_run_46_seed_88.log
47,1,-1,-1,-1,-1,1,89,3101,0.144,3.14,False,Solitudine / Nessun Contatto,,,Nessuna,10,0,10,6.74,3,1,1,1,0,1,1,1,0,0,0,0,8501.17,6,1.274,0.928,-0.3465,False,6,0,0,1,893.31,monte_carlo_run_47_seed_89.log
48,1,-1,-1,-1,-1,1,90,3101,0.053,1.21,False,Solitudine / Nessun Contatto,,,Nessuna,1,0,1,0.0,1,1,1,1,0,0,0,0,0,0,0,0,8500.0,2,1.0,1.0,0.0,False,0,0,0,0,0.02,monte_carlo_run_48_seed_90.log
49,1,-1,-1,-1,-1,1,91,3101,0.136,1.81,False,Solitudine / Nessun Contatto,,,Nessuna,3,0,3,0.0,3,3,3,3,0,0,0,0,0,0,0,0,8500.0,10,1.001,1.001,0.0,False,0,0,2,2,0.06,monte_carlo_run_49_seed_91.log
50,1,-1,-1,-1,-1,1,92,3101,0.07,1.52,False,Solitudine / Nessun Contatto,,,Nessuna,3,0,3,0.0,3,3,3,3,0,0,0,0,0,0,0,0,8500.0,9,1.0,1.0,0.0,False,0,0,0,2,0.06,monte_carlo_run_50_seed_92.log
51,2,1,-1,-1,-1,-1,93,3101,0.057,0.73,False,Solitudine / Nessun Contatto,,,Nessuna,1,0,1,0.0,1,1,1,1,0,0,0,0,0,0,0,0,8500.0,2,1.0,1.0,0.0,False,0,0,0,0,0.02,monte_carlo_run_51_seed_93.log
52,2,1,-1,-1,-1,-1,94,3101,0.133,2.41,False,Solitudine / Nessun Contatto,,,Nessuna,2,0,2,1.83,1,1,1,1,0,0,0,0,0,0,0,0,8500.0,2,1.002,1.002,0.0,False,0,0,0,0,62.49,monte_carlo_run_52_seed_94.log
53,2,1,-1,-1,-1,-1,95,3101,0.112,2.15,False,Solitudine / Nessun Contatto,,,Nessuna,3,0,3,2.96,2,2,2,1,1,0,0,0,0,0,0,0,8500.0,2,1.034,1.034,0.0,False,1,0,1,1,107.09,monte_carlo_run_53_seed_95.log
54,2,1,-1,-1,-1,-1,96,3101,0.085,1.06,False,Solitudine / Nessun Contatto,,,Nessuna,1,0,1,0.0,2,2,2,1,1,0,0,0,0,0,0,0,8500.0,2,1.0,1.0,0.0,False,0,0,0,1,0.02,monte_carlo_run_54_seed_96.log
55,2,1,-1,-1,-1,-1,97,3101,0.093,2.2,False,Solitudine / Nessun Contatto,,,Nessuna,1,0,1,0.0,1,1,1,1,0,0,0,0,0,0,0,0,8500.0,2,1.0,1.0,0.0,False,0,0,0,0,0.02,monte_carlo_run_55_seed_97.log
56,2,1,-1,-1,-1,-1,98,3101,0.118,2.32,False,Solitudine / Nessun Contatto,,,Nessuna,1,0,1,0.0,1,1,1,1,0,0,0,0,0,0,0,0,8500.0,2,1.0,1.0,0.0,False,0,0,0,0,0.02,monte_carlo_run_56_seed_98.log
57,2,1,-1,-1,-1,-1,99,3101,0.115,2.57,False,Solitudine / Nessun Contatto,,,Nessuna,1,0,1,0.0,2,2,2,1,1,0,0,0,0,0,0,0,8500.0,2,1.0,1.0,0.0,False,0,0,1,1,0.02,monte_carlo_run_57_seed_99.log
58,2,1,-1,-1,-1,-1,100,3101,0.094,1.94,False,Solitudine / Nessun Contatto,,,Nessuna,6,0,6,4.28,3,3,3,0,3,0,0,0,0,0,0,0,8500.0,2,0.867,0.867,0.0,False,4,0,1,2,336.97,monte_carlo_run_58_seed_100.log
59,2,1,-1,-1,-1,-1,101,3101,0.114,2.22,False,Solitudine / Nessun Contatto,,,Nessuna,1,0,1,0.0,1,1,1,1,0,0,0,0,0,0,0,0,8500.0,2,1.0,1.0,0.0,False,0,0,0,0,0.02,monte_carlo_run_59_seed_101.log
60,2,1,-1,-1,-1,-1,102,3101,0.068,1.44,False,Solitudine / Nessun Contatto,,,Nessuna,1,0,1,0.0,2,2,2,1,1,0,0,0,0,0,0,0,8500.0,2,1.0,1.0,0.0,False,0,0,1,1,0.02,monte_carlo_run_60_seed_102.log
61,2,1,-1,-1,-1,-1,103,3101,0.146,2.1,False,Solitudine / Nessun Contatto,,,Nessuna,1,0,1,0.0,1,1,1,1,0,0,0,0,0,0,0,0,8500.0,2,1.0,1.0,0.0,False,0,0,0,0,0.02,monte_carlo_run_61_seed_103.log
62,2,1,-1,-1,-1,-1,104,3101,0.118,2.56,False,Solitudine / Nessun Contatto,,,Nessuna,2,0,2,2.41,2,2,2,0,2,0,0,0,0,0,0,0,8500.0,1,0.819,0.819,0.0,False,0,0,0,1,81.84,monte_carlo_run_62_seed_104.log
63,2,1,-1,-1,-1,-1,105,3101,0.111,2.46,False,Solitudine / Nessun Contatto,,,Nessuna,1,0,1,0.0,1,1,1,1,0,0,0,0,0,0,0,0,8500.0,2,1.0,1.0,0.0,False,0,0,0,0,0.02,monte_carlo_run_63_seed_105.log
64,2,1,-1,-1,-1,-1,106,3101,0.144,1.73,False,Solitudine / Nessun Contatto,,,Nessuna,1,0,1,0.0,1,1,1,1,0,0,0,0,0,0,0,0,8500.0,2,1.0,1.0,0.0,False,0,0,0,0,0.02,monte_carlo_run_64_seed_106.log
65,2,1,-1,-1,-1,-1,107,3101,0.059,1.14,False,Solitudine / Nessun Contatto,,,Nessuna,1,0,1,0.0,1,1,1,1,0,0,0,0,0,0,0,0,8500.0,2,1.0,1.0,0.0,False,0,0,0,0,0.02,monte_carlo_run_65_seed_107.log
66,2,1,-1,-1,-1,-1,108,3101,0.137,2.33,False,Solitudine / Nessun Contatto,,,Nessuna,2,0,2,2.31,2,2,2,1,1,0,0,0,0,0,0,0,8500.0,2,1.015,1.015,0.0,False,0,0,1,1,78.61,monte_carlo_run_66_seed_108.log
67,2,1,-1,-1,-1,-1,109,3101,0.106,2.38,False,Solitudine / Nessun Contatto,,,Nessuna,2,0,2,1.98,2,2,2,1,1,0,0,0,0,0,0,0,8500.0,2,1.023,1.023,0.0,False,0,0,1,1,74.83,monte_carlo_run_67_seed_109.log
68,2,1,-1,-1,-1,-1,110,3101,0.095,1.76,False,Solitudine / Nessun Contatto,,,Nessuna,1,0,1,0.0,2,2,2,0,2,0,0,0,0,0,0,0,8500.0,1,0.985,0.985,0.0,False,0,0,0,1,0.02,monte_carlo_run_68_seed_110.log
69,2,1,-1,-1,-1,-1,111,3101,0.103,1.95,False,Solitudine / Nessun Contatto,,,Nessuna,1,0,1,0.0,3,3,3,1,2,0,0,0,0,0,0,0,8500.0,2,1.0,1.0,0.0,False,0,0,0,2,0.02,monte_carlo_run_69_seed_111.log
70,2,1,-1,-1,-1,-1,112,3101,0.079,1.95,True,Contatto Planetario / Biofirme,15.96,1.26,Collaborativa,2,0,5,1.92,2,2,2,1,1,0,0,0,0,0,0,0,8500.0,2,1.056,1.056,0.0,False,2,0,0,0,423.55,monte_carlo_run_70_seed_112.log
71,2,1,-1,-1,-1,-1,113,3101,0.063,1.36,False,Solitudine / Nessun Contatto,,,Nessuna,1,0,1,0.0,1,1,1,1,0,0,0,0,0,0,0,0,8500.0,2,1.0,1.0,0.0,False,0,0,0,0,0.02,monte_carlo_run_71_seed_113.log
72,2,1,-1,-1,-1,-1,114,3101,0.062,1.35,False,Solitudine / Nessun Contatto,,,Nessuna,1,0,1,0.0,1,1,1,1,0,0,0,0,0,0,0,0,8500.0,2,1.0,1.0,0.0,False,0,0,0,0,0.02,monte_carlo_run_72_seed_114.log
73,2,1,-1,-1,-1,-1,115,3101,0.076,1.82,False,Solitudine / Nessun Contatto,,,Nessuna,1,0,1,0.0,1,1,1,1,0,0,0,0,0,0,0,0,8500.0,2,1.0,1.0,0.0,False,0,0,0,0,0.02,monte_carlo_run_73_seed_115.log
74,2,1,-1,-1,-1,-1,116,3101,0.082,1.02,False,Solitudine / Nessun Contatto,,,Nessuna,1,0,1,0.0,1,1,1,1,0,0,0,0,0,0,0,0,8500.0,2,1.0,1.0,0.0,False,0,0,0,0,0.02,monte_carlo_run_74_seed_116.log
75,2,1,-1,-1,-1,-1,117,3101,0.1,1.22,False,Solitudine / Nessun Contatto,,,Nessuna,1,0,1,0.0,1,1,1,1,0,0,0,0,0,0,0,0,8500.0,2,1.0,1.0,0.0,False,0,0,0,0,0.02,monte_carlo_run_75_seed_117.log
76,2,1,-1,-1,-1,-1,118,3101,0.094,1.91,False,Solitudine / Nessun Contatto,,,Nessuna,1,0,1,0.0,1,1,1,1,0,0,0,0,0,0,0,0,8500.0,2,1.0,1.0,0.0,False,0,0,0,0,0.02,monte_carlo_run_76_seed_118.log
77,2,1,-1,-1,-1,-1,119,3101,0.121,2.51,False,Solitudine / Nessun Contatto,,,Nessuna,4,0,4,3.01,1,1,1,1,0,0,0,0,0,0,0,0,8500.0,2,1.015,1.015,0.0,False,1,0,0,0,184.37,monte_carlo_run_77_seed_119.log
78,2,1,-1,-1,-1,-1,120,3101,0.14,3.06,True,Incontro Flotta Deep-Space,238.81,4.38,Diffidente,6,1,14,8.81,4,3,2,2,0,1,1,1,0,1,1,0,8503.93,8,1.518,1.394,-0.1241,False,7,0,2,2,1013.5,monte_carlo_run_78_seed_120.log
79,2,1,-1,-1,-1,-1,121,3101,0.13,2.43,False,Solitudine / Nessun Contatto,,,Nessuna,1,0,1,0.0,1,1,1,1,0,0,0,0,0,0,0,0,8500.0,2,1.0,1.0,0.0,False,0,0,0,0,0.02,monte_carlo_run_79_seed_121.log
80,2,1,-1,-1,-1,-1,122,3101,0.128,2.88,False,Solitudine / Nessun Contatto,,,Nessuna,3,0,3,3.51,3,3,3,1,2,0,0,0,0,0,0,0,8500.0,2,1.071,1.071,0.0,False,1,0,3,3,122.43,monte_carlo_run_80_seed_122.log
81,2,1,-1,-1,-1,-1,123,3101,0.066,0.89,False,Solitudine / Nessun Contatto,,,Nessuna,1,0,1,0.0,3,3,3,0,3,0,0,0,0,0,0,0,8500.0,1,0.985,0.985,0.0,False,0,0,1,2,0.02,monte_carlo_run_81_seed_123.log
82,2,1,-1,-1,-1,-1,124,3101,0.1,1.33,False,Solitudine / Nessun Contatto,,,Nessuna,1,0,1,0.0,3,3,3,0,3,0,0,0,0,0,0,0,8500.0,1,0.985,0.985,0.0,False,0,0,1,2,0.02,monte_carlo_run_82_seed_124.log
83,2,1,-1,-1,-1,-1,125,3101,0.082,1.42,False,Solitudine / Nessun Contatto,,,Nessuna,1,0,1,0.0,3,3,3,0,3,0,0,0,0,0,0,0,8500.0,1,0.985,0.985,0.0,False,0,0,0,3,0.02,monte_carlo_run_83_seed_125.log
84,2,1,-1,-1,-1,-1,126,3101,0.128,2.55,False,Solitudine / Nessun Contatto,,,Nessuna,2,0,2,2.42,3,3,3,0,3,0,0,0,0,0,0,0,8500.0,1,0.852,0.852,0.0,False,0,0,1,3,75.48,monte_carlo_run_84_seed_126.log
85,2,1,-1,-1,-1,-1,127,3101,0.123,2.64,False,Solitudine / Nessun Contatto,,,Nessuna,3,0,3,3.57,3,3,3,1,2,0,0,0,0,0,0,0,8500.0,2,1.076,1.076,0.0,False,1,0,2,3,149.78,monte_carlo_run_85_seed_127.log
86,2,1,-1,-1,-1,-1,128,3101,0.139,1.9,False,Solitudine / Nessun Contatto,,,Nessuna,1,0,1,0.0,1,1,1,1,0,0,0,0,0,0,0,0,8500.0,2,1.0,1.0,0.0,False,0,0,0,0,0.02,monte_carlo_run_86_seed_128.log
87,2,1,-1,-1,-1,-1,129,3101,0.095,1.4,False,Solitudine / Nessun Contatto,,,Nessuna,3,0,3,2.26,3,3,3,0,3,0,0,0,0,0,0,0,8500.0,1,0.791,0.791,0.0,False,1,0,1,2,95.22,monte_carlo_run_87_seed_129.log
88,2,1,-1,-1,-1,-1,130,3101,0.127,2.1,False,Solitudine / Nessun Contatto,,,Nessuna,1,0,1,0.0,2,2,2,1,1,0,0,0,0,0,0,0,8500.0,2,1.0,1.0,0.0,False,0,0,0,1,0.02,monte_carlo_run_88_seed_130.log
89,2,1,-1,-1,-1,-1,131,3101,0.064,0.88,False,Solitudine / Nessun Contatto,,,Nessuna,1,0,1,0.0,1,1,1,1,0,0,0,0,0,0,0,0,8500.0,2,1.0,1.0,0.0,False,0,0,0,0,0.02,monte_carlo_run_89_seed_131.log
90,2,1,-1,-1,-1,-1,132,3101,0.145,2.58,False,Solitudine / Nessun Contatto,,,Nessuna,1,0,1,0.0,1,1,1,1,0,0,0,0,0,0,0,0,8500.0,2,1.0,1.0,0.0,False,0,0,0,0,0.02,monte_carlo_run_90_seed_132.log
91,2,1,-1,-1,-1,-1,133,3101,0.143,2.51,False,Solitudine / Nessun Contatto,,,Nessuna,1,0,1,0.0,2,2,2,1,1,0,0,0,0,0,0,0,8500.0,2,1.0,1.0,0.0,False,0,0,0,1,0.02,monte_carlo_run_91_seed_133.log
92,2,1,-1,-1,-1,-1,134,3101,0.087,1.52,False,Solitudine / Nessun Contatto,,,Nessuna,1,0,1,0.0,1,1,1,1,0,0,0,0,0,0,0,0,8500.0,2,1.0,1.0,0.0,False,0,0,0,0,0.02,monte_carlo_run_92_seed_134.log
93,2,1,-1,-1,-1,-1,135,3101,0.082,1.84,False,Solitudine / Nessun Contatto,,,Nessuna,1,0,1,0.0,3,3,3,0,3,0,0,0,0,0,0,0,8500.0,1,0.985,0.985,0.0,False,0,0,0,3,0.02,monte_carlo_run_93_seed_135.log
94,2,1,-1,-1,-1,-1,136,3101,0.143,1.78,False,Solitudine / Nessun Contatto,,,Nessuna,2,0,2,1.18,1,1,1,1,0,0,0,0,0,0,0,0,8500.0,2,1.001,1.001,0.0,False,0,0,0,0,39.75,monte_carlo_run_94_seed_136.log
95,2,1,-1,-1,-1,-1,137,3101,0.095,2.34,False,Solitudine / Nessun Contatto,,,Nessuna,1,0,1,0.0,2,2,2,1,1,0,0,0,0,0,0,0,8500.0,2,1.0,1.0,0.0,False,0,0,0,1,0.02,monte_carlo_run_95_seed_137.log
96,2,1,-1,-1,-1,-1,138,3101,0.12,2.6,False,Solitudine / Nessun Contatto,,,Nessuna,2,0,2,1.78,3,3,3,1,2,0,0,0,0,0,0,0,8500.0,2,1.037,1.037,0.0,False,0,0,2,2,62.27,monte_carlo_run_96_seed_138.log
97,2,1,-1,-1,-1,-1,139,3101,0.058,1.45,False,Solitudine / Nessun Contatto,,,Nessuna,1,0,1,0.0,3,3,3,0,3,0,0,0,0,0,0,0,8500.0,1,0.985,0.985,0.0,False,0,0,1,2,0.02,monte_carlo_run_97_seed_139.log
98,2,1,-1,-1,-1,-1,140,3101,0.137,3.37,False,Solitudine / Nessun Contatto,,,Nessuna,3,0,3,3.75,3,3,3,1,2,0,0,0,0,0,0,0,8500.0,2,1.08,1.08,0.0,False,1,0,2,2,179.74,monte_carlo_run_98_seed_140.log
99,2,1,-1,-1,-1,-1,141,3101,0.062,0.83,False,Solitudine / Nessun Contatto,,,Nessuna,1,0,1,0.0,2,2,2,1,1,0,0,0,0,0,0,0,8500.0,2,1.0,1.0,0.0,False,0,0,1,1,0.02,monte_carlo_run_99_seed_141.log
100,2,1,-1,-1,-1,-1,142,3101,0.145,1.74,False,Solitudine / Nessun Contatto,,,Nessuna,1,0,1,0.0,3,3,3,0,3,0,0,0,0,0,0,0,8500.0,1,0.985,0.985,0.0,False,0,0,0,2,0.02,monte_carlo_run_100_seed_142.log
101,3,-1,1,-1,-1,-1,143,3101,0.071,1.41,False,Solitudine / Nessun Contatto,,,Nessuna,1,0,1,0.0,1,1,1,1,0,0,0,0,0,0,0,0,8500.0,2,1.0,1.0,0.0,False,0,0,0,0,0.02,monte_carlo_run_101_seed_143.log
102,3,-1,1,-1,-1,-1,144,3101,0.131,2.08,False,Solitudine / Nessun Contatto,,,Nessuna,1,0,1,0.0,1,1,1,1,0,0,0,0,0,0,0,0,8500.0,2,1.0,1.0,0.0,False,0,0,0,0,0.02,monte_carlo_run_102_seed_144.log
103,3,-1,1,-1,-1,-1,145,3101,0.122,1.55,False,Solitudine / Nessun Contatto,,,Nessuna,2,0,2,1.53,1,1,1,1,0,0,0,0,0,0,0,0,8500.0,2,1.001,1.001,0.0,False,0,0,0,0,53.52,monte_carlo_run_103_seed_145.log
104,3,-1,1,-1,-1,-1,146,3101,0.116,2.72,False,Solitudine / Nessun Contatto,,,Nessuna,1,0,1,0.0,1,1,1,1,0,0,0,0,0,0,0,0,8500.0,2,1.0,1.0,0.0,False,0,0,0,0,0.02,monte_carlo_run_104_seed_146.log
105,3,-1,1,-1,-1,-1,147,3101,0.055,1.13,False,Solitudine / Nessun Contatto,,,Nessuna,1,0,1,0.0,1,1,1,1,0,0,0,0,0,0,0,0,8500.0,2,1.0,1.0,0.0,False,0,0,0,0,0.02,monte_carlo_run_105_seed_147.log
106,3,-1,1,-1,-1,-1,148,3101,0.119,1.5,False,Solitudine / Nessun Contatto,,,Nessuna,1,0,1,0.0,2,2,2,1,1,0,0,0,0,0,0,0,8500.0,2,1.0,1.0,0.0,False,0,0,1,1,0.02,monte_carlo_run_106_seed_148.log
107,3,-1,1,-1,-1,-1,149,3101,0.12,2.79,False,Solitudine / Nessun Contatto,,,Nessuna,1,0,1,0.0,1,1,1,1,0,0,0,0,0,0,0,0,8500.0,2,1.0,1.0,0.0,False,0,0,0,0,0.02,monte_carlo_run_107_seed_149.log
108,3,-1,1,-1,-1,-1,150,3101,0.149,2.91,False,Solitudine / Nessun Contatto,,,Nessuna,1,0,1,0.0,2,2,2,0,2,0,0,0,0,0,0,0,8500.0,1,0.985,0.985,0.0,False,0,0,0,1,0.02,monte_carlo_run_108_seed_150.log
109,3,-1,1,-1,-1,-1,151,3101,0.097,2.08,False,Solitudine / Nessun Contatto,,,Nessuna,1,0,1,0.0,2,2,2,1,1,0,0,0,0,0,0,0,8500.0,2,1.0,1.0,0.0,False,0,0,1,1,0.02,monte_carlo_run_109_seed_151.log
110,3,-1,1,-1,-1,-1,152,3101,0.09,1.3,False,Solitudine / Nessun Contatto,,,Nessuna,1,0,1,0.0,3,3,3,1,2,0,0,0,0,0,0,0,8500.0,2,1.001,1.001,0.0,False,0,0,2,2,0.02,monte_carlo_run_110_seed_152.log
111,3,-1,1,-1,-1,-1,153,3101,0.07,1.22,False,Solitudine / Nessun Contatto,,,Nessuna,1,0,1,0.0,2,2,2,1,1,0,0,0,0,0,0,0,8500.0,2,1.0,1.0,0.0,False,0,0,1,1,0.02,monte_carlo_run_111_seed_153.log
112,3,-1,1,-1,-1,-1,154,3101,0.074,1.35,False,Solitudine / Nessun Contatto,,,Nessuna,1,0,1,0.0,1,1,1,1,0,0,0,0,0,0,0,0,8500.0,2,1.0,1.0,0.0,False,0,0,0,0,0.02,monte_carlo_run_112_seed_154.log
113,3,-1,1,-1,-1,-1,155,3101,0.113,2.63,False,Solitudine / Nessun Contatto,,,Nessuna,1,0,1,0.0,3,3,3,0,3,0,0,0,0,0,0,0,8500.0,1,0.985,0.985,0.0,False,0,0,1,2,0.02,monte_carlo_run_113_seed_155.log
114,3,-1,1,-1,-1,-1,156,3101,0.084,2.04,False,Solitudine / Nessun Contatto,,,Nessuna,1,0,1,0.0,3,3,3,1,2,0,0,0,0,0,0,0,8500.0,2,1.0,1.0,0.0,False,0,0,1,2,0.02,monte_carlo_run_114_seed_156.log
115,3,-1,1,-1,-1,-1,157,3101,0.098,1.91,False,Solitudine / Nessun Contatto,,,Nessuna,1,0,1,0.0,2,2,2,1,1,0,0,0,0,0,0,0,8500.0,2,1.0,1.0,0.0,False,0,0,1,1,0.02,monte_carlo_run_115_seed_157.log
116,3,-1,1,-1,-1,-1,158,3101,0.139,3.42,False,Solitudine / Nessun Contatto,,,Nessuna,20,0,20,10.3,4,2,2,1,1,0,0,0,0,0,0,0,8500.0,5,1.565,1.565,0.0,False,11,0,3,3,1000.74,monte_carlo_run_116_seed_158.log
117,3,-1,1,-1,-1,-1,159,3101,0.137,2.73,False,Solitudine / Nessun Contatto,,,Nessuna,4,0,4,2.6,1,1,1,1,0,0,0,0,0,0,0,0,8500.0,2,1.004,1.004,0.0,False,0,0,0,0,164.54,monte_carlo_run_117_seed_159.log
118,3,-1,1,-1,-1,-1,160,3101,0.124,2.71,False,Solitudine / Nessun Contatto,,,Nessuna,3,0,3,4.49,1,1,1,1,0,0,0,0,0,0,0,0,8500.0,2,1.012,1.012,0.0,False,1,0,0,0,150.81,monte_carlo_run_118_seed_160.log
119,3,-1,1,-1,-1,-1,161,3101,0.141,2.86,False,Solitudine / Nessun Contatto,,,Nessuna,3,0,3,3.73,1,1,1,1,0,0,0,0,0,0,0,0,8500.0,2,1.012,1.012,0.0,False,1,0,0,0,156.99,monte_carlo_run_119_seed_161.log
120,3,-1,1,-1,-1,-1,162,3101,0.118,1.54,False,Solitudine / Nessun Contatto,,,Nessuna,1,0,1,0.0,1,1,1,1,0,0,0,0,0,0,0,0,8500.0,2,1.0,1.0,0.0,False,0,0,0,0,0.02,monte_carlo_run_120_seed_162.log
121,3,-1,1,-1,-1,-1,163,3101,0.114,2.77,True,Incontro Flotta Deep-Space,125.98,4.06,Neutrale,3,0,3,4.06,2,2,1,1,0,1,1,1,0,1,0,0,8503.9,4,1.057,1.272,0.2142,True,1,0,1,1,253.63,monte_carlo_run_121_seed_163.log
122,3,-1,1,-1,-1,-1,164,3101,0.113,2.17,False,Solitudine / Nessun Contatto,,,Nessuna,1,0,1,0.0,1,1,1,1,0,0,0,0,0,0,0,0,8500.0,2,1.0,1.0,0.0,False,0,0,0,0,0.02,monte_carlo_run_122_seed_164.log
123,3,-1,1,-1,-1,-1,165,3101,0.097,2.35,False,Solitudine / Nessun Contatto,,,Nessuna,3,0,3,3.38,2,2,1,1,0,1,1,1,0,0,0,0,8500.75,2,1.004,0.983,-0.0206,False,0,0,0,0,142.43,monte_carlo_run_123_seed_165.log
124,3,-1,1,-1,-1,-1,166,3101,0.11,1.35,False,Solitudine / Nessun Contatto,,,Nessuna,1,0,1,0.0,1,1,1,1,0,0,0,0,0,0,0,0,8500.0,2,1.0,1.0,0.0,False,0,0,0,0,0.02,monte_carlo_run_124_seed_166.log
125,3,-1,1,-1,-1,-1,167,3101,0.111,2.27,False,Solitudine / Nessun Contatto,,,Nessuna,1,0,1,0.0,2,2,2,1,1,0,0,0,0,0,0,0,8500.0,2,1.0,1.0,0.0,False,0,0,1,1,0.02,monte_carlo_run_125_seed_167.log
126,3,-1,1,-1,-1,-1,168,3101,0.075,1.76,False,Solitudine / Nessun Contatto,,,Nessuna,1,0,1,0.0,2,2,2,1,1,0,0,0,0,0,0,0,8500.0,2,1.0,1.0,0.0,False,0,0,1,1,0.02,monte_carlo_run_126_seed_168.log
127,3,-1,1,-1,-1,-1,169,3101,0.15,2.66,False,Solitudine / Nessun Contatto,,,Nessuna,1,0,1,0.0,1,1,1,1,0,0,0,0,0,0,0,0,8500.0,2,1.0,1.0,0.0,False,0,0,0,0,0.02,monte_carlo_run_127_seed_169.log
128,3,-1,1,-1,-1,-1,170,3101,0.143,3.25,False,Solitudine / Nessun Contatto,,,Nessuna,1,0,1,0.0,2,2,2,1,1,0,0,0,0,0,0,0,8500.0,2,1.0,1.0,0.0,False,0,0,1,1,0.02,monte_carlo_run_128_seed_170.log
129,3,-1,1,-1,-1,-1,171,3101,0.126,1.82,False,Solitudine / Nessun Contatto,,,Nessuna,1,0,1,0.0,3,3,3,0,3,0,0,0,0,0,0,0,8500.0,1,0.985,0.985,0.0,False,0,0,1,3,0.02,monte_carlo_run_129_seed_171.log
130,3,-1,1,-1,-1,-1,172,3101,0.147,3.15,False,Solitudine / Nessun Contatto,,,Nessuna,2,0,2,2.24,4,4,3,0,3,1,1,1,0,0,0,0,8500.83,1,0.865,0.936,0.0713,True,0,0,1,2,60.96,monte_carlo_run_130_seed_172.log
131,3,-1,1,-1,-1,-1,173,3101,0.122,1.76,False,Solitudine / Nessun Contatto,,,Nessuna,1,0,1,0.0,1,1,1,1,0,0,0,0,0,0,0,0,8500.0,2,1.0,1.0,0.0,False,0,0,0,0,0.02,monte_carlo_run_131_seed_173.log
132,3,-1,1,-1,-1,-1,174,3101,0.12,2.62,False,Solitudine / Nessun Contatto,,,Nessuna,1,0,1,0.0,1,1,1,1,0,0,0,0,0,0,0,0,8500.0,2,1.0,1.0,0.0,False,0,0,0,0,0.02,monte_carlo_run_132_seed_174.log
133,3,-1,1,-1,-1,-1,175,3101,0.056,1.06,False,Solitudine / Nessun Contatto,,,Nessuna,2,0,2,0.79,2,2,2,1,1,0,0,0,0,0,0,0,8500.0,2,1.017,1.017,0.0,False,0,0,1,1,56.21,monte_carlo_run_133_seed_175.log
134,3,-1,1,-1,-1,-1,176,3101,0.124,1.64,False,Solitudine / Nessun Contatto,,,Nessuna,1,0,1,0.0,3,3,3,1,2,0,0,0,0,0,0,0,8500.0,2,1.001,1.001,0.0,False,0,0,2,3,0.02,monte_carlo_run_134_seed_176.log
135,3,-1,1,-1,-1,-1,177,3101,0.116,1.79,False,Solitudine / Nessun Contatto,,,Nessuna,1,0,1,0.0,2,2,2,1,1,0,0,0,0,0,0,0,8500.0,2,1.0,1.0,0.0,False,0,0,0,1,0.02,monte_carlo_run_135_seed_177.log
136,3,-1,1,-1,-1,-1,178,3101,0.115,2.32,False,Solitudine / Nessun Contatto,,,Nessuna,1,0,1,0.0,3,3,3,1,2,0,0,0,0,0,0,0,8500.0,2,1.0,1.0,0.0,False,0,0,1,2,0.02,monte_carlo_run_136_seed_178.log
137,3,-1,1,-1,-1,-1,179,3101,0.053,1.02,False,Solitudine / Nessun Contatto,,,Nessuna,1,0,1,0.0,2,2,2,0,2,0,0,0,0,0,0,0,8500.0,1,0.985,0.985,0.0,False,0,0,0,1,0.02,monte_carlo_run_137_seed_179.log
138,3,-1,1,-1,-1,-1,180,3101,0.11,1.39,False,Solitudine / Nessun Contatto,,,Nessuna,1,0,1,0.0,1,1,1,1,0,0,0,0,0,0,0,0,8500.0,2,1.0,1.0,0.0,False,0,0,0,0,0.02,monte_carlo_run_138_seed_180.log
139,3,-1,1,-1,-1,-1,181,3101,0.066,1.09,False,Solitudine / Nessun Contatto,,,Nessuna,1,0,1,0.0,1,1,1,1,0,0,0,0,0,0,0,0,8500.0,2,1.0,1.0,0.0,False,0,0,0,0,0.02,monte_carlo_run_139_seed_181.log
140,3,-1,1,-1,-1,-1,182,3101,0.094,1.42,False,Solitudine / Nessun Contatto,,,Nessuna,1,0,1,0.0,1,1,1,1,0,0,0,0,0,0,0,0,8500.0,2,1.0,1.0,0.0,False,0,0,0,0,0.02,monte_carlo_run_140_seed_182.log
141,3,-1,1,-1,-1,-1,183,3101,0.112,1.67,False,Solitudine / Nessun Contatto,,,Nessuna,2,0,2,0.54,2,2,2,1,1,0,0,0,0,0,0,0,8500.0,2,1.008,1.008,0.0,False,0,0,1,1,23.91,monte_carlo_run_141_seed_183.log
142,3,-1,1,-1,-1,-1,184,3101,0.141,2.56,False,Solitudine / Nessun Contatto,,,Nessuna,1,0,1,0.0,1,1,1,1,0,0,0,0,0,0,0,0,8500.0,2,1.0,1.0,0.0,False,0,0,0,0,0.02,monte_carlo_run_142_seed_184.log
143,3,-1,1,-1,-1,-1,185,3101,0.121,2.03,False,Solitudine / Nessun Contatto,,,Nessuna,1,0,1,0.0,3,3,3,1,2,0,0,0,0,0,0,0,8500.0,2,1.0,1.0,0.0,False,0,0,0,2,0.02,monte_carlo_run_143_seed_185.log
144,3,-1,1,-1,-1,-1,186,3101,0.118,2.26,False,Solitudine / Nessun Contatto,,,Nessuna,2,0,2,1.79,1,1,1,1,0,0,0,0,0,0,0,0,8500.0,2,1.002,1.002,0.0,False,0,0,0,0,62.82,monte_carlo_run_144_seed_186.log
145,3,-1,1,-1,-1,-1,187,3101,0.148,2.16,False,Solitudine / Nessun Contatto,,,Nessuna,2,0,2,1.57,1,1,1,1,0,0,0,0,0,0,0,0,8500.0,2,1.002,1.002,0.0,False,0,0,0,0,52.55,monte_carlo_run_145_seed_187.log
146,3,-1,1,-1,-1,-1,188,3101,0.148,3.35,True,Incontro Flotta Deep-Space,72.65,0.72,Diffidente,3,0,3,2.67,2,1,1,1,0,1,1,1,0,1,1,0,8515.73,3,1.048,1.143,0.0949,True,1,0,1,1,185.97,monte_carlo_run_146_seed_188.log
147,3,-1,1,-1,-1,-1,189,3101,0.072,1.22,False,Solitudine / Nessun Contatto,,,Nessuna,1,0,1,0.0,3,3,3,0,3,0,0,0,0,0,0,0,8500.0,1,0.985,0.985,0.0,False,0,0,1,3,0.02,monte_carlo_run_147_seed_189.log
148,3,-1,1,-1,-1,-1,190,3101,0.118,1.66,False,Solitudine / Nessun Contatto,,,Nessuna,1,0,1,0.0,1,1,1,1,0,0,0,0,0,0,0,0,8500.0,2,1.0,1.0,0.0,False,0,0,0,0,0.02,monte_carlo_run_148_seed_190.log
149,3,-1,1,-1,-1,-1,191,3101,0.06,1.33,False,Solitudine / Nessun Contatto,,,Nessuna,1,0,1,0.0,1,1,1,1,0,0,0,0,0,0,0,0,8500.0,2,1.0,1.0,0.0,False,0,0,0,0,0.02,monte_carlo_run_149_seed_191.log
150,3,-1,1,-1,-1,-1,192,3101,0.102,1.55,False,Solitudine / Nessun Contatto,,,Nessuna,1,0,1,0.0,1,1,1,1,0,0,0,0,0,0,0,0,8500.0,2,1.0,1.0,0.0,False,0,0,0,0,0.02,monte_carlo_run_150_seed_192.log
151,4,1,1,-1,-1,1,193,3101,0.139,2.94,False,Solitudine / Nessun Contatto,,,Nessuna,8,0,8,5.64,2,2,2,2,0,0,0,0,0,0,0,0,8500.0,5,1.132,1.132,0.0,False,3,0,1,1,312.8,monte_carlo_run_151_seed_193.log
152,4,1,1,-1,-1,1,194,3101,0.078,1.59,False,Solitudine / Nessun Contatto,,,Nessuna,1,0,1,0.0,1,1,1,1,0,0,0,0,0,0,0,0,8500.0,2,1.0,1.0,0.0,False,0,0,0,0,0.02,monte_carlo_run_152_seed_194.log
153,4,1,1,-1,-1,1,195,3101,0.065,0.98,False,Solitudine / Nessun Contatto,,,Nessuna,2,0,2,0.0,2,2,2,2,0,0,0,0,0,0,0,0,8500.0,5,1.0,1.0,0.0,False,0,0,1,1,0.04,monte_carlo_run_153_seed_195.log
154,4,1,1,-1,-1,1,196,3101,0.073,1.78,False,Solitudine / Nessun Contatto,,,Nessuna,1,0,1,0.0,1,1,1,1,0,0,0,0,0,0,0,0,8500.0,2,1.0,1.0,0.0,False,0,0,0,0,0.02,monte_carlo_run_154_seed_196.log
155,4,1,1,-1,-1,1,197,3101,0.137,2.65,False,Solitudine / Nessun Contatto,,,Nessuna,7,0,7,3.33,1,1,1,1,0,0,0,0,0,0,0,0,8500.0,2,1.09,1.09,0.0,False,3,0,0,0,484.14,monte_carlo_run_155_seed_197.log
156,4,1,1,-1,-1,1,198,3101,0.096,1.22,False,Solitudine / Nessun Contatto,,,Nessuna,2,0,2,0.0,2,2,2,2,0,0,0,0,0,0,0,0,8500.0,5,1.0,1.0,0.0,False,0,0,1,1,0.04,monte_carlo_run_156_seed_198.log
157,4,1,1,-1,-1,1,199,3101,0.141,1.76,False,Solitudine / Nessun Contatto,,,Nessuna,1,0,1,0.0,1,1,1,1,0,0,0,0,0,0,0,0,8500.0,2,1.0,1.0,0.0,False,0,0,0,0,0.02,monte_carlo_run_157_seed_199.log
158,4,1,1,-1,-1,1,200,3101,0.1,1.3,False,Solitudine / Nessun Contatto,,,Nessuna,2,0,2,0.97,1,1,1,1,0,0,0,0,0,0,0,0,8500.0,2,1.001,1.001,0.0,False,0,0,0,0,38.62,monte_carlo_run_158_seed_200.log
159,4,1,1,-1,-1,1,201,3101,0.101,2.03,False,Solitudine / Nessun Contatto,,,Nessuna,1,0,1,0.0,1,1,1,1,0,0,0,0,0,0,0,0,8500.0,2,1.0,1.0,0.0,False,0,0,0,0,0.02,monte_carlo_run_159_seed_201.log
160,4,1,1,-1,-1,1,202,3101,0.141,2.14,False,Solitudine / Nessun Contatto,,,Nessuna,6,0,6,0.78,3,3,2,2,0,1,0,0,0,0,0,0,8500.0,8,1.034,1.034,0.0,False,1,0,1,3,177.82,monte_carlo_run_160_seed_202.log
161,4,1,1,-1,-1,1,203,3101,0.089,1.57,False,Solitudine / Nessun Contatto,,,Nessuna,1,0,1,0.0,1,1,1,1,0,0,0,0,0,0,0,0,8500.0,2,1.0,1.0,0.0,False,0,0,0,0,0.02,monte_carlo_run_161_seed_203.log
162,4,1,1,-1,-1,1,204,3101,0.092,2.22,False,Solitudine / Nessun Contatto,,,Nessuna,5,0,5,2.98,2,2,2,2,0,0,0,0,0,0,0,0,8500.0,6,1.097,1.097,0.0,False,2,0,1,1,246.71,monte_carlo_run_162_seed_204.log
163,4,1,1,-1,-1,1,205,3101,0.105,1.87,False,Solitudine / Nessun Contatto,,,Nessuna,4,0,4,0.0,3,3,3,3,0,0,0,0,0,0,0,0,8500.0,9,1.01,1.01,0.0,False,0,0,1,3,31.13,monte_carlo_run_163_seed_205.log
164,4,1,1,-1,-1,1,206,3101,0.144,3.1,False,Solitudine / Nessun Contatto,,,Nessuna,3,0,3,0.0,3,3,3,3,0,0,0,0,0,0,0,0,8500.0,9,1.0,1.0,0.0,False,0,0,1,3,0.06,monte_carlo_run_164_seed_206.log
165,4,1,1,-1,-1,1,207,3101,0.085,1.33,False,Solitudine / Nessun Contatto,,,Nessuna,2,0,2,0.0,2,2,2,2,0,0,0,0,0,0,0,0,8500.0,6,1.0,1.0,0.0,False,0,0,1,1,0.04,monte_carlo_run_165_seed_207.log
166,4,1,1,-1,-1,1,208,3101,0.123,2.21,False,Solitudine / Nessun Contatto,,,Nessuna,3,0,3,1.95,2,2,2,2,0,0,0,0,0,0,0,0,8500.0,6,1.021,1.021,0.0,False,0,0,1,1,67.76,monte_carlo_run_166_seed_208.log
167,4,1,1,-1,-1,1,209,3101,0.123,2.68,False,Solitudine / Nessun Contatto,,,Nessuna,3,0,3,0.0,3,3,2,2,0,1,0,0,0,0,0,0,8500.0,6,1.014,1.014,0.0,False,0,0,1,1,44.52,monte_carlo_run_167_seed_209.log
168,4,1,1,-1,-1,1,210,3101,0.14,3.42,False,Solitudine / Nessun Contatto,,,Nessuna,4,0,4,1.91,2,2,2,2,0,0,0,0,0,0,0,0,8500.0,5,1.017,1.017,0.0,False,0,0,1,1,84.96,monte_carlo_run_168_seed_210.log
169,4,1,1,-1,-1,1,211,3101,0.099,2.46,False,Solitudine / Nessun Contatto,,,Nessuna,2,0,2,1.97,1,1,1,1,0,0,0,0,0,0,0,0,8500.0,2,1.002,1.002,0.0,False,0,0,0,0,79.74,monte_carlo_run_169_seed_211.log
170,4,1,1,-1,-1,1,212,3101,0.094,2.25,False,Solitudine / Nessun Contatto,,,Nessuna,4,0,4,0.0,3,3,3,3,0,0,0,0,0,0,0,0,8500.0,10,1.014,1.014,0.0,False,0,0,1,3,45.62,monte_carlo_run_170_seed_212.log
171,4,1,1,-1,-1,1,213,3101,0.102,2.41,True,Incontro Flotta Deep-Space,150.9,2.41,Collaborativa,3,0,3,2.41,2,1,1,1,0,1,1,1,0,1,0,1,8508.27,4,1.067,1.296,0.2284,True,1,0,1,1,280.43,monte_carlo_run_171_seed_213.log
172,4,1,1,-1,-1,1,214,3101,0.132,2.65,False,Solitudine / Nessun Contatto,,,Nessuna,5,0,5,4.18,2,2,1,1,0,1,1,1,0,0,0,0,8500.67,2,1.037,0.977,-0.0601,False,2,0,0,0,270.91,monte_carlo_run_172_seed_214.log
173,4,1,1,-1,-1,1,215,3101,0.132,2.83,False,Solitudine / Nessun Contatto,,,Nessuna,7,0,7,4.0,1,1,1,1,0,0,0,0,0,0,0,0,8500.0,2,1.139,1.139,0.0,False,5,0,0,0,540.27,monte_carlo_run_173_seed_215.log
174,4,1,1,-1,-1,1,216,3101,0.06,1.06,False,Solitudine / Nessun Contatto,,,Nessuna,1,0,1,0.0,1,1,1,1,0,0,0,0,0,0,0,0,8500.0,2,1.0,1.0,0.0,False,0,0,0,0,0.02,monte_carlo_run_174_seed_216.log
175,4,1,1,-1,-1,1,217,3101,0.109,2.64,False,Solitudine / Nessun Contatto,,,Nessuna,6,0,6,1.51,3,2,2,2,0,0,0,0,0,0,0,0,8500.0,9,1.065,1.065,0.0,False,0,0,3,3,113.56,monte_carlo_run_175_seed_217.log
176,4,1,1,-1,-1,1,218,3101,0.076,1.05,False,Solitudine / Nessun Contatto,,,Nessuna,1,0,1,0.0,1,1,1,1,0,0,0,0,0,0,0,0,8500.0,2,1.0,1.0,0.0,False,0,0,0,0,0.02,monte_carlo_run_176_seed_218.log
177,4,1,1,-1,-1,1,219,3101,0.107,1.68,False,Solitudine / Nessun Contatto,,,Nessuna,2,0,2,0.0,2,2,2,2,0,0,0,0,0,0,0,0,8500.0,6,1.0,1.0,0.0,False,0,0,0,1,0.04,monte_carlo_run_177_seed_219.log
178,4,1,1,-1,-1,1,220,3101,0.077,1.89,False,Solitudine / Nessun Contatto,,,Nessuna,1,0,1,0.0,1,1,1,1,0,0,0,0,0,0,0,0,8500.0,2,1.0,1.0,0.0,False,0,0,0,0,0.02,monte_carlo_run_178_seed_220.log
179,4,1,1,-1,-1,1,221,3101,0.08,1.5,False,Solitudine / Nessun Contatto,,,Nessuna,3,0,3,0.98,1,1,1,1,0,0,0,0,0,0,0,0,8500.0,2,1.019,1.019,0.0,False,2,0,0,0,134.27,monte_carlo_run_179_seed_221.log
180,4,1,1,-1,-1,1,222,3101,0.072,1.07,False,Solitudine / Nessun Contatto,,,Nessuna,3,0,3,0.0,3,3,3,3,0,0,0,0,0,0,0,0,8500.0,9,1.001,1.001,0.0,False,0,0,2,3,0.06,monte_carlo_run_180_seed_222.log
181,4,1,1,-1,-1,1,223,3101,0.088,1.97,False,Solitudine / Nessun Contatto,,,Nessuna,2,0,2,0.0,2,2,2,2,0,0,0,0,0,0,0,0,8500.0,5,1.0,1.0,0.0,False,0,0,0,1,0.04,monte_carlo_run_181_seed_223.log
182,4,1,1,-1,-1,1,224,3101,0.126,2.56,False,Solitudine / Nessun Contatto,,,Nessuna,4,0,4,2.38,2,2,2,2,0,0,0,0,0,0,0,0,8500.0,6,1.003,1.003,0.0,False,0,0,0,1,126.52,monte_carlo_run_182_seed_224.log
183,4,1,1,-1,-1,1,225,3101,0.087,1.45,False,Solitudine / Nessun Contatto,,,Nessuna,4,0,4,0.0,3,3,3,3,0,0,0,0,0,0,0,0,8500.0,9,1.024,1.024,0.0,False,0,0,2,2,39.31,monte_carlo_run_183_seed_225.log
184,4,1,1,-1,-1,1,226,3101,0.147,2.72,False,Solitudine / Nessun Contatto,,,Nessuna,1,0,1,0.0,1,1,1,1,0,0,0,0,0,0,0,0,8500.0,2,1.0,1.0,0.0,False,0,0,0,0,0.02,monte_carlo_run_184_seed_226.log
185,4,1,1,-1,-1,1,227,3101,0.073,1.39,False,Solitudine / Nessun Contatto,,,Nessuna,1,0,1,0.0,1,1,1,1,0,0,0,0,0,0,0,0,8500.0,2,1.0,1.0,0.0,False,0,0,0,0,0.02,monte_carlo_run_185_seed_227.log
186,4,1,1,-1,-1,1,228,3101,0.132,3.18,False,Solitudine / Nessun Contatto,,,Nessuna,8,0,8,2.51,2,2,2,2,0,0,0,0,0,0,0,0,8500.0,6,1.008,1.008,0.0,False,4,0,0,1,370.14,monte_carlo_run_186_seed_228.log
187,4,1,1,-1,-1,1,229,3101,0.113,1.53,False,Solitudine / Nessun Contatto,,,Nessuna,1,0,1,0.0,1,1,1,1,0,0,0,0,0,0,0,0,8500.0,2,1.0,1.0,0.0,False,0,0,0,0,0.02,monte_carlo_run_187_seed_229.log
188,4,1,1,-1,-1,1,230,3101,0.099,1.59,False,Solitudine / Nessun Contatto,,,Nessuna,1,0,1,0.0,1,1,1,1,0,0,0,0,0,0,0,0,8500.0,2,1.0,1.0,0.0,False,0,0,0,0,0.02,monte_carlo_run_188_seed_230.log
189,4,1,1,-1,-1,1,231,3101,0.124,1.68,False,Solitudine / Nessun Contatto,,,Nessuna,3,0,3,0.0,3,3,3,3,0,0,0,0,0,0,0,0,8500.0,10,1.001,1.001,0.0,False,0,0,2,3,0.06,monte_carlo_run_189_seed_231.log
190,4,1,1,-1,-1,1,232,3101,0.075,1.12,False,Solitudine / Nessun Contatto,,,Nessuna,2,0,2,0.0,2,2,2,2,0,0,0,0,0,0,0,0,8500.0,5,1.0,1.0,0.0,False,0,0,1,1,0.04,monte_carlo_run_190_seed_232.log
191,4,1,1,-1,-1,1,233,3101,0.128,2.05,False,Solitudine / Nessun Contatto,,,Nessuna,1,0,1,0.0,1,1,1,1,0,0,0,0,0,0,0,0,8500.0,2,1.0,1.0,0.0,False,0,0,0,0,0.02,monte_carlo_run_191_seed_233.log
192,4,1,1,-1,-1,1,234,3101,0.102,1.55,False,Solitudine / Nessun Contatto,,,Nessuna,1,0,1,0.0,1,1,1,1,0,0,0,0,0,0,0,0,8500.0,2,1.0,1.0,0.0,False,0,0,0,0,0.02,monte_carlo_run_192_seed_234.log
193,4,1,1,-1,-1,1,235,3101,0.066,0.98,False,Solitudine / Nessun Contatto,,,Nessuna,2,0,2,0.0,2,2,2,2,0,0,0,0,0,0,0,0,8500.0,5,1.0,1.0,0.0,False,0,0,0,1,0.04,monte_carlo_run_193_seed_235.log
194,4,1,1,-1,-1,1,236,3101,0.106,1.39,False,Solitudine / Nessun Contatto,,,Nessuna,1,0,1,0.0,1,1,1,1,0,0,0,0,0,0,0,0,8500.0,2,1.0,1.0,0.0,False,0,0,0,0,0.02,monte_carlo_run_194_seed_236.log
195,4,1,1,-1,-1,1,237,3101,0.106,2.45,False,Solitudine / Nessun Contatto,,,Nessuna,1,0,1,0.0,1,1,1,1,0,0,0,0,0,0,0,0,8500.0,2,1.0,1.0,0.0,False,0,0,0,0,0.02,monte_carlo_run_195_seed_237.log
196,4,1,1,-1,-1,1,238,3101,0.106,2.37,False,Solitudine / Nessun Contatto,,,Nessuna,6,0,6,0.0,2,2,2,2,0,0,0,0,0,0,0,0,8500.0,5,1.07,1.07,0.0,False,3,0,1,1,238.7,monte_carlo_run_196_seed_238.log
197,4,1,1,-1,-1,1,239,3101,0.072,1.25,False,Solitudine / Nessun Contatto,,,Nessuna,1,0,1,0.0,1,1,1,1,0,0,0,0,0,0,0,0,8500.0,2,1.0,1.0,0.0,False,0,0,0,0,0.02,monte_carlo_run_197_seed_239.log
198,4,1,1,-1,-1,1,240,3101,0.065,1.14,False,Solitudine / Nessun Contatto,,,Nessuna,2,0,2,0.0,2,2,2,2,0,0,0,0,0,0,0,0,8500.0,6,1.0,1.0,0.0,False,0,0,1,1,0.04,monte_carlo_run_198_seed_240.log
199,4,1,1,-1,-1,1,241,3101,0.059,0.76,False,Solitudine / Nessun Contatto,,,Nessuna,1,0,1,0.0,1,1,1,1,0,0,0,0,0,0,0,0,8500.0,2,1.0,1.0,0.0,False,0,0,0,0,0.02,monte_carlo_run_199_seed_241.log
200,4,1,1,-1,-1,1,242,3101,0.079,1.2,False,Solitudine / Nessun Contatto,,,Nessuna,1,0,1,0.0,1,1,1,1,0,0,0,0,0,0,0,0,8500.0,2,1.0,1.0,0.0,False,0,0,0,0,0.02,monte_carlo_run_200_seed_242.log
201,5,-1,-1,1,-1,-1,243,3101,0.28,4.29,False,Solitudine / Nessun Contatto,,,Nessuna,31,0,31,8.23,4,3,3,2,1,1,0,0,0,0,0,0,8500.0,7,1.583,1.583,0.0,False,24,0,3,4,1004.59,monte_carlo_run_201_seed_243.log
202,5,-1,-1,1,-1,-1,244,3101,0.481,7.92,True,Incontro Flotta Deep-Space,115.9,6.39,Neutrale,12,0,160,13.86,34,25,3,3,0,30,8,8,0,4,0,4,8525.84,56,1.6,1.6,0.0,False,123,0,89,115,1000.03,monte_carlo_run_202_seed_244.log
203,5,-1,-1,1,-1,-1,245,3101,0.371,5.11,True,Incontro Flotta Deep-Space,262.88,6.09,Diffidente,16,0,31,16.86,5,4,1,1,0,4,4,4,0,2,1,1,8512.62,8,1.6,1.376,-0.2244,False,24,0,3,3,1003.44,monte_carlo_run_203_seed_245.log
204,5,-1,-1,1,-1,-1,246,3101,0.561,12.1,True,Contatto Planetario / Biofirme,238.02,12.39,Diffidente,23,0,297,33.6,65,53,4,2,2,60,24,24,0,14,8,6,8588.5,129,1.19,1.6,0.4103,True,227,0,189,272,1000.21,monte_carlo_run_204_seed_246.log
205,5,-1,-1,1,-1,-1,247,3101,0.475,11.21,True,Incontro Flotta Deep-Space,114.94,9.68,Diffidente,9,1,228,31.91,47,35,9,3,5,36,18,18,0,14,8,4,8588.66,76,1.262,1.6,0.338,True,177,0,91,135,1000.32,monte_carlo_run_205_seed_247.log
206,5,-1,-1,1,-1,-1,248,3101,0.512,11.16,True,Incontro Flotta Deep-Space,198.4,15.11,Neutrale,13,1,237,25.85,54,38,3,2,1,48,26,26,0,14,7,5,8606.98,70,1.6,1.6,0.0,False,175,0,74,103,1000.6,monte_carlo_run_206_seed_248.log
207,5,-1,-1,1,-1,-1,249,3101,0.36,5.18,True,Incontro Flotta Deep-Space,190.39,6.33,Ostile,14,1,63,13.56,17,12,1,1,0,13,4,4,0,3,1,2,8522.21,37,1.595,1.6,0.0052,True,45,0,37,55,1000.03,monte_carlo_run_207_seed_249.log
208,5,-1,-1,1,-1,-1,250,3101,0.419,5.04,True,Incontro Flotta Deep-Space,108.72,0.0,Neutrale,8,0,80,17.13,15,12,6,1,4,9,5,5,0,5,5,0,8534.96,19,1.496,1.248,-0.248,False,64,0,19,28,1001.44,monte_carlo_run_208_seed_250.log
209,5,-1,-1,1,-1,-1,251,3101,0.513,12.29,True,Incontro Flotta Deep-Space,117.14,0.0,Collaborativa,6,1,250,24.68,58,38,5,2,3,51,17,17,0,13,3,10,8583.02,97,1.483,1.6,0.1174,True,185,0,114,163,1000.05,monte_carlo_run_209_seed_251.log
210,5,-1,-1,1,-1,-1,252,3101,0.47,7.28,True,Contatto Planetario / Biofirme,156.17,9.06,Cauta,10,0,85,19.32,16,14,5,2,3,11,4,4,0,3,3,0,8513.77,14,1.147,1.475,0.3282,True,68,0,6,13,1000.69,monte_carlo_run_210_seed_252.log
211,5,-1,-1,1,-1,-1,253,3101,0.252,3.72,False,Solitudine / Nessun Contatto,,,Nessuna,1,0,1,0.0,1,1,1,1,0,0,0,0,0,0,0,0,8500.0,2,1.0,1.0,0.0,False,0,0,0,0,0.02,monte_carlo_run_211_seed_253.log
212,5,-1,-1,1,-1,-1,254,3101,0.246,6.06,True,Contatto Planetario / Biofirme,17.68,4.35,Collaborativa,2,0,130,12.32,34,21,5,4,1,25,8,8,0,4,0,4,8530.88,61,1.355,1.6,0.2449,True,94,0,86,112,1000.12,monte_carlo_run_212_seed_254.log
213,5,-1,-1,1,-1,-1,255,3101,0.417,10.4,True,Incontro Flotta Deep-Space,95.36,0.0,Diffidente,7,0,260,24.64,53,40,3,2,1,47,27,27,0,19,9,8,8642.0,88,1.052,1.6,0.5478,True,202,0,145,184,1000.18,monte_carlo_run_213_seed_255.log
214,5,-1,-1,1,-1,-1,256,3101,0.384,6.47,True,Incontro Flotta Deep-Space,327.66,10.53,Neutrale,43,1,228,20.91,49,35,4,1,3,44,16,16,0,9,6,3,8566.69,86,1.594,1.6,0.0056,True,174,0,109,157,1000.06,monte_carlo_run_214_seed_256.log
215,5,-1,-1,1,-1,-1,257,3101,0.309,4.24,True,Incontro Flotta Deep-Space,191.19,5.05,Collaborativa,11,0,58,16.17,8,8,4,2,2,4,2,2,0,2,0,2,8513.64,17,1.6,1.482,-0.1178,False,42,0,7,9,1000.03,monte_carlo_run_215_seed_257.log
216,5,-1,-1,1,-1,-1,258,3101,0.293,5.13,True,Contatto Planetario / Biofirme,119.29,9.61,Ostile,6,0,39,17.33,6,5,2,1,1,4,4,4,0,1,0,1,8507.89,6,1.6,1.272,-0.328,False,33,0,1,1,1001.86,monte_carlo_run_216_seed_258.log
217,5,-1,-1,1,-1,-1,259,3101,0.493,6.1,True,Incontro Flotta Deep-Space,90.38,5.39,Collaborativa,6,0,94,19.92,25,16,3,1,1,20,8,8,0,5,4,0,8535.55,24,1.122,1.443,0.3211,True,68,0,27,39,1000.38,monte_carlo_run_217_seed_259.log
218,5,-1,-1,1,-1,-1,260,3101,0.424,9.79,True,Contatto Planetario / Biofirme,78.44,7.04,Ostile,4,1,142,26.73,34,24,3,0,1,29,15,15,0,8,8,0,8558.45,40,0.953,1.341,0.3883,True,106,0,55,100,1001.92,monte_carlo_run_218_seed_260.log
219,5,-1,-1,1,-1,-1,261,3101,0.251,3.07,False,Solitudine / Nessun Contatto,,,Nessuna,1,0,1,0.0,1,1,1,1,0,0,0,0,0,0,0,0,8500.0,2,1.0,1.0,0.0,False,0,0,0,0,0.02,monte_carlo_run_219_seed_261.log
220,5,-1,-1,1,-1,-1,262,3101,0.38,4.81,True,Incontro Flotta Deep-Space,159.79,14.57,Neutrale,10,0,51,18.26,10,9,3,2,1,7,3,3,0,2,2,0,8510.93,18,1.34,1.42,0.0799,True,39,0,8,18,1003.62,monte_carlo_run_220_seed_262.log
221,5,-1,-1,1,-1,-1,263,3101,0.279,4.52,True,Incontro Flotta Deep-Space,94.23,0.0,Diffidente,6,0,41,12.46,6,6,2,2,0,4,1,1,0,1,1,0,8505.15,16,1.6,1.6,0.0,False,34,0,11,12,1001.64,monte_carlo_run_221_seed_263.log
222,5,-1,-1,1,-1,-1,264,3101,0.509,7.18,True,Contatto Planetario / Biofirme,133.48,15.5,Collaborativa,11,1,77,26.1,14,9,3,2,0,10,4,4,0,3,1,1,8519.14,26,1.247,1.557,0.3099,True,60,0,18,32,1001.49,monte_carlo_run_222_seed_264.log
223,5,-1,-1,1,-1,-1,265,3101,0.394,7.84,True,Incontro Flotta Deep-Space,195.34,7.66,Diffidente,16,0,161,14.02,33,26,4,2,1,29,8,8,0,6,6,0,8543.97,60,1.441,1.6,0.1591,True,124,0,58,110,1000.44,monte_carlo_run_223_seed_265.log
224,5,-1,-1,1,-1,-1,266,3101,0.421,5.67,True,Contatto Planetario / Biofirme,252.63,14.51,Cauta,13,1,89,22.18,15,13,3,1,2,11,7,7,0,4,1,2,8539.86,17,0.949,1.423,0.4748,True,71,0,10,15,1000.14,monte_carlo_run_224_seed_266.log
225,5,-1,-1,1,-1,-1,267,3101,0.426,5.96,True,Contatto Planetario / Biofirme,178.45,9.56,Diffidente,11,1,136,19.7,23,16,4,1,2,17,4,4,0,3,2,0,8513.46,49,1.6,1.6,0.0,False,111,0,43,56,1000.03,monte_carlo_run_225_seed_267.log
226,5,-1,-1,1,-1,-1,268,3101,0.358,5.38,True,Incontro Flotta Deep-Space,148.49,8.14,Neutrale,7,0,36,17.85,8,7,3,1,2,5,5,5,0,3,1,1,8526.74,12,1.6,1.45,-0.1501,False,27,0,6,6,1003.1,monte_carlo_run_226_seed_268.log
227,5,-1,-1,1,-1,-1,269,3101,0.405,9.39,True,Incontro Flotta Deep-Space,143.29,4.34,Collaborativa,11,0,38,14.66,11,9,1,1,0,10,5,5,0,2,1,1,8519.15,16,1.6,1.6,0.0,False,27,0,8,10,1005.52,monte_carlo_run_227_seed_269.log
228,5,-1,-1,1,-1,-1,270,3101,0.349,6.87,True,Contatto Planetario / Biofirme,13.13,4.58,Ostile,2,0,113,17.11,29,24,5,3,2,24,7,7,0,3,1,1,8520.64,42,1.6,1.6,0.0,False,80,0,44,54,1000.18,monte_carlo_run_228_seed_270.log
229,5,-1,-1,1,-1,-1,271,3101,0.548,11.78,True,Incontro Flotta Deep-Space,118.2,3.13,Neutrale,6,1,115,26.62,23,14,2,0,1,20,11,11,0,9,7,2,8568.52,34,0.53,1.6,1.0704,True,91,0,33,54,1000.35,monte_carlo_run_229_seed_271.log
230,5,-1,-1,1,-1,-1,272,3101,0.316,6.47,True,Contatto Planetario / Biofirme,165.81,10.36,Diffidente,7,0,74,17.07,18,15,3,3,0,13,2,2,0,2,2,0,8508.7,32,1.226,1.251,0.0255,True,56,0,42,54,1000.53,monte_carlo_run_230_seed_272.log
231,5,-1,-1,1,-1,-1,273,3101,0.505,11.99,True,Incontro Flotta Deep-Space,184.47,12.14,Ostile,15,0,108,17.81,31,20,4,2,2,26,10,10,0,4,4,0,8522.93,41,0.938,1.6,0.6619,True,73,0,25,48,1000.06,monte_carlo_run_231_seed_273.log
232,5,-1,-1,1,-1,-1,274,3101,0.369,6.92,True,Incontro Flotta Deep-Space,162.62,8.0,Neutrale,11,0,44,22.06,9,5,1,1,0,7,6,6,0,3,1,1,8520.55,12,1.6,1.594,-0.0063,False,35,0,6,6,1003.98,monte_carlo_run_232_seed_274.log
233,5,-1,-1,1,-1,-1,275,3101,0.253,3.55,True,Contatto Planetario / Biofirme,10.12,2.56,Cauta,2,0,18,8.14,6,4,2,1,0,3,2,2,0,1,0,0,8505.72,10,1.502,1.482,-0.02,False,12,0,3,3,1000.64,monte_carlo_run_233_seed_275.log
234,5,-1,-1,1,-1,-1,276,3101,0.553,8.34,True,Incontro Flotta Deep-Space,136.28,0.0,Biosfera Primitiva,14,0,294,17.43,56,47,5,2,1,50,10,10,0,7,6,1,8552.96,111,1.426,1.6,0.1737,True,230,0,119,203,1000.35,monte_carlo_run_234_seed_276.log
235,5,-1,-1,1,-1,-1,277,3101,0.473,7.99,True,Incontro Flotta Deep-Space,363.0,16.15,Ostile,25,0,71,20.56,16,13,3,2,1,13,7,7,0,5,4,1,8536.08,23,0.701,1.6,0.899,True,52,0,14,28,1001.43,monte_carlo_run_235_seed_277.log
236,5,-1,-1,1,-1,-1,278,3101,0.333,5.41,True,Contatto Planetario / Biofirme,107.98,5.38,Collaborativa,5,0,142,13.9,32,23,4,2,2,28,5,5,0,5,5,0,8531.4,58,1.506,1.6,0.0937,True,109,0,74,101,1000.18,monte_carlo_run_236_seed_278.log
237,5,-1,-1,1,-1,-1,279,3101,0.455,8.81,True,Incontro Flotta Deep-Space,188.81,8.1,Neutrale,11,0,90,21.35,20,15,4,1,2,16,12,12,0,6,5,0,8542.09,18,1.064,1.465,0.4006,True,71,0,14,27,1004.24,monte_carlo_run_237_seed_279.log
238,5,-1,-1,1,-1,-1,280,3101,0.599,14.27,True,Incontro Flotta Deep-Space,205.21,12.91,Collaborativa,21,0,202,24.79,36,27,4,1,3,31,16,16,0,10,10,0,8570.8,59,1.516,1.6,0.0836,True,165,0,66,104,1000.49,monte_carlo_run_238_seed_280.log
239,5,-1,-1,1,-1,-1,281,3101,0.509,10.84,True,Contatto Planetario / Biofirme,165.13,14.27,Predatoria,12,2,85,20.83,21,16,7,1,6,12,5,5,0,3,3,0,8525.48,27,1.6,1.6,0.0,False,62,0,15,33,1000.77,monte_carlo_run_239_seed_281.log
240,5,-1,-1,1,-1,-1,282,3101,0.451,9.12,True,Contatto Planetario / Biofirme,6.66,3.0,Cauta,2,0,175,16.83,36,27,3,3,0,32,5,5,0,5,2,3,8539.0,78,1.6,1.6,0.0,False,137,0,102,129,1000.3,monte_carlo_run_240_seed_282.log
241,5,-1,-1,1,-1,-1,283,3101,0.522,7.03,True,Contatto Planetario / Biofirme,18.32,7.85,Diffidente,4,0,211,12.76,39,30,2,1,1,37,4,4,0,4,3,1,8522.78,72,1.6,1.6,0.0,False,168,0,51,116,1000.18,monte_carlo_run_241_seed_283.log
242,5,-1,-1,1,-1,-1,284,3101,0.563,13.59,True,Incontro Flotta Deep-Space,157.68,9.22,Ostile,15,0,371,28.4,87,63,7,2,4,77,16,16,0,13,5,8,8577.37,176,1.274,1.6,0.3256,True,277,0,289,420,1000.24,monte_carlo_run_242_seed_284.log
243,5,-1,-1,1,-1,-1,285,3101,0.563,7.79,True,Incontro Flotta Deep-Space,90.28,0.0,Biosfera Primitiva,8,0,119,16.81,19,14,2,2,0,15,6,6,0,3,1,2,8523.03,43,1.6,1.6,0.0,False,99,0,60,74,1001.16,monte_carlo_run_243_seed_285.log
244,5,-1,-1,1,-1,-1,286,3101,0.226,2.9,False,Solitudine / Nessun Contatto,,,Nessuna,1,0,1,0.0,2,2,2,1,1,0,0,0,0,0,0,0,8500.0,2,1.0,1.0,0.0,False,0,0,1,1,0.02,monte_carlo_run_244_seed_286.log
245,5,-1,-1,1,-1,-1,287,3101,0.599,10.14,True,Contatto Planetario / Biofirme,65.04,10.45,Diffidente,5,0,227,32.66,46,39,5,2,0,41,33,33,0,18,14,4,8633.86,54,1.374,1.6,0.2262,True,181,0,85,115,1000.08,monte_carlo_run_245_seed_287.log
246,5,-1,-1,1,-1,-1,288,3101,0.255,4.14,True,Incontro Flotta Deep-Space,257.12,7.44,Biosfera Primitiva,10,0,49,20.62,7,6,2,2,0,5,3,3,0,2,1,0,8518.91,15,1.6,1.532,-0.0676,False,35,0,7,8,1001.47,monte_carlo_run_246_seed_288.log
247,5,-1,-1,1,-1,-1,289,3101,0.257,3.65,False,Solitudine / Nessun Contatto,,,Nessuna,3,0,3,4.03,1,1,1,1,0,0,0,0,0,0,0,0,8500.0,2,1.006,1.006,0.0,False,1,0,0,0,74.71,monte_carlo_run_247_seed_289.log
248,5,-1,-1,1,-1,-1,290,3101,0.297,4.33,True,Contatto Planetario / Biofirme,11.72,3.48,Diffidente,2,0,29,15.93,5,5,3,1,1,2,2,2,0,1,1,0,8505.67,3,1.028,0.999,-0.0289,False,24,0,1,3,1005.91,monte_carlo_run_248_seed_290.log
249,5,-1,-1,1,-1,-1,291,3101,0.33,4.39,True,Incontro Flotta Deep-Space,228.49,7.03,Neutrale,12,0,23,14.87,3,1,1,1,0,2,2,2,0,1,0,0,8505.4,6,1.55,1.3,-0.2497,False,20,0,1,1,1000.22,monte_carlo_run_249_seed_291.log
250,5,-1,-1,1,-1,-1,292,3101,0.484,8.12,True,Contatto Planetario / Biofirme,63.19,8.22,Diffidente,6,1,112,22.03,29,23,5,2,2,23,15,15,0,9,4,3,8575.77,40,1.268,1.6,0.3324,True,82,0,42,51,1000.44,monte_carlo_run_250_seed_292.log
251,6,1,-1,1,-1,1,293,3101,0.445,6.66,True,Incontro Flotta Deep-Space,10.88,0.0,Cauta,4,0,108,22.13,25,12,3,2,0,19,6,6,0,4,4,0,8524.72,42,1.104,1.517,0.4131,True,82,0,38,60,1000.28,monte_carlo_run_251_seed_293.log
252,6,1,-1,1,-1,1,294,3101,0.597,10.11,True,Contatto Planetario / Biofirme,9.75,4.24,Collaborativa,7,0,573,24.94,116,86,14,5,8,101,14,14,0,11,9,2,8571.87,249,1.363,1.6,0.2368,True,444,0,407,578,1000.18,monte_carlo_run_252_seed_294.log
253,6,1,-1,1,-1,1,295,3101,0.362,7.93,True,Incontro Flotta Deep-Space,127.19,6.44,Biosfera Primitiva,8,0,259,19.17,62,44,2,2,0,57,15,15,0,10,8,2,8569.79,135,1.229,1.6,0.3709,True,194,0,223,365,1000.1,monte_carlo_run_253_seed_295.log
254,6,1,-1,1,-1,1,296,3101,0.525,9.18,True,Incontro Flotta Deep-Space,89.91,4.79,Diffidente,17,0,206,18.99,43,34,3,1,1,40,8,8,0,6,5,1,8540.0,98,1.363,1.6,0.2367,True,161,0,186,268,1000.26,monte_carlo_run_254_seed_296.log
255,6,1,-1,1,-1,1,297,3101,0.211,3.33,True,Incontro Flotta Deep-Space,271.58,5.45,Neutrale,11,0,15,9.6,2,2,1,1,0,1,1,1,0,1,0,0,8504.74,7,1.472,1.41,-0.0623,False,9,0,1,1,1001.23,monte_carlo_run_255_seed_297.log
256,6,1,-1,1,-1,1,298,3101,0.548,8.69,True,Incontro Flotta Deep-Space,23.44,8.11,Cauta,7,0,356,25.37,74,55,4,2,0,69,6,6,0,4,3,1,8522.06,151,1.6,1.6,0.0,False,276,0,211,329,1000.15,monte_carlo_run_256_seed_298.log
257,6,1,-1,1,-1,1,299,3101,0.476,7.66,True,Incontro Flotta Deep-Space,0.02,5.27,Ostile,2,0,129,16.62,26,21,5,1,3,21,8,8,0,6,6,0,8541.96,43,1.6,1.169,-0.4312,False,100,0,45,75,1000.1,monte_carlo_run_257_seed_299.log
258,6,1,-1,1,-1,1,300,3101,0.268,5.18,True,Incontro Flotta Deep-Space,487.66,9.82,Diffidente,50,0,143,15.18,23,16,3,1,1,19,6,6,0,6,4,2,8544.05,47,1.57,1.6,0.0298,True,115,0,49,80,1001.24,monte_carlo_run_258_seed_300.log
259,6,1,-1,1,-1,1,301,3101,0.498,12.4,True,Incontro Flotta Deep-Space,20.63,6.06,Predatoria,5,0,144,16.05,31,26,2,1,0,28,3,3,0,2,2,0,8512.68,72,1.305,0.949,-0.3556,False,110,0,113,188,1000.17,monte_carlo_run_259_seed_301.log
260,6,1,-1,1,-1,1,302,3101,0.541,12.78,True,Incontro Flotta Deep-Space,143.66,10.81,Collaborativa,12,1,236,30.26,65,56,7,2,5,57,20,20,0,10,9,1,8580.8,104,1.403,1.6,0.1966,True,166,0,111,206,1000.0,monte_carlo_run_260_seed_302.log
261,6,1,-1,1,-1,1,303,3101,0.39,8.42,True,Contatto Planetario / Biofirme,30.72,11.13,Diffidente,4,0,247,19.66,62,49,6,2,3,54,11,11,0,10,8,1,8573.94,124,1.26,1.6,0.3396,True,179,0,141,226,1000.06,monte_carlo_run_261_seed_303.log
262,6,1,-1,1,-1,1,304,3101,0.219,3.57,False,Solitudine / Nessun Contatto,,,Nessuna,13,0,13,8.2,2,2,2,2,0,0,0,0,0,0,0,0,8500.0,8,1.532,1.532,0.0,False,10,0,1,1,1006.58,monte_carlo_run_262_seed_304.log
263,6,1,-1,1,-1,1,305,3101,0.241,5.68,True,Incontro Flotta Deep-Space,100.82,0.0,Ostile,5,0,175,10.91,42,30,5,2,2,37,8,8,0,6,4,1,8542.02,93,1.51,1.539,0.0294,True,127,0,143,194,1000.02,monte_carlo_run_263_seed_305.log
264,6,1,-1,1,-1,1,306,3101,0.24,4.77,True,Incontro Flotta Deep-Space,123.63,4.2,Diffidente,12,0,81,14.05,12,11,3,3,0,9,3,3,0,2,1,0,8507.8,29,1.6,1.594,-0.006,False,67,0,16,26,1000.18,monte_carlo_run_264_seed_306.log
265,6,1,-1,1,-1,1,307,3101,0.41,7.87,True,Incontro Flotta Deep-Space,97.83,7.45,Ostile,8,0,146,14.59,37,27,2,1,1,33,6,6,0,4,3,1,8522.18,77,1.343,1.6,0.2575,True,106,0,93,156,1000.62,monte_carlo_run_265_seed_307.log
266,6,1,-1,1,-1,1,308,3101,0.289,4.72,True,Incontro Flotta Deep-Space,138.34,3.95,Biosfera Primitiva,7,0,32,16.97,6,5,2,1,1,4,4,4,0,3,2,0,8525.3,10,1.032,1.512,0.4798,True,25,0,5,6,1004.16,monte_carlo_run_266_seed_308.log
267,6,1,-1,1,-1,1,309,3101,0.581,11.1,True,Incontro Flotta Deep-Space,143.69,9.35,Neutrale,14,0,205,26.58,33,25,3,1,2,29,18,18,0,12,5,7,8576.68,65,1.6,1.6,0.0,False,169,0,65,98,1000.3,monte_carlo_run_267_seed_309.log
268,6,1,-1,1,-1,1,310,3101,0.349,7.01,True,Incontro Flotta Deep-Space,303.01,8.78,Collaborativa,13,1,67,18.39,12,6,1,1,0,10,7,7,0,5,4,1,8525.85,20,1.43,1.202,-0.2281,False,54,0,10,21,1001.05,monte_carlo_run_268_seed_310.log
269,6,1,-1,1,-1,1,311,3101,0.519,12.61,True,Contatto Planetario / Biofirme,16.96,8.8,Diffidente,2,1,225,39.16,46,34,4,1,3,39,12,12,0,7,3,4,8545.06,83,1.6,1.6,0.0,False,173,0,107,150,1000.08,monte_carlo_run_269_seed_311.log
270,6,1,-1,1,-1,1,312,3101,0.472,7.07,True,Contatto Planetario / Biofirme,65.93,6.5,Diffidente,6,0,168,18.86,38,24,2,2,0,36,8,8,0,5,5,0,8526.22,84,1.325,1.6,0.2747,True,128,0,79,135,1000.04,monte_carlo_run_270_seed_312.log
271,6,1,-1,1,-1,1,313,3101,0.401,7.15,True,Incontro Flotta Deep-Space,186.59,4.83,Neutrale,19,1,125,11.01,22,18,3,1,2,18,5,5,0,4,4,0,8528.62,44,1.202,1.409,0.208,True,101,0,27,57,1000.25,monte_carlo_run_271_seed_313.log
272,6,1,-1,1,-1,1,314,3101,0.592,8.85,True,Incontro Flotta Deep-Space,79.53,7.81,Ostile,14,0,244,29.24,40,30,10,3,3,28,4,4,0,3,2,1,8514.32,82,1.345,1.6,0.2547,True,202,0,99,141,1000.1,monte_carlo_run_272_seed_314.log
273,6,1,-1,1,-1,1,315,3101,0.544,13.26,True,Incontro Flotta Deep-Space,141.96,7.19,Ostile,19,1,164,19.96,37,23,4,2,0,30,9,9,0,3,3,0,8523.46,51,1.083,1.6,0.5175,True,123,0,31,55,1000.61,monte_carlo_run_273_seed_315.log
274,6,1,-1,1,-1,1,316,3101,0.404,8.15,True,Incontro Flotta Deep-Space,104.64,0.0,Collaborativa,5,0,130,19.04,28,22,4,1,2,23,9,9,0,7,7,0,8548.69,49,1.054,1.561,0.5076,True,97,0,34,65,1000.24,monte_carlo_run_274_seed_316.log
275,6,1,-1,1,-1,1,317,3101,0.379,7.25,True,Incontro Flotta Deep-Space,119.17,0.9,Diffidente,6,0,32,16.71,8,7,2,1,0,6,6,6,0,2,1,1,8521.09,10,1.52,1.57,0.0493,True,24,0,3,3,1000.51,monte_carlo_run_275_seed_317.log
276,6,1,-1,1,-1,1,318,3101,0.441,9.58,True,Incontro Flotta Deep-Space,134.4,17.08,Collaborativa,26,0,323,22.05,65,45,5,2,3,57,7,7,0,6,3,3,8556.8,128,1.195,1.6,0.4054,True,248,0,198,274,1000.33,monte_carlo_run_276_seed_318.log
277,6,1,-1,1,-1,1,319,3101,0.333,4.87,True,Incontro Flotta Deep-Space,91.77,0.0,Diffidente,5,0,77,14.87,13,13,2,1,1,11,5,5,0,4,2,2,8532.98,25,1.6,1.6,0.0,False,61,0,25,25,1001.93,monte_carlo_run_277_seed_319.log
278,6,1,-1,1,-1,1,320,3101,0.325,5.55,True,Incontro Flotta Deep-Space,152.07,0.0,Diffidente,7,0,41,13.29,7,7,1,1,0,6,6,6,0,4,2,2,8529.78,14,1.6,1.519,-0.0806,False,35,0,6,8,1000.22,monte_carlo_run_278_seed_320.log
279,6,1,-1,1,-1,1,321,3101,0.599,7.7,True,Contatto Planetario / Biofirme,104.02,7.92,Collaborativa,18,0,361,16.69,66,41,12,2,10,49,7,7,0,6,3,3,8540.69,104,1.473,1.6,0.1272,True,289,0,94,165,1000.13,monte_carlo_run_279_seed_321.log
280,6,1,-1,1,-1,1,322,3101,0.426,5.27,True,Contatto Planetario / Biofirme,165.66,5.99,Ostile,11,0,49,14.39,7,6,3,1,2,4,4,4,0,4,2,0,8542.36,14,1.6,1.6,0.0,False,41,0,8,10,1003.07,monte_carlo_run_280_seed_322.log
281,6,1,-1,1,-1,1,323,3101,0.35,6.28,True,Contatto Planetario / Biofirme,35.29,5.82,Cauta,7,0,162,14.44,32,30,4,2,2,28,2,2,0,2,1,1,8508.69,80,1.368,1.6,0.2321,True,126,0,131,182,1000.58,monte_carlo_run_281_seed_323.log
282,6,1,-1,1,-1,1,324,3101,0.419,7.99,True,Incontro Flotta Deep-Space,88.29,7.04,Ostile,11,0,279,11.84,48,37,3,3,0,44,6,6,0,5,3,2,8536.48,105,1.029,1.6,0.5712,True,226,0,80,171,1000.21,monte_carlo_run_282_seed_324.log
283,6,1,-1,1,-1,1,325,3101,0.211,2.68,False,Solitudine / Nessun Contatto,,,Nessuna,3,0,3,0.0,2,2,2,2,0,0,0,0,0,0,0,0,8500.0,6,1.012,1.012,0.0,False,0,0,1,1,39.62,monte_carlo_run_283_seed_325.log
284,6,1,-1,1,-1,1,326,3101,0.527,10.26,True,Incontro Flotta Deep-Space,176.28,9.89,Biosfera Primitiva,15,0,200,33.58,48,37,3,2,0,44,23,23,0,15,12,3,8599.61,91,1.045,1.6,0.5546,True,149,0,91,162,1000.25,monte_carlo_run_284_seed_326.log
285,6,1,-1,1,-1,1,327,3101,0.433,9.46,True,Contatto Planetario / Biofirme,27.01,5.64,Cauta,6,0,204,15.57,50,41,7,3,3,43,7,7,0,4,2,1,8530.27,102,1.415,1.6,0.1845,True,145,0,113,177,1000.42,monte_carlo_run_285_seed_327.log
286,6,1,-1,1,-1,1,328,3101,0.455,9.52,True,Incontro Flotta Deep-Space,162.82,8.64,Diffidente,17,0,91,18.08,18,15,3,1,0,15,10,10,0,5,4,1,8536.4,28,1.036,1.6,0.5642,True,71,0,22,27,1000.04,monte_carlo_run_286_seed_328.log
287,6,1,-1,1,-1,1,329,3101,0.498,7.93,True,Incontro Flotta Deep-Space,170.73,17.9,Collaborativa,37,0,231,23.35,50,37,7,2,3,42,11,11,0,8,5,3,8550.5,100,1.6,1.6,0.0,False,179,0,124,208,1000.43,monte_carlo_run_287_seed_329.log
288,6,1,-1,1,-1,1,330,3101,0.374,8.23,True,Contatto Planetario / Biofirme,242.99,11.53,Collaborativa,19,0,225,25.49,54,34,10,1,7,40,16,16,0,9,6,3,8571.6,80,1.153,1.524,0.3716,True,168,0,111,155,1000.37,monte_carlo_run_288_seed_330.log
289,6,1,-1,1,-1,1,331,3101,0.481,9.71,True,Contatto Planetario / Biofirme,45.12,8.5,Collaborativa,4,0,244,29.37,61,50,6,1,5,55,20,20,0,16,14,1,8622.4,114,1.147,1.6,0.4532,True,178,0,162,232,1000.04,monte_carlo_run_289_seed_331.log
290,6,1,-1,1,-1,1,332,3101,0.517,6.28,True,Incontro Flotta Deep-Space,464.23,0.0,Biosfera Primitiva,10,0,31,5.41,7,4,1,1,0,6,3,3,0,2,1,1,8512.84,19,1.419,1.6,0.1808,True,23,0,13,15,1000.59,monte_carlo_run_290_seed_332.log
291,6,1,-1,1,-1,1,333,3101,0.43,8.34,True,Incontro Flotta Deep-Space,156.41,7.65,Neutrale,28,1,296,18.6,71,57,9,4,4,59,9,9,0,5,4,0,8531.69,119,1.352,1.6,0.2484,True,213,0,139,238,1000.06,monte_carlo_run_291_seed_333.log
292,6,1,-1,1,-1,1,334,3101,0.414,8.54,True,Incontro Flotta Deep-Space,209.51,14.47,Neutrale,14,3,271,20.44,55,35,2,1,1,49,18,18,0,14,9,5,8590.27,111,1.097,1.6,0.5025,True,209,0,169,251,1000.0,monte_carlo_run_292_seed_334.log
293,6,1,-1,1,-1,1,335,3101,0.484,8.18,True,Incontro Flotta Deep-Space,41.61,0.0,Diffidente,9,0,167,29.94,33,25,5,1,3,28,14,14,0,4,3,1,8529.7,54,1.448,1.6,0.1522,True,129,0,42,81,1000.05,monte_carlo_run_293_seed_335.log
294,6,1,-1,1,-1,1,336,3101,0.329,4.63,True,Incontro Flotta Deep-Space,540.8,5.83,Biosfera Primitiva,47,0,102,25.42,19,14,3,2,1,14,5,5,0,4,3,1,8525.15,34,1.6,1.593,-0.0069,False,82,0,27,40,1000.7,monte_carlo_run_294_seed_336.log
295,6,1,-1,1,-1,1,337,3101,0.305,3.87,True,Incontro Flotta Deep-Space,200.93,0.0,Diffidente,28,0,46,9.63,8,6,2,2,0,6,2,2,0,2,2,0,8516.37,26,1.6,1.6,0.0,False,29,0,24,25,1000.49,monte_carlo_run_295_seed_337.log
296,6,1,-1,1,-1,1,338,3101,0.235,4.99,True,Incontro Flotta Deep-Space,136.81,9.79,Biosfera Primitiva,14,0,114,14.35,24,18,3,2,1,19,1,1,0,1,1,0,8505.46,57,1.449,0.1,-1.3493,False,89,0,69,94,1000.42,monte_carlo_run_296_seed_338.log
297,6,1,-1,1,-1,1,339,3101,0.428,7.98,True,Incontro Flotta Deep-Space,203.11,17.91,Diffidente,23,0,269,28.83,62,48,6,1,5,55,11,11,0,7,5,1,8551.96,134,1.403,1.6,0.197,True,200,0,178,322,1000.15,monte_carlo_run_297_seed_339.log
298,6,1,-1,1,-1,1,340,3101,0.366,7.34,True,Contatto Planetario / Biofirme,16.66,6.1,Ostile,7,2,327,17.46,81,63,8,3,4,70,11,11,0,7,4,2,8544.05,141,1.476,1.6,0.1243,True,241,0,250,325,1000.26,monte_carlo_run_298_seed_340.log
299,6,1,-1,1,-1,1,341,3101,0.508,9.95,True,Incontro Flotta Deep-Space,0.02,7.93,Cauta,2,0,296,34.35,58,41,7,2,4,50,8,8,0,5,4,0,8533.93,126,1.485,1.556,0.0708,True,233,0,211,279,1000.15,monte_carlo_run_299_seed_341.log
300,6,1,-1,1,-1,1,342,3101,0.278,3.88,False,Solitudine / Nessun Contatto,,,Nessuna,11,0,11,3.84,4,4,3,3,0,1,0,0,0,0,0,0,8500.0,9,1.158,1.158,0.0,False,3,0,3,3,338.93,monte_carlo_run_300_seed_342.log
301,7,-1,1,1,-1,1,343,3101,0.542,7.2,True,Incontro Flotta Deep-Space,79.27,0.0,Collaborativa,13,0,209,19.53,41,31,3,2,0,37,13,13,0,8,6,2,8559.68,77,1.398,1.6,0.2017,True,163,0,75,143,1000.3,monte_carlo_run_301_seed_343.log
302,7,-1,1,1,-1,1,344,3101,0.367,8.95,True,Incontro Flotta Deep-Space,156.74,8.09,Diffidente,13,0,63,18.01,9,6,2,2,0,7,6,6,0,3,2,1,8517.66,16,1.6,1.6,0.0,False,54,0,8,9,1003.12,monte_carlo_run_302_seed_344.log
303,7,-1,1,1,-1,1,345,3101,0.242,3.09,False,Solitudine / Nessun Contatto,,,Nessuna,4,0,4,0.0,2,2,2,2,0,0,0,0,0,0,0,0,8500.0,6,1.016,1.016,0.0,False,1,0,1,1,77.19,monte_carlo_run_303_seed_345.log
304,7,-1,1,1,-1,1,346,3101,0.479,8.92,True,Incontro Flotta Deep-Space,110.29,4.13,Ostile,14,2,185,26.4,41,30,4,1,2,33,7,7,0,4,4,0,8534.5,81,1.6,1.6,0.0,False,139,0,81,134,1000.0,monte_carlo_run_304_seed_346.log
305,7,-1,1,1,-1,1,347,3101,0.447,9.22,True,Incontro Flotta Deep-Space,110.44,14.05,Ostile,11,1,213,28.41,55,40,3,1,1,50,21,21,0,16,10,6,8602.68,112,1.287,1.6,0.3131,True,150,0,190,255,1000.13,monte_carlo_run_305_seed_347.log
306,7,-1,1,1,-1,1,348,3101,0.457,6.25,True,Contatto Planetario / Biofirme,31.03,11.75,Cauta,6,0,73,14.13,7,5,2,1,0,5,4,4,0,4,3,0,8520.86,18,1.518,1.572,0.054,True,66,0,10,14,1001.23,monte_carlo_run_306_seed_348.log
307,7,-1,1,1,-1,1,349,3101,0.36,5.66,True,Incontro Flotta Deep-Space,211.79,8.13,Diffidente,35,0,146,25.53,35,26,3,3,0,31,10,10,0,6,2,3,8532.42,65,1.6,1.6,0.0,False,110,0,45,87,1000.65,monte_carlo_run_307_seed_349.log
308,7,-1,1,1,-1,1,350,3101,0.281,5.14,True,Incontro Flotta Deep-Space,192.86,7.85,Diffidente,12,0,66,17.35,8,8,1,1,0,7,5,5,0,3,2,0,8519.92,14,1.416,1.388,-0.0281,False,58,0,4,7,1001.22,monte_carlo_run_308_seed_350.log
309,7,-1,1,1,-1,1,351,3101,0.544,11.11,True,Incontro Flotta Deep-Space,93.09,5.85,Ostile,5,0,156,25.0,27,22,2,0,1,24,15,15,0,10,6,2,8565.6,42,0.676,1.6,0.9237,True,125,0,46,57,1000.07,monte_carlo_run_309_seed_351.log
310,7,-1,1,1,-1,1,352,3101,0.406,9.11,True,Contatto Planetario / Biofirme,34.35,8.5,Collaborativa,4,0,43,16.49,7,5,3,1,1,4,2,2,0,1,1,0,8507.08,7,1.449,1.6,0.1511,True,34,0,1,1,1002.31,monte_carlo_run_310_seed_352.log
311,7,-1,1,1,-1,1,353,3101,0.527,9.53,True,Contatto Planetario / Biofirme,29.66,6.19,Cauta,3,0,132,26.46,27,22,4,1,2,23,16,16,0,13,5,7,8605.95,55,1.304,1.6,0.2963,True,102,0,94,109,1000.41,monte_carlo_run_311_seed_353.log
312,7,-1,1,1,-1,1,354,3101,0.283,3.47,True,Incontro Flotta Deep-Space,127.17,3.14,Neutrale,6,1,29,17.51,7,5,2,1,0,4,4,4,0,3,1,1,8521.41,13,1.56,1.505,-0.0552,False,18,0,4,6,1003.63,monte_carlo_run_312_seed_354.log
313,7,-1,1,1,-1,1,355,3101,0.389,6.68,True,Incontro Flotta Deep-Space,77.85,0.0,Diffidente,12,0,176,11.35,39,29,4,4,0,34,2,2,0,0,0,0,8501.85,92,1.574,0.967,-0.6067,False,130,0,108,154,1000.02,monte_carlo_run_313_seed_355.log
314,7,-1,1,1,-1,1,356,3101,0.462,11.28,True,Contatto Planetario / Biofirme,40.77,12.64,Cauta,6,2,165,30.22,36,27,6,2,1,28,19,19,0,12,8,4,8578.87,44,1.249,1.553,0.3041,True,125,0,41,61,1000.02,monte_carlo_run_314_seed_356.log
315,7,-1,1,1,-1,1,357,3101,0.316,5.5,True,Contatto Planetario / Biofirme,32.2,7.54,Cauta,7,0,171,13.21,36,28,5,2,3,30,7,7,0,5,2,3,8531.78,72,1.162,1.6,0.4378,True,131,0,66,96,1000.37,monte_carlo_run_315_seed_357.log
316,7,-1,1,1,-1,1,358,3101,0.559,12.17,True,Contatto Planetario / Biofirme,141.23,33.32,Ostile,15,0,179,33.32,42,33,4,2,1,36,11,11,0,7,5,2,8544.0,64,1.158,1.6,0.4424,True,131,0,47,98,1002.16,monte_carlo_run_316_seed_358.log
317,7,-1,1,1,-1,1,359,3101,0.451,5.87,True,Incontro Flotta Deep-Space,226.09,8.8,Neutrale,14,0,42,17.12,10,7,1,1,0,9,9,9,0,4,1,2,8537.6,16,1.6,1.565,-0.035,False,32,0,9,10,1003.27,monte_carlo_run_317_seed_359.log
318,7,-1,1,1,-1,1,360,3101,0.599,8.43,True,Incontro Flotta Deep-Space,253.66,11.22,Diffidente,31,0,262,18.36,61,45,4,1,3,55,12,12,0,9,7,1,8558.46,125,1.251,1.6,0.3487,True,192,0,160,276,1000.07,monte_carlo_run_318_seed_360.log
319,7,-1,1,1,-1,1,361,3101,0.418,8.57,True,Contatto Planetario / Biofirme,56.7,12.68,Diffidente,5,0,162,13.56,27,21,6,3,1,21,6,6,0,4,4,0,8523.18,43,1.293,1.6,0.3068,True,133,0,28,55,1000.47,monte_carlo_run_319_seed_361.log
320,7,-1,1,1,-1,1,362,3101,0.434,8.11,True,Incontro Flotta Deep-Space,386.64,19.83,Diffidente,18,0,54,23.26,8,4,1,1,0,7,7,7,0,2,2,0,8519.12,7,1.409,1.329,-0.0803,False,45,0,0,3,1002.27,monte_carlo_run_320_seed_362.log
321,7,-1,1,1,-1,1,363,3101,0.388,6.35,True,Incontro Flotta Deep-Space,81.03,5.88,Diffidente,7,0,39,10.92,12,9,1,1,0,11,4,4,0,2,1,0,8517.98,22,1.593,1.598,0.0049,True,27,0,9,19,1005.41,monte_carlo_run_321_seed_363.log
322,7,-1,1,1,-1,1,364,3101,0.409,5.79,True,Incontro Flotta Deep-Space,442.1,10.99,Collaborativa,60,1,161,21.76,30,26,3,2,1,26,7,7,0,6,4,1,8549.47,63,1.6,1.573,-0.0274,False,125,0,62,84,1000.21,monte_carlo_run_322_seed_364.log
323,7,-1,1,1,-1,1,365,3101,0.401,8.15,True,Incontro Flotta Deep-Space,277.48,8.23,Diffidente,23,0,201,22.35,48,40,3,1,1,45,10,10,0,9,6,3,8562.87,99,1.491,1.6,0.1089,True,149,0,132,200,1000.32,monte_carlo_run_323_seed_365.log
324,7,-1,1,1,-1,1,366,3101,0.454,7.34,True,Incontro Flotta Deep-Space,228.09,10.04,Collaborativa,13,0,144,19.45,31,23,2,1,1,29,13,13,0,8,5,2,8543.43,52,1.6,1.6,0.0,False,112,0,69,100,1000.51,monte_carlo_run_324_seed_366.log
325,7,-1,1,1,-1,1,367,3101,0.363,4.94,True,Incontro Flotta Deep-Space,198.72,9.33,Neutrale,20,0,77,12.01,15,12,2,1,1,12,7,7,0,6,5,1,8537.96,32,1.6,1.6,0.0,False,61,0,35,42,1000.85,monte_carlo_run_325_seed_367.log
326,7,-1,1,1,-1,1,368,3101,0.256,5.85,True,Incontro Flotta Deep-Space,303.28,0.0,Biosfera Primitiva,17,0,78,12.84,12,10,2,1,1,10,5,5,0,2,1,1,8510.15,21,1.6,1.549,-0.0511,False,64,0,20,21,1001.09,monte_carlo_run_326_seed_368.log
327,7,-1,1,1,-1,1,369,3101,0.237,4.48,True,Incontro Flotta Deep-Space,203.83,10.24,Diffidente,25,0,84,18.7,16,9,2,1,1,12,5,5,0,3,3,0,8518.04,37,1.6,1.556,-0.0435,False,64,0,19,26,1000.63,monte_carlo_run_327_seed_369.log
328,7,-1,1,1,-1,1,370,3101,0.269,6.24,True,Incontro Flotta Deep-Space,114.82,0.0,Diffidente,4,0,95,17.34,14,10,2,1,0,12,8,8,0,5,4,1,8533.86,22,1.139,1.6,0.4615,True,80,0,14,24,1002.03,monte_carlo_run_328_seed_370.log
329,7,-1,1,1,-1,1,371,3101,0.212,4.83,True,Incontro Flotta Deep-Space,150.67,7.35,Neutrale,7,0,44,19.75,8,6,1,1,0,7,7,7,0,6,1,3,8547.43,21,1.081,1.562,0.4819,True,36,0,17,19,1000.01,monte_carlo_run_329_seed_371.log
330,7,-1,1,1,-1,1,372,3101,0.283,5.7,True,Incontro Flotta Deep-Space,369.01,15.8,Neutrale,44,0,116,20.62,22,18,2,2,0,19,5,5,0,5,2,2,8533.19,46,1.108,1.585,0.4771,True,94,0,34,54,1000.22,monte_carlo_run_330_seed_372.log
331,7,-1,1,1,-1,1,373,3101,0.489,6.55,True,Contatto Planetario / Biofirme,7.84,3.84,Cauta,2,2,72,17.24,15,12,4,1,1,9,6,6,0,4,1,2,8532.8,17,1.6,1.6,0.0,False,56,0,9,11,1003.83,monte_carlo_run_331_seed_373.log
332,7,-1,1,1,-1,1,374,3101,0.517,7.11,True,Incontro Flotta Deep-Space,93.66,6.91,Neutrale,8,0,123,21.18,28,22,2,2,0,25,9,9,0,5,2,2,8533.84,49,1.421,1.6,0.1788,True,94,0,44,75,1000.08,monte_carlo_run_332_seed_374.log
333,7,-1,1,1,-1,1,375,3101,0.303,6.42,True,Incontro Flotta Deep-Space,140.0,12.06,Ostile,6,0,126,17.46,29,22,2,1,1,26,10,10,0,7,6,1,8551.18,60,1.6,1.6,0.0,False,94,0,60,115,1000.08,monte_carlo_run_333_seed_375.log
334,7,-1,1,1,-1,1,376,3101,0.522,11.38,True,Incontro Flotta Deep-Space,87.51,2.16,Neutrale,7,0,188,25.18,44,31,6,1,4,37,16,16,0,13,11,2,8599.98,78,1.169,1.6,0.4307,True,141,0,138,199,1000.16,monte_carlo_run_334_seed_376.log
335,7,-1,1,1,-1,1,377,3101,0.239,4.51,True,Contatto Planetario / Biofirme,72.63,6.03,Diffidente,5,0,75,17.95,13,11,3,1,2,9,6,6,0,2,1,1,8517.32,15,1.6,1.6,0.0,False,60,0,6,8,1000.83,monte_carlo_run_335_seed_377.log
336,7,-1,1,1,-1,1,378,3101,0.265,3.88,False,Solitudine / Nessun Contatto,,,Nessuna,12,0,12,8.51,3,2,2,2,0,1,0,0,0,0,0,0,8500.0,9,1.083,1.083,0.0,False,7,0,2,3,230.62,monte_carlo_run_336_seed_378.log
337,7,-1,1,1,-1,1,379,3101,0.407,7.11,True,Incontro Flotta Deep-Space,16.57,0.0,Collaborativa,6,0,149,8.79,24,17,3,3,0,19,1,1,0,1,1,0,8503.96,41,1.434,1.302,-0.1322,False,119,0,22,39,1000.45,monte_carlo_run_337_seed_379.log
338,7,-1,1,1,-1,1,380,3101,0.544,7.34,True,Contatto Planetario / Biofirme,156.67,13.36,Collaborativa,13,2,107,17.22,36,25,3,0,3,30,13,13,0,5,5,0,8544.81,40,0.917,1.341,0.4241,True,68,0,28,56,1000.89,monte_carlo_run_338_seed_380.log
339,7,-1,1,1,-1,1,381,3101,0.361,7.76,True,Incontro Flotta Deep-Space,90.65,0.0,Collaborativa,5,1,33,14.39,3,2,1,1,0,1,1,1,0,1,0,1,8503.66,7,1.562,1.572,0.0106,True,30,0,1,1,1002.2,monte_carlo_run_339_seed_381.log
340,7,-1,1,1,-1,1,382,3101,0.435,10.27,True,Incontro Flotta Deep-Space,178.5,17.77,Ostile,14,1,278,28.05,62,47,3,0,3,56,24,24,0,17,11,6,8620.27,123,0.786,1.6,0.814,True,209,0,213,308,1000.11,monte_carlo_run_340_seed_382.log
341,7,-1,1,1,-1,1,383,3101,0.406,7.74,True,Contatto Planetario / Biofirme,102.74,13.19,Cauta,19,0,193,17.28,36,29,8,1,5,27,6,6,0,5,2,3,8544.38,67,1.6,1.6,0.0,False,154,0,72,101,1000.03,monte_carlo_run_341_seed_383.log
342,7,-1,1,1,-1,1,384,3101,0.481,9.77,True,Contatto Planetario / Biofirme,58.44,8.79,Predatoria,5,1,346,29.39,71,53,4,2,2,64,17,17,0,13,7,5,8575.07,153,1.6,1.6,0.0,False,264,0,244,383,1000.16,monte_carlo_run_342_seed_384.log
343,7,-1,1,1,-1,1,385,3101,0.304,4.12,False,Solitudine / Nessun Contatto,,,Nessuna,1,0,1,0.0,1,1,1,1,0,0,0,0,0,0,0,0,8500.0,2,1.0,1.0,0.0,False,0,0,0,0,0.02,monte_carlo_run_343_seed_385.log
344,7,-1,1,1,-1,1,386,3101,0.454,10.59,True,Incontro Flotta Deep-Space,736.77,18.85,Ostile,43,0,70,22.81,13,10,2,1,1,11,11,11,0,6,3,1,8538.3,17,1.587,1.578,-0.009,False,56,0,8,12,1000.06,monte_carlo_run_344_seed_386.log
345,7,-1,1,1,-1,1,387,3101,0.529,9.69,True,Incontro Flotta Deep-Space,246.22,11.78,Diffidente,37,0,210,13.63,41,32,4,2,2,35,4,4,0,4,4,0,8527.08,75,1.374,1.6,0.2263,True,166,0,74,118,1000.19,monte_carlo_run_345_seed_387.log
346,7,-1,1,1,-1,1,388,3101,0.263,6.43,True,Incontro Flotta Deep-Space,493.68,10.71,Ostile,40,0,62,18.95,11,5,3,2,0,8,5,5,0,3,1,1,8535.63,19,1.312,1.414,0.1022,True,49,0,8,10,1001.57,monte_carlo_run_346_seed_388.log
347,7,-1,1,1,-1,1,389,3101,0.235,3.7,False,Solitudine / Nessun Contatto,,,Nessuna,7,0,7,8.22,1,1,1,1,0,0,0,0,0,0,0,0,8500.0,2,1.119,1.119,0.0,False,6,0,0,0,373.28,monte_carlo_run_347_seed_389.log
348,7,-1,1,1,-1,1,390,3101,0.349,7.65,True,Incontro Flotta Deep-Space,90.71,0.0,Diffidente,9,0,216,12.08,50,38,6,3,3,41,3,3,0,2,1,0,8509.59,103,1.317,1.6,0.2833,True,163,0,74,161,1000.28,monte_carlo_run_348_seed_390.log
349,7,-1,1,1,-1,1,391,3101,0.303,6.2,True,Incontro Flotta Deep-Space,186.27,0.0,Collaborativa,13,0,221,15.96,60,50,4,1,3,54,8,8,0,6,5,1,8538.09,132,1.6,1.6,0.0,False,158,0,269,435,1000.11,monte_carlo_run_349_seed_391.log
350,7,-1,1,1,-1,1,392,3101,0.555,8.25,True,Incontro Flotta Deep-Space,0.04,4.09,Cauta,4,2,296,20.39,67,48,8,1,5,53,9,9,0,5,3,2,8531.94,126,1.6,1.6,0.0,False,222,0,212,262,1000.01,monte_carlo_run_350_seed_392.log
351,8,1,1,1,-1,-1,393,3101,0.287,4.22,True,Incontro Flotta Deep-Space,793.23,7.23,Collaborativa,27,0,30,12.1,4,2,1,1,0,3,3,3,0,3,2,1,8527.51,7,1.144,1.347,0.2031,True,23,0,3,4,1001.89,monte_carlo_run_351_seed_393.log
352,8,1,1,1,-1,-1,394,3101,0.446,5.67,True,Contatto Planetario / Biofirme,8.01,3.57,Predatoria,2,2,56,22.76,15,11,7,1,4,5,5,5,0,5,2,3,8535.17,14,1.004,1.599,0.5943,True,40,0,11,15,1001.8,monte_carlo_run_352_seed_394.log
353,8,1,1,1,-1,-1,395,3101,0.386,5.69,True,Incontro Flotta Deep-Space,354.42,12.34,Collaborativa,30,0,59,16.86,7,5,2,1,1,4,2,2,0,2,0,1,8509.29,16,1.6,1.6,0.0,False,52,0,10,10,1000.6,monte_carlo_run_353_seed_395.log
354,8,1,1,1,-1,-1,396,3101,0.558,7.79,True,Contatto Planetario / Biofirme,33.92,5.6,Collaborativa,4,0,171,13.53,40,30,4,2,2,35,12,12,0,8,4,3,8543.31,77,1.499,1.6,0.1011,True,128,0,108,141,1000.31,monte_carlo_run_354_seed_396.log
355,8,1,1,1,-1,-1,397,3101,0.506,6.13,True,Incontro Flotta Deep-Space,184.17,5.52,Diffidente,12,0,109,21.05,27,20,2,1,0,24,8,8,0,6,5,1,8558.22,53,1.6,1.381,-0.2195,False,81,0,47,96,1000.04,monte_carlo_run_355_seed_397.log
356,8,1,1,1,-1,-1,398,3101,0.458,11.37,True,Incontro Flotta Deep-Space,198.06,6.77,Ostile,15,2,226,21.49,58,43,5,4,1,50,23,23,0,14,13,1,8585.23,80,1.501,1.514,0.0135,True,163,0,85,153,1000.17,monte_carlo_run_356_seed_398.log
357,8,1,1,1,-1,-1,399,3101,0.528,11.52,True,Incontro Flotta Deep-Space,168.79,6.38,Ostile,10,2,151,25.3,41,30,5,4,0,33,17,17,0,13,9,3,8583.57,50,1.195,1.6,0.4047,True,109,0,79,107,1000.04,monte_carlo_run_357_seed_399.log
358,8,1,1,1,-1,-1,400,3101,0.399,6.66,True,Contatto Planetario / Biofirme,183.83,10.07,Ostile,10,1,80,16.15,16,9,3,1,2,11,7,7,0,4,2,2,8536.97,17,1.159,1.484,0.3253,True,60,0,14,21,1000.11,monte_carlo_run_358_seed_400.log
359,8,1,1,1,-1,-1,401,3101,0.25,4.23,True,Incontro Flotta Deep-Space,133.17,3.93,Collaborativa,5,0,5,6.07,2,2,1,1,0,1,1,1,0,1,0,1,8503.3,3,1.056,1.152,0.0965,True,1,0,1,1,224.31,monte_carlo_run_359_seed_401.log
360,8,1,1,1,-1,-1,402,3101,0.458,10.98,True,Contatto Planetario / Biofirme,455.13,14.37,Collaborativa,39,1,103,20.18,19,13,2,1,1,16,10,10,0,5,3,2,8528.94,24,1.535,1.6,0.0653,True,81,0,8,16,1000.08,monte_carlo_run_360_seed_402.log
361,8,1,1,1,-1,-1,403,3101,0.397,5.44,True,Incontro Flotta Deep-Space,118.94,5.54,Collaborativa,8,0,14,10.11,3,2,1,1,0,2,2,2,0,1,1,0,8506.77,4,1.11,1.358,0.2483,True,11,0,0,1,484.52,monte_carlo_run_361_seed_403.log
362,8,1,1,1,-1,-1,404,3101,0.452,9.97,True,Incontro Flotta Deep-Space,351.26,0.0,Biosfera Primitiva,26,0,57,14.11,11,7,2,1,1,6,3,3,0,1,0,1,8507.67,13,1.6,1.6,0.0,False,43,0,7,8,1004.41,monte_carlo_run_362_seed_404.log
363,8,1,1,1,-1,-1,405,3101,0.521,7.0,True,Incontro Flotta Deep-Space,249.67,12.72,Ostile,20,0,90,17.28,16,13,1,0,1,14,9,9,0,7,6,1,8553.32,35,0.778,1.6,0.8219,True,73,0,23,42,1000.54,monte_carlo_run_363_seed_405.log
364,8,1,1,1,-1,-1,406,3101,0.437,7.0,True,Incontro Flotta Deep-Space,84.95,4.12,Diffidente,6,0,55,14.35,8,6,2,1,1,6,4,4,0,3,1,1,8514.76,18,1.11,1.525,0.4149,True,46,0,10,15,1000.91,monte_carlo_run_364_seed_406.log
365,8,1,1,1,-1,-1,407,3101,0.451,10.71,True,Incontro Flotta Deep-Space,118.34,6.22,Collaborativa,8,2,144,28.54,36,27,2,1,1,31,25,25,0,17,5,10,8615.81,50,1.055,1.6,0.5448,True,103,0,89,99,1000.65,monte_carlo_run_365_seed_407.log
366,8,1,1,1,-1,-1,408,3101,0.273,5.31,True,Incontro Flotta Deep-Space,588.04,6.69,Biosfera Primitiva,41,0,78,16.03,10,8,3,1,1,6,4,4,0,3,3,0,8513.65,17,1.6,1.442,-0.1577,False,68,0,4,9,1000.24,monte_carlo_run_366_seed_408.log
367,8,1,1,1,-1,-1,409,3101,0.262,5.92,True,Incontro Flotta Deep-Space,336.43,7.77,Diffidente,13,0,33,18.72,8,4,1,0,1,6,4,4,0,4,3,1,8524.48,14,0.702,1.562,0.8602,True,25,0,13,15,1002.34,monte_carlo_run_367_seed_409.log
368,8,1,1,1,-1,-1,410,3101,0.382,7.37,True,Incontro Flotta Deep-Space,122.3,9.13,Ostile,6,0,149,17.35,46,35,3,1,1,40,6,6,0,4,2,1,8528.46,82,1.434,1.6,0.1658,True,100,0,127,159,1000.13,monte_carlo_run_368_seed_410.log
369,8,1,1,1,-1,-1,411,3101,0.364,5.59,True,Incontro Flotta Deep-Space,279.35,9.87,Diffidente,13,0,48,15.05,7,6,1,1,0,6,6,6,0,3,3,0,8517.01,12,1.6,1.548,-0.0523,False,39,0,6,6,1001.91,monte_carlo_run_369_seed_411.log
370,8,1,1,1,-1,-1,412,3101,0.474,7.82,True,Contatto Planetario / Biofirme,54.44,10.3,Ostile,5,0,31,12.11,13,9,4,0,3,8,3,3,0,1,1,0,8509.05,8,0.954,0.946,-0.0084,False,18,0,10,22,1007.7,monte_carlo_run_370_seed_412.log
371,8,1,1,1,-1,-1,413,3101,0.407,8.34,True,Incontro Flotta Deep-Space,295.16,19.04,Collaborativa,20,0,99,19.79,25,16,4,1,3,21,8,8,0,5,5,0,8540.3,30,1.142,1.062,-0.0799,False,75,0,29,65,1001.0,monte_carlo_run_371_seed_413.log
372,8,1,1,1,-1,-1,414,3101,0.397,9.91,True,Incontro Flotta Deep-Space,156.09,7.71,Biosfera Primitiva,16,0,218,25.92,36,26,3,2,1,31,15,15,0,12,10,2,8564.28,67,1.209,1.6,0.3913,True,181,0,78,130,1000.1,monte_carlo_run_372_seed_414.log
373,8,1,1,1,-1,-1,415,3101,0.425,6.44,True,Incontro Flotta Deep-Space,92.23,8.72,Neutrale,7,1,103,17.47,18,11,3,1,1,13,6,6,0,5,2,1,8530.72,32,1.393,1.6,0.2069,True,83,0,29,37,1000.32,monte_carlo_run_373_seed_415.log
374,8,1,1,1,-1,-1,416,3101,0.56,9.68,True,Contatto Planetario / Biofirme,221.21,16.58,Cauta,23,0,258,24.91,52,41,5,3,0,45,14,14,0,9,5,3,8553.16,99,1.229,1.6,0.3711,True,200,0,102,148,1000.28,monte_carlo_run_374_seed_416.log
375,8,1,1,1,-1,-1,417,3101,0.393,9.12,True,Incontro Flotta Deep-Space,191.39,7.18,Neutrale,10,0,156,17.17,33,22,2,1,1,29,8,8,0,5,3,2,8534.62,55,1.6,1.6,0.0,False,119,0,55,80,1000.23,monte_carlo_run_375_seed_417.log
376,8,1,1,1,-1,-1,418,3101,0.472,5.82,True,Incontro Flotta Deep-Space,230.8,5.57,Neutrale,14,1,91,21.98,20,14,3,2,1,16,8,8,0,5,5,0,8526.47,30,1.317,1.6,0.2835,True,69,0,16,31,1000.12,monte_carlo_run_376_seed_418.log
377,8,1,1,1,-1,-1,419,3101,0.431,7.53,True,Incontro Flotta Deep-Space,85.44,0.0,Diffidente,6,0,137,23.85,33,30,3,2,1,30,16,16,0,8,6,2,8560.97,60,1.265,1.6,0.3347,True,101,0,107,147,1000.33,monte_carlo_run_377_seed_419.log
378,8,1,1,1,-1,-1,420,3101,0.374,8.61,True,Incontro Flotta Deep-Space,107.09,3.9,Diffidente,5,2,95,25.45,21,14,3,1,1,16,9,9,0,5,4,1,8531.63,35,1.6,1.6,0.0,False,72,0,19,31,1000.42,monte_carlo_run_378_seed_420.log
379,8,1,1,1,-1,-1,421,3101,0.229,5.07,True,Incontro Flotta Deep-Space,352.79,8.85,Collaborativa,14,0,42,18.66,6,5,2,1,0,4,3,3,0,3,1,2,8519.34,12,1.115,1.51,0.3941,True,36,0,6,8,1001.77,monte_carlo_run_379_seed_421.log
380,8,1,1,1,-1,-1,422,3101,0.259,5.45,True,Incontro Flotta Deep-Space,276.27,8.94,Diffidente,12,0,30,17.2,4,4,1,1,0,3,3,3,0,3,2,1,8525.54,11,1.6,1.416,-0.1836,False,26,0,5,5,1002.14,monte_carlo_run_380_seed_422.log
381,8,1,1,1,-1,-1,423,3101,0.319,5.34,True,Incontro Flotta Deep-Space,253.07,8.39,Collaborativa,13,0,60,15.66,10,9,1,1,0,8,4,4,0,4,1,2,8524.86,20,1.384,1.6,0.2163,True,50,0,19,22,1000.27,monte_carlo_run_381_seed_423.log
382,8,1,1,1,-1,-1,424,3101,0.423,5.94,True,Incontro Flotta Deep-Space,315.76,9.72,Neutrale,18,0,62,14.15,10,9,2,2,0,8,4,4,0,2,1,0,8510.83,15,1.6,1.55,-0.0505,False,51,0,9,9,1002.27,monte_carlo_run_382_seed_424.log
383,8,1,1,1,-1,-1,425,3101,0.467,6.52,True,Incontro Flotta Deep-Space,328.56,7.71,Biosfera Primitiva,25,0,76,18.99,13,12,2,2,0,10,5,5,0,5,3,1,8536.82,21,1.245,1.564,0.319,True,62,0,12,23,1003.3,monte_carlo_run_383_seed_425.log
384,8,1,1,1,-1,-1,426,3101,0.511,12.74,True,Incontro Flotta Deep-Space,132.62,9.31,Diffidente,14,1,184,26.85,40,30,4,1,3,35,14,14,0,10,4,5,8581.45,75,0.944,1.6,0.6562,True,141,0,102,135,1000.13,monte_carlo_run_384_seed_426.log
385,8,1,1,1,-1,-1,427,3101,0.263,5.69,False,Solitudine / Nessun Contatto,,,Nessuna,32,0,32,15.1,4,2,1,1,0,2,2,2,0,0,0,0,8501.19,4,1.561,0.984,-0.5766,False,28,0,0,0,1001.82,monte_carlo_run_385_seed_427.log
386,8,1,1,1,-1,-1,428,3101,0.513,8.75,True,Contatto Planetario / Biofirme,42.45,16.39,Collaborativa,6,0,186,22.68,39,30,5,2,3,32,12,12,0,9,6,2,8567.65,72,1.6,1.6,0.0,False,145,0,62,98,1000.27,monte_carlo_run_386_seed_428.log
387,8,1,1,1,-1,-1,429,3101,0.252,3.58,False,Solitudine / Nessun Contatto,,,Nessuna,9,0,9,7.44,1,1,1,1,0,0,0,0,0,0,0,0,8500.0,2,1.125,1.125,0.0,False,5,0,0,0,440.76,monte_carlo_run_387_seed_429.log
388,8,1,1,1,-1,-1,430,3101,0.51,7.8,True,Incontro Flotta Deep-Space,117.39,8.21,Biosfera Primitiva,11,0,165,15.76,31,23,2,2,0,26,9,9,0,7,5,2,8559.91,65,1.6,1.6,0.0,False,132,0,80,117,1001.08,monte_carlo_run_388_seed_430.log
389,8,1,1,1,-1,-1,431,3101,0.352,6.0,True,Contatto Planetario / Biofirme,185.02,14.91,Diffidente,10,0,33,15.55,7,4,2,1,1,3,3,3,0,2,1,0,8510.46,7,1.237,1.391,0.154,True,28,0,3,6,1000.82,monte_carlo_run_389_seed_431.log
390,8,1,1,1,-1,-1,432,3101,0.292,5.78,False,Solitudine / Nessun Contatto,,,Nessuna,35,1,35,21.5,7,4,1,1,0,5,5,5,0,1,1,0,8508.11,6,1.576,1.226,-0.3495,False,27,0,1,1,1000.74,monte_carlo_run_390_seed_432.log
391,8,1,1,1,-1,-1,433,3101,0.462,7.41,True,Incontro Flotta Deep-Space,125.38,5.65,Collaborativa,10,2,200,24.03,46,36,3,2,1,41,15,15,0,15,11,3,8611.14,90,1.575,1.6,0.0253,True,145,0,141,205,1000.02,monte_carlo_run_391_seed_433.log
392,8,1,1,1,-1,-1,434,3101,0.408,6.26,True,Contatto Planetario / Biofirme,240.0,10.81,Diffidente,14,1,64,21.55,17,12,5,2,2,10,9,9,0,4,2,1,8527.62,19,1.6,1.548,-0.0525,False,48,0,13,16,1002.19,monte_carlo_run_392_seed_434.log
393,8,1,1,1,-1,-1,435,3101,0.523,11.1,True,Contatto Planetario / Biofirme,7.89,4.13,Cauta,2,2,237,21.49,45,31,3,2,1,37,16,16,0,11,8,2,8576.88,81,1.26,1.6,0.3399,True,189,0,127,172,1000.28,monte_carlo_run_393_seed_435.log
394,8,1,1,1,-1,-1,436,3101,0.363,8.62,True,Contatto Planetario / Biofirme,78.2,10.77,Diffidente,5,1,143,12.59,40,27,4,2,2,32,14,14,0,8,8,0,8549.77,59,1.584,1.6,0.0157,True,103,0,58,98,1000.22,monte_carlo_run_394_seed_436.log
395,8,1,1,1,-1,-1,437,3101,0.222,4.79,True,Contatto Planetario / Biofirme,15.12,3.36,Diffidente,2,0,39,19.28,7,5,2,1,1,4,2,2,0,2,1,1,8507.05,15,1.6,1.529,-0.0714,False,33,0,10,12,1001.07,monte_carlo_run_395_seed_437.log
396,8,1,1,1,-1,-1,438,3101,0.437,5.94,True,Incontro Flotta Deep-Space,80.8,2.84,Neutrale,7,0,105,20.06,23,16,2,1,1,20,9,9,0,5,1,4,8532.84,41,1.6,1.6,0.0,False,81,0,55,60,1000.17,monte_carlo_run_396_seed_438.log
397,8,1,1,1,-1,-1,439,3101,0.476,7.71,True,Incontro Flotta Deep-Space,628.72,0.0,Collaborativa,43,0,54,14.53,11,10,2,0,1,9,7,7,0,3,2,1,8523.92,8,0.935,1.324,0.3894,True,43,0,4,8,1003.96,monte_carlo_run_397_seed_439.log
398,8,1,1,1,-1,-1,440,3101,0.492,7.36,True,Incontro Flotta Deep-Space,103.45,4.24,Collaborativa,6,1,32,11.73,12,11,2,1,0,9,7,7,0,4,4,0,8536.98,15,1.069,1.14,0.0716,True,19,0,18,28,1002.29,monte_carlo_run_398_seed_440.log
399,8,1,1,1,-1,-1,441,3101,0.212,2.72,False,Solitudine / Nessun Contatto,,,Nessuna,1,0,1,0.0,3,3,3,0,3,0,0,0,0,0,0,0,8500.0,1,0.985,0.985,0.0,False,0,0,1,2,0.02,monte_carlo_run_399_seed_441.log
400,8,1,1,1,-1,-1,442,3101,0.319,7.65,True,Incontro Flotta Deep-Space,159.19,7.44,Neutrale,9,0,73,19.9,19,13,1,1,0,17,10,10,0,6,6,0,8546.18,25,1.136,1.239,0.1029,True,52,0,24,37,1000.09,monte_carlo_run_400_seed_442.log
401,9,0,0,0,0,0,443,3101,0.203,3.2,False,Solitudine / Nessun Contatto,,,Nessuna,2,0,2,3.03,1,1,1,1,0,0,0,0,0,0,0,0,8500.0,2,1.002,1.002,0.0,False,0,0,0,0,59.7,monte_carlo_run_401_seed_443.log
402,9,0,0,0,0,0,444,3101,0.129,1.71,False,Solitudine / Nessun Contatto,,,Nessuna,2,0,2,0.0,3,3,3,2,1,0,0,0,0,0,0,0,8500.0,4,1.001,1.001,0.0,False,0,0,2,2,0.04,monte_carlo_run_402_seed_444.log
403,9,0,0,0,0,0,445,3101,0.193,3.01,False,Solitudine / Nessun Contatto,,,Nessuna,1,0,1,0.0,1,1,1,1,0,0,0,0,0,0,0,0,8500.0,2,1.0,1.0,0.0,False,0,0,0,0,0.02,monte_carlo_run_403_seed_445.log
404,9,0,0,0,0,0,446,3101,0.163,3.44,False,Solitudine / Nessun Contatto,,,Nessuna,6,0,6,3.9,2,2,2,2,0,0,0,0,0,0,0,0,8500.0,4,1.073,1.073,0.0,False,1,0,1,1,209.01,monte_carlo_run_404_seed_446.log
405,9,0,0,0,0,0,447,3101,0.222,3.98,False,Solitudine / Nessun Contatto,,,Nessuna,19,0,19,18.31,2,2,2,1,1,0,0,0,0,0,0,0,8500.0,4,1.491,1.491,0.0,False,15,0,0,0,1000.72,monte_carlo_run_405_seed_447.log
406,9,0,0,0,0,0,448,3101,0.309,5.44,True,Incontro Flotta Deep-Space,340.2,10.44,Diffidente,20,0,107,17.91,14,11,1,1,0,13,4,4,0,3,3,0,8523.54,28,1.379,1.559,0.1797,True,91,0,15,28,1000.34,monte_carlo_run_406_seed_448.log
407,9,0,0,0,0,0,449,3101,0.206,2.88,False,Solitudine / Nessun Contatto,,,Nessuna,5,0,5,2.94,1,1,1,1,0,0,0,0,0,0,0,0,8500.0,2,1.026,1.026,0.0,False,3,0,0,0,167.77,monte_carlo_run_407_seed_449.log
408,9,0,0,0,0,0,450,3101,0.218,3.08,False,Solitudine / Nessun Contatto,,,Nessuna,2,0,2,2.8,1,1,1,1,0,0,0,0,0,0,0,0,8500.0,2,1.001,1.001,0.0,False,0,0,0,0,51.42,monte_carlo_run_408_seed_450.log
409,9,0,0,0,0,0,451,3101,0.203,3.79,True,Incontro Flotta Deep-Space,92.39,1.38,Collaborativa,5,0,32,21.07,6,5,1,1,0,5,2,2,0,2,0,2,8509.49,16,1.583,1.6,0.017,True,21,0,10,10,1000.07,monte_carlo_run_409_seed_451.log
410,9,0,0,0,0,0,452,3101,0.242,5.54,True,Incontro Flotta Deep-Space,202.15,8.7,Neutrale,11,0,23,13.58,2,1,1,1,0,1,1,1,0,1,0,0,8507.05,6,1.587,1.28,-0.3072,False,21,0,1,1,1002.44,monte_carlo_run_410_seed_452.log
411,9,0,0,0,0,0,453,3101,0.164,2.09,False,Solitudine / Nessun Contatto,,,Nessuna,3,0,3,1.38,3,3,3,2,1,0,0,0,0,0,0,0,8500.0,4,1.02,1.02,0.0,False,0,0,2,2,33.64,monte_carlo_run_411_seed_453.log
412,9,0,0,0,0,0,454,3101,0.194,3.03,False,Solitudine / Nessun Contatto,,,Nessuna,3,0,3,0.0,2,2,2,2,0,0,0,0,0,0,0,0,8500.0,4,1.011,1.011,0.0,False,0,0,1,1,37.03,monte_carlo_run_412_seed_454.log
413,9,0,0,0,0,0,455,3101,0.158,2.01,False,Solitudine / Nessun Contatto,,,Nessuna,3,0,3,0.97,2,2,2,2,0,0,0,0,0,0,0,0,8500.0,4,1.0,1.0,0.0,False,0,0,0,1,24.45,monte_carlo_run_413_seed_455.log
414,9,0,0,0,0,0,456,3101,0.227,3.4,False,Solitudine / Nessun Contatto,,,Nessuna,4,0,4,4.78,1,1,1,1,0,0,0,0,0,0,0,0,8500.0,2,1.033,1.033,0.0,False,3,0,0,0,189.07,monte_carlo_run_414_seed_456.log
415,9,0,0,0,0,0,457,3101,0.322,5.51,True,Incontro Flotta Deep-Space,725.24,16.74,Ostile,29,0,38,24.83,4,4,1,0,1,3,3,3,0,1,1,0,8507.2,5,0.997,0.948,-0.0491,False,34,0,0,1,1001.54,monte_carlo_run_415_seed_457.log
416,9,0,0,0,0,0,458,3101,0.23,3.21,True,Incontro Flotta Deep-Space,124.14,0.0,Ostile,4,0,4,3.55,2,2,1,1,0,1,1,1,0,1,1,0,8503.94,3,1.014,1.199,0.1848,True,1,0,0,1,184.05,monte_carlo_run_416_seed_458.log
417,9,0,0,0,0,0,459,3101,0.349,5.87,True,Incontro Flotta Deep-Space,216.61,15.84,Collaborativa,14,0,46,15.84,7,6,2,2,0,5,3,3,0,2,2,0,8522.59,11,1.404,1.212,-0.1923,False,39,0,6,10,1000.05,monte_carlo_run_417_seed_459.log
418,9,0,0,0,0,0,460,3101,0.187,4.13,True,Incontro Flotta Deep-Space,134.16,3.16,Neutrale,4,0,26,9.45,6,6,2,0,1,4,2,2,0,1,1,0,8510.97,3,0.508,0.899,0.3913,True,19,0,2,5,1007.66,monte_carlo_run_418_seed_460.log
419,9,0,0,0,0,0,461,3101,0.256,5.28,True,Incontro Flotta Deep-Space,100.76,0.0,Collaborativa,5,0,51,13.75,7,6,1,1,0,6,3,3,0,3,0,1,8515.91,19,1.6,1.6,0.0,False,44,0,15,15,1001.36,monte_carlo_run_419_seed_461.log
420,9,0,0,0,0,0,462,3101,0.292,3.96,True,Incontro Flotta Deep-Space,483.07,7.62,Neutrale,18,0,43,11.56,9,5,2,2,0,7,2,2,0,1,0,0,8505.68,15,1.573,1.496,-0.0761,False,28,0,8,9,1001.02,monte_carlo_run_420_seed_462.log
421,9,0,0,0,0,0,463,3101,0.161,2.82,False,Solitudine / Nessun Contatto,,,Nessuna,4,0,4,0.0,2,2,2,2,0,0,0,0,0,0,0,0,8500.0,4,1.012,1.012,0.0,False,1,0,1,1,69.41,monte_carlo_run_421_seed_463.log
422,9,0,0,0,0,0,464,3101,0.294,6.75,True,Incontro Flotta Deep-Space,309.94,8.62,Ostile,12,0,40,16.32,4,3,1,1,0,3,3,3,0,2,1,0,8518.58,8,1.6,1.352,-0.2481,False,34,0,2,3,1003.89,monte_carlo_run_422_seed_464.log
423,9,0,0,0,0,0,465,3101,0.245,5.08,True,Contatto Planetario / Biofirme,19.4,4.75,Collaborativa,5,0,118,9.39,19,14,2,1,1,16,4,4,0,3,0,2,8524.44,40,1.6,1.6,0.0,False,97,0,26,38,1000.7,monte_carlo_run_423_seed_465.log
424,9,0,0,0,0,0,466,3101,0.24,5.52,True,Contatto Planetario / Biofirme,21.0,5.04,Collaborativa,4,1,48,13.46,7,5,3,2,1,3,1,1,0,1,1,0,8506.03,16,1.191,0.613,-0.5781,False,40,0,6,7,1002.02,monte_carlo_run_424_seed_466.log
425,9,0,0,0,0,0,467,3101,0.156,2.02,False,Solitudine / Nessun Contatto,,,Nessuna,1,0,1,0.0,2,2,2,1,1,0,0,0,0,0,0,0,8500.0,2,1.0,1.0,0.0,False,0,0,1,1,0.02,monte_carlo_run_425_seed_467.log
426,9,0,0,0,0,0,468,3101,0.156,3.29,False,Solitudine / Nessun Contatto,,,Nessuna,1,0,1,0.0,1,1,1,1,0,0,0,0,0,0,0,0,8500.0,2,1.0,1.0,0.0,False,0,0,0,0,0.02,monte_carlo_run_426_seed_468.log
427,9,0,0,0,0,0,469,3101,0.172,3.12,True,Contatto Planetario / Biofirme,15.48,2.66,Ostile,4,0,12,3.28,4,3,2,1,1,1,1,1,0,1,0,0,8508.4,5,1.151,1.111,-0.0396,False,7,0,2,2,294.83,monte_carlo_run_427_seed_469.log
428,9,0,0,0,0,0,470,3101,0.201,4.2,False,Solitudine / Nessun Contatto,,,Nessuna,26,0,26,12.57,3,2,2,1,1,0,0,0,0,0,0,0,8500.0,4,1.547,1.547,0.0,False,23,0,0,0,1003.51,monte_carlo_run_428_seed_470.log
429,9,0,0,0,0,0,471,3101,0.273,6.34,True,Incontro Flotta Deep-Space,314.43,8.6,Ostile,27,0,103,11.78,17,14,3,1,1,13,6,6,0,5,3,1,8531.56,29,1.6,1.6,0.0,False,84,0,18,35,1001.21,monte_carlo_run_429_seed_471.log
430,9,0,0,0,0,0,472,3101,0.218,3.81,False,Solitudine / Nessun Contatto,,,Nessuna,2,0,2,2.4,1,1,1,1,0,0,0,0,0,0,0,0,8500.0,2,1.001,1.001,0.0,False,0,0,0,0,44.15,monte_carlo_run_430_seed_472.log
431,9,0,0,0,0,0,473,3101,0.256,3.12,True,Incontro Flotta Deep-Space,78.14,0.0,Neutrale,7,0,16,6.89,5,4,3,3,0,2,2,2,0,2,1,0,8507.8,16,1.569,1.584,0.0149,True,7,0,10,10,774.57,monte_carlo_run_431_seed_473.log
432,9,0,0,0,0,0,474,3101,0.258,5.37,False,Solitudine / Nessun Contatto,,,Nessuna,27,0,27,19.77,1,1,1,1,0,0,0,0,0,0,0,0,8500.0,4,1.543,1.543,0.0,False,26,0,0,0,1001.34,monte_carlo_run_432_seed_474.log
433,9,0,0,0,0,0,475,3101,0.307,5.81,True,Incontro Flotta Deep-Space,606.7,10.55,Diffidente,21,1,54,18.36,10,8,2,1,0,7,5,5,0,4,3,1,8524.82,11,1.356,1.343,-0.0124,False,43,0,6,9,1000.17,monte_carlo_run_433_seed_475.log
434,9,0,0,0,0,0,476,3101,0.125,2.94,False,Solitudine / Nessun Contatto,,,Nessuna,2,0,2,0.0,3,3,3,1,2,0,0,0,0,0,0,0,8500.0,3,0.985,0.985,0.0,False,0,0,1,2,0.04,monte_carlo_run_434_seed_476.log
435,9,0,0,0,0,0,477,3101,0.211,5.22,True,Incontro Flotta Deep-Space,651.88,10.63,Collaborativa,39,0,46,12.25,5,3,1,1,0,3,3,3,0,2,0,2,8509.97,7,1.6,1.23,-0.3704,False,41,0,2,2,1002.94,monte_carlo_run_435_seed_477.log
436,9,0,0,0,0,0,478,3101,0.27,4.61,True,Incontro Flotta Deep-Space,112.88,0.0,Diffidente,18,0,66,22.04,7,6,3,2,1,4,1,1,0,1,1,0,8506.31,15,1.6,0.6,-1.0003,False,55,0,2,6,1000.83,monte_carlo_run_436_seed_478.log
437,9,0,0,0,0,0,479,3101,0.154,2.17,False,Solitudine / Nessun Contatto,,,Nessuna,2,0,2,0.0,2,2,2,2,0,0,0,0,0,0,0,0,8500.0,4,1.0,1.0,0.0,False,0,0,0,1,0.04,monte_carlo_run_437_seed_479.log
438,9,0,0,0,0,0,480,3101,0.313,6.92,True,Incontro Flotta Deep-Space,90.61,5.38,Diffidente,5,0,35,14.76,3,3,1,1,0,2,2,2,0,1,1,0,8508.8,7,1.529,1.506,-0.0233,False,31,0,1,1,1000.43,monte_carlo_run_438_seed_480.log
439,9,0,0,0,0,0,481,3101,0.336,5.61,True,Incontro Flotta Deep-Space,529.27,11.94,Diffidente,24,0,45,15.34,8,5,3,1,2,5,2,2,0,1,0,1,8506.18,8,1.6,1.359,-0.2414,False,35,0,2,3,1000.44,monte_carlo_run_439_seed_481.log
440,9,0,0,0,0,0,482,3101,0.191,3.08,False,Solitudine / Nessun Contatto,,,Nessuna,9,0,9,5.73,3,2,2,2,0,0,0,0,0,0,0,0,8500.0,7,1.075,1.075,0.0,False,2,0,1,2,196.9,monte_carlo_run_440_seed_482.log
441,9,0,0,0,0,0,483,3101,0.263,5.51,True,Incontro Flotta Deep-Space,731.36,9.93,Collaborativa,65,0,88,12.88,14,9,5,2,3,6,1,1,0,0,0,0,8500.9,26,1.6,0.927,-0.673,False,74,0,8,20,1000.21,monte_carlo_run_441_seed_483.log
442,9,0,0,0,0,0,484,3101,0.296,3.71,False,Solitudine / Nessun Contatto,,,Nessuna,52,0,52,3.5,4,3,2,1,1,2,0,0,0,0,0,0,8500.0,8,1.022,1.022,0.0,False,41,0,0,3,1002.02,monte_carlo_run_442_seed_484.log
443,9,0,0,0,0,0,485,3101,0.147,2.82,False,Solitudine / Nessun Contatto,,,Nessuna,1,0,1,0.0,1,1,1,1,0,0,0,0,0,0,0,0,8500.0,2,1.0,1.0,0.0,False,0,0,0,0,0.02,monte_carlo_run_443_seed_485.log
444,9,0,0,0,0,0,486,3101,0.15,3.52,False,Solitudine / Nessun Contatto,,,Nessuna,7,0,7,3.51,2,2,2,2,0,0,0,0,0,0,0,0,8500.0,4,1.041,1.041,0.0,False,3,0,1,1,144.44,monte_carlo_run_444_seed_486.log
445,9,0,0,0,0,0,487,3101,0.276,3.32,False,Solitudine / Nessun Contatto,,,Nessuna,1,0,1,0.0,1,1,1,1,0,0,0,0,0,0,0,0,8500.0,2,1.0,1.0,0.0,False,0,0,0,0,0.02,monte_carlo_run_445_seed_487.log
446,9,0,0,0,0,0,488,3101,0.341,7.95,True,Incontro Flotta Deep-Space,103.32,0.0,Biosfera Primitiva,13,0,65,8.13,6,6,4,1,2,2,1,1,0,1,1,0,8506.43,11,0.989,0.765,-0.2239,False,58,0,3,7,1001.32,monte_carlo_run_446_seed_488.log
447,9,0,0,0,0,0,489,3101,0.272,5.94,True,Incontro Flotta Deep-Space,129.58,0.0,Collaborativa,6,0,74,14.26,14,9,2,1,1,11,2,2,0,2,2,0,8511.24,25,1.6,1.6,0.0,False,57,0,18,23,1000.02,monte_carlo_run_447_seed_489.log
448,9,0,0,0,0,0,490,3101,0.186,3.55,False,Solitudine / Nessun Contatto,,,Nessuna,2,0,2,2.92,1,1,1,1,0,0,0,0,0,0,0,0,8500.0,2,1.001,1.001,0.0,False,0,0,0,0,62.72,monte_carlo_run_448_seed_490.log
449,9,0,0,0,0,0,491,3101,0.203,2.54,False,Solitudine / Nessun Contatto,,,Nessuna,1,0,1,0.0,2,2,2,1,1,0,0,0,0,0,0,0,8500.0,2,1.0,1.0,0.0,False,0,0,1,1,0.02,monte_carlo_run_449_seed_491.log
450,9,0,0,0,0,0,492,3101,0.23,3.82,True,Incontro Flotta Deep-Space,242.81,5.51,Neutrale,22,0,47,10.71,9,7,3,1,2,6,5,5,0,3,1,2,8518.81,13,1.6,1.498,-0.1017,False,30,0,6,8,1000.92,monte_carlo_run_450_seed_492.log
451,10,0,0,0,0,0,493,3101,0.184,3.12,False,Solitudine / Nessun Contatto,,,Nessuna,17,0,17,9.2,1,1,1,1,0,0,0,0,0,0,0,0,8500.0,4,1.428,1.428,0.0,False,12,0,0,0,1001.5,monte_carlo_run_451_seed_493.log
452,10,0,0,0,0,0,494,3101,0.204,4.55,True,Incontro Flotta Deep-Space,341.67,15.28,Diffidente,10,0,36,26.24,5,4,2,1,1,3,3,3,0,2,2,0,8521.87,8,1.6,1.379,-0.2212,False,31,0,1,2,1000.31,monte_carlo_run_452_seed_494.log
453,10,0,0,0,0,0,495,3101,0.347,6.02,True,Incontro Flotta Deep-Space,89.84,0.0,Neutrale,9,0,154,21.5,25,19,4,2,2,20,5,5,0,4,2,2,8524.44,48,1.272,1.6,0.328,True,129,0,59,76,1000.16,monte_carlo_run_453_seed_495.log
454,10,0,0,0,0,0,496,3101,0.323,4.3,True,Incontro Flotta Deep-Space,617.62,13.25,Collaborativa,44,1,53,14.62,7,4,2,1,0,4,3,3,0,2,2,0,8514.11,12,1.6,1.001,-0.5988,False,42,0,3,9,1004.26,monte_carlo_run_454_seed_496.log
455,10,0,0,0,0,0,497,3101,0.207,3.62,True,Incontro Flotta Deep-Space,86.95,0.82,Diffidente,5,0,25,12.05,6,6,2,1,0,4,4,4,0,1,1,0,8508.94,6,1.491,1.343,-0.1489,False,15,0,1,1,1000.53,monte_carlo_run_455_seed_497.log
456,10,0,0,0,0,0,498,3101,0.318,4.56,False,Solitudine / Nessun Contatto,,,Nessuna,32,0,32,17.1,4,4,2,0,1,2,1,1,0,1,1,0,8507.47,6,0.945,1.173,0.2283,True,26,0,2,4,1001.04,monte_carlo_run_456_seed_498.log
457,10,0,0,0,0,0,499,3101,0.137,3.34,False,Solitudine / Nessun Contatto,,,Nessuna,6,0,6,3.77,1,1,1,1,0,0,0,0,0,0,0,0,8500.0,2,1.136,1.136,0.0,False,4,0,0,0,573.02,monte_carlo_run_457_seed_499.log
458,10,0,0,0,0,0,500,3101,0.216,3.01,False,Solitudine / Nessun Contatto,,,Nessuna,7,0,7,6.83,1,1,1,1,0,0,0,0,0,0,0,0,8500.0,2,1.063,1.063,0.0,False,5,0,0,0,241.81,monte_carlo_run_458_seed_500.log
459,10,0,0,0,0,0,501,3101,0.243,3.82,False,Solitudine / Nessun Contatto,,,Nessuna,26,0,26,7.77,5,4,1,1,0,3,0,0,0,0,0,0,8500.0,9,1.472,1.472,0.0,False,16,0,3,3,1000.42,monte_carlo_run_459_seed_501.log
460,10,0,0,0,0,0,502,3101,0.278,4.11,False,Solitudine / Nessun Contatto,,,Nessuna,2,0,2,2.77,1,1,1,1,0,0,0,0,0,0,0,0,8500.0,2,1.001,1.001,0.0,False,0,0,0,0,48.24,monte_carlo_run_460_seed_502.log
461,10,0,0,0,0,0,503,3101,0.124,2.17,False,Solitudine / Nessun Contatto,,,Nessuna,1,0,1,0.0,1,1,1,1,0,0,0,0,0,0,0,0,8500.0,2,1.0,1.0,0.0,False,0,0,0,0,0.02,monte_carlo_run_461_seed_503.log
462,10,0,0,0,0,0,504,3101,0.18,3.3,True,Incontro Flotta Deep-Space,85.19,3.01,Collaborativa,4,0,6,6.8,3,1,1,1,0,2,2,2,0,1,0,1,8508.28,4,1.124,1.235,0.1112,True,2,0,1,1,389.61,monte_carlo_run_462_seed_504.log
463,10,0,0,0,0,0,505,3101,0.295,3.59,False,Solitudine / Nessun Contatto,,,Nessuna,13,0,13,7.5,2,2,2,2,0,0,0,0,0,0,0,0,8500.0,5,1.177,1.177,0.0,False,7,0,1,1,375.21,monte_carlo_run_463_seed_505.log
464,10,0,0,0,0,0,506,3101,0.343,4.48,True,Incontro Flotta Deep-Space,945.13,16.38,Diffidente,72,0,73,22.04,7,7,3,3,0,4,2,2,0,1,1,0,8504.48,15,1.6,1.334,-0.2659,False,64,0,5,7,1001.11,monte_carlo_run_464_seed_506.log
465,10,0,0,0,0,0,507,3101,0.289,6.18,True,Incontro Flotta Deep-Space,139.42,0.0,Biosfera Primitiva,18,1,85,13.93,11,8,4,2,2,6,2,2,0,1,1,0,8504.86,22,1.6,1.6,0.0,False,73,0,8,14,1001.7,monte_carlo_run_465_seed_507.log
466,10,0,0,0,0,0,508,3101,0.281,3.64,False,Solitudine / Nessun Contatto,,,Nessuna,2,0,2,2.21,2,1,1,1,0,1,1,1,0,0,0,0,8500.29,2,1.001,0.832,-0.169,False,0,0,0,0,38.36,monte_carlo_run_466_seed_508.log
467,10,0,0,0,0,0,509,3101,0.261,3.68,False,Solitudine / Nessun Contatto,,,Nessuna,4,0,4,6.28,1,1,1,1,0,0,0,0,0,0,0,0,8500.0,2,1.017,1.017,0.0,False,2,0,0,0,139.05,monte_carlo_run_467_seed_509.log
468,10,0,0,0,0,0,510,3101,0.283,4.11,True,Incontro Flotta Deep-Space,173.96,6.35,Collaborativa,9,0,42,16.3,5,5,1,1,0,4,3,3,0,3,2,1,8515.67,11,1.291,1.51,0.2186,True,34,0,5,9,1001.9,monte_carlo_run_468_seed_510.log
469,10,0,0,0,0,0,511,3101,0.17,2.47,False,Solitudine / Nessun Contatto,,,Nessuna,1,0,1,0.0,2,2,2,1,1,0,0,0,0,0,0,0,8500.0,2,1.0,1.0,0.0,False,0,0,1,1,0.02,monte_carlo_run_469_seed_511.log
470,10,0,0,0,0,0,512,3101,0.241,3.88,True,Incontro Flotta Deep-Space,799.09,14.59,Collaborativa,37,0,37,17.61,5,4,3,2,1,2,1,1,0,1,0,1,8505.86,12,1.6,1.129,-0.4711,False,30,0,3,4,1003.08,monte_carlo_run_470_seed_512.log
471,10,0,0,0,0,0,513,3101,0.172,3.07,False,Solitudine / Nessun Contatto,,,Nessuna,3,0,3,2.79,2,2,1,1,0,1,1,1,0,0,0,0,8501.07,2,1.012,0.895,-0.1168,False,1,0,0,0,164.18,monte_carlo_run_471_seed_513.log
472,10,0,0,0,0,0,514,3101,0.128,3.07,False,Solitudine / Nessun Contatto,,,Nessuna,3,0,3,4.46,1,1,1,1,0,0,0,0,0,0,0,0,8500.0,2,1.011,1.011,0.0,False,1,0,0,0,140.65,monte_carlo_run_472_seed_514.log
473,10,0,0,0,0,0,515,3101,0.261,5.43,True,Incontro Flotta Deep-Space,120.45,3.0,Neutrale,6,1,57,11.84,12,10,2,1,1,9,3,3,0,3,3,0,8517.71,26,1.161,1.33,0.1695,True,43,0,17,32,1000.45,monte_carlo_run_473_seed_515.log
474,10,0,0,0,0,0,516,3101,0.241,5.71,True,Contatto Planetario / Biofirme,19.77,4.76,Collaborativa,2,0,27,12.72,6,5,2,1,1,4,4,4,0,2,1,1,8515.84,8,1.389,1.276,-0.1136,False,20,0,2,3,1002.79,monte_carlo_run_474_seed_516.log
475,10,0,0,0,0,0,517,3101,0.291,4.97,True,Contatto Planetario / Biofirme,61.68,5.85,Collaborativa,5,0,27,14.68,3,3,2,1,1,1,1,1,0,1,0,1,8506.83,6,1.548,1.373,-0.1752,False,23,0,1,1,1000.41,monte_carlo_run_475_seed_517.log
476,10,0,0,0,0,0,518,3101,0.139,3.44,False,Solitudine / Nessun Contatto,,,Nessuna,25,0,25,9.06,2,2,2,1,1,0,0,0,0,0,0,0,8500.0,4,1.491,1.491,0.0,False,20,0,0,0,1000.7,monte_carlo_run_476_seed_518.log
477,10,0,0,0,0,0,519,3101,0.279,4.41,False,Solitudine / Nessun Contatto,,,Nessuna,4,0,4,4.71,1,1,1,1,0,0,0,0,0,0,0,0,8500.0,2,1.034,1.034,0.0,False,3,0,0,0,188.69,monte_carlo_run_477_seed_519.log
478,10,0,0,0,0,0,520,3101,0.277,6.88,True,Incontro Flotta Deep-Space,313.34,9.0,Collaborativa,43,0,246,18.57,36,29,2,2,0,33,9,9,0,6,2,4,8543.82,71,1.6,1.6,0.0,False,202,0,77,100,1000.08,monte_carlo_run_478_seed_520.log
479,10,0,0,0,0,0,521,3101,0.284,4.38,True,Incontro Flotta Deep-Space,919.51,13.76,Collaborativa,36,0,37,15.2,4,3,1,1,0,2,1,1,0,0,0,0,8500.58,11,1.6,0.998,-0.602,False,31,0,3,3,1000.28,monte_carlo_run_479_seed_521.log
480,10,0,0,0,0,0,522,3101,0.184,3.32,False,Solitudine / Nessun Contatto,,,Nessuna,1,0,1,0.0,1,1,1,1,0,0,0,0,0,0,0,0,8500.0,2,1.0,1.0,0.0,False,0,0,0,0,0.02,monte_carlo_run_480_seed_522.log
481,10,0,0,0,0,0,523,3101,0.275,4.86,True,Contatto Planetario / Biofirme,93.9,9.27,Collaborativa,5,0,23,14.21,3,2,2,1,0,1,1,1,0,0,0,0,8501.07,4,1.509,0.86,-0.6491,False,19,0,0,0,1000.93,monte_carlo_run_481_seed_523.log
482,10,0,0,0,0,0,524,3101,0.259,4.67,True,Incontro Flotta Deep-Space,321.07,5.71,Diffidente,12,0,28,14.28,2,2,1,1,0,1,1,1,0,1,1,0,8507.46,7,1.6,1.429,-0.1715,False,26,0,1,1,1003.17,monte_carlo_run_482_seed_524.log
483,10,0,0,0,0,0,525,3101,0.229,5.16,True,Incontro Flotta Deep-Space,216.09,5.17,Biosfera Primitiva,29,0,91,21.02,13,12,4,3,0,9,2,2,0,1,1,0,8503.95,23,1.6,1.475,-0.1254,False,76,0,13,16,1000.35,monte_carlo_run_483_seed_525.log
484,10,0,0,0,0,0,526,3101,0.319,4.97,False,Solitudine / Nessun Contatto,,,Nessuna,38,0,38,16.84,3,3,1,1,0,2,2,2,0,1,1,0,8506.82,5,1.6,1.129,-0.4715,False,34,0,1,1,1002.88,monte_carlo_run_484_seed_526.log
485,10,0,0,0,0,0,527,3101,0.177,3.82,True,Incontro Flotta Deep-Space,194.3,9.2,Neutrale,12,0,23,12.95,5,4,1,1,0,3,3,3,0,2,2,0,8511.5,9,1.57,1.276,-0.2932,False,16,0,3,6,1001.16,monte_carlo_run_485_seed_527.log
486,10,0,0,0,0,0,528,3101,0.123,2.05,False,Solitudine / Nessun Contatto,,,Nessuna,1,0,1,0.0,2,2,2,1,1,0,0,0,0,0,0,0,8500.0,2,1.0,1.0,0.0,False,0,0,0,1,0.02,monte_carlo_run_486_seed_528.log
487,10,0,0,0,0,0,529,3101,0.155,2.71,False,Solitudine / Nessun Contatto,,,Nessuna,4,0,4,0.0,3,3,3,3,0,0,0,0,0,0,0,0,8500.0,6,1.012,1.012,0.0,False,0,0,1,2,38.26,monte_carlo_run_487_seed_529.log
488,10,0,0,0,0,0,530,3101,0.247,4.57,True,Incontro Flotta Deep-Space,204.94,6.49,Neutrale,11,0,28,13.42,3,2,1,1,0,1,1,1,0,1,0,1,8508.97,6,1.6,1.371,-0.2289,False,25,0,1,1,1002.52,monte_carlo_run_488_seed_530.log
489,10,0,0,0,0,0,531,3101,0.13,1.61,False,Solitudine / Nessun Contatto,,,Nessuna,1,0,1,0.0,1,1,1,1,0,0,0,0,0,0,0,0,8500.0,2,1.0,1.0,0.0,False,0,0,0,0,0.02,monte_carlo_run_489_seed_531.log
490,10,0,0,0,0,0,532,3101,0.285,6.86,True,Incontro Flotta Deep-Space,813.18,9.56,Collaborativa,31,0,38,14.62,4,3,1,1,0,2,2,2,0,1,0,1,8504.43,5,1.6,1.171,-0.4282,False,33,0,1,1,1006.12,monte_carlo_run_490_seed_532.log
491,10,0,0,0,0,0,533,3101,0.271,5.56,True,Incontro Flotta Deep-Space,271.36,0.0,Diffidente,22,0,52,11.04,6,3,1,1,0,3,2,2,0,1,1,0,8508.12,12,1.6,1.6,0.0,False,46,0,4,4,1001.88,monte_carlo_run_491_seed_533.log
492,10,0,0,0,0,0,534,3101,0.322,7.01,True,Incontro Flotta Deep-Space,94.92,5.88,Neutrale,6,0,84,20.38,11,8,1,1,0,10,3,3,0,2,0,1,8520.39,22,1.6,1.556,-0.0439,False,71,0,6,11,1000.73,monte_carlo_run_492_seed_534.log
493,10,0,0,0,0,0,535,3101,0.328,6.48,True,Contatto Planetario / Biofirme,171.9,9.32,Diffidente,29,0,205,16.62,19,14,4,3,0,15,1,1,0,1,1,0,8505.06,42,1.149,1.459,0.31,True,181,0,21,39,1000.35,monte_carlo_run_493_seed_535.log
494,10,0,0,0,0,0,536,3101,0.269,5.61,True,Incontro Flotta Deep-Space,277.73,11.03,Diffidente,12,0,45,19.87,9,8,2,1,1,7,3,3,0,3,3,0,8524.8,19,1.6,1.484,-0.116,False,36,0,10,21,1000.32,monte_carlo_run_494_seed_536.log
495,10,0,0,0,0,0,537,3101,0.18,4.12,False,Solitudine / Nessun Contatto,,,Nessuna,3,0,3,4.71,1,1,1,1,0,0,0,0,0,0,0,0,8500.0,2,1.011,1.011,0.0,False,1,0,0,0,129.8,monte_carlo_run_495_seed_537.log
496,10,0,0,0,0,0,538,3101,0.292,5.05,False,Solitudine / Nessun Contatto,,,Nessuna,14,0,14,9.47,2,1,1,0,1,0,0,0,0,0,0,0,8500.0,2,0.455,0.455,0.0,False,12,0,0,1,1000.52,monte_carlo_run_496_seed_538.log
497,10,0,0,0,0,0,539,3101,0.221,5.36,True,Incontro Flotta Deep-Space,201.18,11.47,Diffidente,11,0,46,17.08,9,7,3,1,2,6,6,6,0,4,2,2,8542.0,13,1.6,1.541,-0.0591,False,36,0,9,10,1005.29,monte_carlo_run_497_seed_539.log
498,10,0,0,0,0,0,540,3101,0.28,5.5,True,Incontro Flotta Deep-Space,0.02,2.96,Ostile,2,0,101,14.85,15,12,3,1,1,12,5,5,0,5,5,0,8549.37,35,1.428,1.132,-0.2961,False,85,0,39,65,1000.92,monte_carlo_run_498_seed_540.log
499,10,0,0,0,0,0,541,3101,0.123,2.54,False,Solitudine / Nessun Contatto,,,Nessuna,2,0,2,0.0,2,2,2,2,0,0,0,0,0,0,0,0,8500.0,5,1.0,1.0,0.0,False,0,0,1,1,0.04,monte_carlo_run_499_seed_541.log
500,10,0,0,0,0,0,542,3101,0.219,3.8,False,Solitudine / Nessun Contatto,,,Nessuna,7,0,7,7.27,1,1,1,1,0,0,0,0,0,0,0,0,8500.0,2,1.141,1.141,0.0,False,6,0,0,0,448.0,monte_carlo_run_500_seed_542.log
